timestamp,concurrent_users,test_type,question_category,question,answer,response_time_ms,ttff_ms,status_code,status
2026-05-05T11:41:15.079925,26,load,Direct,"When forming a Japan–Singapore joint-venture apparel retailer, which FTAs, domestic laws, and compliance obligations need to be taken into account?","I am unable to retrieve sufficient information regarding this subject matter. For further guidance, please click on the 'Email' button on the bottom right corner of the screen to arrange for a call or a one-to-one advisory session. Our specialists can offer tailored insights based on your product and trade needs, and help you address any related queries or challenges.",7287.59,7279.28,200,Success
2026-05-05T11:41:22.291974,33,load,Indirect,"If we import under ASEAN-China FTA and re-export to Japan under RCEP with minimal repackaging in Singapore, can we use a back-to-back certificate, and what are the conditions and time limits?","Thank you for your enquiry about Back-to-Back Preferential Certificate of Origin (B2B PCO) eligibility for importing from China under ASEAN-China FTA and re-exporting to Japan under RCEP.

### Missing Required Information

To properly assess your B2B PCO eligibility and provide specific conditions and time limits, I need the following information:

**Required:**
- **HS Code** of the goods you intend to import and re-export

**Optional (but helpful):**
- **Estimated export value** of the goods

#",32459.77,4578.54,200,Success
2026-05-05T11:41:31.481686,42,load,Indirect,"If I import products from South Korea into Singapore, store them in Singapore, and then export them to Vietnam. Is there any FTA I can use to obtain duty savings on import into Vietnam?","Thank you for your enquiry regarding FTA eligibility for duty savings when importing products from **South Korea** into **Singapore**, storing them in Singapore, and then exporting them to **Vietnam**.

To assess your eligibility for Back-to-Back Preferential Certificate of Origin (B2B PCO) and potential duty savings, I require the following information:

### Required Information:
- **HS Code**: Please provide the HS code for your product. This is essential to determine tariff rates, duty saving",25720.02,5892.45,200,Success
2026-05-05T11:41:45.800071,56,load,Direct,Which Free Trade Agreements (FTAs) can I utilise when exporting umbrellas (HS Code: 6601.99.00.03) from Singapore to Australia?,"# Free Trade Agreements (FTAs) Available for Exporting Umbrellas from Singapore to Australia

**Product:** Umbrellas  
**HS Code:** 6601.99.00.03  
**Origin:** Singapore  
**Destination:** Australia

---

## Applicable FTAs

Based on the trade route from Singapore to Australia for HS Code 6601.99.00.03, you can utilise the following Free Trade Agreements:

### **Bilateral FTA**

| FTA | Preferential Duty Rate | Rules of Origin (ROO) Requirements |
|-----|------------------------|----------------",55130.0,2899.85,200,Success
2026-05-05T11:42:04.030832,70,load,Indirect,"Can we use exporter self-certification under the UK-Singapore FTA for our exports of pharmaceutical products (HS 3004), and what are the exact conditions and record-keeping requirements?","Thank you for your enquiry about exporter self-certification under the UK-Singapore FTA for pharmaceutical products (HS 3004).

To provide you with accurate information about self-certification conditions and record-keeping requirements, I need to clarify the trade direction:

### Missing Information Required:

**Please confirm:**
1. **Country of Origin**: Are you exporting FROM Singapore or FROM the United Kingdom?
2. **Country of Destination**: Are you exporting TO the United Kingdom or TO Sin",48219.68,10068.9,200,Success
2026-05-05T11:42:14.571246,70,load,Direct,What tariff will my aluminium rods with HS code 7604.29.10.10 be subject to if it was manufactured in Russia and exported to the US?,"# Tariff Information for Aluminum Rods (HS 7604.29.10.10) from Russia to the United States

## Product Details
- **HS Code:** 7604.29.10.10
- **Product:** Aluminum rods
- **Country of Origin:** Russia
- **Country of Destination:** United States

---

## Applicable Duties and Tariffs

Your aluminum rods manufactured in Russia will be subject to the following duties when imported into the United States:

### 1. **Most Favoured Nation (MFN) Rate**
- **Rate:** 5% of FOB value
- **Basis:** Standard c",81909.05,4188.94,200,Success
2026-05-05T11:42:33.190839,70,load,Indirect,Which Free Trade Agreements (FTAs) can I utilise when exporting compact disks (HS Code: 8523.41.10) from Singapore to Indonesia?,"# Free Trade Agreements (FTAs) for Exporting Compact Disks from Singapore to Indonesia

**Product:** Compact Disks (Unrecorded)  
**HS Code:** 8523.41.10  
**Origin:** Singapore  
**Destination:** Indonesia

---

## Important Notice: Zero Customs Duty

**The customs duty for this product is already 0% (FREE) under the Most Favoured Nation (MFN) rate.** This means that customs duty is zero even without claiming any FTA preferential treatment.

**Key Implications:**
- ✅ No customs duty will be cha",91407.07,2548.38,200,Success
2026-05-05T11:42:38.591556,70,load,Direct,Can we issue a back-to-back PCO when the import CO was issued under a different FTA than the export FTA?,"## Back-to-Back PCO with Different FTAs

I apologize, but I encountered technical difficulties accessing the knowledge base and glossary systems that contain the specific guidelines and requirements for issuing back-to-back Proof of Certificate of Origin (PCO) when the import CO was issued under a different FTA than the export FTA.

### Current Status

**What I attempted to retrieve:**
- ✓ Attempted to access glossary guidelines on back-to-back PCO procedures across different FTAs
- ✓ Attempted ",78719.13,10068.65,200,Success
2026-05-05T11:42:41.192045,70,load,Direct,Can a Singapore company apply for a PCO for goods manufactured in Malaysia and exported to Indonesia?,"## Can a Singapore company apply for a PCO for goods manufactured in Malaysia and exported to Indonesia?

**Yes, a Singapore company can apply for a back-to-back Preferential Certificate of Origin (PCO)** for goods manufactured in Malaysia and exported to Indonesia, provided specific conditions are met.

### Key Requirements for Back-to-Back PCO

Based on the **ASEAN Free Trade Area (AFTA) - Operational Certification Procedure** (Rule 11), Singapore, as the **intermediate exporting Member State*",104514.6,3692.81,200,Success
2026-05-05T11:42:45.159767,70,load,Direct,"If software classified as strategic goods technology is hosted on a server in Singapore for global download, what authorisations are required under Singapore's Strategic Goods (Control) regime?","I am unable to retrieve sufficient information regarding this subject matter. For further guidance, please click on the 'Email' button on the bottom right corner of the screen to arrange for a call or a one-to-one advisory session. Our specialists can offer tailored insights based on your product and trade needs, and help you address any related queries or challenges.",46886.11,10076.74,200,Success
2026-05-05T11:42:45.219970,70,load,Direct,"Does Singapore have an FTA with Turkey? If yes, what is the tariff for exporting textiles (HS 5407)?","## Singapore-Turkey FTA Status

Based on the information retrieved from **Mendel**, I need to clarify an important finding:

**The system returned information for Turkmenistan (TM), not Turkey (TR).** This indicates there may have been a routing issue, but more importantly, the Mendel system shows **no tariff information available** for the trade route queried.

## Tariff Information for HS Code 5407 (Textiles)

For exporting textiles under **HS Code 5407** from **Singapore** to **Turkey**:

- *",84348.58,10086.09,200,Success
2026-05-05T11:43:01.790713,70,load,Direct,I am exporting salmon with HS code 0303.11 from Norway to the US. What tariffs apply?,"# Tariff Information for Salmon Export from Norway to United States

**Trade Details:**
- **HS Code:** 0303.11 (Frozen Pacific salmon)
- **Country of Origin:** Norway
- **Country of Destination:** United States
- **Source:** Mendel

---

## Applicable Tariffs and Duties

### 1. **Customs Duty**

| Duty Type | Rate | Conditions |
|-----------|------|------------|
| **MFN (Most Favoured Nation)** | **Free (0%)** | Standard rate applicable to Norway |
| **Universal Customs Duty (UCD)** | **10% of F",102938.02,10089.31,200,Success
2026-05-05T11:43:02.091001,70,load,Direct,"Which Singapore FTA covers trade in services, not just goods?","Based on the web search results, I can provide you with information about Singapore FTAs that cover trade in services:

## Singapore FTAs with Trade in Services Provisions

**All of Singapore's Free Trade Agreements contain dedicated services chapters** that go beyond just goods trade. According to Enterprise Singapore, these services chapters:

- Secure market-access rights and favorable conditions for Singapore-based service providers
- Use the WTO's four modes of supply:
  1. Cross-border sup",103235.43,10137.42,200,Success
2026-05-05T11:43:09.081233,70,load,Direct,How do I calculate RVC for a plastic household item under ATIGA and document it for possible verification?,"I apologize, but I encountered technical difficulties accessing our knowledge base and glossary systems to retrieve the specific information about RVC calculation methods and documentation requirements under ATIGA for your plastic household item.

## Current Status

### What I attempted to retrieve:
- ✅ Initiated search for RVC (Regional Value Content) calculation formulas under ATIGA
- ✅ Attempted to access documentation and verification requirements for ATIGA certification
- ❌ Knowledge base c",97149.43,10068.87,200,Success
2026-05-05T11:43:28.459819,70,load,Direct,I am exporting fruits with HS code 0811.10.00.50 from Thailand to the US. What tariffs apply?,"# Tariff Information for HS Code 0811.10.00.50: Fruits from Thailand to United States

**Based on your inputs:**
- **HS Code:** 0811.10.00.50
- **Country of Origin:** Thailand
- **Country of Destination:** United States
- **Product:** Fruits

---

## Applicable Tariff Rates

| Tariff Type | Rate | Conditions | Notes |
|-------------|------|------------|-------|
| **MFN (Most Favoured Nation)** | **11.2% of FOB** | None | This is the standard customs duty rate applicable to imports from Thailand ",152659.27,8279.81,200,Success
2026-05-05T11:43:28.461665,70,load,Indirect,"We plan to bring microprocessors (HS 8542.31) from Japan into Singapore for consolidation, then ship them to Indonesia. Can we claim preferential tariff treatment on the Indonesia leg?","# Back-to-Back Preferential Certificate of Origin (B2B PCO) Assessment

## Your Scenario
- **Product**: Microprocessors (HS Code 8542.31)
- **Movement**: Japan → Singapore (consolidation) → Indonesia
- **Processing in Singapore**: No (consolidation only)

---

## Key Finding: Customs Duty is Already 0%

Based on the tariff information retrieved from **Mendel** for HS Code **8542.31** from **Japan** to **Indonesia**:

| Tariff Scheme | Customs Duty Rate |
|---------------|-------------------|
| *",137688.82,8907.66,200,Success
2026-05-05T11:43:32.830724,70,load,Indirect,"Under which FTAs, if any, can India-origin goods use a back-to-back mechanism via Singapore?","## Back-to-Back Mechanism for India-Origin Goods via Singapore

Based on my analysis of the available information, I can provide you with the following findings:

### FTA Groups Connecting India and Singapore

India and Singapore are both members of the following FTA groups:

| FTA Group | Full Name | Status |
|-----------|-----------|--------|
| **GSTP** | Global System of Trade Preferences among Developing Countries | Both India and Singapore are members |
| **MFN** | Most Favoured Nation | St",104662.16,10085.24,200,Success
2026-05-05T11:43:33.941632,70,load,Indirect,"If I import products from South Korea into Singapore, store them in Singapore, and then export them to Vietnam. Is there any FTA I can use to obtain duty savings on import into Vietnam?","Thank you for your enquiry about using FTAs for duty savings when importing products from South Korea into Vietnam via Singapore.

To assist you with determining FTA eligibility and potential Back-to-Back Preferential Certificate of Origin (B2B PCO) options, I need additional information:

### Required Information:
- **HS Code**: Please provide the HS code for your product. This is essential for checking tariff rates, applicable FTAs, and B2B PCO eligibility.

### Optional Information (helpful f",101739.67,10078.38,200,Success
2026-05-05T11:43:39.422928,70,load,Indirect,"We manufacture plastic containers (HS 3924) in Singapore using resin from Saudi Arabia and additives from Malaysia. How do we prove origin under ATIGA for export to Vietnam, and which FTA gives the be","Thank you for your questions! I notice you've asked about **two different scenarios**:

1. ✅ **Umbrellas (HS 6601.99.00.03) from Singapore to Australia** - I've already provided the complete answer above with all applicable FTAs.

2. ⏳ **Plastic containers (HS 3924) from Singapore to Vietnam** - You're asking about:
   - How to prove origin under ATIGA
   - Which FTA gives the better tariff

To provide you with the most accurate and comprehensive assistance, **I can only address one request at a",110145.25,10073.94,200,Success
2026-05-05T11:43:40.893320,70,load,Indirect,How do I qualify for preferential treatment under the ATIGA for my export of water pumps with HS code 8413.20.90 from Singapore to Indonesia?,"# Qualifying for Preferential Treatment under ATIGA for Water Pumps (HS 8413.20.90) from Singapore to Indonesia

## Overview of Your Query
- **Product:** Water pumps
- **HS Code:** 8413.20.90
- **Origin Country:** Singapore
- **Destination Country:** Indonesia
- **FTA:** ATIGA (ASEAN Trade in Goods Agreement)

---

## 1. Tariff Benefits Under ATIGA

Based on the information from **Mendel** for HS code 8413.20.90 from Singapore to Indonesia:

| Tariff Type | Rate |
|-------------|------|
| **MFN ",167170.91,3277.7,200,Success
2026-05-05T11:44:00.211899,70,load,Indirect,"We import raw cocoa (HS 1801) from Ghana, process it into chocolate (HS 1806) in Singapore, and export to Japan. How do we prove substantial transformation and claim preference under RCEP?","# Analysis: RCEP Back-to-Back PCO Eligibility for Ghana-Singapore-Japan Trade

## Critical Finding: Ineligibility for RCEP Back-to-Back PCO

Based on the information retrieved, **your scenario is NOT eligible for RCEP back-to-back Preferential Certificate of Origin (PCO)**.

### Reason for Ineligibility

**Ghana is not a member of RCEP.** 

According to the FTA membership verification, Ghana, Singapore, and Japan do not share membership in RCEP. They only share MFN (Most Favoured Nation) status,",176309.89,10070.56,200,Success
2026-05-05T11:44:01.393180,70,load,Indirect,"If our PCO application is rejected by Singapore Customs due to insufficient supporting documents, what can we do to rectify and reapply, and how long does the appeal or correction process take?","# PCO Application Rejection: Rectification and Reapplication Process

Based on the available information from Singapore Customs procedures, here is what you can do if your PCO application is rejected due to insufficient supporting documents:

---

## What You Can Do to Rectify and Reapply

### 1. **Resubmission of Complete Documentation**

If your application is rejected or incomplete, you will need to submit a fresh application with all required supporting documents. Based on the Manufacturing ",182661.81,7001.61,200,Success
2026-05-05T11:44:01.900197,70,load,Direct,I am exporting umbrella parts with HS code 6603.90.41 from Brazil to the US. What are the additional tariffs?,"# Additional Tariffs for Umbrella Parts (HS Code 6603.90.41) from Brazil to United States

Based on the official tariff information retrieved, here are the **additional tariffs** that apply to your export:

## Additional Customs Duty

| Duty Type | Rate | Description | Conditions |
|-----------|------|-------------|------------|
| **Universal Customs Duty (UCD)** | **10% of FOB** | A distinct duty measure applicable **in addition to** the MFN or other applicable duty rates | No specific conditio",152956.6,10068.67,200,Success
2026-05-05T11:44:03.532934,70,load,Direct,I am exporting 1001.19.00.25 from Singapore to the US. Are there any additional tariffs?,"# Additional Tariffs for HS Code 1001.19.00.25 (Singapore to United States)

## Summary

Yes, there is an **additional tariff** that applies to your export:

### Universal Customs Duty (UCD)
- **Rate:** 10% of FOB (Free on Board) value
- **Application:** This is a distinct duty measure applicable **in addition to** the MFN or other applicable duty rates

---

## Complete Duty & Tax Structure

Based on the information retrieved from Mendel for HS code **1001.19.00.25** exported from **Singapore**",160659.25,10077.82,200,Success
2026-05-05T11:44:03.536177,70,load,Indirect,I would like to leverage the AKFTA FTA for my export of 1701.12.20 from Singapore to South Korea. What is a PCO and how do I apply for it?,"# What is a PCO and How to Apply for it under AKFTA

## What is a Preferential Certificate of Origin (PCO)?

A **Preferential Certificate of Origin (PCO)** is an official document issued by a designated competent authority (in Singapore's case, Singapore Customs) that certifies that goods being exported qualify as ""originating"" under a specific Free Trade Agreement (FTA). This certificate allows the importer in the destination country to claim preferential (reduced or zero) tariff rates under th",185814.23,8011.23,200,Success
2026-05-05T11:44:05.202371,70,load,Indirect,"We ship from Singapore to multiple ASEAN countries (Indonesia, Philippines, Vietnam) under ATIGA. Do we need one PCO per destination or one for the whole order, and what are the declaration requiremen","Based on the information I was able to retrieve from the CFOTI Knowledge Base, I can provide you with some guidance regarding PCO requirements for ATIGA shipments, though I encountered technical difficulties accessing complete details about multiple destination requirements.

## Key Information Retrieved

### Electronic Transmission of ATIGA e-Form D

According to the CFOTI Knowledge Base, for transmission of an ATIGA e-Form D:

- The exporter must first be registered with Singapore Customs to a",148189.23,10156.69,200,Success
2026-05-05T11:44:06.021178,70,load,Indirect,Which Free Trade Agreements (FTAs) can I utilise when exporting compact disks (HS Code: 8523.41.10) from Singapore to Indonesia?,"# Free Trade Agreements (FTAs) for Exporting Compact Disks from Singapore to Indonesia

## Your Trade Details
- **Product:** Compact disks
- **HS Code:** 8523.41.10
- **Country of Origin:** Singapore
- **Country of Destination:** Indonesia

---

## Important Notice: Zero Customs Duty

**The customs duty for HS Code 8523.41.10 is already 0% (free) under the MFN (Most Favoured Nation) rate.** This means you do not need to claim FTA preferential treatment to avoid customs duties, as there are no cu",164128.78,10071.99,200,Success
2026-05-05T11:44:08.331343,70,load,Direct,Can we issue a back-to-back PCO when the import CO was issued under a different FTA than the export FTA?,"## Can you issue a back-to-back PCO when the import CO was issued under a different FTA than the export FTA?

Based on the information retrieved from the **CFOTI Knowledge Base**, the answer is **generally NO** - back-to-back Certificates of Origin (CO) are typically issued under the **same FTA** as the original import CO.

### Key Requirements for Back-to-Back PCO

According to the **ASEAN Free Trade Area (AFTA) Operational Certification Procedure** (Rule 11 - Back-to-Back Proof of Origin), the",158398.76,10083.2,200,Success
2026-05-05T11:44:10.553341,70,load,Direct,"In what ways do digital trade provisions in relevant agreements create sector-specific opportunities and advantages, and how do they improve market access and cross-border dealings?","Based on the information retrieved from the **CFOTI Knowledge Base**, digital trade provisions in relevant Free Trade Agreements create sector-specific opportunities and advantages in the following ways:

## Key Benefits and Opportunities

### 1. **Digital Inclusion and Participation**
According to **AANZFTA (ASEAN-Australia-New Zealand Free Trade Area) Article 19**, digital trade provisions recognize the importance of digital inclusion, ensuring that all people and businesses, including Micro, ",150481.46,10079.91,200,Success
2026-05-05T11:44:10.560586,70,load,Indirect,Which Free Trade Agreements (FTAs) can I utilise when exporting compact disks (HS Code: 8523.41.10) from Singapore to Indonesia?,"# Free Trade Agreements (FTAs) for Exporting Compact Disks from Singapore to Indonesia

## Query Details
- **Product**: Compact disks (unrecorded optical media)
- **HS Code**: 8523.41.10
- **Country of Origin**: Singapore
- **Country of Destination**: Indonesia

---

## Important Finding: Duty-Free Status

**Good news!** The customs duty for HS Code 8523.41.10 is **0% (free)** even under the Most Favoured Nation (MFN) rate when importing into Indonesia. This means:

✅ **No customs duty applies r",164638.86,10078.24,200,Success
2026-05-05T11:44:25.681022,70,load,Indirect,I would like to leverage the AKFTA FTA for my export of 1701.12.20 from Singapore to South Korea. What is a PCO and how do I apply for it?,"# Understanding PCO and AKFTA Export from Singapore to South Korea

## What is a PCO (Preferential Certificate of Origin)?

A **Preferential Certificate of Origin (PCO)** is an official document that certifies the origin of goods being exported under a Free Trade Agreement (FTA). It allows your goods to receive preferential tariff treatment (reduced or zero customs duties) when imported into the destination country.

For AKFTA (ASEAN-Korea Free Trade Area), the PCO is issued in the form of **For",191887.22,10068.96,200,Success
2026-05-05T11:44:35.493433,70,load,Direct,I am an automobile manufacturer importing parts of a suspension system with HS code 8708.80.55 from Germany which will be assembled in the US. Am I eligible for lower tariffs?,"Based on the information retrieved from **Mendel** and additional sources, here is the analysis of your eligibility for lower tariffs when importing suspension system parts (HS code 8708.80.55) from Germany to the United States:

## Current Tariff Situation

### Standard MFN Rate
According to **Mendel**, suspension system parts under HS code 8708.80.55 from Germany are subject to:
- **MFN (Most Favoured Nation) Rate**: Free (0%)

### Additional Duties Currently Applied

However, there are **addi",191600.32,10077.89,200,Success
2026-05-05T11:44:37.579824,70,load,Indirect,"We consolidate shipments from multiple ASEAN countries in Singapore and then send them to Australia. Can we obtain a single certificate covering the whole consignment, or do we need separate origin do","Based on the information retrieved from the **CFOTI Knowledge Base** regarding the ASEAN-Australia-New Zealand Free Trade Area (AANZFTA), here are the key findings for your consolidation scenario:

## Certificate of Origin Requirements for Consolidated Shipments

### Single Certificate for Multiple Goods

According to **AANZFTA Operational Certification Procedures (Rule 7)**:

**""Multiple goods declared on the same Certificate of Origin shall be allowed, provided that each good is originating in",186652.17,10063.52,200,Success
2026-05-05T11:44:37.583503,70,load,Indirect,"For shipments from Singapore to Australia with goods sourced from Japan and Korea, what are the steps to claim AANZFTA or RCEP preferences?","# Steps to Claim AANZFTA or RCEP Preferences for Shipments from Singapore to Australia

## Important Clarification on FTA Applicability

Based on FTA membership verification, there is a **critical limitation** regarding your scenario:

### RCEP (Regional Comprehensive Economic Partnership)
✅ **Applicable** - Singapore, Australia, Japan, and South Korea are all RCEP members, making accumulation of materials from Japan and Korea possible.

### AANZFTA (ASEAN-Australia-New Zealand Free Trade Area)
",225882.45,4428.87,200,Success
2026-05-05T11:44:41.780659,70,load,Direct,I would like to know more about the import duties for export from Singapore to US. HS code for my product is 9404.21.00.10. Estimated export value for each mattress is $150.,"# Import Duties for Mattresses from Singapore to United States

## Your Trade Scenario

**Product:** Mattresses  
**HS Code:** 9404.21.00.10 (Of cellular rubber or plastics, whether or not covered)  
**Origin:** Singapore  
**Destination:** United States  
**Estimated Export Value:** USD 150 per mattress

---

## Import Duties and Taxes

Based on official tariff data retrieved from **Mendel** for HS code 9404.21.00.10, the following duties and taxes apply when importing from Singapore to the Uni",227079.29,5650.19,200,Success
2026-05-05T11:44:46.120582,70,load,Direct,What is the tariff for importing stainless steel sheets (HS 7219.13) from Indonesia into Singapore under ATIGA?,"# Tariff Information for Importing Stainless Steel Sheets from Indonesia to Singapore

## Product Details
- **HS Code:** 7219.13
- **Product Description:** Stainless steel sheets of a thickness of 3 mm or more but less than 4.75 mm
- **Country of Origin:** Indonesia
- **Country of Destination:** Singapore
- **FTA Queried:** ATIGA (ASEAN Trade in Goods Agreement)

---

## Customs Duty Under ATIGA

| FTA | Customs Duty Rate | Conditions |
|-----|-------------------|------------|
| **ATIGA** | **Fr",184037.08,10076.64,200,Success
2026-05-05T11:44:47.162509,70,load,Indirect,"We consolidate shipments from multiple ASEAN countries in Singapore and then send them to Australia. Can we obtain a single certificate covering the whole consignment, or do we need separate origin do","# Consolidated Shipments from Multiple ASEAN Countries to Australia

Thank you for your enquiry about consolidating shipments from multiple ASEAN countries in Singapore for re-export to Australia.

---

## Missing Required Information

To provide a comprehensive assessment of your certificate of origin requirements for this consolidation scenario, I need the following information:

**Required:**
- **HS Code(s)** of the goods being consolidated
- **Specific ASEAN countries of origin** (e.g., Thai",202742.05,10100.32,200,Success
2026-05-05T11:44:49.810848,70,load,Direct,I am exporting fruits with HS code 0811.10.00.50 from Thailand to the US. What tariffs apply?,"# Tariff Information for HS Code 0811.10.00.50: Thailand → United States

**Product**: Fruits  
**HS Code**: 0811.10.00.50  
**Country of Origin**: Thailand  
**Country of Destination**: United States  
**Source**: Mendel

---

## Applicable Duties

When exporting fruits under HS code 0811.10.00.50 from Thailand to the United States, the following duties apply:

| Duty Type | Rate | Conditions | Notes |
|-----------|------|------------|-------|
| **MFN (Most Favoured Nation)** | 11.2% of FOB | N",180680.41,10080.33,200,Success
2026-05-05T11:44:49.812669,70,load,Indirect,"We plan to bring microprocessors (HS 8542.31) from Japan into Singapore for consolidation, then ship them to Indonesia. Can we claim preferential tariff treatment on the Indonesia leg?","# Back-to-Back Preferential Certificate of Origin (B2B PCO) Assessment

## Summary of Your Scenario

**Product:** Microprocessors (HS 8542.31)  
**Movement:** Japan → Singapore (consolidation) → Indonesia  
**Processing in Singapore:** No processing, consolidation only

---

## Key Finding: No Tariff Savings from Preferential Treatment

Based on the tariff information retrieved from **Mendel** for HS code 8542.31 from Japan to Indonesia:

### Customs Duty Rates

| Rate Type | Tariff Rate | Notes",225051.65,22670.73,200,Success
2026-05-05T11:44:49.860759,70,load,Direct,I am exporting salmon with HS code 0303.11 from Norway to the US. What tariffs apply?,"# Tariff Information for Salmon Export from Norway to United States

**Trade Route:** Norway → United States  
**HS Code:** 0303.11  
**Product:** Salmon (frozen, excluding fillets, other fish meat, livers, roes and milt)

---

## Applicable Duties

Based on official tariff data, the following duties apply to your shipment:

| Duty Type | Rate | Country Group | Description |
|-----------|------|---------------|-------------|
| **MFN Duty** | **Free (0%)** | MFN | Most Favoured Nation rate - the ",190819.13,10070.18,200,Success
2026-05-05T11:44:51.780781,70,load,Indirect,I import meat with HS code 0201.30.01 from Australia to Singapore and re-export to Japan. Am I eligible for preferential tariffs?,"# Preliminary Assessment: Eligibility for Preferential Tariffs

## Your Trade Scenario

**Product**: Meat (HS Code 0201.30.01)  
**Trade Route**: Australia → Singapore → Japan  
**Query**: Eligibility for preferential tariffs under Back-to-Back PCO arrangement

---

## Current Analysis Based on Available Information

### 1. Tariff Information for Australia to Japan

*Source: Mendel (HS Code 0201.30.01, Origin: Australia, Destination: Japan)*

| Tariff Type | Rate | Description |
|-------------|-",213918.36,10078.57,200,Success
2026-05-05T11:44:51.783197,70,load,Indirect,Can we ship goods directly from China to Indonesia with a Singapore invoice and still claim ACFTA preference?,"Based on the information retrieved from the CFOTI Knowledge Base regarding ACFTA (ASEAN-China Free Trade Agreement) Rules of Origin, I can provide you with the following analysis:

## Direct Consignment Requirements

According to **ACFTA Rule 8: Direct Consignment**, goods can be considered as consigned directly from the exporting Party (China) to the importing Party (Indonesia) under the following conditions:

**The goods are acceptable if:**

- **(a)** The products are transported passing thro",178569.09,10065.79,200,Success
2026-05-05T11:44:59.111978,70,load,Indirect,"We import wine (HS 2204) from Australia under the Singapore-Australia FTA and store it in a bonded warehouse. When we re-export to Japan, can we claim preference under RCEP or CPTPP, and what evidence","# Back-to-Back PCO Eligibility Analysis: Wine (HS 2204) from Australia via Singapore to Japan

## Your Scenario Summary

| Element | Details |
|---------|---------|
| **Product** | Wine (HS Code 2204) |
| **Movement** | Australia → Singapore (bonded warehouse) → Japan |
| **Current FTA** | Singapore-Australia FTA (SAFTA) |
| **Target FTAs** | RCEP or CPTPP |
| **Processing in Singapore** | No processing (storage only in bonded warehouse) |

---

## FTA Membership Verification ✓

**Good news:** A",236319.35,13050.01,200,Success
2026-05-05T11:44:59.820235,70,load,Direct,Where can I find the rules of origin for my product under the Singapore-Australia FTA?,"### Where to Find Rules of Origin for Your Product under the Singapore-Australia FTA (SAFTA)

To find the rules of origin for your product under the Singapore-Australia Free Trade Agreement (SAFTA), you can access the following official resources:

#### **1. Official SAFTA Legal Text and Product-Specific Rules**

**Enterprise Singapore SAFTA Webpage:**
- Visit the [Singapore – Australia Free Trade Agreement (SAFTA)](https://www.enterprisesg.gov.sg/grow-your-business/go-global/international-agree",227037.65,8099.36,200,Success
2026-05-05T11:45:02.375608,70,load,Indirect,Can we ship goods directly from China to Indonesia with a Singapore invoice and still claim ACFTA preference?,"## Can you ship goods directly from China to Indonesia with a Singapore invoice and claim ACFTA preference?

Based on the information retrieved from the CFOTI Knowledge Base, I need to provide you with important context about **Back-to-Back Certificate of Origin** procedures, which appears to be relevant to your scenario.

### Understanding Back-to-Back Certificate of Origin

According to the CFOTI Knowledge Base, a **back-to-back preferential Certificate of Origin (CO)** is issued by Singapore ",188162.38,10068.95,200,Success
2026-05-05T11:45:02.785090,70,load,Indirect,"We import raw cocoa (HS 1801) from Ghana, process it into chocolate (HS 1806) in Singapore, and export to Japan. How do we prove substantial transformation and claim preference under RCEP?","# Back-to-Back PCO Eligibility Assessment: Ghana → Singapore → Japan under RCEP

## Executive Summary

Based on the information retrieved, **you are NOT eligible to claim RCEP preference or issue a Back-to-Back Preferential Certificate of Origin (PCO) under RCEP** for this trade scenario.

---

## Critical Finding: RCEP Membership Requirement Not Met

### Countries Involved in Your Trade Flow
- **Origin Country:** Ghana
- **Intermediate Country:** Singapore (processing location)
- **Destination ",208793.36,10078.45,200,Success
2026-05-05T11:45:09.799834,70,load,Indirect,"For machinery (HS 8479) assembled in Singapore from US and German parts, what are the rules of origin under the EU-Singapore FTA and UK-Singapore FTA, and how do we calculate and document RVC?","# Rules of Origin for Machinery (HS 8479) under EU-Singapore FTA and UK-Singapore FTA

I apologize, but I encountered technical difficulties accessing the knowledge base systems that contain the detailed rules of origin information for both the EU-Singapore FTA (EUSFTA) and UK-Singapore FTA (UKSFTA). 

## Current Status

**What I attempted to retrieve:**
- ✗ Product-specific rules of origin for HS 8479 (machinery) under EUSFTA
- ✗ Product-specific rules of origin for HS 8479 (machinery) under UK",123926.5,10089.39,200,Success
2026-05-05T11:45:11.032345,70,load,Indirect,"For shipments from Singapore to Australia with goods sourced from Japan and Korea, what are the steps to claim AANZFTA or RCEP preferences?","# Steps to Claim AANZFTA or RCEP Preferences for Shipments from Singapore to Australia with Materials from Japan and Korea

## Current Analysis

Based on the information gathered, I can provide you with the following analysis regarding claiming preferential tariff treatment under AANZFTA and RCEP for your specific trade scenario:

---

## FTA Membership Status

**Source: Mendel FTA Membership Check**

For the countries involved in your supply chain (Singapore, Australia, Japan, and South Korea):",213030.24,10142.97,200,Success
2026-05-05T11:45:11.039952,70,load,Indirect,"We consolidate shipments from multiple ASEAN countries in Singapore and then send them to Australia. Can we obtain a single certificate covering the whole consignment, or do we need separate origin do","# Certificate of Origin Requirements for Consolidated Shipments from ASEAN to Australia

Thank you for your enquiry regarding the consolidation of shipments from multiple ASEAN countries in Singapore before exporting to Australia.

## Current Situation Analysis

You are consolidating shipments from multiple ASEAN countries in Singapore and then sending them to Australia. Your question concerns whether you can obtain a single certificate of origin covering the entire consolidated consignment or w",218067.42,10078.32,200,Success
2026-05-05T11:45:14.042567,70,load,Indirect,I would like to leverage the AKFTA FTA for my export of 1701.12.20 from Singapore to South Korea. What is a PCO and how do I apply for it?,"# Preferential Certificate of Origin (PCO) for AKFTA Export

## What is a PCO?

A **Preferential Certificate of Origin (PCO)** is an official document that certifies the country of origin of goods being exported under a Free Trade Agreement (FTA). The PCO enables the importer in the destination country to claim preferential tariff treatment (reduced or zero customs duties) under the specific FTA.

For AKFTA (ASEAN-Korea Free Trade Area), the PCO is called **Form AK**.

---

## Your Export Detail",237217.62,10067.77,200,Success
2026-05-05T11:45:17.394198,70,load,Indirect,"Our goods qualify under both RCEP and ATIGA for export to Thailand. Which agreement should we use for the PCO, and does it affect how we complete the origin declaration?","Based on the information retrieved from the CFOTI Knowledge Base, I can provide guidance on your question about choosing between RCEP and ATIGA for exports to Thailand and how this affects the origin declaration completion.

## Which Agreement Should You Use?

When your goods qualify under both RCEP and ATIGA for export to Thailand, **the choice of which FTA to use is typically a business decision** based on factors such as:

- **Tariff rates**: Compare the preferential duty rates under each agr",221391.48,10099.31,200,Success
2026-05-05T11:45:17.397073,70,load,Indirect,"What is the PCO application process for the export of my product with HS code 3924.90.90 from Singapore to Vietnam with an estimated export value of 5,000 SGD under the ATIGA FTA?","# PCO Application Process for Export under ATIGA FTA

## Your Trade Details
- **HS Code:** 3924.90.90
- **Country of Origin:** Singapore
- **Country of Destination:** Vietnam
- **Export Value:** 5,000 SGD
- **FTA:** ATIGA (ASEAN Trade in Goods Agreement)

---

## Tariff Information

### Duty Rates and Taxes
*Source: Mendel (HS Code: 3924.90.90, Origin: Singapore, Destination: Vietnam)*

| Item | Rate | Conditions |
|------|------|------------|
| **ATIGA Preferential Duty** | **FREE (0%)** | None",230474.76,22247.94,200,Success
2026-05-05T11:45:27.173560,70,load,Indirect,"If we import under ASEAN-China FTA and re-export to Japan under RCEP with minimal repackaging in Singapore, can we use a back-to-back certificate, and what are the conditions and time limits?","## Analysis: Back-to-Back Certificate of Origin Eligibility for China → Singapore → Japan under RCEP

Based on the information available and the workflow requirements, here is my current analysis:

---

### ✅ FTA Eligibility Check - COMPLETED

**Good news:** China, Singapore, and Japan are all parties to the **Regional Comprehensive Economic Partnership (RCEP)** agreement.

**Source:** Mendel FTA verification tool

**FTA Groups Identified:**
- **RCEP** (Regional Comprehensive Economic Partnershi",207921.23,10078.28,200,Success
2026-05-05T11:45:27.180752,70,load,Indirect,Can we ship goods directly from China to Indonesia with a Singapore invoice and still claim ACFTA preference?,"ACFTA Preference with Direct China-Indonesia Shipment and Singapore Invoice

## Direct Answer: **NO - This arrangement will NOT qualify for ACFTA preference**

Based on the scenario you've described, **you cannot claim ACFTA (ASEAN-China FTA) preference** for goods shipped directly from China to Indonesia with only a Singapore invoice, when:

- **Country of Origin**: China
- **Destination**: Indonesia  
- **Movement of Goods**: Direct shipment from China to Indonesia
- **Processing in Singapore*",157434.59,10084.85,200,Success
2026-05-05T11:45:30.080270,70,load,Direct,Can I use the UK-Singapore FTA for exporting machinery parts (HS 8483.40) to the United Kingdom?,"# UK-Singapore FTA Eligibility for Machinery Parts (HS 8483.40)

## Summary

**Yes, you can use the UK-Singapore Free Trade Agreement (UKSFTA)** for exporting machinery parts classified under HS 8483.40 from Singapore to the United Kingdom.

---

## Trade Details

**Based on your enquiry:**
- **HS Code:** 8483.40 (Gears and gearing; ball or roller screws; gear boxes and other speed changers)
- **Country of Origin:** Singapore
- **Country of Destination:** United Kingdom

---

## Tariff Informati",245158.65,10078.37,200,Success
2026-05-05T11:45:30.082816,70,load,Direct,I am exporting rubber gloves (HS 4015.19) from Singapore to Malaysia. Which FTA applies?,"Thank you for your enquiry regarding applicable FTAs for exporting **rubber gloves (HS 4015.19)** from **Singapore** to **Malaysia**.

---

## Applicable Free Trade Agreements (FTAs)

Based on the information retrieved from **Mendel** (using HS Code: 4015.19, Origin: Singapore, Destination: Malaysia), the following FTAs contain Rules of Origin provisions for your product:

### Bilateral FTAs
*No direct bilateral FTA between Singapore and Malaysia for this trade route.*

### Regional/Multilateral",234008.56,10086.74,200,Success
2026-05-05T11:45:30.693302,70,load,Indirect,"Our company sources components from China, Thailand, and Malaysia and assembles electronic switches (HS 8536.50) in Singapore for export to Australia. Can we claim Singapore origin under AANZFTA, and ","# Claiming Singapore Origin under AANZFTA for Electronic Switches (HS 8536.50)

## Overview

Based on your scenario of sourcing components from China, Thailand, and Malaysia and assembling electronic switches (HS 8536.50) in Singapore for export to Australia, I can confirm that **Singapore and Australia are both parties to AANZFTA**, making it possible to claim preferential treatment under this agreement.

**Important Note**: The Mendel system indicates no duties and taxes information is availab",263899.78,4837.52,200,Success
2026-05-05T11:45:31.026402,70,load,Indirect,"What is the PCO application process for the export of my product with HS code 3924.90.90 from Singapore to Vietnam with an estimated export value of 5,000 SGD under the ATIGA FTA?","# PCO Application Process for Export from Singapore to Vietnam under ATIGA

Based on the information I have gathered, I can provide you with the tariff and Rules of Origin requirements for your export. However, I need to note that I was unable to retrieve the complete PCO application process details from the knowledge base due to technical limitations.

---

## What Has Been Completed

### ✓ HS Code Validation and Tariff Information

**Source**: Mendel (HS Code: 3924.90.90, Origin: Singapore, De",227953.69,10069.8,200,Success
2026-05-05T11:45:31.355123,70,load,Indirect,"What are the steps and timelines to apply for a PCO under the Digital Economy Agreement between Singapore and Australia, and how does it differ from the standard goods FTA process?","I apologize, but I am unable to retrieve sufficient information about the **Preferential Certificate of Origin (PCO) application process under the Singapore-Australia Digital Economy Agreement (SADEA)** at this time.

## Current Analysis

The knowledge base and glossary tools experienced connection timeouts when attempting to retrieve information about:

1. **PCO application procedures** under the Digital Economy Agreement
2. **Steps and timelines** for PCO applications specific to SADEA
3. **Co",144735.2,10180.12,200,Success
2026-05-05T11:45:32.096152,70,load,Indirect,"For goods that qualify under both ATIGA and RCEP when exporting from Singapore to Thailand, how do we choose which FTA to use, and can we switch between them for different shipments of the same produc","## Choosing Between ATIGA and RCEP for Singapore to Thailand Exports

Based on the information retrieved from **CFOTI Knowledge Base** and supplementary research, here is guidance on selecting between ATIGA and RCEP when your goods qualify under both agreements:

### How to Choose Which FTA to Use

According to the **CFOTI Knowledge Base** glossary guidance on ""Identify the Free Trade Agreement"":

**Each Manufacturing Cost Statement (MCS) is prepared and assessed for one specific FTA or scheme.*",260283.88,10081.4,200,Success
2026-05-05T11:45:32.100375,70,load,Indirect,"We import headphones (HS 8518.30.10) from China and sell to Vietnam. Can CPTPP preferences ever apply, and what proof would be required?","## Can CPTPP Preferences Apply?

**No, CPTPP preferences cannot apply to your current trade scenario.**

### Key Analysis

Based on the information gathered:

**1. China is NOT a CPTPP Member**

The FTA membership check confirms that:
- **CPTPP members include**: Australia, Brunei, Canada, Chile, United Kingdom, Japan, Malaysia, New Zealand, Peru, Singapore, and Vietnam
- **China is NOT a CPTPP member**
- China and Vietnam are both members of **RCEP** and **ACFTA**, but not CPTPP

**2. CPTPP Ori",263297.23,7568.5,200,Success
2026-05-05T11:45:32.105155,70,load,Indirect,"We export organic fertiliser (HS 3101) from Singapore to New Zealand. Under CPTPP, what are the rules of origin and any product-specific requirements we must meet?","# CPTPP Rules of Origin for Organic Fertiliser (HS 3101)
## Export from Singapore to New Zealand

### Trade Route Information
- **HS Code:** 3101
- **Product:** Animal or vegetable fertilisers, whether or not mixed together or chemically treated; fertilisers produced by the mixing or chemical treatment of animal or vegetable products
- **Country of Origin:** Singapore
- **Country of Destination:** New Zealand
- **FTA:** CPTPP (Comprehensive and Progressive Agreement for Trans-Pacific Partnership",271352.78,12258.12,200,Success
2026-05-05T11:45:39.599994,70,load,Indirect,"We import raw cocoa (HS 1801) from Ghana, process it into chocolate (HS 1806) in Singapore, and export to Japan. How do we prove substantial transformation and claim preference under RCEP?","# RCEP Preferential Treatment: Important Clarification on Your Scenario

## Critical Finding: Back-to-Back PCO is NOT Applicable

Based on your scenario (importing raw cocoa from Ghana, processing into chocolate in Singapore, exporting to Japan), **you cannot use a Back-to-Back Preferential Certificate of Origin (PCO) under RCEP**. Here's why:

### 1. Ghana is Not an RCEP Member

**Finding from FTA membership check:**
- Ghana, Singapore, and Japan are **NOT** in the same FTA group under RCEP
- G",269817.72,5508.35,200,Success
2026-05-05T11:45:49.126290,70,load,Indirect,We import fresh mangoes (HS 0804.50) from Indonesia into Singapore and plan to re-export them to the Philippines. Can we request a back-to-back PCO under ATIGA?,"# Back-to-Back PCO Eligibility Assessment for Fresh Mangoes under ATIGA

## Your Trade Scenario
- **Product**: Fresh mangoes
- **HS Code**: 0804.50
- **Movement**: Indonesia → Singapore → Philippines
- **FTA in Question**: ATIGA (ASEAN Trade in Goods Agreement)

---

## Verification Results

### ✓ FTA Membership Confirmed
All three countries are members of ATIGA:
- **Indonesia** ✓
- **Singapore** ✓  
- **Philippines** ✓

**Source**: Mendel (FTA membership verification for Indonesia, Singapore, P",244984.72,10074.39,200,Success
2026-05-05T11:45:57.046716,70,load,Indirect,"If I import products from South Korea into Singapore, store them in Singapore, and then export them to Vietnam. Is there any FTA I can use to obtain duty savings on import into Vietnam?","Thank you for your enquiry about using FTAs for duty savings when importing products from South Korea into Singapore, storing them, and then exporting to Vietnam.

To provide you with accurate guidance on FTA eligibility and potential duty savings for a Back-to-Back Preferential Certificate of Origin (B2B PCO), I need additional information:

### Required Information Still Needed:

**1. HS Code (Required)** ⚠️
   - Please provide the 6-digit, 8-digit, or 10-digit HS code for your product
   - Th",108884.45,10087.34,200,Success
2026-05-05T11:45:59.539965,70,load,Indirect,"Under which FTAs, if any, can India-origin goods use a back-to-back mechanism via Singapore?","# Back-to-Back Mechanism for India-Origin Goods via Singapore

Based on the available information retrieved, I can provide you with the following analysis:

---

## FTAs Between India and Singapore

India and Singapore are members of the following FTA groups:

1. **GSTP (Global System of Trade Preferences among Developing Countries)**
   - Both India and Singapore are members
   - This is a preferential trade arrangement among developing countries

2. **MFN (Most Favoured Nation)**
   - Standard",113308.5,10101.06,200,Success
2026-05-05T11:46:00.821665,70,load,Indirect,"We plan to bring microprocessors (HS 8542.31) from Japan into Singapore for consolidation, then ship them to Indonesia. Can we claim preferential tariff treatment on the Indonesia leg?",,301049.02,8419.07,200,Stream interrupted – chunked stream closed early (server/proxy/load)
2026-05-05T11:46:02.772255,70,load,Indirect,How do I qualify for preferential treatment under the ATIGA for my export of water pumps with HS code 8413.20.90 from Singapore to Indonesia?,"# Qualifying for Preferential Treatment under ATIGA

## Overview

Based on the information retrieved for your export of **water pumps (HS Code 8413.20.90)** from **Singapore to Indonesia** under **ATIGA (ASEAN Trade in Goods Agreement)**, here is what you need to know about qualifying for preferential treatment.

---

## Tariff Information

### Duty Rates Comparison

| Rate Type | Duty Rate | Description |
|-----------|-----------|-------------|
| **MFN Rate** | 10% | Standard rate without prefe",256519.96,10080.19,200,Success
2026-05-05T11:46:02.773892,70,load,Indirect,"We import wine (HS 2204) from Australia under the Singapore-Australia FTA and store it in a bonded warehouse. When we re-export to Japan, can we claim preference under RCEP or CPTPP, and what evidence","# Back-to-Back PCO Eligibility Analysis for Wine Re-export from Australia to Japan

## Your Scenario Summary

**Product:** Wine (HS Code 2204)  
**Movement:** Australia → Singapore (bonded warehouse storage) → Japan  
**Processing in Singapore:** No processing, storage only in bonded warehouse  
**Original Import:** Under Singapore-Australia FTA  
**Requested FTAs for Re-export:** RCEP or CPTPP

---

## Current Analysis Status

Based on the information retrieved from our systems, I can provide y",261701.82,10078.27,200,Success
2026-05-05T11:46:05.310302,70,load,Direct,I am exporting T-Shirt with HS code 6109.10.10 from Singapore to Thailand. What FTAs would be beneficial for my export?,"# Free Trade Agreements (FTAs) for Exporting T-Shirts from Singapore to Thailand

**Product:** T-Shirts  
**HS Code:** 6109.10.10  
**Origin:** Singapore  
**Destination:** Thailand

---

## Available FTAs Between Singapore and Thailand

The following FTAs are available for trade between Singapore and Thailand. **All FTAs listed below offer preferential duty rates compared to the MFN rate of 30%.**

*Note: Singapore and Thailand do not currently have a bilateral FTA.*

### Regional/Multilateral ",209720.6,10090.05,200,Success
2026-05-05T11:46:05.380618,70,load,Direct,What tariff will my aluminium rods with HS code 7604.29.10.10 be subject to if it was manufactured in Russia and exported to the US?,"# Tariff Information for Aluminum Rods from Russia to the United States

## Product Details
- **HS Code:** 7604.29.10.10
- **Product Description:** Aluminum rods
- **Country of Origin:** Russia
- **Country of Destination:** United States

---

## Applicable Tariffs and Duties

Based on official tariff data from Mendel, your aluminum rods manufactured in Russia will be subject to the following duties when imported into the United States:

### 1. Base Customs Duty (MFN Rate)
| Duty Type | Rate | C",258118.14,10078.59,200,Success
2026-05-05T11:46:08.954681,70,load,Indirect,"For machinery (HS 8479) assembled in Singapore from US and German parts, what are the rules of origin under the EU-Singapore FTA and UK-Singapore FTA, and how do we calculate and document RVC?","## Question 1: Aluminum Rods (HS 7604.29.10.10) from Russia to US

I have already provided comprehensive information about this in my previous response. The tariff information remains accurate:

### Summary of Tariffs
- **MFN Rate:** 5% of FOB value
- **Additional Customs Duty (Russian Aluminum):** 200% of FOB value
- **Total Duty:** 205% of FOB value (both duties apply cumulatively)

**Source:** Mendel (Official tariff database)

---

## Question 2: Machinery (HS 8479) - Rules of Origin under E",230424.67,10081.85,200,Success
2026-05-05T11:46:12.426937,70,load,Indirect,"What are the steps and timelines to apply for a PCO under the Digital Economy Agreement between Singapore and Australia, and how does it differ from the standard goods FTA process?","## Important Clarification Required

I need to clarify an important aspect of your enquiry regarding the **Singapore-Australia Digital Economy Agreement (SADEA)**:

### Digital Economy Agreement vs. Goods Trade FTA

The **Singapore-Australia Digital Economy Agreement (SADEA)** is **not a traditional goods trade agreement**. Digital Economy Agreements (DEAs) primarily focus on:

- Digital trade facilitation
- Electronic invoicing and paperless trading
- Data flows and digital identities
- Fintech",156045.91,10079.0,200,Success
2026-05-05T11:46:15.880973,70,load,Direct,Are there any tariffs for the import of fresh apples with HS code 0808.10.00.45 into the US from Canada?,,301059.36,4868.41,200,Stream interrupted – chunked stream closed early (server/proxy/load)
2026-05-05T11:46:15.894553,70,load,Direct,Could you help me identify if my product with HS code 4415.10.01 is eligible for tariff concessions for export to Mexico from Singapore?,"## Tariff Concession Eligibility for HS Code 4415.10.01: Singapore to Mexico

Thank you for your enquiry. Based on the official tariff data, **your product (HS code 4415.10.01) IS eligible for tariff concessions** when exporting from Singapore to Mexico under applicable Free Trade Agreements.

---

### Product Classification

**HS Code:** 4415.10.01  
**Description:** Packing cases, boxes, crates, drums and similar packings, of wood; cable-drums of wood; pallets, box pallets and other load board",246942.55,10098.67,200,Success
2026-05-05T11:46:20.860394,70,load,Indirect,How do I qualify for preferential treatment under the ATIGA for my export of water pumps with HS code 8413.20.90 from Singapore to Indonesia?,"# Qualifying for Preferential Treatment Under ATIGA

## Trade Route Summary
**Product:** Water pumps  
**HS Code:** 8413.20.90  
**Export:** Singapore → Indonesia  
**FTA:** ATIGA (ASEAN Trade in Goods Agreement)

---

## Tariff Benefits Under ATIGA

| Tariff Type | Rate | Source |
|-------------|------|--------|
| **MFN (Most Favoured Nation)** | 10% | Mendel |
| **ATIGA Preferential Rate** | **FREE (0%)** | Mendel |

By qualifying for ATIGA preferential treatment, you can save 10% in customs d",265634.0,10193.54,200,Success
2026-05-05T11:46:29.230386,70,load,Direct,What is Singapore Customs' approach to border controls against counterfeit goods?,,301048.24,8069.3,200,Stream interrupted – chunked stream closed early (server/proxy/load)
2026-05-05T11:46:31.294740,70,load,Indirect,"We export organic fertiliser (HS 3101) from Singapore to New Zealand. Under CPTPP, what are the rules of origin and any product-specific requirements we must meet?","# CPTPP Rules of Origin for Organic Fertiliser (HS 3101)
**Export from Singapore to New Zealand**

## Product-Specific Rule of Origin

For organic fertiliser classified under **HS heading 31.01**, the CPTPP product-specific rule of origin is:

**""A change to a good of heading 31.01 from any other heading.""**

This means your organic fertiliser qualifies as originating under CPTPP if the non-originating materials used in production are classified under a different HS heading (not 31.01). This is ",280120.6,10079.06,200,Success
2026-05-05T11:46:34.270786,70,load,Direct,Can a Singapore company apply for a PCO for goods manufactured in Malaysia and exported to Indonesia?,"## Back-to-Back Preferential Certificate of Origin (B2B PCO) Inquiry

Thank you for your inquiry about a Singapore company applying for a Preferential Certificate of Origin (PCO) for goods manufactured in Malaysia and exported to Indonesia.

### Current Information Provided

✓ **Country of Origin:** Malaysia  
✓ **Intermediate Country:** Singapore (where your company is based)  
✓ **Final Destination:** Indonesia

---

### Required Information Needed

To assess your eligibility for a Back-to-Bac",109532.5,10101.31,200,Success
2026-05-05T11:46:36.059620,70,load,Indirect,"We plan to bring microprocessors (HS 8542.31) from Japan into Singapore for consolidation, then ship them to Indonesia. Can we claim preferential tariff treatment on the Indonesia leg?",,301038.76,10073.22,200,Stream interrupted – chunked stream closed early (server/proxy/load)
2026-05-05T11:46:36.442058,70,load,Indirect,"We consolidate shipments from multiple ASEAN countries in Singapore and then send them to Australia. Can we obtain a single certificate covering the whole consignment, or do we need separate origin do","# Certificate of Origin for Consolidated Shipments from Multiple ASEAN Countries

## Current Analysis

Based on the information retrieved, I can confirm that **Singapore, Australia, and the other ASEAN countries you mentioned are all members of the ASEAN-Australia-New Zealand Free Trade Agreement (AANZFTA)**.

### FTA Membership Confirmed:
The following countries are members of **AANZFTA**:
- **ASEAN Members**: Singapore, Malaysia, Thailand, Vietnam, Indonesia, Philippines, Brunei, Cambodia, Lao",148107.08,10085.36,200,Success
2026-05-05T11:46:36.461226,70,load,Indirect,"We consolidate shipments from multiple ASEAN countries in Singapore and then send them to Australia. Can we obtain a single certificate covering the whole consignment, or do we need separate origin do","# Certificate of Origin for Consolidated Shipments from Multiple ASEAN Countries

## Your Scenario
**Movement of goods**: Multiple ASEAN countries → Singapore (consolidation) → Australia

## Answer: Yes, You Can Obtain a Single Back-to-Back Certificate

Based on the **ASEAN-Australia-New Zealand Free Trade Agreement (AANZFTA)** provisions, you **can obtain a single back-to-back Proof of Origin** issued by Singapore covering consolidated shipments from multiple ASEAN countries destined for Austra",291368.53,10083.34,200,Success
2026-05-05T11:46:45.830896,70,load,Direct,Where do I access certified lists or notices indicating country eligibility for Singapore public tenders under certain agreements?,"I am unable to retrieve sufficient information regarding this subject matter. For further guidance, please click on the 'Email' button on the bottom right corner of the screen to arrange for a call or a one-to-one advisory session. Our specialists can offer tailored insights based on your product and trade needs, and help you address any related queries or challenges.",63823.28,10084.05,200,Success
2026-05-05T11:46:45.840566,70,load,Indirect,I want to import semiconductor integrated circuits from South Korea to Singapore and intend to re-export them to Vietnam. The HS code is 8542.31. Am I eligible for any FTAs?,"# FTA Eligibility Assessment for Semiconductor Integrated Circuits

## Trade Scenario Summary

**Your Input:**
- **HS Code:** 8542.31 (Semiconductor integrated circuits - Processors and controllers)
- **Country of Origin:** South Korea
- **Intermediate Country:** Singapore
- **Final Destination:** Vietnam
- **Movement of Goods:** South Korea → Singapore → Vietnam

---

## FTA Eligibility Analysis

### ✅ Yes, You Are Eligible for FTAs

Based on the official tariff data retrieved, **South Korea, S",236606.17,10096.68,200,Success
2026-05-05T11:46:51.210310,70,load,Direct,"Please provide guidance on enjoying FTA tariffs benefit for the export of S$100,000 worth of electric motors (HS code: 8501.10.10.30) from Singapore to the United Kingdom.",,301057.19,10076.89,200,Stream interrupted – chunked stream closed early (server/proxy/load)
2026-05-05T11:46:57.280668,70,load,Direct,Could you help me identify if my product with HS code 4415.10.01 is eligible for tariff concessions for export to Mexico from Singapore?,,301039.26,10078.39,200,Stream interrupted – chunked stream closed early (server/proxy/load)
2026-05-05T11:46:58.275951,70,load,Direct,Which FTA gives the best tariff for exporting solar panels (HS 8541.40) from Singapore to Japan?,,301050.93,10064.79,200,Stream interrupted – chunked stream closed early (server/proxy/load)
2026-05-05T11:47:04.679544,70,load,Indirect,We import Korean cosmetics (HS 3304) under RCEP into Singapore and re-export to Japan with no further processing. Can we apply for a back-to-back RCEP certificate?,"# Back-to-Back Certificate of Origin Under RCEP

## Your Scenario
- **Product:** Korean cosmetics (HS 3304)
- **Trade Route:** South Korea → Singapore → Japan
- **Processing in Singapore:** No further processing (re-export only)
- **FTA:** RCEP (Regional Comprehensive Economic Partnership)

---

## Analysis: Eligibility for Back-to-Back Certificate

### ✅ FTA Membership Confirmed
All three countries (South Korea, Singapore, and Japan) are confirmed members of RCEP, which is a prerequisite for ba",134879.45,10099.58,200,Success
2026-05-05T11:47:11.191587,70,load,Direct,I am exporting essential oils with HS code 3301.29.51.03 from France to the US. What tariffs apply?,"# Tariffs for Essential Oils (HS Code 3301.29.51.03) from France to the United States

## Summary

For essential oils classified under **HS Code 3301.29.51.03** exported from **France** to the **United States**, the following tariffs and fees apply:

---

## Customs Duties

| Duty Type | Rate | Conditions | Notes |
|-----------|------|------------|-------|
| **MFN (Most Favoured Nation) Rate** | **Free (0%)** | None | Standard duty rate applicable to France |
| **Universal Customs Duty (UCD)** |",266315.02,10085.56,200,Success
2026-05-05T11:47:12.841089,70,load,Indirect,Which Free Trade Agreements (FTAs) can I utilise when exporting compact disks (HS Code: 8523.41.10) from Singapore to Indonesia?,"# Free Trade Agreements (FTAs) for Exporting Compact Disks from Singapore to Indonesia

## Your Export Details
- **Product**: Compact Disks (Unrecorded)
- **HS Code**: 8523.41.10
- **Country of Origin**: Singapore
- **Country of Destination**: Indonesia

---

## Key Finding: Customs Duty is Already 0%

Based on tariff information retrieved from **Mendel** for HS Code **8523.41.10** from **Singapore** to **Indonesia**:

| Tariff Scheme | Customs Duty Rate |
|---------------|-------------------|
|",219942.87,10096.32,200,Success
2026-05-05T11:47:18.580265,70,load,Indirect,"If I import products from South Korea into Singapore, store them in Singapore, and then export them to Vietnam. Is there any FTA I can use to obtain duty savings on import into Vietnam?","## Back-to-Back Preferential Certificate of Origin (B2B PCO) Enquiry

Thank you for your enquiry about using an FTA for duty savings when importing products from **South Korea** into Singapore, storing them, and then exporting to **Vietnam**.

This scenario involves a **Back-to-Back (B2B) Preferential Certificate of Origin (PCO)** process, which allows goods to maintain their preferential origin status when transiting through an intermediate country (Singapore) before reaching the final destinat",103081.79,10081.93,200,Success
2026-05-05T11:47:18.583028,70,load,Indirect,"Our goods qualify under both RCEP and ATIGA for export to Thailand. Which agreement should we use for the PCO, and does it affect how we complete the origin declaration?","# Important Clarification Required

Thank you for your question about choosing between RCEP and ATIGA for your Preferential Certificate of Origin (PCO) when exporting to Thailand.

However, I need to bring an **important inconsistency** to your attention:

## Critical Issue Identified

Based on the FTA membership verification, **Brazil is NOT a member of either RCEP or ATIGA**:

- **RCEP Members**: Australia, Brunei Darussalam, Cambodia, China, Indonesia, Japan, South Korea, Lao PDR, Malaysia, M",193695.58,10103.62,200,Success
2026-05-05T11:47:18.930130,70,load,Indirect,Can we ship goods directly from China to Indonesia with a Singapore invoice and still claim ACFTA preference?,"# Direct Shipment from China to Indonesia with Singapore Invoice under ACFTA

Thank you for your enquiry about shipping goods directly from China to Indonesia with a Singapore invoice while claiming ACFTA (ASEAN-China FTA) preference.

---

## Current Analysis Based on Available Information

### FTA Membership Verification

Based on the FTA membership check, **China, Indonesia, and Singapore are all parties to ACFTA** (ASEAN-China Free Trade Agreement). The three countries are also members of:
-",149048.14,10098.82,200,Success
2026-05-05T11:47:20.639403,70,load,Indirect,We import fresh mangoes (HS 0804.50) from Indonesia into Singapore and plan to re-export them to the Philippines. Can we request a back-to-back PCO under ATIGA?,"## Back-to-Back PCO Eligibility Assessment for Fresh Mangoes

**Trade Route:** Indonesia → Singapore → Philippines  
**HS Code:** 0804.50 (Fresh mangoes)  
**FTA:** ATIGA (ASEAN Trade in Goods Agreement)

---

## Missing Required Information

To assess your eligibility for a Back-to-Back Preferential Certificate of Origin (B2B PCO) under ATIGA, I need the following additional information:

### **Required Information:**

1. **Movement of goods in Singapore:**
   - Will the mangoes remain under cu",146125.23,10085.17,200,Success
2026-05-05T11:47:23.335279,70,load,Indirect,"Our goods qualify under both RCEP and ATIGA for export to Thailand. Which agreement should we use for the PCO, and does it affect how we complete the origin declaration?","### Choosing Between RCEP and ATIGA for Exports from Singapore to Thailand

Based on the current situation where your goods qualify under both RCEP and ATIGA for export from Singapore to Thailand, here is guidance on selecting the appropriate FTA and completing the origin declaration:

---

## **Which Agreement Should You Use?**

When your goods qualify under multiple FTAs, **you have the flexibility to choose which agreement to claim preferential treatment under**. The decision typically depend",139010.62,10118.69,200,Success
2026-05-05T11:47:23.337970,70,load,Direct,I am exporting essential oils with HS code 3301.29.51.03 from France to the US. What tariffs apply?,"# Tariff Information for HS Code 3301.29.51.03: France → United States

**Product**: Essential oils  
**HS Code**: 3301.29.51.03  
**Country of Origin**: France  
**Country of Destination**: United States  
**Source**: Mendel

---

## ✅ Good News: Zero Customs Duty

The **MFN (Most Favoured Nation) customs duty rate** for this product is **FREE (0%)**. This means you do not need to pay standard customs duties when importing essential oils under this HS code from France to the United States.

**I",149133.37,10074.89,200,Success
2026-05-05T11:47:28.759459,70,load,Direct,I have an energy product with HS code 2710.12.15.10 that is made in Canada and to be exported to the US. My goods do not meet the rules of origin under the USMCA. What is the tariff?,"# Tariff Assessment for Energy Product (HS 2710.12.15.10)

## Your Scenario

**Product:** Energy product  
**HS Code:** 2710.12.15.10  
**Origin:** Canada  
**Destination:** United States  
**USMCA Qualification:** Does NOT meet Rules of Origin

---

## Applicable Tariff Rate

Since your goods **do not meet the USMCA Rules of Origin**, the **MFN (Most Favoured Nation) rate** will apply:

### Customs Duty Rates

| Rate Type | Tariff Rate | Applicability |
|-----------|-------------|--------------",155627.56,10108.69,200,Success
2026-05-05T11:47:42.054710,70,load,Direct,"Does Singapore have an FTA with Turkey? If yes, what is the tariff for exporting textiles (HS 5407)?",,301059.56,10085.21,200,Stream interrupted – chunked stream closed early (server/proxy/load)
2026-05-05T11:47:43.890449,70,load,Indirect,Can we ship goods directly from China to Indonesia with a Singapore invoice and still claim ACFTA preference?,"### Can you ship goods directly from China to Indonesia with a Singapore invoice and still claim ACFTA preference?

**YES**, you can ship goods directly from China to Indonesia with a Singapore invoice and still claim ACFTA (ASEAN-China FTA) preferential tariff treatment, **provided that specific requirements are met**.

---

## Key Requirements Under ACFTA

### 1. **Third Country/Party Invoicing is Permitted**

According to **ACFTA Rule 23 (Revised Operational Certification Procedures)**, the C",210881.2,10091.2,200,Success
2026-05-05T11:47:47.852967,70,load,Indirect,"We consolidate shipments from multiple ASEAN countries in Singapore and then send them to Australia. Can we obtain a single certificate covering the whole consignment, or do we need separate origin do","## Consolidated Shipments from Multiple ASEAN Countries: Certificate of Origin Requirements

Based on the analysis of your trade scenario (consolidating shipments from multiple ASEAN countries in Singapore and exporting to Australia), here is the guidance:

---

### Applicable FTA

Your trade flow involves:
- **Origin countries**: Multiple ASEAN countries (e.g., Malaysia, Thailand, Vietnam, Indonesia, Philippines)
- **Consolidation point**: Singapore
- **Destination**: Australia

**Relevant FTA*",131214.7,10073.21,200,Success
2026-05-05T11:47:49.810983,70,load,Direct,What is the validity period of a PCO issued under ATIGA?,"## Validity Period of PCO under ATIGA

I apologize, but I was unable to retrieve complete information about the specific validity period of a Preferential Certificate of Origin (PCO) issued under ATIGA from the available sources at this time.

### What I Found:

From the **CFOTI Knowledge Base**, I retrieved information about:
- The electronic Form D (e-Form D) process under ATIGA
- General procedures for applying for PCO
- Supporting documentation requirements for originating materials under AT",192228.93,11398.11,200,Success
2026-05-05T11:48:00.702165,70,load,Indirect,"We import wine (HS 2204) from Australia under the Singapore-Australia FTA and store it in a bonded warehouse. When we re-export to Japan, can we claim preference under RCEP or CPTPP, and what evidence","# Back-to-Back Preferential Certificate of Origin (B2B PCO) Analysis for Wine Re-Export

## Query Details
- **Product**: Wine
- **HS Code**: 2204
- **First Exporting Country**: Australia
- **Intermediate Country**: Singapore (bonded warehouse storage)
- **Final Importing Country**: Japan
- **Current FTA Used**: Singapore-Australia FTA (SAFTA)
- **Target FTAs**: RCEP or CPTPP

---

## Initial Eligibility Assessment

### ✅ Step 1: FTA Membership Verification - COMPLETED

**Good news!** Australia, ",227880.92,10091.39,200,Success
2026-05-05T11:48:11.004072,70,load,Indirect,"Can we use exporter self-certification under the UK-Singapore FTA for our exports of pharmaceutical products (HS 3004), and what are the exact conditions and record-keeping requirements?","Exporter Self-Certification under UK-Singapore FTA (UKSFTA)

## ✅ Yes, You Can Use Exporter Self-Certification

Based on the information retrieved, **YES**, you can use **exporter self-certification** under the **UK-Singapore Free Trade Agreement (UKSFTA)** for your exports of pharmaceutical products (HS 3004) from Singapore to the United Kingdom.

The **UKSFTA is confirmed to be under the self-certification regime**, which allows exporters to self-declare the originating status of their goods w",155925.8,10104.21,200,Success
2026-05-05T11:48:12.470621,70,load,Indirect,"We assemble vacuum cleaners (HS Code 8508.19.10) in Singapore from Chinese parts and export to Indonesia. Does simple assembly confer Singapore origin, or should we apply for a back-to-back PCO instea",,301056.3,10085.57,200,Stream interrupted – chunked stream closed early (server/proxy/load)
2026-05-05T11:48:15.539970,70,load,Indirect,"We consolidate shipments from multiple ASEAN countries in Singapore and then send them to Australia. Can we obtain a single certificate covering the whole consignment, or do we need separate origin do","I notice you've asked multiple questions at once. To provide you with the most accurate and comprehensive assistance, I can only address one question at a time. 

Could you please confirm which question you'd like me to prioritize?

1. **FTAs for exporting compact disks (HS 8523.41.10) from Singapore to Indonesia**
2. **Consolidation of shipments from multiple ASEAN countries in Singapore for export to Australia** - specifically about obtaining a single certificate vs. separate origin documentat",58552.11,10115.07,200,Success
2026-05-05T11:48:15.731550,70,load,Indirect,"We assemble vacuum cleaners (HS Code 8508.19.10) in Singapore from Chinese parts and export to Indonesia. Does simple assembly confer Singapore origin, or should we apply for a back-to-back PCO instea","# Assembly of Vacuum Cleaners in Singapore: Origin Determination and PCO Options

## Your Situation Summary

| Detail | Information |
|--------|-------------|
| **Product** | Vacuum cleaners (HS Code 8508.19.10) |
| **Parts Origin** | China |
| **Assembly Location** | Singapore |
| **Final Destination** | Indonesia |
| **Processing** | Assembly of Chinese parts in Singapore |

*Source: User input*

---

## Available FTAs and Tariff Rates (Singapore to Indonesia)

| FTA | Preferential Rate | MFN ",248748.06,10089.27,200,Success
2026-05-05T11:48:15.739873,70,load,Direct,I would like to export beet sugar with HS code 1701.12 from Singapore to either Laos or New Zealand. What FTAs can I leverage?,"# FTA Options for Exporting Beet Sugar (HS 1701.12) from Singapore

Based on your export scenarios, here are the applicable Free Trade Agreements you can leverage:

---

## **Scenario 1: Singapore → Laos**

### Available FTAs (Source: Mendel)

| FTA | Full Name | Preferential Duty Rate |
|-----|-----------|------------------------|
| **ATIGA** | ASEAN Trade in Goods Agreement | Free (0%) |
| **AANZFTA** | ASEAN-Australia-New Zealand Free Trade Agreement | Free (0%) |
| **ACFTA** | ASEAN-China Fr",214915.87,10096.27,200,Success
2026-05-05T11:48:23.791894,70,load,Indirect,I import meat with HS code 0201.30.01 from Australia to Singapore and re-export to Japan. Am I eligible for preferential tariffs?,"# Eligibility for Preferential Tariffs: Australia → Singapore → Japan (HS 0201.30.01)

## Summary of Your Trade Scenario

**Product:** Meat (HS Code 0201.30.01 - Boneless beef)  
**Movement:** Australia → Singapore → Japan  
**Question:** Eligibility for preferential tariffs

---

## ✅ Good News: You ARE Eligible for Preferential Tariffs

Based on the analysis, **you are eligible for preferential tariffs** when importing meat from Australia to Singapore and re-exporting to Japan. Both **CPTPP** ",261123.94,10103.39,200,Success
2026-05-05T11:48:31.270057,70,load,Indirect,"If I import products from South Korea into Singapore, store them in Singapore, and then export them to Vietnam. Is there any FTA I can use to obtain duty savings on import into Vietnam?","# FTA Eligibility Assessment: South Korea → Singapore → Vietnam

## Preliminary Finding: Potential FTA Options Available ✓

Good news! Based on the trade flow you've described, **South Korea, Singapore, and Vietnam are all parties to common Free Trade Agreements**, which means there is potential to claim FTA preference for duty savings when importing into Vietnam.

**Source:** Mendel FTA Membership Check (South Korea, Singapore, Vietnam)

---

## Applicable FTAs for Your Trade Flow

All three co",206042.72,10775.67,200,Success
2026-05-05T11:48:33.061167,70,load,Direct,I am exporting t-shirts with HS code 6109.10.00.14 from Colombia to the US. What tariffs apply?,,301035.26,10094.02,200,Stream interrupted – chunked stream closed early (server/proxy/load)
2026-05-05T11:48:36.029396,70,load,Indirect,Which Free Trade Agreements (FTAs) can I utilise when exporting compact disks (HS Code: 8523.41.10) from Singapore to Indonesia?,"Thank you for your enquiry. I notice you've asked **two separate questions**:

1. **Solar panels (HS 8541.40)** from Singapore to Japan - Which FTA gives the best tariff?
2. **Compact disks (HS 8523.41.10)** from Singapore to Indonesia - Which FTAs can be utilized?

To provide you with the most accurate and detailed analysis, I'd like to focus on **one question at a time**. 

**Which question would you like me to address first?**

- Option 1: Solar panels (HS 8541.40) to Japan
- Option 2: Compac",94877.36,10288.68,200,Success
2026-05-05T11:48:36.612705,70,load,Indirect,"For machinery (HS 8479) assembled in Singapore from US and German parts, what are the rules of origin under the EU-Singapore FTA and UK-Singapore FTA, and how do we calculate and document RVC?","# Rules of Origin for Machinery (HS 8479) under EU-Singapore FTA and UK-Singapore FTA

I apologize, but I encountered technical difficulties accessing the knowledge base systems that contain the detailed Rules of Origin (ROO) requirements and Regional Value Content (RVC) calculation methodologies for both the EU-Singapore FTA (EUSFTA) and UK-Singapore FTA (UKSFTA).

## What I Was Able to Retrieve

### HS Code 8479 Classification
**Source: Mendel**

HS Code **8479** covers: ""Machines and mechanic",139572.44,10090.56,200,Success
2026-05-05T11:48:36.889864,70,load,Direct,What is the process to revise or correct a Manufacturing Cost Statement that has already been submitted?,,301056.73,10126.71,200,Stream interrupted – chunked stream closed early (server/proxy/load)
2026-05-05T11:48:37.452520,70,load,Indirect,"We have a back-to-back PCO under RCEP for goods from Japan. The buyer in Indonesia wants to split the shipment into two consignments over two months. Is the original PCO still valid, and what do we ne","# Split Shipment Under RCEP Back-to-Back PCO: Validity and Requirements

## Summary of Your Scenario

**Trade Route:** Japan → Singapore → Indonesia  
**FTA:** RCEP (Regional Comprehensive Economic Partnership)  
**Document:** Back-to-Back Preferential Certificate of Origin (PCO)  
**Situation:** Splitting shipment into two consignments over two months

---

## ✅ Good News: Split Shipments Are Explicitly Allowed

Based on RCEP legal provisions, **your original back-to-back PCO remains valid** fo",235323.73,10092.13,200,Success
2026-05-05T11:48:40.011013,70,load,Indirect,I want to import semiconductor integrated circuits from South Korea to Singapore and intend to re-export them to Vietnam. The HS code is 8542.31. Am I eligible for any FTAs?,"## FTA Eligibility Analysis: Semiconductor Integrated Circuits (HS 8542.31)

### Your Trade Scenario
- **Product:** Semiconductor integrated circuits (Processors and controllers)
- **HS Code:** 8542.31
- **Movement:** South Korea → Singapore → Vietnam
- **Country of Origin:** South Korea
- **Final Destination:** Vietnam

---

## Key Finding: Zero Customs Duty Under MFN

**Important:** The customs duty for HS code 8542.31 from South Korea to Vietnam is **FREE (0%)** under the Most Favoured Nation",225419.48,10088.2,200,Success
2026-05-05T11:48:42.961091,70,load,Indirect,"What are the steps and timelines to apply for a PCO under the Digital Economy Agreement between Singapore and Australia, and how does it differ from the standard goods FTA process?","# PCO Application under Singapore-Australia Digital Economy Agreement

## Current Analysis

I attempted to retrieve information about the **Paperless Certificate of Origin (PCO)** application process under the **Singapore-Australia Digital Economy Agreement (SADEA)**, including the steps, timelines, and how it differs from the standard goods FTA process.

Unfortunately, I encountered **technical connectivity issues** with the knowledge base system during the retrieval process. The system was una",123188.31,10159.12,200,Success
2026-05-05T11:48:43.372311,70,load,Indirect,I would like to leverage the AKFTA FTA for my export of 1701.12.20 from Singapore to South Korea. What is a PCO and how do I apply for it?,,301054.64,10092.15,200,Stream interrupted – chunked stream closed early (server/proxy/load)
2026-05-05T11:48:46.803310,70,load,Indirect,How do I qualify for preferential treatment under the ATIGA for my export of water pumps with HS code 8413.20.90 from Singapore to Indonesia?,,301067.75,10104.22,200,Stream interrupted – chunked stream closed early (server/proxy/load)
2026-05-05T11:48:49.992019,70,load,Direct,I am an automobile manufacturer importing parts of a suspension system with HS code 8708.80.55 from Germany which will be assembled in the US. Am I eligible for lower tariffs?,"# Tariff Eligibility for Suspension System Parts from Germany to the United States

## Product Details
- **HS Code:** 8708.80.55
- **Product Description:** Parts of suspension systems (including shock absorbers)
- **Country of Origin:** Germany
- **Country of Destination:** United States
- **Use Case:** Assembly in the US by automobile manufacturer

---

## Current Tariff Situation

Based on official tariff data from **Mendel**, here are the applicable duties for your suspension system parts:

#",159781.88,10093.42,200,Success
2026-05-05T11:48:52.053937,70,load,Indirect,We import fresh mangoes (HS 0804.50) from Indonesia into Singapore and plan to re-export them to the Philippines. Can we request a back-to-back PCO under ATIGA?,"# Back-to-Back PCO Eligibility Assessment for Fresh Mangoes under ATIGA

## Your Scenario Summary

**Product:** Fresh mangoes (HS Code 0804.50)  
**Movement:** Indonesia → Singapore → Philippines  
**FTA in Question:** ATIGA (ASEAN Trade in Goods Agreement)

---

## Analysis Results

### ✅ Step 1: FTA Membership Verification - COMPLETED

**All three countries are members of ATIGA:**
- Indonesia ✅
- Singapore ✅  
- Philippines ✅

*Source: Mendel*

---

### ✅ Step 2: Rules of Origin Requirements -",225019.48,10077.98,200,Success
2026-05-05T11:48:59.160785,70,load,Indirect,We import Korean cosmetics (HS 3304) under RCEP into Singapore and re-export to Japan with no further processing. Can we apply for a back-to-back RCEP certificate?,"# Back-to-Back RCEP Certificate of Origin Eligibility Assessment

## Your Trade Scenario

**Product**: Korean Cosmetics (HS Code 3304)  
**Trade Route**: South Korea → Singapore → Japan  
**Processing in Singapore**: No further processing  
**FTA in Question**: RCEP (Regional Comprehensive Economic Partnership)

---

## Current Analysis Based on Available Information

### 1. FTA Membership Verification ✅

*Source: Mendel*

All three countries (South Korea, Singapore, and Japan) **are confirmed m",245236.4,10088.62,200,Success
2026-05-05T11:48:59.584170,70,load,Direct,What documents do I need to apply for a Preferential Certificate of Origin under RCEP for export to China?,"# Documents Required for Preferential Certificate of Origin under RCEP

I apologize, but I am unable to retrieve sufficient information specifically about the **RCEP (Regional Comprehensive Economic Partnership)** Certificate of Origin application documents and requirements at this time.

## Current Analysis

### What Was Attempted:
- ✅ Searched for RCEP Certificate of Origin application procedures and required documents
- ✅ Searched for RCEP preferential certificate issuance requirements
- ❌ Kn",203474.45,10084.69,200,Success
2026-05-05T11:49:03.820094,70,load,Indirect,"We are considering moving some production from China to Singapore to benefit from FTAs. For electronics (HS 8517), what origin criteria apply under RCEP and CPTPP, and what percentage of value must be","# Analysis of Your Multi-Part Query

I apologize, but I'm experiencing technical difficulties accessing several key information sources needed to fully answer your questions. Let me provide you with what I was able to retrieve and identify what information is still missing.

---

## Question 1: Singapore Public Tenders - Country Eligibility Lists

**Status:** ❌ Unable to retrieve information

I attempted to access information about certified lists or notices for country eligibility under Singapo",135824.77,10077.52,200,Success
2026-05-05T11:49:03.972731,70,load,Direct,I am exporting T-Shirt with HS code 6109.10.10 from Singapore to Thailand. What FTAs would be beneficial for my export?,"# FTA Analysis: T-Shirts (HS 6109.10.10) from Singapore to Thailand

## Your Export Details

| Element | Information |
|---------|-------------|
| **Product** | T-shirts of cotton, knitted or crocheted |
| **HS Code** | 6109.10.10 |
| **Country of Origin** | Singapore |
| **Country of Destination** | Thailand |
| **HS Format (Thailand)** | AHTN 8-digit (advisory) |

*Source: User input + Mendel*

---

## Tariff Overview

| Rate Type | Duty Rate |
|-----------|-----------|
| **MFN (Most Favoured ",239977.78,10084.95,200,Success
2026-05-05T11:49:07.411555,70,load,Indirect,"We export organic fertiliser (HS 3101) from Singapore to New Zealand. Under CPTPP, what are the rules of origin and any product-specific requirements we must meet?","# CPTPP Rules of Origin for Organic Fertiliser (HS 3101)

## Summary

**Yes, you can use the CPTPP** for exporting organic fertiliser (HS 3101) from Singapore to New Zealand. Below are the rules of origin and product-specific requirements you must meet.

---

## Trade Details

**Based on your enquiry:**
- **HS Code:** 3101 (Animal or vegetable fertilisers, whether or not mixed together or chemically treated; fertilisers produced by the mixing or chemical treatment of animal or vegetable products",215195.66,10480.02,200,Success
2026-05-05T11:49:09.070602,70,load,Indirect,"What are the steps and timelines to apply for a PCO under the Digital Economy Agreement between Singapore and Australia, and how does it differ from the standard goods FTA process?","# Digital Economy Agreement (DEA) and Certificate of Origin: Important Clarification

## Critical Finding: Digital Economy Agreements vs. Goods Trade FTAs

Based on my research, I need to clarify an important distinction regarding your question:

**The Singapore-Australia Digital Economy Agreement (SADEA)** is **not a traditional goods trade FTA** and does not operate like standard Free Trade Agreements for physical goods.

---

## What is the Singapore-Australia Digital Economy Agreement?

Digi",230228.54,10098.22,200,Success
2026-05-05T11:49:10.603650,70,load,Indirect,"We import wine (HS 2204) from Australia under the Singapore-Australia FTA and store it in a bonded warehouse. When we re-export to Japan, can we claim preference under RCEP or CPTPP, and what evidence","# Back-to-Back Preferential Certificate of Origin (B2B PCO) Analysis for Wine Re-Export

## Your Scenario

You are importing wine (HS 2204) from **Australia** to **Singapore** under the Singapore-Australia FTA (SAFTA) and storing it in a bonded warehouse. You wish to re-export the wine to **Japan** and want to know if you can claim preferential treatment under **RCEP** or **CPTPP**, and what evidence is required.

---

## Analysis Summary

### ✅ FTA Eligibility Check

**Australia, Singapore, and",236048.14,10824.77,200,Success
2026-05-05T11:49:11.611198,70,load,Indirect,"If we import under ASEAN-China FTA and re-export to Japan under RCEP with minimal repackaging in Singapore, can we use a back-to-back certificate, and what are the conditions and time limits?",,301062.28,10091.28,200,Stream interrupted – chunked stream closed early (server/proxy/load)
2026-05-05T11:49:14.222180,70,load,Direct,I am exporting 3305.20 from Japan to the US. Are there any additional tariffs?,"# Additional Tariffs for Exporting HS Code 3305.20 from Japan to the United States

## Summary

**Yes, there is an additional tariff** that applies to your shipment of HS code 3305.20 from Japan to the United States, in addition to the standard customs duty.

---

## Tariff Information

**Source: Mendel (HS Code: 3305.20, Origin: Japan, Destination: United States)**

### 1. Standard Customs Duty

| Duty Type | Rate | Country Group | Conditions |
|-----------|------|---------------|------------|
",240021.83,10079.39,200,Success
2026-05-05T11:49:16.102857,70,load,Indirect,I import brooms with HS code 9603.10.20 from China to Singapore and would like to re-export to Malaysia. Am I eligible for any FTAs?,,301052.08,10088.81,200,Stream interrupted – chunked stream closed early (server/proxy/load)
2026-05-05T11:49:30.791956,70,load,Direct,Where can I find the rules of origin for my product under the Singapore-Australia FTA?,,301074.55,10092.7,200,Stream interrupted – chunked stream closed early (server/proxy/load)
2026-05-05T11:49:31.232003,70,load,Direct,Can I use the UK-Singapore FTA for exporting machinery parts (HS 8483.40) to the United Kingdom?,"I appreciate your questions, but I can only address one request at a time to ensure I provide you with thorough and accurate information.

I can see you have two distinct queries:

1. **Wine (HS 2204) re-export from Singapore to Japan** - Back-to-Back PCO eligibility under RCEP or CPTPP
2. **Machinery parts (HS 8483.40) export from Singapore to the United Kingdom** - UK-Singapore FTA utilization

---

## Let's Focus on Your Wine Re-Export Question First

I have the following information captured",88467.06,10206.71,200,Success
2026-05-05T11:49:37.761820,70,load,Direct,Are there any tariffs for the import of fresh apples with HS code 0808.10.00.45 into the US from Canada?,"I am unable to retrieve sufficient information regarding this subject matter. For further guidance, please click on the 'Email' button on the bottom right corner of the screen to arrange for a call or a one-to-one advisory session. Our specialists can offer tailored insights based on your product and trade needs, and help you address any related queries or challenges.",54200.93,10078.72,200,Success
2026-05-05T11:49:40.781149,70,load,Indirect,"We import raw cocoa (HS 1801) from Ghana, process it into chocolate (HS 1806) in Singapore, and export to Japan. How do we prove substantial transformation and claim preference under RCEP?","## Analysis: Substantial Transformation and RCEP Preference for Chocolate Exports (Singapore → Japan)

---

### 🚨 Critical Clarification: This is NOT a Back-to-Back Certificate Scenario

**Your scenario involves:**
- Importing raw cocoa (HS 1801) from **Ghana** (non-RCEP country)
- Processing into chocolate (HS 1806) in **Singapore** (RCEP member)
- Exporting to **Japan** (RCEP member)

**Important finding:** Ghana, Singapore, and Japan are **NOT** all parties to the same FTA. According to the F",250999.35,10278.88,200,Success
2026-05-05T11:49:48.579728,70,load,Direct,I want to export medicinal herbs (HS 1211.90) from Singapore to the EU. Which agreement applies?,"Thank you for your enquiry about exporting medicinal herbs (HS 1211.90) from Singapore to the EU.

## Information Needed

To provide you with accurate information about which agreement applies and the applicable tariff rates, I need you to specify **which EU member state** you are exporting to.

The European Union consists of 27 member states, and while they share common trade agreements, I need the specific destination country to retrieve:
- Applicable tariff rates
- Specific FTA provisions
- R",136676.87,10077.96,200,Success
2026-05-05T11:49:48.583574,70,load,Indirect,"What are the steps and timelines to apply for a PCO under the Digital Economy Agreement between Singapore and Australia, and how does it differ from the standard goods FTA process?","I apologize, but I am unable to provide complete information for your multi-part question due to technical connectivity issues with our knowledge base systems. Let me share what I was able to retrieve and identify the gaps:

---

## Part 1: Rules of Origin for Machinery (HS 8479) - EU-Singapore FTA and UK-Singapore FTA

### What I Successfully Retrieved:

#### **EU-Singapore FTA (EUSFTA) - Product-Specific Rules**

Based on the CFOTI Knowledge Base, for machinery parts under Chapter 84:

| HS He",276329.49,10086.04,200,Success
2026-05-05T11:49:48.584861,70,load,Indirect,"We ship from Singapore to multiple ASEAN countries (Indonesia, Philippines, Vietnam) under ATIGA. Do we need one PCO per destination or one for the whole order, and what are the declaration requiremen","Thank you for your questions. I notice you're asking about **two separate trade scenarios**:

### Your Questions:
1. **Singapore-Turkey FTA and textile tariffs** (HS 5407 export from Singapore to Turkey)
2. **ATIGA PCO requirements** for shipping from Singapore to multiple ASEAN destinations (Indonesia, Philippines, Vietnam)

---

### Important Note

To provide you with accurate and comprehensive information, **I can only address one question at a time**. This ensures I can:
- Retrieve all relev",123139.66,10274.41,200,Success
2026-05-05T11:49:49.210173,70,load,Indirect,"If I import products from South Korea into Singapore, store them in Singapore, and then export them to Vietnam. Is there any FTA I can use to obtain duty savings on import into Vietnam?","Thank you for your enquiry regarding FTA eligibility for duty savings when importing products from **South Korea** into **Singapore**, storing them in Singapore, and then exporting them to **Vietnam**.

To assess your eligibility for **Back-to-Back Preferential Certificate of Origin (B2B PCO)** and potential duty savings on import into Vietnam, I require the following essential information:

---

### ❗ Required Information:

**HS Code**: Please provide the **HS code** for your product. This is c",94523.75,10084.54,200,Success
2026-05-05T11:49:54.584612,70,load,Indirect,"We import raw cocoa (HS 1801) from Ghana, process it into chocolate (HS 1806) in Singapore, and export to Japan. How do we prove substantial transformation and claim preference under RCEP?","# Claiming Singapore Origin under RCEP for Chocolate (HS 1806)

## Critical Finding: Ghana is NOT an RCEP Member

Based on the FTA membership verification, **Ghana, Singapore, and Japan are NOT all parties to RCEP**. The three countries only share membership in the **MFN (Most Favoured Nation)** framework, which applies to all WTO members.

**RCEP Members include:**
- **ASEAN countries**: Singapore, Thailand, Malaysia, Indonesia, Philippines, Vietnam, Brunei, Laos, Myanmar, Cambodia
- **Plus 5 p",260852.94,10088.91,200,Success
2026-05-05T11:49:54.590359,70,load,Indirect,"If we import under ASEAN-China FTA and re-export to Japan under RCEP with minimal repackaging in Singapore, can we use a back-to-back certificate, and what are the conditions and time limits?","## Back-to-Back Preferential Certificate of Origin (B2B PCO) Enquiry

Thank you for your enquiry about using a Back-to-Back Certificate of Origin for goods imported under ASEAN-China FTA and re-exported to Japan under RCEP with minimal repackaging in Singapore.

To assess your eligibility for a B2B PCO and provide you with accurate information about the conditions and time limits, I need the following information:

### **Required Information:**

1. **HS Code** ⚠️ **(Required)**
   - Please provi",147230.89,10121.22,200,Success
2026-05-05T11:49:57.439734,70,load,Indirect,I want to import semiconductor integrated circuits from South Korea to Singapore and intend to re-export them to Vietnam. The HS code is 8542.31. Am I eligible for any FTAs?,"# FTA Eligibility for Semiconductor Integrated Circuits (HS 8542.31)
## Import from South Korea to Singapore, Re-export to Vietnam

---

## Trade Route Summary

| Parameter | Details |
|-----------|---------|
| **HS Code** | 8542.31 (Processors and controllers, whether or not combined with memories, converters, logic circuits, amplifiers, clock and timing circuits, or other circuits) |
| **Country of Origin** | South Korea |
| **Intermediate Country** | Singapore |
| **Final Destination** | Viet",261178.71,10089.41,200,Success
2026-05-05T11:49:59.389943,70,load,Direct,What is Singapore Customs' approach to border controls against counterfeit goods?,"Based on the information retrieved from the CFOTI Knowledge Base and Singapore Customs official website, here is Singapore Customs' approach to border controls against counterfeit goods:

## Singapore Customs' Border Enforcement Approach

Singapore Customs employs a **two-pronged approach** to combat counterfeit goods at the border:

### 1. **Seizure on Request**

Rights holders can proactively request Singapore Customs to seize suspected infringing goods by:

- **Who can request:** Owners or li",205796.46,10217.21,200,Success
2026-05-05T11:49:59.401954,70,load,Direct,Could you help me identify if my product with HS code 4415.10.01 is eligible for tariff concessions for export to Mexico from Singapore?,"# Tariff Concession Eligibility Assessment for HS 4415.10.01

## Your Export Scenario
- **HS Code**: 4415.10.01
- **Product Category**: Packing cases, boxes, crates, drums and similar packings, of wood; cable-drums of wood; pallets, box pallets and other load boards, of wood; pallet collars of wood
- **Country of Origin**: Singapore
- **Destination**: Mexico

**Source**: Mendel (HS Code nomenclature and tariff information for HS 4415.10.01, Singapore to Mexico)

---

## ✓ Eligibility Confirmed

",245745.11,10123.81,200,Success
2026-05-05T11:50:09.311861,70,load,Direct,What HS code should I use for LED light fixtures (ceiling type) for export to India?,"Based on my search for **LED light fixtures (ceiling type)** for export from **Singapore to India**, the most appropriate HS code is:

### **HS Code: 9405.11**

**Description:** Chandeliers and other electric ceiling or wall lighting fittings, excluding those of a kind used for lighting public open spaces or thoroughfares - Designed for use solely with light-emitting diode (LED) light sources

---

### Sample HS Codes Search Results

You searched for: **""LED light fixtures ceiling""** importing f",287787.3,10152.43,200,Success
2026-05-05T11:50:11.392103,70,load,Indirect,We import Korean cosmetics (HS 3304) under RCEP into Singapore and re-export to Japan with no further processing. Can we apply for a back-to-back RCEP certificate?,"# Back-to-Back RCEP Certificate of Origin Eligibility Assessment

## Your Scenario Summary

**Product:** Korean Cosmetics (HS Code 3304)  
**Country of Origin:** South Korea  
**Intermediate Country:** Singapore  
**Final Destination:** Japan  
**Movement of Goods:** South Korea → Singapore → Japan  
**Processing in Singapore:** No further processing (storage and re-export only)  
**FTA in Question:** RCEP

---

## Analysis Results

### ✅ Step 1: FTA Membership Verification - **COMPLETED**

**Re",243977.5,10086.51,200,Success
2026-05-05T11:50:21.701233,70,load,Indirect,"We have an existing PCO but the importer says the HS code on the certificate does not match their customs declaration. How do we correct or reissue the certificate, and will it affect the validity per",,301046.81,10076.61,200,Stream interrupted – chunked stream closed early (server/proxy/load)
2026-05-05T11:50:27.983645,70,load,Indirect,"What are the steps and timelines to apply for a PCO under the Digital Economy Agreement between Singapore and Australia, and how does it differ from the standard goods FTA process?","## What are the steps and timelines to apply for a PCO under the Digital Economy Agreement between Singapore and Australia, and how does it differ from the standard goods FTA process?

I apologize, but I am unable to retrieve sufficient information about the **Digital Economy Agreement (DEA)** between Singapore and Australia and its Preferential Certificate of Origin (PCO) application process from my current knowledge base.

### Current Analysis

**What I attempted to retrieve:**
- Specific proc",160211.76,10134.09,200,Success
2026-05-05T11:50:31.270770,70,load,Direct,"In what ways do digital trade provisions in relevant agreements create sector-specific opportunities and advantages, and how do they improve market access and cross-border dealings?","# Digital Trade Provisions: Sector-Specific Opportunities and Market Access Advantages

I apologize, but I am currently unable to retrieve sufficient information from the knowledge base to provide you with a comprehensive answer about digital trade provisions in relevant Free Trade Agreements (FTAs).

## Current Status

**What I attempted to retrieve:**
- ✗ Digital trade and electronic commerce provisions across major FTAs
- ✗ Sector-specific opportunities created by digital trade chapters
- ✗ M",160511.2,10093.95,200,Success
2026-05-05T11:50:31.620369,70,load,Indirect,"We have a back-to-back PCO under RCEP for goods from Japan. The buyer in Indonesia wants to split the shipment into two consignments over two months. Is the original PCO still valid, and what do we ne","# Back-to-Back PCO Under RCEP: Split Shipment Inquiry

## Current Situation Summary

**Trade Route:**
- **Original Origin:** Japan
- **Intermediate Country:** Singapore (Back-to-Back PCO)
- **Final Destination:** Indonesia
- **FTA:** RCEP
- **Issue:** Splitting shipment into two consignments over two months

---

## Missing Required Information

To provide you with accurate guidance on your Back-to-Back PCO validity and requirements for split shipments under RCEP, I need the following informatio",245757.89,10087.37,200,Success
2026-05-05T11:50:32.920776,70,load,Indirect,"We are considering moving some production from China to Singapore to benefit from FTAs. For electronics (HS 8517), what origin criteria apply under RCEP and CPTPP, and what percentage of value must be","# Origin Criteria for Electronics (HS 8517) Under RCEP and CPTPP

**Product:** Electronics - Telephone sets, videophones and other apparatus for transmission or reception of voice, images or other data  
**HS Code:** 8517  
**Current Production Location:** China  
**Proposed Production Location:** Singapore

---

## Summary of Findings

Based on the information retrieved from the CFOTI Knowledge Base, I can provide you with general guidance on the Rules of Origin frameworks under RCEP and CPTPP.",265473.67,10133.85,200,Success
2026-05-05T11:50:33.091544,70,load,Indirect,"For goods that qualify under both ATIGA and RCEP when exporting from Singapore to Thailand, how do we choose which FTA to use, and can we switch between them for different shipments of the same produc",,301031.4,10089.18,200,Stream interrupted – chunked stream closed early (server/proxy/load)
2026-05-05T11:50:35.183639,70,load,Indirect,"If we import under ASEAN-China FTA and re-export to Japan under RCEP with minimal repackaging in Singapore, can we use a back-to-back certificate, and what are the conditions and time limits?","## Back-to-Back Certificate of Origin: China → Singapore → Japan under RCEP

Based on your scenario of importing from China to Singapore under ASEAN-China FTA and re-exporting to Japan under RCEP with minimal repackaging, here is my analysis:

---

### ✅ **FTA Eligibility Verification**

**Countries in the Same FTA Group:**

China, Singapore, and Japan are all parties to **RCEP (Regional Comprehensive Economic Partnership Agreement)**.

**Source:** Mendel

---

### ⚠️ **Critical Information Requ",188492.75,10133.63,200,Success
2026-05-05T11:50:36.321870,70,load,Indirect,I want to import semiconductor integrated circuits from South Korea to Singapore and intend to re-export them to Vietnam. The HS code is 8542.31. Am I eligible for any FTAs?,"## Thought: (Reasoning & Planning)

The user is asking about **two separate scenarios**:

1. **Vacuum cleaners (HS 8508.19.10)**: China → Singapore (assembly) → Indonesia - asking about origin determination and back-to-back PCO eligibility
2. **Semiconductor integrated circuits (HS 8542.31)**: South Korea → Singapore → Vietnam - asking about FTA eligibility

According to my behavior rules (Rule 6), I should **only answer one part of the user request at a time** to provide quality, focused respon",139314.48,10251.8,200,Success
2026-05-05T11:50:36.359356,70,load,Indirect,"We import raw cocoa (HS 1801) from Ghana, process it into chocolate (HS 1806) in Singapore, and export to Japan. How do we prove substantial transformation and claim preference under RCEP?","# Cocoa Processing in Singapore: RCEP Origin Qualification and Preference Claims

## Executive Summary

I have analyzed your scenario of importing raw cocoa (HS 1801) from Ghana, processing it into chocolate (HS 1806) in Singapore, and exporting to Japan under RCEP. Based on the information retrieved, I can provide guidance on the rules of origin and qualification process.

---

## Critical Finding: Ghana is NOT an RCEP Member

**Important:** Ghana, Singapore, and Japan are **NOT all members of ",264177.16,10107.74,200,Success
2026-05-05T11:50:37.071640,70,load,Direct,"How many FTAs has Singapore signed versus those currently in force, and where can I verify the latest status?",,301062.17,10089.5,200,Stream interrupted – chunked stream closed early (server/proxy/load)
