Timestamp,User Count,Type,Name,Requests/s,Failures/s,50%,66%,75%,80%,90%,95%,98%,99%,99.9%,99.99%,100%,Total Request Count,Total Failure Count,Total Median Response Time,Total Average Response Time,Total Min Response Time,Total Max Response Time,Total Average Content Size
1777952449,0,,Aggregated,0.000000,0.000000,N/A,N/A,N/A,N/A,N/A,N/A,N/A,N/A,N/A,N/A,N/A,0,0,0,0.0,0,0,0
1777952450,1,,Aggregated,0.000000,0.000000,360,360,360,360,360,360,360,360,360,360,360,2,0,59.08479998470284,209.81109999411274,59.08479998470284,360.53740000352263,172.0
1777952451,2,,Aggregated,0.000000,0.000000,170,170,360,360,360,360,360,360,360,360,360,4,0,87,169.43707499740412,59.08479998470284,360.53740000352263,172.0
1777952452,3,,Aggregated,0.000000,0.000000,170,170,200,200,360,360,360,360,360,360,360,6,0,87,160.0441333333341,59.08479998470284,360.53740000352263,172.0
1777952453,5,,Aggregated,2.000000,0.000000,170,170,200,200,360,360,360,360,360,360,360,8,0,87,148.4368249984982,57.41219999617897,360.53740000352263,172.0
1777952454,6,,Aggregated,2.000000,0.000000,170,170,190,200,360,360,360,360,360,360,360,10,0,87,146.01514999812935,57.41219999617897,360.53740000352263,172.0
1777952455,7,,Aggregated,2.000000,0.000000,170,170,190,190,200,360,360,360,360,360,360,12,0,87,142.6953499976662,57.41219999617897,360.53740000352263,172.0
1777952456,8,,Aggregated,2.000000,0.000000,170,180,190,200,280,360,360,360,360,360,360,14,0,87,146.1562285673738,57.28329997509718,360.53740000352263,172.0
1777952457,9,,Aggregated,2.000000,0.000000,140,170,190,190,280,360,360,360,360,360,360,16,0,87,140.41019374781172,56.11010000575334,360.53740000352263,172.0
1777952458,10,,Aggregated,2.000000,0.000000,140,170,180,190,280,360,360,360,360,360,360,18,0,87,138.05048888672093,56.11010000575334,360.53740000352263,172.0
1777952459,11,,Aggregated,2.000000,0.000000,140,170,190,190,280,360,360,360,360,360,360,20,0,87,136.20981499843765,49.63490000227466,360.53740000352263,172.0
1777952460,12,,Aggregated,2.000000,0.000000,140,170,190,190,220,280,360,360,360,360,360,22,0,87,136.30487726980144,49.63490000227466,360.53740000352263,172.0
1777952461,13,,Aggregated,2.000000,0.000000,140,170,190,190,220,280,360,360,360,360,360,24,0,87,135.20562082946222,49.63490000227466,360.53740000352263,172.0
1777952462,14,,Aggregated,2.000000,0.000000,140,180,190,190,220,280,360,360,360,360,360,26,0,87,135.49576538207475,49.63490000227466,360.53740000352263,172.0
1777952463,15,,Aggregated,2.000000,0.000000,140,180,190,200,220,280,360,360,360,360,360,28,0,87,135.74671428380367,49.63490000227466,360.53740000352263,172.0
1777952464,16,,Aggregated,2.000000,0.000000,140,180,190,200,280,320,360,360,360,360,360,30,0,87,139.4694699983423,49.63490000227466,360.53740000352263,172.0
1777952465,17,,Aggregated,2.000000,0.000000,140,190,190,200,220,320,360,360,360,360,360,32,0,87,138.08398749915796,48.89880001428537,360.53740000352263,172.0
1777952466,18,,Aggregated,2.000000,0.000000,140,180,190,200,220,320,360,360,360,360,360,34,0,87,136.81205882269697,48.89880001428537,360.53740000352263,172.0
1777952467,19,,Aggregated,2.000000,0.000000,140,180,190,200,220,320,360,360,360,360,360,36,0,87,136.43890277631323,48.89880001428537,360.53740000352263,172.0
1777952468,20,,Aggregated,2.000000,0.000000,140,190,190,200,220,320,360,360,360,360,360,38,0,87,135.97620789369103,48.89880001428537,360.53740000352263,172.0
1777952469,21,,Aggregated,2.000000,0.000000,140,190,200,200,220,320,360,360,360,360,360,40,0,87,135.58523249885184,48.89880001428537,360.53740000352263,172.0
1777952470,22,,Aggregated,2.000000,0.000000,140,180,190,200,220,280,360,360,360,360,360,42,0,87,134.7218642851138,48.89880001428537,360.53740000352263,172.0
1777952471,23,,Aggregated,2.000000,0.000000,140,180,190,200,220,280,360,360,360,360,360,44,0,87,133.56167272616983,48.89880001428537,360.53740000352263,172.0
1777952472,24,,Aggregated,2.000000,0.000000,140,180,190,200,220,280,360,360,360,360,360,46,0,87,133.2681956511173,48.89880001428537,360.53740000352263,172.0
1777952473,25,,Aggregated,2.000000,0.000000,140,180,190,200,220,280,360,360,360,360,360,48,0,87,132.296656248703,48.89880001428537,360.53740000352263,172.0
1777952474,26,,Aggregated,2.000000,0.000000,140,180,190,200,220,280,360,360,360,360,360,50,0,87,131.38651799818035,48.81179999210872,360.53740000352263,172.0
1777952475,27,,Aggregated,2.000000,0.000000,87,170,190,200,200,280,320,360,360,360,360,53,0,87,129.47408490394733,48.81179999210872,360.53740000352263,168.75471698113208
1777952476,28,,Aggregated,2.000000,0.000000,87,170,190,200,200,280,320,360,360,360,360,55,0,87,128.9807545439213,48.81179999210872,360.53740000352263,168.87272727272727
1777952477,29,,Aggregated,2.000000,0.000000,87,170,190,190,200,280,320,360,360,360,360,57,0,87,128.52900175289903,48.81179999210872,360.53740000352263,168.98245614035088
1777952478,30,,Aggregated,2.000000,0.000000,87,170,190,200,200,280,320,360,360,360,360,59,0,87,128.65871016796424,48.81179999210872,360.53740000352263,169.08474576271186
1777952479,31,,Aggregated,2.100000,0.000000,87,180,190,190,200,220,320,360,360,360,360,61,0,87,128.38102458855977,48.81179999210872,360.53740000352263,169.18032786885246
1777952480,32,,Aggregated,2.100000,0.000000,87,180,190,190,200,220,320,360,360,360,360,63,0,87,128.22900476056105,48.81179999210872,360.53740000352263,169.26984126984127
1777952481,33,,Aggregated,2.100000,0.000000,87,170,190,190,200,220,320,360,360,360,360,65,0,87,127.85838307597889,48.81179999210872,360.53740000352263,169.35384615384615
1777952482,34,,Aggregated,2.100000,0.000000,87,170,190,190,200,220,320,360,360,360,360,68,0,87,127.00941617496188,48.81179999210872,360.53740000352263,166.94117647058823
1777952483,35,,Aggregated,2.100000,0.000000,87,170,190,190,200,220,320,360,360,360,360,70,0,87,126.38092142671147,48.81179999210872,360.53740000352263,167.0857142857143
1777952484,36,,Aggregated,2.100000,0.000000,87,170,190,190,200,220,320,360,360,360,360,72,0,87,125.90012360952743,48.81179999210872,360.53740000352263,167.22222222222223
1777952485,37,,Aggregated,2.100000,0.000000,87,170,180,190,200,220,320,360,360,360,360,74,0,87,125.66628513387342,48.81179999210872,360.53740000352263,167.35135135135135
1777952486,38,,Aggregated,2.200000,0.000000,87,170,180,190,200,220,320,360,360,360,360,76,0,87,125.32505263018385,48.81179999210872,360.53740000352263,167.47368421052633
1777952487,39,,Aggregated,2.200000,0.000000,87,170,180,190,200,220,320,360,360,360,360,78,0,87,125.02072435782816,48.81179999210872,360.53740000352263,167.5897435897436
1777952488,40,,Aggregated,2.100000,0.000000,87,170,180,190,200,280,360,430,430,430,430,80,0,87,127.94881249938044,48.81179999210872,426.5676000213716,167.7
1777952489,41,,Aggregated,2.100000,0.000000,87,170,180,190,200,220,360,430,430,430,430,82,0,87,127.70600243835005,48.81179999210872,426.5676000213716,167.8048780487805
1777952490,42,,Aggregated,2.100000,0.000000,87,170,180,190,200,220,360,430,430,430,430,84,0,87,127.20342976154782,48.81179999210872,426.5676000213716,167.9047619047619
1777952491,43,,Aggregated,2.100000,0.000000,87,170,180,190,200,220,360,430,430,430,430,87,0,87,125.5305482756384,41.77060001529753,426.5676000213716,166.06896551724137
1777952492,44,,Aggregated,2.100000,0.000000,87,170,180,190,200,220,360,430,430,430,430,89,0,87,124.82624719072437,41.77060001529753,426.5676000213716,166.20224719101122
1777952493,45,,Aggregated,2.100000,0.000000,87,170,180,190,200,220,360,430,430,430,430,91,0,87,124.57738571402433,41.77060001529753,426.5676000213716,166.32967032967034
1777952494,46,,Aggregated,2.100000,0.000000,87,170,180,190,200,220,360,430,430,430,430,93,0,87,124.4184763439285,41.77060001529753,426.5676000213716,166.4516129032258
1777952495,47,,Aggregated,2.100000,0.000000,87,170,180,190,200,220,360,430,430,430,430,95,0,87,124.43834631550617,41.77060001529753,426.5676000213716,166.56842105263158
1777952496,48,,Aggregated,2.100000,0.000000,87,170,180,190,200,220,360,430,430,430,430,97,0,87,124.11793298928124,41.77060001529753,426.5676000213716,166.68041237113403
1777952497,49,,Aggregated,2.000000,0.000000,87,170,180,190,200,220,360,430,430,430,430,99,0,87,123.81744040370297,41.77060001529753,426.5676000213716,166.78787878787878
1777952498,50,,Aggregated,2.100000,0.000000,87,170,180,180,200,220,320,360,430,430,430,101,0,87,123.31721188078662,41.77060001529753,426.5676000213716,166.8910891089109
1777952499,51,,Aggregated,2.000000,0.000000,87,170,180,180,200,220,320,360,430,430,430,103,0,87,123.09352232983055,41.77060001529753,426.5676000213716,166.9902912621359
1777952500,52,,Aggregated,2.200000,0.000000,87,170,180,180,200,220,320,360,430,430,430,105,0,87,123.0275942852521,41.77060001529753,426.5676000213716,167.0857142857143
1777952501,53,,Aggregated,2.000000,0.000000,87,170,180,180,200,220,320,360,430,430,430,107,0,87,122.87230093427064,41.77060001529753,426.5676000213716,167.17757009345794
1777952502,54,,Aggregated,1.900000,0.000000,87,170,180,180,200,220,320,360,430,430,430,109,0,87,122.71198807305596,41.77060001529753,426.5676000213716,167.26605504587155
1777952503,55,,Aggregated,1.900000,0.000000,87,170,180,180,200,220,320,360,430,430,430,111,0,87,122.38382162140296,41.77060001529753,426.5676000213716,167.35135135135135
1777952504,56,,Aggregated,1.800000,0.000000,87,170,180,180,200,220,320,360,430,430,430,113,0,87,122.57901504424615,41.77060001529753,426.5676000213716,167.43362831858408
1777952505,57,,Aggregated,1.800000,0.000000,87,170,180,180,200,220,320,360,430,430,430,116,0,87,121.72800689661707,41.77060001529753,426.5676000213716,166.06896551724137
1777952506,58,,Aggregated,1.800000,0.000000,87,170,180,180,200,220,320,360,430,430,430,118,0,87,122.65988813577046,41.77060001529753,426.5676000213716,166.16949152542372
1777952507,59,,Aggregated,1.900000,0.000000,87,170,180,180,200,280,320,360,430,430,430,120,0,87,123.61550250013049,41.77060001529753,426.5676000213716,166.26666666666668
1777952508,60,,Aggregated,1.900000,0.000000,87,170,180,180,200,220,320,360,430,430,430,122,0,87,123.6893098360523,41.77060001529753,426.5676000213716,166.36065573770492
1777952509,61,,Aggregated,2.000000,0.000000,87,170,180,180,200,220,320,360,430,430,430,124,0,87,123.3824991936525,41.77060001529753,426.5676000213716,166.4516129032258
1777952510,62,,Aggregated,2.000000,0.000000,87,170,180,180,200,220,320,360,430,430,430,126,0,87,123.16573571412832,41.77060001529753,426.5676000213716,166.53968253968253
1777952511,63,,Aggregated,2.000000,0.000000,87,170,180,180,200,220,320,360,430,430,430,128,0,87,122.95957656237988,41.77060001529753,426.5676000213716,166.625
1777952512,64,,Aggregated,2.100000,0.000000,87,170,180,180,200,220,320,360,430,430,430,130,0,87,122.9028276920032,41.77060001529753,426.5676000213716,166.7076923076923
1777952513,65,,Aggregated,2.100000,0.000000,87,170,180,180,200,220,320,360,430,430,430,132,0,87,122.84626060577328,41.77060001529753,426.5676000213716,166.78787878787878
1777952515,66,,Aggregated,2.100000,0.000000,87,170,180,180,200,220,320,360,430,430,430,134,0,87,122.66797238766257,41.77060001529753,426.5676000213716,166.86567164179104
1777952516,67,,Aggregated,2.100000,0.000000,87,170,180,180,200,220,320,360,430,430,430,136,0,87,122.5047220584255,41.77060001529753,426.5676000213716,166.94117647058823
1777952517,68,,Aggregated,2.100000,0.000000,87,170,180,180,200,220,320,360,430,430,430,138,0,87,122.4616101446926,41.77060001529753,426.5676000213716,167.0144927536232
1777952518,69,,Aggregated,2.100000,0.000000,87,170,180,180,200,220,320,360,430,430,430,140,0,87,122.29555142839672,41.77060001529753,426.5676000213716,167.0857142857143
1777952519,70,,Aggregated,2.000000,0.000000,87,170,180,180,200,220,320,360,430,430,430,142,0,87,122.37407394371678,41.77060001529753,426.5676000213716,167.1549295774648
1777952520,70,,Aggregated,2.000000,0.000000,87,170,180,180,200,220,320,360,430,430,430,144,0,87,122.22206458338607,41.77060001529753,426.5676000213716,167.22222222222223
1777952521,70,,Aggregated,2.000000,0.000000,87,170,180,180,200,220,320,360,430,430,430,144,0,87,122.22206458338607,41.77060001529753,426.5676000213716,167.22222222222223
1777952522,70,,Aggregated,2.000000,0.000000,87,170,180,180,200,220,320,360,430,430,430,144,0,87,122.22206458338607,41.77060001529753,426.5676000213716,167.22222222222223
1777952523,70,,Aggregated,2.000000,0.000000,87,170,180,180,200,220,320,360,430,430,430,144,0,87,122.22206458338607,41.77060001529753,426.5676000213716,167.22222222222223
1777952524,70,,Aggregated,1.600000,0.000000,87,170,170,180,200,220,320,360,430,430,430,145,0,87,121.72417931041905,41.77060001529753,426.5676000213716,166.06896551724137
1777952525,70,,Aggregated,1.600000,0.000000,87,170,170,180,200,220,320,360,430,430,430,145,0,87,121.72417931041905,41.77060001529753,426.5676000213716,166.06896551724137
1777952526,70,,Aggregated,1.600000,0.000000,87,170,170,180,200,220,320,360,430,430,430,145,0,87,121.72417931041905,41.77060001529753,426.5676000213716,166.06896551724137
1777952527,70,,Aggregated,1.600000,0.000000,87,170,170,180,200,220,320,360,430,430,430,145,0,87,121.72417931041905,41.77060001529753,426.5676000213716,166.06896551724137
1777952528,70,,Aggregated,1.600000,0.000000,87,170,170,180,200,220,320,360,430,430,430,145,0,87,121.72417931041905,41.77060001529753,426.5676000213716,166.06896551724137
1777952529,70,,Aggregated,1.600000,0.000000,87,170,170,180,200,220,320,360,430,430,430,145,0,87,121.72417931041905,41.77060001529753,426.5676000213716,166.06896551724137
1777952530,70,,Aggregated,1.600000,0.000000,87,170,170,180,200,220,320,360,430,430,430,145,0,87,121.72417931041905,41.77060001529753,426.5676000213716,166.06896551724137
1777952531,70,,Aggregated,1.600000,0.000000,87,170,170,180,200,220,320,360,430,430,430,145,0,87,121.72417931041905,41.77060001529753,426.5676000213716,166.06896551724137
1777952532,70,,Aggregated,1.600000,0.000000,87,170,170,180,200,220,320,360,430,430,430,145,0,87,121.72417931041905,41.77060001529753,426.5676000213716,166.06896551724137
1777952533,70,,Aggregated,1.600000,0.000000,87,170,170,180,200,220,320,360,430,430,430,145,0,87,121.72417931041905,41.77060001529753,426.5676000213716,166.06896551724137
1777952534,70,,Aggregated,1.600000,0.000000,87,170,170,180,200,220,320,360,430,430,430,145,0,87,121.72417931041905,41.77060001529753,426.5676000213716,166.06896551724137
1777952535,70,,Aggregated,0.100000,0.000000,87,170,170,180,200,220,320,360,430,430,430,146,0,81,121.30000753418307,41.77060001529753,426.5676000213716,164.93150684931507
1777952536,70,,Aggregated,0.100000,0.000000,87,170,170,180,200,220,320,360,430,430,430,146,0,81,121.30000753418307,41.77060001529753,426.5676000213716,164.93150684931507
1777952537,70,,Aggregated,0.100000,0.000000,87,170,170,180,200,220,320,360,430,430,430,146,0,81,121.30000753418307,41.77060001529753,426.5676000213716,164.93150684931507
1777952538,70,,Aggregated,0.100000,0.000000,87,170,170,180,200,220,320,360,430,430,430,146,0,81,121.30000753418307,41.77060001529753,426.5676000213716,164.93150684931507
1777952539,70,,Aggregated,0.100000,0.000000,87,170,170,180,200,220,320,360,430,430,430,146,0,81,121.30000753418307,41.77060001529753,426.5676000213716,164.93150684931507
1777952540,70,,Aggregated,0.100000,0.000000,87,170,170,180,200,220,320,360,430,430,430,146,0,81,121.30000753418307,41.77060001529753,426.5676000213716,164.93150684931507
1777952541,70,,Aggregated,0.100000,0.000000,87,170,170,180,200,220,320,360,430,430,430,146,0,81,121.30000753418307,41.77060001529753,426.5676000213716,164.93150684931507
1777952542,70,,Aggregated,0.100000,0.000000,87,170,170,180,200,220,320,360,430,430,430,146,0,81,121.30000753418307,41.77060001529753,426.5676000213716,164.93150684931507
1777952543,70,,Aggregated,0.100000,0.000000,87,170,170,180,200,220,320,360,430,430,430,146,0,81,121.30000753418307,41.77060001529753,426.5676000213716,164.93150684931507
1777952544,70,,Aggregated,0.100000,0.000000,87,170,170,180,200,220,320,360,430,430,430,146,0,81,121.30000753418307,41.77060001529753,426.5676000213716,164.93150684931507
1777952545,70,,Aggregated,0.100000,0.000000,87,170,170,180,200,220,320,360,430,430,430,146,0,81,121.30000753418307,41.77060001529753,426.5676000213716,164.93150684931507
1777952546,70,,Aggregated,0.100000,0.000000,87,170,170,180,200,220,320,360,430,430,430,146,0,81,121.30000753418307,41.77060001529753,426.5676000213716,164.93150684931507
1777952547,70,,Aggregated,0.100000,0.000000,87,170,170,180,200,220,320,360,430,430,430,146,0,81,121.30000753418307,41.77060001529753,426.5676000213716,164.93150684931507
1777952548,70,,Aggregated,0.100000,0.000000,87,170,170,180,200,220,320,360,430,430,430,146,0,81,121.30000753418307,41.77060001529753,426.5676000213716,164.93150684931507
1777952549,70,,Aggregated,0.100000,0.000000,87,170,170,180,200,220,320,360,430,430,430,146,0,81,121.30000753418307,41.77060001529753,426.5676000213716,164.93150684931507
1777952550,70,,Aggregated,0.100000,0.000000,87,170,170,180,200,220,320,360,430,430,430,146,0,81,121.30000753418307,41.77060001529753,426.5676000213716,164.93150684931507
1777952551,70,,Aggregated,0.100000,0.000000,87,170,170,180,200,220,320,360,430,430,430,146,0,81,121.30000753418307,41.77060001529753,426.5676000213716,164.93150684931507
1777952552,70,,Aggregated,0.100000,0.000000,87,170,170,180,200,220,320,360,430,430,430,146,0,81,121.30000753418307,41.77060001529753,426.5676000213716,164.93150684931507
1777952553,70,,Aggregated,0.000000,0.000000,87,170,170,180,200,220,320,360,430,430,430,147,0,87,121.15214829912036,41.77060001529753,426.5676000213716,163.8095238095238
1777952554,70,,Aggregated,0.000000,0.000000,87,170,170,180,200,220,320,360,430,430,430,147,0,87,121.15214829912036,41.77060001529753,426.5676000213716,163.8095238095238
1777952555,70,,Aggregated,0.000000,0.000000,87,170,170,180,200,220,320,360,430,430,430,147,0,87,121.15214829912036,41.77060001529753,426.5676000213716,163.8095238095238
1777952556,70,,Aggregated,0.000000,0.000000,87,170,170,180,200,220,320,360,430,430,430,147,0,87,121.15214829912036,41.77060001529753,426.5676000213716,163.8095238095238
1777952557,70,,Aggregated,0.000000,0.000000,87,170,170,180,200,220,320,360,430,430,430,147,0,87,121.15214829912036,41.77060001529753,426.5676000213716,163.8095238095238
1777952558,70,,Aggregated,0.000000,0.000000,87,170,170,180,200,220,320,360,430,430,430,147,0,87,121.15214829912036,41.77060001529753,426.5676000213716,163.8095238095238
1777952559,70,,Aggregated,0.100000,0.000000,87,170,170,180,200,220,320,360,430,430,430,148,0,81,120.67703716201248,41.77060001529753,426.5676000213716,162.7027027027027
1777952560,70,,Aggregated,0.100000,0.000000,87,170,170,180,200,220,320,360,430,430,430,148,0,81,120.67703716201248,41.77060001529753,426.5676000213716,162.7027027027027
1777952561,70,,Aggregated,0.200000,0.000000,81,170,170,180,200,220,320,360,430,430,430,149,0,81,120.17651342266495,41.77060001529753,426.5676000213716,161.61073825503357
1777952562,70,,Aggregated,0.200000,0.000000,81,170,170,180,200,220,320,360,430,430,430,149,0,81,120.17651342266495,41.77060001529753,426.5676000213716,161.61073825503357
1777952563,70,,Aggregated,0.200000,0.000000,81,170,170,180,200,220,320,360,430,430,430,149,0,81,120.17651342266495,41.77060001529753,426.5676000213716,161.61073825503357
1777952564,70,,Aggregated,0.200000,0.000000,81,170,170,180,200,220,320,360,430,430,430,149,0,81,120.17651342266495,41.77060001529753,426.5676000213716,161.61073825503357
1777952565,70,,Aggregated,0.300000,0.000000,80,170,170,180,200,220,310,360,430,430,430,151,0,80,119.30665695332053,41.77060001529753,426.5676000213716,159.47019867549668
1777952566,70,,Aggregated,0.300000,0.000000,80,170,170,180,200,220,310,360,430,430,430,151,0,80,119.30665695332053,41.77060001529753,426.5676000213716,159.47019867549668
1777952567,70,,Aggregated,0.300000,0.000000,80,170,170,180,200,220,310,360,430,430,430,151,0,80,119.30665695332053,41.77060001529753,426.5676000213716,159.47019867549668
1777952568,70,,Aggregated,0.300000,0.000000,80,170,170,180,200,220,310,360,430,430,430,151,0,80,119.30665695332053,41.77060001529753,426.5676000213716,159.47019867549668
1777952569,70,,Aggregated,0.300000,0.000000,80,170,170,180,200,220,310,360,430,430,430,151,0,80,119.30665695332053,41.77060001529753,426.5676000213716,159.47019867549668
1777952570,70,,Aggregated,0.300000,0.000000,80,170,170,180,200,220,310,360,430,430,430,151,0,80,119.30665695332053,41.77060001529753,426.5676000213716,159.47019867549668
1777952571,70,,Aggregated,0.300000,0.000000,80,170,170,180,200,220,310,360,430,430,430,151,0,80,119.30665695332053,41.77060001529753,426.5676000213716,159.47019867549668
1777952572,70,,Aggregated,0.300000,0.000000,80,170,170,180,200,220,310,360,430,430,430,151,0,80,119.30665695332053,41.77060001529753,426.5676000213716,159.47019867549668
1777952573,70,,Aggregated,0.300000,0.000000,80,170,170,180,200,220,310,360,430,430,430,151,0,80,119.30665695332053,41.77060001529753,426.5676000213716,159.47019867549668
1777952574,70,,Aggregated,0.300000,0.000000,80,170,170,180,200,220,310,360,430,430,430,151,0,80,119.30665695332053,41.77060001529753,426.5676000213716,159.47019867549668
1777952575,70,,Aggregated,0.300000,0.000000,80,170,170,180,200,220,310,360,430,430,430,151,0,80,119.30665695332053,41.77060001529753,426.5676000213716,159.47019867549668
1777952576,70,,Aggregated,0.300000,0.000000,80,170,170,180,200,220,310,360,430,430,430,151,0,80,119.30665695332053,41.77060001529753,426.5676000213716,159.47019867549668
1777952577,70,,Aggregated,0.300000,0.000000,80,170,170,180,200,220,310,360,430,430,430,151,0,80,119.30665695332053,41.77060001529753,426.5676000213716,159.47019867549668
1777952578,70,,Aggregated,0.300000,0.000000,80,170,170,180,200,220,310,360,430,430,430,151,0,80,119.30665695332053,41.77060001529753,426.5676000213716,159.47019867549668
1777952579,70,,Aggregated,0.300000,0.000000,80,170,170,180,200,220,310,360,430,430,430,151,0,80,119.30665695332053,41.77060001529753,426.5676000213716,159.47019867549668
1777952580,70,,Aggregated,0.300000,0.000000,80,170,170,180,200,220,310,360,430,430,430,151,0,80,119.30665695332053,41.77060001529753,426.5676000213716,159.47019867549668
1777952581,70,,Aggregated,0.300000,0.000000,80,170,170,180,200,220,310,360,430,430,430,151,0,80,119.30665695332053,41.77060001529753,426.5676000213716,159.47019867549668
1777952582,70,,Aggregated,0.000000,0.000000,71,170,170,180,200,220,310,360,430,430,430,153,0,71,118.52182745073733,41.77060001529753,426.5676000213716,157.3856209150327
1777952583,70,,Aggregated,0.000000,0.000000,71,170,170,180,200,220,310,360,430,430,430,153,0,71,118.52182745073733,41.77060001529753,426.5676000213716,157.3856209150327
1777952584,70,,Aggregated,0.000000,0.000000,71,170,170,180,200,220,310,360,430,430,430,153,0,71,118.52182745073733,41.77060001529753,426.5676000213716,157.3856209150327
1777952585,70,,Aggregated,0.000000,0.000000,71,170,170,180,200,220,310,360,430,430,430,153,0,71,118.52182745073733,41.77060001529753,426.5676000213716,157.3856209150327
1777952586,70,,Aggregated,0.000000,0.000000,71,170,170,180,200,220,310,360,430,430,430,153,0,71,118.52182745073733,41.77060001529753,426.5676000213716,157.3856209150327
1777952587,70,,Aggregated,0.000000,0.000000,71,170,170,180,200,220,310,360,430,430,430,153,0,71,118.52182745073733,41.77060001529753,426.5676000213716,157.3856209150327
1777952588,70,,Aggregated,0.000000,0.000000,71,170,170,180,200,220,310,360,430,430,430,153,0,71,118.52182745073733,41.77060001529753,426.5676000213716,157.3856209150327
1777952589,70,,Aggregated,0.200000,0.000000,71,170,170,180,200,220,310,360,430,430,430,154,0,70,118.01420259720331,40.347600006498396,426.5676000213716,156.36363636363637
1777952590,70,,Aggregated,0.200000,0.000000,71,170,170,180,200,220,310,360,430,430,430,154,0,70,118.01420259720331,40.347600006498396,426.5676000213716,156.36363636363637
1777952591,70,,Aggregated,0.200000,0.000000,71,170,170,180,200,220,310,360,430,430,430,154,0,70,118.01420259720331,40.347600006498396,426.5676000213716,156.36363636363637
1777952592,70,,Aggregated,0.200000,0.000000,71,170,170,180,200,220,310,360,430,430,430,154,0,70,118.01420259720331,40.347600006498396,426.5676000213716,156.36363636363637
1777952593,70,,Aggregated,0.200000,0.000000,71,170,170,180,200,220,310,360,430,430,430,154,0,70,118.01420259720331,40.347600006498396,426.5676000213716,156.36363636363637
1777952594,70,,Aggregated,0.200000,0.000000,71,170,170,180,200,220,310,360,430,430,430,154,0,70,118.01420259720331,40.347600006498396,426.5676000213716,156.36363636363637
1777952595,70,,Aggregated,0.200000,0.000000,71,170,170,180,200,220,310,360,430,430,430,154,0,70,118.01420259720331,40.347600006498396,426.5676000213716,156.36363636363637
1777952596,70,,Aggregated,0.200000,0.000000,71,170,170,180,200,220,310,360,430,430,430,154,0,70,118.01420259720331,40.347600006498396,426.5676000213716,156.36363636363637
1777952597,70,,Aggregated,0.200000,0.000000,71,170,170,180,200,220,310,360,430,430,430,154,0,70,118.01420259720331,40.347600006498396,426.5676000213716,156.36363636363637
1777952598,70,,Aggregated,0.200000,0.000000,71,170,170,180,200,220,310,360,430,430,430,154,0,70,118.01420259720331,40.347600006498396,426.5676000213716,156.36363636363637
1777952599,70,,Aggregated,0.200000,0.000000,71,170,170,180,200,220,310,360,430,430,430,154,0,70,118.01420259720331,40.347600006498396,426.5676000213716,156.36363636363637
1777952600,70,,Aggregated,0.200000,0.000000,71,170,170,180,200,220,310,360,430,430,430,154,0,70,118.01420259720331,40.347600006498396,426.5676000213716,156.36363636363637
1777952601,70,,Aggregated,0.200000,0.000000,71,170,170,180,200,220,310,360,430,430,430,154,0,70,118.01420259720331,40.347600006498396,426.5676000213716,156.36363636363637
1777952602,70,,Aggregated,0.200000,0.000000,71,170,170,180,200,220,310,360,430,430,430,154,0,70,118.01420259720331,40.347600006498396,426.5676000213716,156.36363636363637
1777952603,70,,Aggregated,0.200000,0.000000,71,170,170,180,200,220,310,360,430,430,430,154,0,70,118.01420259720331,40.347600006498396,426.5676000213716,156.36363636363637
1777952604,70,,Aggregated,0.200000,0.000000,71,170,170,180,200,220,310,360,430,430,430,154,0,70,118.01420259720331,40.347600006498396,426.5676000213716,156.36363636363637
1777952605,70,,Aggregated,0.200000,0.000000,71,170,170,180,200,220,310,360,430,430,430,154,0,70,118.01420259720331,40.347600006498396,426.5676000213716,156.36363636363637
1777952606,70,,Aggregated,0.200000,0.000000,71,170,170,180,200,220,310,360,430,430,430,154,0,70,118.01420259720331,40.347600006498396,426.5676000213716,156.36363636363637
1777952607,70,,Aggregated,0.200000,0.000000,71,170,170,180,200,220,310,360,430,430,430,154,0,70,118.01420259720331,40.347600006498396,426.5676000213716,156.36363636363637
1777952609,70,,Aggregated,0.000000,0.000000,70,170,170,180,200,220,310,360,430,430,430,156,0,70,117.20827435876858,40.347600006498396,426.5676000213716,154.35897435897436
1777952610,70,,Aggregated,0.000000,0.000000,70,170,170,180,200,220,310,360,430,430,430,156,0,70,117.20827435876858,40.347600006498396,426.5676000213716,154.35897435897436
1777952611,70,,Aggregated,0.000000,0.000000,70,170,170,180,200,220,310,360,430,430,430,156,0,70,117.20827435876858,40.347600006498396,426.5676000213716,154.35897435897436
1777952612,70,,Aggregated,0.000000,0.000000,70,170,170,180,200,220,310,360,430,430,430,156,0,70,117.20827435876858,40.347600006498396,426.5676000213716,154.35897435897436
1777952613,70,,Aggregated,0.200000,0.000000,70,170,170,180,200,220,310,360,430,430,430,157,0,70,116.85971528640948,40.347600006498396,426.5676000213716,153.37579617834396
1777952614,70,,Aggregated,0.200000,0.000000,70,170,170,180,200,220,310,360,430,430,430,158,0,68,116.44476075926383,40.347600006498396,426.5676000213716,152.40506329113924
1777952615,70,,Aggregated,0.200000,0.000000,70,170,170,180,200,220,310,360,430,430,430,158,0,68,116.44476075926383,40.347600006498396,426.5676000213716,152.40506329113924
1777952616,70,,Aggregated,0.200000,0.000000,70,170,170,180,200,220,310,360,430,430,430,158,0,68,116.44476075926383,40.347600006498396,426.5676000213716,152.40506329113924
1777952617,70,,Aggregated,0.200000,0.000000,70,170,170,180,200,220,310,360,430,430,430,158,0,68,116.44476075926383,40.347600006498396,426.5676000213716,152.40506329113924
1777952618,70,,Aggregated,0.200000,0.000000,70,170,170,180,200,220,310,360,430,430,430,158,0,68,116.44476075926383,40.347600006498396,426.5676000213716,152.40506329113924
1777952619,70,,Aggregated,0.200000,0.000000,70,170,170,180,200,220,310,360,430,430,430,158,0,68,116.44476075926383,40.347600006498396,426.5676000213716,152.40506329113924
1777952620,70,,Aggregated,0.400000,0.000000,68,170,170,180,200,220,310,360,430,430,430,159,0,68,115.99549119479357,40.347600006498396,426.5676000213716,151.44654088050314
1777952621,70,,Aggregated,0.400000,0.000000,68,170,170,180,200,220,310,360,430,430,430,160,0,67,115.64742249975097,40.347600006498396,426.5676000213716,150.5
1777952622,70,,Aggregated,0.400000,0.000000,68,170,170,180,200,220,310,360,430,430,430,160,0,67,115.64742249975097,40.347600006498396,426.5676000213716,150.5
1777952623,70,,Aggregated,0.400000,0.000000,68,170,170,180,200,220,310,360,430,430,430,160,0,67,115.64742249975097,40.347600006498396,426.5676000213716,150.5
1777952624,70,,Aggregated,0.400000,0.000000,68,170,170,180,200,220,310,360,430,430,430,160,0,67,115.64742249975097,40.347600006498396,426.5676000213716,150.5
1777952625,70,,Aggregated,0.400000,0.000000,68,170,170,180,200,220,310,360,430,430,430,160,0,67,115.64742249975097,40.347600006498396,426.5676000213716,150.5
1777952626,70,,Aggregated,0.400000,0.000000,68,170,170,180,200,220,310,360,430,430,430,160,0,67,115.64742249975097,40.347600006498396,426.5676000213716,150.5
1777952627,70,,Aggregated,0.400000,0.000000,68,170,170,180,200,220,310,360,430,430,430,160,0,67,115.64742249975097,40.347600006498396,426.5676000213716,150.5
1777952628,70,,Aggregated,0.400000,0.000000,68,170,170,180,200,220,310,360,430,430,430,160,0,67,115.64742249975097,40.347600006498396,426.5676000213716,150.5
1777952629,70,,Aggregated,0.400000,0.000000,68,170,170,180,200,220,310,360,430,430,430,160,0,67,115.64742249975097,40.347600006498396,426.5676000213716,150.5
1777952630,70,,Aggregated,0.400000,0.000000,68,170,170,180,200,220,310,360,430,430,430,160,0,67,115.64742249975097,40.347600006498396,426.5676000213716,150.5
1777952631,70,,Aggregated,0.400000,0.000000,68,170,170,180,200,220,310,360,430,430,430,160,0,67,115.64742249975097,40.347600006498396,426.5676000213716,150.5
1777952632,70,,Aggregated,0.400000,0.000000,68,170,170,180,200,220,310,360,430,430,430,160,0,67,115.64742249975097,40.347600006498396,426.5676000213716,150.5
1777952633,70,,Aggregated,0.400000,0.000000,68,170,170,180,200,220,310,360,430,430,430,160,0,67,115.64742249975097,40.347600006498396,426.5676000213716,150.5
1777952634,70,,Aggregated,0.400000,0.000000,68,170,170,180,200,220,310,360,430,430,430,160,0,67,115.64742249975097,40.347600006498396,426.5676000213716,150.5
1777952635,70,,Aggregated,0.400000,0.000000,68,170,170,180,200,220,310,360,430,430,430,160,0,67,115.64742249975097,40.347600006498396,426.5676000213716,150.5
1777952636,70,,Aggregated,0.400000,0.000000,68,170,170,180,200,220,310,360,430,430,430,160,0,67,115.64742249975097,40.347600006498396,426.5676000213716,150.5
1777952637,70,,Aggregated,0.400000,0.000000,68,170,170,180,200,220,310,360,430,430,430,160,0,67,115.64742249975097,40.347600006498396,426.5676000213716,150.5
1777952638,70,,Aggregated,0.400000,0.000000,68,170,170,180,200,220,310,360,430,430,430,160,0,67,115.64742249975097,40.347600006498396,426.5676000213716,150.5
1777952639,70,,Aggregated,0.400000,0.000000,68,170,170,180,200,220,310,360,430,430,430,160,0,67,115.64742249975097,40.347600006498396,426.5676000213716,150.5
1777952640,70,,Aggregated,0.000000,0.000000,67,170,170,180,200,210,310,360,430,430,430,161,0,67,115.24058819852584,40.347600006498396,426.5676000213716,149.56521739130434
1777952641,70,,Aggregated,0.000000,0.000000,67,170,170,180,200,210,310,360,430,430,430,161,0,67,115.24058819852584,40.347600006498396,426.5676000213716,149.56521739130434
1777952642,70,,Aggregated,0.000000,0.000000,64,160,170,180,200,210,310,360,430,430,430,163,0,64,114.50862822064308,40.347600006498396,426.5676000213716,147.73006134969324
1777952643,70,,Aggregated,0.000000,0.000000,64,160,170,180,200,210,310,360,430,430,430,163,0,64,114.50862822064308,40.347600006498396,426.5676000213716,147.73006134969324
1777952644,70,,Aggregated,0.100000,0.000000,62,160,170,180,200,210,310,360,430,430,430,165,0,62,113.8070303027758,40.347600006498396,426.5676000213716,145.93939393939394
1777952645,70,,Aggregated,0.300000,0.000000,62,160,170,180,200,210,310,360,430,430,430,166,0,62,113.479342770795,40.347600006498396,426.5676000213716,145.06024096385542
1777952646,70,,Aggregated,0.500000,0.000000,62,160,170,180,200,210,310,360,430,430,430,167,0,62,113.10593952065122,40.347600006498396,426.5676000213716,144.19161676646706
1777952647,70,,Aggregated,0.500000,0.000000,62,160,170,180,200,210,310,360,430,430,430,167,0,62,113.10593952065122,40.347600006498396,426.5676000213716,144.19161676646706
1777952648,70,,Aggregated,0.600000,0.000000,62,160,170,180,200,210,310,360,430,430,430,168,0,61,112.78940892831694,40.347600006498396,426.5676000213716,143.33333333333334
1777952649,70,,Aggregated,0.600000,0.000000,62,160,170,180,200,210,310,360,430,430,430,168,0,61,112.78940892831694,40.347600006498396,426.5676000213716,143.33333333333334
1777952650,70,,Aggregated,0.600000,0.000000,62,160,170,180,200,210,310,360,430,430,430,168,0,61,112.78940892831694,40.347600006498396,426.5676000213716,143.33333333333334
1777952651,70,,Aggregated,0.700000,0.000000,61,160,170,180,200,210,310,360,430,430,430,170,0,61,112.16945529398372,40.347600006498396,426.5676000213716,141.64705882352942
1777952652,70,,Aggregated,0.700000,0.000000,61,160,170,180,200,210,310,360,430,430,430,170,0,61,112.16945529398372,40.347600006498396,426.5676000213716,141.64705882352942
1777952653,70,,Aggregated,0.700000,0.000000,61,160,170,180,200,210,310,360,430,430,430,170,0,61,112.16945529398372,40.347600006498396,426.5676000213716,141.64705882352942
1777952654,70,,Aggregated,0.700000,0.000000,61,160,170,180,200,210,310,360,430,430,430,170,0,61,112.16945529398372,40.347600006498396,426.5676000213716,141.64705882352942
1777952655,70,,Aggregated,0.700000,0.000000,61,160,170,180,200,210,310,360,430,430,430,170,0,61,112.16945529398372,40.347600006498396,426.5676000213716,141.64705882352942
1777952656,70,,Aggregated,0.700000,0.000000,61,160,170,180,200,210,310,360,430,430,430,170,0,61,112.16945529398372,40.347600006498396,426.5676000213716,141.64705882352942
1777952657,70,,Aggregated,0.700000,0.000000,61,160,170,180,200,210,310,360,430,430,430,170,0,61,112.16945529398372,40.347600006498396,426.5676000213716,141.64705882352942
1777952658,70,,Aggregated,0.700000,0.000000,61,160,170,180,200,210,310,360,430,430,430,170,0,61,112.16945529398372,40.347600006498396,426.5676000213716,141.64705882352942
1777952659,70,,Aggregated,0.700000,0.000000,61,160,170,180,200,210,310,360,430,430,430,170,0,61,112.16945529398372,40.347600006498396,426.5676000213716,141.64705882352942
1777952660,70,,Aggregated,0.700000,0.000000,61,160,170,180,200,210,310,360,430,430,430,170,0,61,112.16945529398372,40.347600006498396,426.5676000213716,141.64705882352942
1777952661,70,,Aggregated,0.700000,0.000000,61,160,170,180,200,210,310,360,430,430,430,170,0,61,112.16945529398372,40.347600006498396,426.5676000213716,141.64705882352942
1777952662,70,,Aggregated,0.700000,0.000000,61,160,170,180,200,210,310,360,430,430,430,170,0,61,112.16945529398372,40.347600006498396,426.5676000213716,141.64705882352942
1777952663,70,,Aggregated,0.700000,0.000000,61,160,170,180,200,210,310,360,430,430,430,170,0,61,112.16945529398372,40.347600006498396,426.5676000213716,141.64705882352942
1777952664,70,,Aggregated,0.700000,0.000000,61,160,170,180,200,210,310,360,430,430,430,170,0,61,112.16945529398372,40.347600006498396,426.5676000213716,141.64705882352942
1777952665,70,,Aggregated,0.700000,0.000000,61,160,170,180,200,210,310,360,430,430,430,170,0,61,112.16945529398372,40.347600006498396,426.5676000213716,141.64705882352942
1777952666,70,,Aggregated,0.000000,0.000000,61,160,170,180,190,210,310,360,430,430,430,171,0,61,111.79756081856416,40.347600006498396,426.5676000213716,140.8187134502924
1777952667,70,,Aggregated,0.000000,0.000000,61,160,170,180,190,210,310,360,430,430,430,171,0,61,111.79756081856416,40.347600006498396,426.5676000213716,140.8187134502924
1777952668,70,,Aggregated,0.000000,0.000000,61,160,170,180,190,210,310,360,430,430,430,171,0,61,111.79756081856416,40.347600006498396,426.5676000213716,140.8187134502924
1777952669,70,,Aggregated,0.000000,0.000000,61,160,170,180,190,210,310,360,430,430,430,171,0,61,111.79756081856416,40.347600006498396,426.5676000213716,140.8187134502924
1777952670,70,,Aggregated,0.000000,0.000000,61,160,170,180,190,210,310,360,430,430,430,171,0,61,111.79756081856416,40.347600006498396,426.5676000213716,140.8187134502924
1777952671,70,,Aggregated,0.000000,0.000000,61,160,170,180,190,210,310,360,430,430,430,171,0,61,111.79756081856416,40.347600006498396,426.5676000213716,140.8187134502924
1777952672,70,,Aggregated,0.000000,0.000000,61,160,170,180,190,210,310,360,430,430,430,171,0,61,111.79756081856416,40.347600006498396,426.5676000213716,140.8187134502924
1777952673,70,,Aggregated,0.000000,0.000000,61,160,170,180,190,210,310,360,430,430,430,171,0,61,111.79756081856416,40.347600006498396,426.5676000213716,140.8187134502924
1777952674,70,,Aggregated,0.000000,0.000000,61,160,170,180,190,210,310,360,430,430,430,171,0,61,111.79756081856416,40.347600006498396,426.5676000213716,140.8187134502924
1777952675,70,,Aggregated,0.100000,0.000000,61,160,170,180,190,210,310,360,430,430,430,172,0,61,111.43137790688428,40.347600006498396,426.5676000213716,140.0
1777952676,70,,Aggregated,0.100000,0.000000,61,160,170,180,190,210,310,360,430,430,430,172,0,61,111.43137790688428,40.347600006498396,426.5676000213716,140.0
1777952677,70,,Aggregated,0.100000,0.000000,61,160,170,180,190,210,310,360,430,430,430,174,0,61,110.76007816079473,40.347600006498396,426.5676000213716,138.39080459770116
1777952678,70,,Aggregated,0.100000,0.000000,61,160,170,180,190,210,310,360,430,430,430,174,0,61,110.76007816079473,40.347600006498396,426.5676000213716,138.39080459770116
1777952679,70,,Aggregated,0.100000,0.000000,61,160,170,180,190,210,310,360,430,430,430,174,0,61,110.76007816079473,40.347600006498396,426.5676000213716,138.39080459770116
1777952680,70,,Aggregated,0.100000,0.000000,61,160,170,180,190,210,310,360,430,430,430,174,0,61,110.76007816079473,40.347600006498396,426.5676000213716,138.39080459770116
1777952681,70,,Aggregated,0.300000,0.000000,61,160,170,180,190,210,310,360,430,430,430,175,0,61,110.41803942843606,40.347600006498396,426.5676000213716,137.6
1777952682,70,,Aggregated,0.300000,0.000000,61,160,170,180,190,210,310,360,430,430,430,175,0,61,110.41803942843606,40.347600006498396,426.5676000213716,137.6
1777952683,70,,Aggregated,0.300000,0.000000,61,160,170,180,190,210,310,360,430,430,430,175,0,61,110.41803942843606,40.347600006498396,426.5676000213716,137.6
1777952684,70,,Aggregated,0.300000,0.000000,61,160,170,180,190,210,310,360,430,430,430,175,0,61,110.41803942843606,40.347600006498396,426.5676000213716,137.6
1777952685,70,,Aggregated,0.300000,0.000000,61,160,170,180,190,210,310,360,430,430,430,175,0,61,110.41803942843606,40.347600006498396,426.5676000213716,137.6
1777952686,70,,Aggregated,0.400000,0.000000,61,160,170,180,190,210,310,360,430,430,430,176,0,61,110.07297897727271,40.347600006498396,426.5676000213716,136.8181818181818
1777952687,70,,Aggregated,0.400000,0.000000,61,160,170,180,190,210,310,360,430,430,430,177,0,61,109.79177796618623,40.347600006498396,426.5676000213716,136.045197740113
1777952688,70,,Aggregated,0.400000,0.000000,61,160,170,180,190,210,310,360,430,430,430,177,0,61,109.79177796618623,40.347600006498396,426.5676000213716,136.045197740113
1777952689,70,,Aggregated,0.400000,0.000000,61,160,170,180,190,210,310,360,430,430,430,180,0,61,108.91858777807404,40.347600006498396,426.5676000213716,133.77777777777777
1777952690,70,,Aggregated,0.400000,0.000000,61,160,170,180,190,210,310,360,430,430,430,180,0,61,108.91858777807404,40.347600006498396,426.5676000213716,133.77777777777777
1777952691,70,,Aggregated,0.300000,0.000000,61,160,170,170,190,200,310,360,430,430,430,182,0,61,108.31200384635959,40.347600006498396,426.5676000213716,132.30769230769232
1777952692,70,,Aggregated,0.300000,0.000000,61,160,170,170,190,200,310,360,430,430,430,182,0,61,108.31200384635959,40.347600006498396,426.5676000213716,132.30769230769232
1777952693,70,,Aggregated,0.300000,0.000000,61,160,170,170,190,200,310,360,430,430,430,182,0,61,108.31200384635959,40.347600006498396,426.5676000213716,132.30769230769232
1777952694,70,,Aggregated,0.300000,0.000000,61,160,170,170,190,200,310,360,430,430,430,182,0,61,108.31200384635959,40.347600006498396,426.5676000213716,132.30769230769232
1777952695,70,,Aggregated,0.300000,0.000000,61,160,170,170,190,200,310,360,430,430,430,182,0,61,108.31200384635959,40.347600006498396,426.5676000213716,132.30769230769232
1777952696,70,,Aggregated,0.300000,0.000000,61,160,170,170,190,200,310,360,430,430,430,182,0,61,108.31200384635959,40.347600006498396,426.5676000213716,132.30769230769232
1777952697,70,,Aggregated,0.300000,0.000000,61,160,170,170,190,200,310,360,430,430,430,182,0,61,108.31200384635959,40.347600006498396,426.5676000213716,132.30769230769232
1777952698,70,,Aggregated,0.300000,0.000000,61,160,170,170,190,200,310,360,430,430,430,182,0,61,108.31200384635959,40.347600006498396,426.5676000213716,132.30769230769232
1777952699,70,,Aggregated,0.600000,0.000000,61,150,170,170,190,200,310,360,430,430,430,184,0,60,107.73384076104696,40.347600006498396,426.5676000213716,130.8695652173913
1777952700,70,,Aggregated,0.600000,0.000000,61,150,170,170,190,200,310,360,430,430,430,184,0,60,107.73384076104696,40.347600006498396,426.5676000213716,130.8695652173913
1777952701,70,,Aggregated,0.600000,0.000000,61,150,170,170,190,200,310,360,430,430,430,184,0,60,107.73384076104696,40.347600006498396,426.5676000213716,130.8695652173913
1777952702,70,,Aggregated,0.400000,0.000000,60,150,170,170,190,200,310,360,430,430,430,186,0,60,107.11103225826606,40.347600006498396,426.5676000213716,129.46236559139786
1777952704,70,,Aggregated,0.400000,0.000000,60,150,170,170,190,200,310,360,430,430,430,186,0,60,107.11103225826606,40.347600006498396,426.5676000213716,129.46236559139786
1777952705,70,,Aggregated,0.400000,0.000000,60,150,170,170,190,200,310,360,430,430,430,186,0,60,107.11103225826606,40.347600006498396,426.5676000213716,129.46236559139786
1777952706,70,,Aggregated,0.400000,0.000000,60,150,170,170,190,200,310,360,430,430,430,186,0,60,107.11103225826606,40.347600006498396,426.5676000213716,129.46236559139786
1777952707,70,,Aggregated,0.400000,0.000000,60,150,170,170,190,200,310,360,430,430,430,186,0,60,107.11103225826606,40.347600006498396,426.5676000213716,129.46236559139786
1777952708,70,,Aggregated,0.400000,0.000000,60,150,170,170,190,200,310,360,430,430,430,186,0,60,107.11103225826606,40.347600006498396,426.5676000213716,129.46236559139786
1777952709,70,,Aggregated,0.400000,0.000000,60,150,170,170,190,200,310,360,430,430,430,186,0,60,107.11103225826606,40.347600006498396,426.5676000213716,129.46236559139786
1777952710,70,,Aggregated,0.400000,0.000000,60,150,170,170,190,200,310,360,430,430,430,187,0,60,106.86000641734205,40.347600006498396,426.5676000213716,128.77005347593584
1777952711,70,,Aggregated,0.400000,0.000000,60,150,170,170,190,200,310,360,430,430,430,189,0,60,106.62588148169027,40.347600006498396,426.5676000213716,127.4074074074074
1777952712,70,,Aggregated,0.400000,0.000000,60,150,170,170,190,200,310,360,430,430,430,189,0,60,106.62588148169027,40.347600006498396,426.5676000213716,127.4074074074074
1777952713,70,,Aggregated,0.400000,0.000000,60,150,170,170,190,200,310,360,430,430,430,189,0,60,106.62588148169027,40.347600006498396,426.5676000213716,127.4074074074074
1777952714,70,,Aggregated,0.500000,0.000000,60,150,170,170,190,200,310,360,430,430,430,190,0,60,106.32247157903437,40.347600006498396,426.5676000213716,126.73684210526316
1777952715,70,,Aggregated,0.500000,0.000000,60,150,170,170,190,200,310,360,430,430,430,190,0,60,106.32247157903437,40.347600006498396,426.5676000213716,126.73684210526316
1777952716,70,,Aggregated,0.500000,0.000000,60,150,170,170,190,200,310,360,430,430,430,190,0,60,106.32247157903437,40.347600006498396,426.5676000213716,126.73684210526316
1777952717,70,,Aggregated,0.500000,0.000000,60,150,170,170,190,200,310,360,430,430,430,190,0,60,106.32247157903437,40.347600006498396,426.5676000213716,126.73684210526316
1777952718,70,,Aggregated,0.400000,0.000000,60,150,170,170,190,200,310,360,430,430,430,192,0,60,105.9394083334458,40.347600006498396,426.5676000213716,125.41666666666667
1777952719,70,,Aggregated,0.400000,0.000000,60,150,170,170,190,200,310,360,430,430,430,192,0,60,105.9394083334458,40.347600006498396,426.5676000213716,125.41666666666667
1777952720,70,,Aggregated,0.400000,0.000000,60,150,170,170,190,200,310,360,430,430,430,192,0,60,105.9394083334458,40.347600006498396,426.5676000213716,125.41666666666667
1777952721,70,,Aggregated,0.400000,0.000000,60,150,170,170,190,200,310,360,430,430,430,192,0,60,105.9394083334458,40.347600006498396,426.5676000213716,125.41666666666667
1777952722,70,,Aggregated,0.400000,0.000000,60,150,170,170,190,200,310,360,430,430,430,192,0,60,105.9394083334458,40.347600006498396,426.5676000213716,125.41666666666667
1777952723,70,,Aggregated,0.400000,0.000000,60,150,170,170,190,200,310,360,430,430,430,192,0,60,105.9394083334458,40.347600006498396,426.5676000213716,125.41666666666667
1777952724,70,,Aggregated,0.400000,0.000000,60,150,170,170,190,200,310,360,430,430,430,192,0,60,105.9394083334458,40.347600006498396,426.5676000213716,125.41666666666667
1777952725,70,,Aggregated,0.400000,0.000000,60,150,170,170,190,200,310,360,430,430,430,192,0,60,105.9394083334458,40.347600006498396,426.5676000213716,125.41666666666667
1777952726,70,,Aggregated,0.400000,0.000000,60,150,170,170,190,200,310,360,430,430,430,192,0,60,105.9394083334458,40.347600006498396,426.5676000213716,125.41666666666667
1777952727,70,,Aggregated,0.200000,0.000000,60,150,170,170,190,200,310,360,430,430,430,194,0,60,105.4510561855553,40.347600006498396,426.5676000213716,124.12371134020619
1777952728,70,,Aggregated,0.200000,0.000000,60,150,170,170,190,200,310,360,430,430,430,194,0,60,105.4510561855553,40.347600006498396,426.5676000213716,124.12371134020619
1777952729,70,,Aggregated,0.200000,0.000000,60,150,170,170,190,200,310,360,430,430,430,194,0,60,105.4510561855553,40.347600006498396,426.5676000213716,124.12371134020619
1777952730,70,,Aggregated,0.200000,0.000000,60,150,170,170,190,200,310,360,430,430,430,196,0,60,105.17823316316638,40.347600006498396,426.5676000213716,122.85714285714286
1777952731,70,,Aggregated,0.200000,0.000000,60,140,170,170,190,200,310,360,430,430,430,198,0,60,104.65396515145484,40.347600006498396,426.5676000213716,121.61616161616162
1777952732,70,,Aggregated,0.200000,0.000000,60,140,170,170,190,200,290,320,430,430,430,202,0,60,103.87190346508679,40.347600006498396,426.5676000213716,119.20792079207921
1777952733,70,,Aggregated,0.200000,0.000000,60,140,170,170,190,200,290,320,430,430,430,202,0,60,103.87190346508679,40.347600006498396,426.5676000213716,119.20792079207921
1777952734,70,,Aggregated,0.200000,0.000000,60,140,170,170,190,200,290,320,430,430,430,202,0,60,103.87190346508679,40.347600006498396,426.5676000213716,119.20792079207921
1777952735,70,,Aggregated,0.200000,0.000000,60,140,170,170,190,200,290,320,430,430,430,202,0,60,103.87190346508679,40.347600006498396,426.5676000213716,119.20792079207921
1777952736,70,,Aggregated,0.200000,0.000000,60,140,170,170,190,200,290,320,430,430,430,202,0,60,103.87190346508679,40.347600006498396,426.5676000213716,119.20792079207921
1777952737,70,,Aggregated,0.200000,0.000000,60,140,170,170,190,200,290,320,430,430,430,202,0,60,103.87190346508679,40.347600006498396,426.5676000213716,119.20792079207921
1777952738,70,,Aggregated,0.200000,0.000000,60,140,170,170,190,200,290,320,430,430,430,202,0,60,103.87190346508679,40.347600006498396,426.5676000213716,119.20792079207921
1777952739,70,,Aggregated,0.200000,0.000000,60,140,170,170,190,200,290,320,430,430,430,202,0,60,103.87190346508679,40.347600006498396,426.5676000213716,119.20792079207921
1777952740,70,,Aggregated,1.000000,0.000000,60,140,170,170,190,200,290,320,430,430,430,203,0,60,103.65474285681736,40.347600006498396,426.5676000213716,118.62068965517241
1777952741,70,,Aggregated,1.000000,0.000000,60,140,170,170,190,200,290,320,430,430,430,203,0,60,103.65474285681736,40.347600006498396,426.5676000213716,118.62068965517241
1777952742,70,,Aggregated,1.000000,0.000000,60,140,170,170,190,200,290,320,430,430,430,203,0,60,103.65474285681736,40.347600006498396,426.5676000213716,118.62068965517241
1777952743,70,,Aggregated,1.000000,0.000000,60,140,170,170,190,200,290,320,430,430,430,203,0,60,103.65474285681736,40.347600006498396,426.5676000213716,118.62068965517241
1777952744,70,,Aggregated,1.000000,0.000000,60,140,170,170,190,200,290,320,430,430,430,203,0,60,103.65474285681736,40.347600006498396,426.5676000213716,118.62068965517241
1777952745,70,,Aggregated,1.000000,0.000000,60,140,170,170,190,200,290,320,430,430,430,203,0,60,103.65474285681736,40.347600006498396,426.5676000213716,118.62068965517241
1777952746,70,,Aggregated,1.000000,0.000000,60,140,170,170,190,200,290,320,430,430,430,203,0,60,103.65474285681736,40.347600006498396,426.5676000213716,118.62068965517241
1777952747,70,,Aggregated,1.000000,0.000000,60,140,170,170,190,200,290,320,430,430,430,203,0,60,103.65474285681736,40.347600006498396,426.5676000213716,118.62068965517241
1777952748,70,,Aggregated,1.000000,0.000000,60,140,170,170,190,200,290,320,430,430,430,203,0,60,103.65474285681736,40.347600006498396,426.5676000213716,118.62068965517241
1777952749,70,,Aggregated,0.100000,0.000000,60,140,170,170,190,200,290,320,430,430,430,204,0,60,103.39272843103733,40.347600006498396,426.5676000213716,118.03921568627452
1777952750,70,,Aggregated,0.100000,0.000000,60,140,170,170,190,200,290,320,430,430,430,204,0,60,103.39272843103733,40.347600006498396,426.5676000213716,118.03921568627452
1777952751,70,,Aggregated,0.100000,0.000000,60,140,170,170,190,200,290,320,430,430,430,204,0,60,103.39272843103733,40.347600006498396,426.5676000213716,118.03921568627452
1777952752,70,,Aggregated,0.100000,0.000000,60,140,170,170,190,200,290,320,430,430,430,204,0,60,103.39272843103733,40.347600006498396,426.5676000213716,118.03921568627452
1777952753,70,,Aggregated,0.100000,0.000000,60,140,170,170,190,200,290,320,430,430,430,204,0,60,103.39272843103733,40.347600006498396,426.5676000213716,118.03921568627452
1777952754,70,,Aggregated,0.100000,0.000000,60,140,170,170,190,200,290,320,430,430,430,204,0,60,103.39272843103733,40.347600006498396,426.5676000213716,118.03921568627452
1777952755,70,,Aggregated,0.100000,0.000000,60,140,170,170,190,200,290,320,430,430,430,204,0,60,103.39272843103733,40.347600006498396,426.5676000213716,118.03921568627452
1777952756,70,,Aggregated,0.100000,0.000000,60,140,170,170,190,200,290,320,430,430,430,204,0,60,103.39272843103733,40.347600006498396,426.5676000213716,118.03921568627452
1777952757,70,,Aggregated,0.100000,0.000000,60,140,170,170,190,200,290,320,430,430,430,205,0,60,103.18043024361519,40.347600006498396,426.5676000213716,117.46341463414635
1777952758,70,,Aggregated,0.100000,0.000000,60,140,170,170,190,200,290,320,430,430,430,205,0,60,103.18043024361519,40.347600006498396,426.5676000213716,117.46341463414635
1777952759,70,,Aggregated,0.100000,0.000000,60,120,170,170,190,200,290,320,430,430,430,206,0,60,102.98038737832013,40.347600006498396,426.5676000213716,116.89320388349515
1777952760,70,,Aggregated,0.100000,0.000000,60,120,170,170,190,200,290,320,430,430,430,206,0,60,102.98038737832013,40.347600006498396,426.5676000213716,116.89320388349515
1777952761,70,,Aggregated,0.200000,0.000000,60,120,170,170,190,200,290,320,430,430,430,207,1,60,102.76987149724894,40.347600006498396,426.5676000213716,116.32850241545894
1777952762,70,,Aggregated,0.200000,0.000000,60,120,170,170,190,200,290,320,430,430,430,207,1,60,102.76987149724894,40.347600006498396,426.5676000213716,116.32850241545894
1777952763,70,,Aggregated,0.200000,0.000000,60,100,170,170,190,200,290,320,430,430,430,209,1,60,102.31149712890502,40.347600006498396,426.5676000213716,115.2153110047847
1777952764,70,,Aggregated,0.200000,0.000000,60,100,170,170,190,200,290,320,430,430,430,209,1,60,102.31149712890502,40.347600006498396,426.5676000213716,115.2153110047847
1777952765,70,,Aggregated,0.500000,0.100000,60,100,170,170,190,200,290,320,430,430,430,211,1,60,101.9158876773855,40.347600006498396,426.5676000213716,114.12322274881517
1777952766,70,,Aggregated,0.500000,0.100000,60,100,170,170,190,200,290,320,430,430,430,211,1,60,101.9158876773855,40.347600006498396,426.5676000213716,114.12322274881517
1777952767,70,,Aggregated,0.500000,0.100000,60,100,170,170,190,200,290,320,430,430,430,211,1,60,101.9158876773855,40.347600006498396,426.5676000213716,114.12322274881517
1777952768,70,,Aggregated,0.500000,0.100000,60,100,170,170,190,200,290,320,430,430,430,211,1,60,101.9158876773855,40.347600006498396,426.5676000213716,114.12322274881517
1777952769,70,,Aggregated,0.700000,0.100000,60,98,170,170,190,200,290,320,430,430,430,212,1,60,101.69339292426814,40.347600006498396,426.5676000213716,113.58490566037736
1777952770,70,,Aggregated,0.700000,0.100000,60,98,170,170,190,200,290,320,430,430,430,212,1,60,101.69339292426814,40.347600006498396,426.5676000213716,113.58490566037736
1777952771,70,,Aggregated,0.700000,0.100000,60,98,170,170,190,200,290,320,430,430,430,212,1,60,101.69339292426814,40.347600006498396,426.5676000213716,113.58490566037736
1777952772,70,,Aggregated,0.600000,0.100000,60,98,170,170,190,200,290,320,430,430,430,213,1,60,101.45190375555906,40.347600006498396,426.5676000213716,113.05164319248826
1777952773,70,,Aggregated,0.600000,0.100000,60,98,170,170,190,200,290,320,430,430,430,213,1,60,101.45190375555906,40.347600006498396,426.5676000213716,113.05164319248826
1777952774,70,,Aggregated,0.600000,0.100000,60,98,170,170,190,200,290,320,430,430,430,213,1,60,101.45190375555906,40.347600006498396,426.5676000213716,113.05164319248826
1777952775,70,,Aggregated,0.600000,0.100000,60,98,170,170,190,200,290,320,430,430,430,213,1,60,101.45190375555906,40.347600006498396,426.5676000213716,113.05164319248826
1777952776,70,,Aggregated,0.400000,0.000000,60,92,170,170,190,200,290,320,430,430,430,215,2,60,101.06614883691289,40.347600006498396,426.5676000213716,112.0
1777952777,70,,Aggregated,0.400000,0.000000,60,92,170,170,190,200,290,320,430,430,430,215,2,60,101.06614883691289,40.347600006498396,426.5676000213716,112.0
1777952778,70,,Aggregated,0.400000,0.000000,60,92,170,170,190,200,290,320,430,430,430,215,2,60,101.06614883691289,40.347600006498396,426.5676000213716,112.0
1777952779,70,,Aggregated,0.400000,0.000000,60,92,170,170,190,200,290,320,430,430,430,215,2,60,101.06614883691289,40.347600006498396,426.5676000213716,112.0
1777952780,70,,Aggregated,0.400000,0.000000,60,92,170,170,190,200,290,320,430,430,430,215,2,60,101.06614883691289,40.347600006498396,426.5676000213716,112.0
1777952781,70,,Aggregated,0.400000,0.100000,60,98,170,170,190,200,290,320,430,430,430,216,2,60,101.36936249977292,40.347600006498396,426.5676000213716,111.48148148148148
1777952782,70,,Aggregated,0.400000,0.100000,60,98,170,170,190,200,290,320,430,430,430,216,2,60,101.36936249977292,40.347600006498396,426.5676000213716,111.48148148148148
1777952783,70,,Aggregated,0.400000,0.100000,60,98,170,170,190,200,290,320,430,430,430,216,2,60,101.36936249977292,40.347600006498396,426.5676000213716,111.48148148148148
1777952784,70,,Aggregated,0.400000,0.100000,60,98,170,170,190,200,290,320,430,430,430,216,2,60,101.36936249977292,40.347600006498396,426.5676000213716,111.48148148148148
1777952785,70,,Aggregated,0.400000,0.100000,60,98,170,170,190,200,290,320,430,430,430,216,2,60,101.36936249977292,40.347600006498396,426.5676000213716,111.48148148148148
1777952786,70,,Aggregated,0.400000,0.100000,60,98,170,170,190,200,290,320,430,430,430,216,2,60,101.36936249977292,40.347600006498396,426.5676000213716,111.48148148148148
1777952787,70,,Aggregated,0.400000,0.100000,60,98,170,170,190,200,290,320,430,430,430,216,2,60,101.36936249977292,40.347600006498396,426.5676000213716,111.48148148148148
1777952788,70,,Aggregated,0.400000,0.100000,60,98,170,170,190,200,290,320,430,430,430,216,2,60,101.36936249977292,40.347600006498396,426.5676000213716,111.48148148148148
1777952789,70,,Aggregated,0.100000,0.000000,60,98,170,170,190,200,290,320,430,430,430,217,3,60,101.14425760350504,40.347600006498396,426.5676000213716,110.96774193548387
1777952790,70,,Aggregated,0.100000,0.000000,60,98,170,170,190,200,290,320,430,430,430,217,3,60,101.14425760350504,40.347600006498396,426.5676000213716,110.96774193548387
1777952791,70,,Aggregated,0.100000,0.000000,60,92,170,170,190,200,290,320,430,430,430,218,3,60,100.94991330257105,40.347600006498396,426.5676000213716,110.45871559633028
1777952792,70,,Aggregated,0.100000,0.000000,60,92,170,170,190,200,290,320,430,430,430,218,3,60,100.94991330257105,40.347600006498396,426.5676000213716,110.45871559633028
1777952793,70,,Aggregated,0.100000,0.000000,60,92,170,170,190,200,290,320,430,430,430,218,3,60,100.94991330257105,40.347600006498396,426.5676000213716,110.45871559633028
1777952794,70,,Aggregated,0.200000,0.100000,60,92,170,170,190,200,290,320,430,430,430,219,3,60,100.73716986284391,40.347600006498396,426.5676000213716,109.95433789954338
1777952795,70,,Aggregated,0.200000,0.100000,60,92,170,170,190,200,290,320,430,430,430,219,3,60,100.73716986284391,40.347600006498396,426.5676000213716,109.95433789954338
1777952796,70,,Aggregated,0.200000,0.100000,60,90,170,170,190,200,290,320,430,430,430,222,4,60,100.11971891891245,40.347600006498396,426.5676000213716,108.46846846846847
1777952797,70,,Aggregated,0.200000,0.100000,60,90,170,170,190,200,290,320,430,430,430,222,4,60,100.11971891891245,40.347600006498396,426.5676000213716,108.46846846846847
1777952799,70,,Aggregated,0.200000,0.100000,60,90,170,170,190,200,290,320,430,430,430,222,4,60,100.11971891891245,40.347600006498396,426.5676000213716,108.46846846846847
1777952800,70,,Aggregated,0.200000,0.100000,60,90,170,170,190,200,290,320,430,430,430,222,4,60,100.11971891891245,40.347600006498396,426.5676000213716,108.46846846846847
1777952801,70,,Aggregated,0.200000,0.100000,60,90,170,170,190,200,290,320,430,430,430,222,4,60,100.11971891891245,40.347600006498396,426.5676000213716,108.46846846846847
1777952802,70,,Aggregated,0.200000,0.100000,60,90,170,170,190,200,290,320,430,430,430,222,4,60,100.11971891891245,40.347600006498396,426.5676000213716,108.46846846846847
1777952803,70,,Aggregated,0.200000,0.100000,60,90,170,170,190,200,290,320,430,430,430,222,4,60,100.11971891891245,40.347600006498396,426.5676000213716,108.46846846846847
1777952804,70,,Aggregated,0.200000,0.100000,60,90,170,170,190,200,290,320,430,430,430,222,4,60,100.11971891891245,40.347600006498396,426.5676000213716,108.46846846846847
1777952805,70,,Aggregated,0.200000,0.100000,60,90,170,170,190,200,290,320,430,430,430,222,4,60,100.11971891891245,40.347600006498396,426.5676000213716,108.46846846846847
1777952806,70,,Aggregated,0.400000,0.100000,60,87,170,170,190,200,290,320,430,430,430,224,4,60,99.8160361605187,40.347600006498396,426.5676000213716,107.5
1777952807,70,,Aggregated,0.400000,0.100000,60,87,170,170,190,200,290,320,430,430,430,224,4,60,99.8160361605187,40.347600006498396,426.5676000213716,107.5
1777952808,70,,Aggregated,0.400000,0.100000,60,87,170,170,190,200,290,320,430,430,430,224,4,60,99.8160361605187,40.347600006498396,426.5676000213716,107.5
1777952809,70,,Aggregated,0.400000,0.100000,60,87,170,170,190,200,290,320,430,430,430,224,4,60,99.8160361605187,40.347600006498396,426.5676000213716,107.5
1777952810,70,,Aggregated,0.400000,0.100000,60,87,170,170,190,200,290,320,430,430,430,224,4,60,99.8160361605187,40.347600006498396,426.5676000213716,107.5
1777952811,70,,Aggregated,0.400000,0.100000,60,87,170,170,190,200,290,320,430,430,430,224,4,60,99.8160361605187,40.347600006498396,426.5676000213716,107.5
1777952812,70,,Aggregated,0.200000,0.000000,60,87,160,170,190,200,290,320,430,430,430,225,5,60,99.62981599978067,40.347600006498396,426.5676000213716,107.02222222222223
1777952813,70,,Aggregated,0.200000,0.000000,60,87,160,170,190,200,290,320,430,430,430,225,5,60,99.62981599978067,40.347600006498396,426.5676000213716,107.02222222222223
1777952814,70,,Aggregated,0.200000,0.000000,60,87,160,170,190,200,290,320,430,430,430,225,5,60,99.62981599978067,40.347600006498396,426.5676000213716,107.02222222222223
1777952815,70,,Aggregated,0.200000,0.000000,60,87,160,170,190,200,290,320,430,430,430,225,5,60,99.62981599978067,40.347600006498396,426.5676000213716,107.02222222222223
1777952816,70,,Aggregated,0.200000,0.000000,60,87,160,170,190,200,290,320,430,430,430,225,5,60,99.62981599978067,40.347600006498396,426.5676000213716,107.02222222222223
1777952817,70,,Aggregated,0.200000,0.000000,60,87,160,170,190,200,290,320,430,430,430,225,5,60,99.62981599978067,40.347600006498396,426.5676000213716,107.02222222222223
1777952818,70,,Aggregated,0.300000,0.100000,60,87,160,170,190,200,290,320,430,430,430,226,6,60,99.45481769888418,40.347600006498396,426.5676000213716,106.54867256637168
1777952819,70,,Aggregated,0.100000,0.100000,60,87,160,170,190,200,290,320,430,430,430,227,7,60,99.22290044028459,40.347600006498396,426.5676000213716,106.07929515418502
1777952820,70,,Aggregated,0.100000,0.100000,60,87,160,170,190,200,290,320,430,430,430,227,7,60,99.22290044028459,40.347600006498396,426.5676000213716,106.07929515418502
1777952821,70,,Aggregated,0.100000,0.100000,60,87,160,170,190,200,290,320,430,430,430,227,7,60,99.22290044028459,40.347600006498396,426.5676000213716,106.07929515418502
1777952822,70,,Aggregated,0.100000,0.100000,60,87,160,170,190,200,290,320,430,430,430,227,7,60,99.22290044028459,40.347600006498396,426.5676000213716,106.07929515418502
1777952823,70,,Aggregated,0.100000,0.100000,60,87,160,170,190,200,290,320,430,430,430,227,7,60,99.22290044028459,40.347600006498396,426.5676000213716,106.07929515418502
1777952824,70,,Aggregated,0.100000,0.100000,60,87,160,170,190,200,290,320,430,430,430,227,7,60,99.22290044028459,40.347600006498396,426.5676000213716,106.07929515418502
1777952825,70,,Aggregated,0.200000,0.200000,60,87,160,170,190,200,290,320,430,430,430,228,7,60,99.05172412254615,40.347600006498396,426.5676000213716,105.6140350877193
1777952826,70,,Aggregated,0.200000,0.200000,60,87,160,170,190,200,290,320,430,430,430,228,7,60,99.05172412254615,40.347600006498396,426.5676000213716,105.6140350877193
1777952827,70,,Aggregated,0.200000,0.200000,60,87,160,170,190,200,290,320,430,430,430,228,7,60,99.05172412254615,40.347600006498396,426.5676000213716,105.6140350877193
1777952828,70,,Aggregated,0.200000,0.200000,60,87,160,170,190,200,290,320,430,430,430,228,7,60,99.05172412254615,40.347600006498396,426.5676000213716,105.6140350877193
1777952829,70,,Aggregated,0.200000,0.200000,60,87,160,170,190,200,290,320,430,430,430,228,7,60,99.05172412254615,40.347600006498396,426.5676000213716,105.6140350877193
1777952830,70,,Aggregated,0.200000,0.200000,60,87,160,170,190,200,290,320,430,430,430,228,7,60,99.05172412254615,40.347600006498396,426.5676000213716,105.6140350877193
1777952831,70,,Aggregated,0.100000,0.000000,60,87,160,170,190,200,290,320,430,430,430,229,7,60,98.90113624425881,40.347600006498396,426.5676000213716,105.1528384279476
1777952832,70,,Aggregated,0.100000,0.000000,60,87,160,170,190,200,290,320,430,430,430,229,7,60,98.90113624425881,40.347600006498396,426.5676000213716,105.1528384279476
1777952833,70,,Aggregated,0.100000,0.000000,60,87,160,170,190,200,290,320,430,430,430,230,7,60,98.70271565185091,40.347600006498396,426.5676000213716,104.69565217391305
1777952834,70,,Aggregated,0.100000,0.000000,60,87,160,170,190,200,290,320,430,430,430,230,7,60,98.70271565185091,40.347600006498396,426.5676000213716,104.69565217391305
1777952835,70,,Aggregated,0.100000,0.000000,60,87,160,170,190,200,290,320,430,430,430,230,7,60,98.70271565185091,40.347600006498396,426.5676000213716,104.69565217391305
1777952836,70,,Aggregated,0.100000,0.000000,60,87,160,170,190,200,290,320,430,430,430,230,7,60,98.70271565185091,40.347600006498396,426.5676000213716,104.69565217391305
1777952837,70,,Aggregated,0.100000,0.000000,60,87,160,170,190,200,290,320,430,430,430,230,7,60,98.70271565185091,40.347600006498396,426.5676000213716,104.69565217391305
1777952838,70,,Aggregated,0.100000,0.000000,60,87,160,170,190,200,290,320,430,430,430,230,7,60,98.70271565185091,40.347600006498396,426.5676000213716,104.69565217391305
1777952839,70,,Aggregated,0.200000,0.000000,60,81,160,170,190,200,290,320,430,430,430,233,7,60,98.24813905550775,40.347600006498396,426.5676000213716,103.34763948497854
1777952840,70,,Aggregated,0.200000,0.000000,60,81,160,170,190,200,290,320,430,430,430,233,7,60,98.24813905550775,40.347600006498396,426.5676000213716,103.34763948497854
1777952841,70,,Aggregated,0.200000,0.000000,60,81,160,170,190,200,290,320,430,430,430,234,7,60,98.0737871791656,40.347600006498396,426.5676000213716,102.90598290598291
1777952842,70,,Aggregated,0.200000,0.000000,60,81,160,170,190,200,290,320,430,430,430,234,7,60,98.0737871791656,40.347600006498396,426.5676000213716,102.90598290598291
1777952843,70,,Aggregated,0.600000,0.000000,60,80,160,170,190,200,290,320,430,430,430,236,7,60,97.68833177915471,40.347600006498396,426.5676000213716,102.03389830508475
1777952844,70,,Aggregated,0.600000,0.000000,60,80,160,170,190,200,290,320,430,430,430,236,7,60,97.68833177915471,40.347600006498396,426.5676000213716,102.03389830508475
1777952845,70,,Aggregated,0.600000,0.000000,60,80,160,170,190,200,290,320,430,430,430,236,7,60,97.68833177915471,40.347600006498396,426.5676000213716,102.03389830508475
1777952846,70,,Aggregated,0.600000,0.000000,60,80,160,170,190,200,290,320,430,430,430,236,7,60,97.68833177915471,40.347600006498396,426.5676000213716,102.03389830508475
1777952847,70,,Aggregated,0.600000,0.000000,60,80,160,170,190,200,290,320,430,430,430,236,7,60,97.68833177915471,40.347600006498396,426.5676000213716,102.03389830508475
1777952848,70,,Aggregated,0.600000,0.000000,60,80,160,170,190,200,290,320,430,430,430,236,7,60,97.68833177915471,40.347600006498396,426.5676000213716,102.03389830508475
1777952849,70,,Aggregated,0.600000,0.000000,60,80,160,170,190,200,290,320,430,430,430,237,7,60,97.49381518937483,40.347600006498396,426.5676000213716,101.60337552742617
1777952850,70,,Aggregated,0.600000,0.000000,60,80,160,170,190,200,290,320,430,430,430,237,7,60,97.49381518937483,40.347600006498396,426.5676000213716,101.60337552742617
1777952851,70,,Aggregated,0.600000,0.000000,60,80,160,170,190,200,290,320,430,430,430,237,7,60,97.49381518937483,40.347600006498396,426.5676000213716,101.60337552742617
1777952852,70,,Aggregated,0.600000,0.000000,60,80,160,170,190,200,290,320,430,430,430,237,7,60,97.49381518937483,40.347600006498396,426.5676000213716,101.60337552742617
1777952853,70,,Aggregated,0.600000,0.000000,60,80,160,170,190,200,290,320,430,430,430,237,7,60,97.49381518937483,40.347600006498396,426.5676000213716,101.60337552742617
1777952854,70,,Aggregated,0.600000,0.000000,60,80,160,170,190,200,290,320,430,430,430,237,7,60,97.49381518937483,40.347600006498396,426.5676000213716,101.60337552742617
1777952855,70,,Aggregated,0.600000,0.000000,60,80,160,170,190,200,290,320,430,430,430,237,7,60,97.49381518937483,40.347600006498396,426.5676000213716,101.60337552742617
1777952856,70,,Aggregated,0.600000,0.000000,60,80,160,170,190,200,290,320,430,430,430,237,7,60,97.49381518937483,40.347600006498396,426.5676000213716,101.60337552742617
1777952857,70,,Aggregated,0.600000,0.000000,60,80,160,170,190,200,290,320,430,430,430,237,7,60,97.49381518937483,40.347600006498396,426.5676000213716,101.60337552742617
1777952858,70,,Aggregated,0.600000,0.000000,60,80,160,170,190,200,290,320,430,430,430,237,7,60,97.49381518937483,40.347600006498396,426.5676000213716,101.60337552742617
1777952859,70,,Aggregated,0.600000,0.000000,60,80,160,170,190,200,290,320,430,430,430,237,7,60,97.49381518937483,40.347600006498396,426.5676000213716,101.60337552742617
1777952860,70,,Aggregated,0.600000,0.000000,60,80,160,170,190,200,290,320,430,430,430,237,7,60,97.49381518937483,40.347600006498396,426.5676000213716,101.60337552742617
1777952861,70,,Aggregated,0.600000,0.000000,60,80,160,170,190,200,290,320,430,430,430,237,7,60,97.49381518937483,40.347600006498396,426.5676000213716,101.60337552742617
1777952862,70,,Aggregated,0.000000,0.000000,60,80,160,170,190,200,290,320,430,430,430,238,8,60,97.32206344485631,40.347600006498396,426.5676000213716,101.17647058823529
1777952863,70,,Aggregated,0.000000,0.000000,60,80,160,170,190,200,290,320,430,430,430,238,8,60,97.32206344485631,40.347600006498396,426.5676000213716,101.17647058823529
1777952864,70,,Aggregated,0.000000,0.000000,60,75,160,170,190,200,290,320,430,430,430,239,8,60,97.13084309578144,40.347600006498396,426.5676000213716,100.75313807531381
1777952865,70,,Aggregated,0.000000,0.000000,60,75,160,170,190,200,290,320,430,430,430,239,8,60,97.13084309578144,40.347600006498396,426.5676000213716,100.75313807531381
1777952866,70,,Aggregated,0.000000,0.000000,60,75,160,170,190,200,290,320,430,430,430,239,8,60,97.13084309578144,40.347600006498396,426.5676000213716,100.75313807531381
1777952867,70,,Aggregated,0.000000,0.000000,60,75,160,170,190,200,290,320,430,430,430,239,8,60,97.13084309578144,40.347600006498396,426.5676000213716,100.75313807531381
1777952868,70,,Aggregated,0.200000,0.100000,60,75,160,170,190,200,290,320,430,430,430,240,8,60,96.90818541615347,40.347600006498396,426.5676000213716,100.33333333333333
1777952869,70,,Aggregated,0.200000,0.100000,60,75,160,170,190,200,290,320,430,430,430,240,8,60,96.90818541615347,40.347600006498396,426.5676000213716,100.33333333333333
1777952870,70,,Aggregated,0.200000,0.100000,60,80,160,170,190,200,310,360,1300,1300,1300,241,8,60,102.02415892069375,40.347600006498396,1329.857800010359,99.91701244813278
1777952871,70,,Aggregated,0.200000,0.100000,60,80,160,170,190,200,310,360,1300,1300,1300,241,8,60,102.02415892069375,40.347600006498396,1329.857800010359,99.91701244813278
1777952872,70,,Aggregated,0.200000,0.100000,60,80,160,170,190,200,310,360,1300,1300,1300,241,8,60,102.02415892069375,40.347600006498396,1329.857800010359,99.91701244813278
1777952873,70,,Aggregated,0.200000,0.100000,60,80,160,170,190,200,310,360,1300,1300,1300,241,8,60,102.02415892069375,40.347600006498396,1329.857800010359,99.91701244813278
1777952874,70,,Aggregated,0.200000,0.100000,60,80,160,170,190,200,310,360,1300,1300,1300,241,8,60,102.02415892069375,40.347600006498396,1329.857800010359,99.91701244813278
1777952875,70,,Aggregated,0.200000,0.100000,60,80,160,170,190,200,310,360,1300,1300,1300,241,8,60,102.02415892069375,40.347600006498396,1329.857800010359,99.91701244813278
1777952876,70,,Aggregated,0.200000,0.100000,60,80,160,170,190,200,310,360,1300,1300,1300,241,8,60,102.02415892069375,40.347600006498396,1329.857800010359,99.91701244813278
1777952877,70,,Aggregated,0.200000,0.100000,60,80,160,170,190,200,310,360,1300,1300,1300,241,8,60,102.02415892069375,40.347600006498396,1329.857800010359,99.91701244813278
1777952878,70,,Aggregated,0.200000,0.100000,60,80,160,170,190,200,310,360,1300,1300,1300,241,8,60,102.02415892069375,40.347600006498396,1329.857800010359,99.91701244813278
1777952879,70,,Aggregated,0.200000,0.100000,60,80,160,170,190,200,310,360,1300,1300,1300,241,8,60,102.02415892069375,40.347600006498396,1329.857800010359,99.91701244813278
1777952880,70,,Aggregated,0.100000,0.000000,60,75,160,170,190,200,310,360,1300,1300,1300,242,8,60,101.84775826411537,40.347600006498396,1329.857800010359,99.50413223140495
1777952881,70,,Aggregated,0.100000,0.000000,60,75,160,170,190,200,310,360,1300,1300,1300,242,8,60,101.84775826411537,40.347600006498396,1329.857800010359,99.50413223140495
1777952882,70,,Aggregated,0.100000,0.000000,60,75,160,170,190,200,310,360,1300,1300,1300,242,8,60,101.84775826411537,40.347600006498396,1329.857800010359,99.50413223140495
1777952883,70,,Aggregated,0.100000,0.000000,60,75,160,170,190,200,310,360,1300,1300,1300,242,8,60,101.84775826411537,40.347600006498396,1329.857800010359,99.50413223140495
1777952884,70,,Aggregated,0.100000,0.000000,60,75,160,170,190,200,310,360,1300,1300,1300,242,8,60,101.84775826411537,40.347600006498396,1329.857800010359,99.50413223140495
1777952885,70,,Aggregated,0.100000,0.000000,60,75,160,170,190,200,310,360,1300,1300,1300,242,8,60,101.84775826411537,40.347600006498396,1329.857800010359,99.50413223140495
1777952886,70,,Aggregated,0.100000,0.000000,60,75,160,170,190,200,310,360,1300,1300,1300,242,8,60,101.84775826411537,40.347600006498396,1329.857800010359,99.50413223140495
1777952887,70,,Aggregated,0.100000,0.000000,60,75,160,170,190,200,310,360,1300,1300,1300,242,8,60,101.84775826411537,40.347600006498396,1329.857800010359,99.50413223140495
1777952889,70,,Aggregated,0.100000,0.000000,60,75,160,170,190,200,310,360,1300,1300,1300,242,8,60,101.84775826411537,40.347600006498396,1329.857800010359,99.50413223140495
1777952890,70,,Aggregated,0.100000,0.000000,60,75,160,170,190,200,310,360,1300,1300,1300,242,8,60,101.84775826411537,40.347600006498396,1329.857800010359,99.50413223140495
1777952891,70,,Aggregated,0.100000,0.000000,60,75,160,170,190,200,310,360,1300,1300,1300,243,8,60,101.73878395032145,40.347600006498396,1329.857800010359,99.09465020576131
1777952892,70,,Aggregated,0.100000,0.000000,60,75,160,170,190,200,310,360,1300,1300,1300,243,8,60,101.73878395032145,40.347600006498396,1329.857800010359,99.09465020576131
1777952893,70,,Aggregated,0.100000,0.000000,60,75,160,170,190,200,310,360,1300,1300,1300,244,9,60,101.51497991772304,40.347600006498396,1329.857800010359,98.68852459016394
1777952894,70,,Aggregated,0.100000,0.000000,60,75,160,170,190,200,310,360,1300,1300,1300,244,9,60,101.51497991772304,40.347600006498396,1329.857800010359,98.68852459016394
1777952895,70,,Aggregated,0.100000,0.000000,60,75,160,170,190,200,310,360,1300,1300,1300,244,9,60,101.51497991772304,40.347600006498396,1329.857800010359,98.68852459016394
1777952896,70,,Aggregated,0.200000,0.100000,60,75,160,170,190,200,310,360,1300,1300,1300,247,9,60,101.05409716568917,40.347600006498396,1329.857800010359,97.48987854251013
1777952897,70,,Aggregated,0.200000,0.100000,60,75,160,170,190,200,310,360,1300,1300,1300,247,9,60,101.05409716568917,40.347600006498396,1329.857800010359,97.48987854251013
1777952898,70,,Aggregated,0.200000,0.100000,60,75,160,170,190,200,310,360,1300,1300,1300,247,9,60,101.05409716568917,40.347600006498396,1329.857800010359,97.48987854251013
1777952899,70,,Aggregated,0.200000,0.100000,60,75,160,170,190,200,310,360,1300,1300,1300,247,9,60,101.05409716568917,40.347600006498396,1329.857800010359,97.48987854251013
1777952900,70,,Aggregated,0.200000,0.100000,60,75,160,170,190,200,310,360,1300,1300,1300,247,9,60,101.05409716568917,40.347600006498396,1329.857800010359,97.48987854251013
1777952901,70,,Aggregated,0.200000,0.100000,60,75,160,170,190,200,310,360,1300,1300,1300,247,9,60,101.05409716568917,40.347600006498396,1329.857800010359,97.48987854251013
1777952902,70,,Aggregated,0.200000,0.100000,60,75,160,170,190,200,310,360,1300,1300,1300,247,9,60,101.05409716568917,40.347600006498396,1329.857800010359,97.48987854251013
1777952903,70,,Aggregated,0.200000,0.100000,60,75,160,170,190,200,310,360,1300,1300,1300,247,9,60,101.05409716568917,40.347600006498396,1329.857800010359,97.48987854251013
1777952904,70,,Aggregated,0.500000,0.100000,60,74,160,170,190,200,310,360,1300,1300,1300,248,9,60,100.9054633062577,40.347600006498396,1329.857800010359,97.09677419354838
1777952905,70,,Aggregated,0.500000,0.100000,60,74,160,170,190,200,310,360,1300,1300,1300,248,9,60,100.9054633062577,40.347600006498396,1329.857800010359,97.09677419354838
1777952906,70,,Aggregated,0.500000,0.100000,60,74,160,170,190,200,310,360,1300,1300,1300,248,9,60,100.9054633062577,40.347600006498396,1329.857800010359,97.09677419354838
1777952907,70,,Aggregated,0.500000,0.100000,60,74,160,170,190,200,310,360,1300,1300,1300,248,9,60,100.9054633062577,40.347600006498396,1329.857800010359,97.09677419354838
1777952908,70,,Aggregated,0.500000,0.100000,60,74,160,170,190,200,310,360,1300,1300,1300,248,9,60,100.9054633062577,40.347600006498396,1329.857800010359,97.09677419354838
1777952909,70,,Aggregated,0.500000,0.100000,60,74,160,170,190,200,310,360,1300,1300,1300,248,9,60,100.9054633062577,40.347600006498396,1329.857800010359,97.09677419354838
1777952910,70,,Aggregated,0.500000,0.100000,60,74,160,170,190,200,310,360,1300,1300,1300,248,9,60,100.9054633062577,40.347600006498396,1329.857800010359,97.09677419354838
1777952911,70,,Aggregated,0.500000,0.100000,60,74,160,170,190,200,310,360,1300,1300,1300,248,9,60,100.9054633062577,40.347600006498396,1329.857800010359,97.09677419354838
1777952912,70,,Aggregated,0.100000,0.000000,60,75,160,170,190,200,320,430,1300,1300,1300,249,9,60,103.66812891543779,40.347600006498396,1329.857800010359,96.70682730923694
1777952913,70,,Aggregated,0.100000,0.000000,60,75,160,170,190,200,320,430,1300,1300,1300,250,10,60,103.5080183998216,40.347600006498396,1329.857800010359,96.32
1777952914,70,,Aggregated,0.100000,0.000000,60,75,160,170,190,200,320,430,1300,1300,1300,250,10,60,103.5080183998216,40.347600006498396,1329.857800010359,96.32
1777952915,70,,Aggregated,0.100000,0.000000,60,75,160,170,190,200,320,430,1300,1300,1300,250,10,60,103.5080183998216,40.347600006498396,1329.857800010359,96.32
1777952916,70,,Aggregated,0.200000,0.100000,60,75,160,170,190,200,310,430,1300,1300,1300,251,10,60,103.84482191214653,40.347600006498396,1329.857800010359,95.93625498007968
1777952917,70,,Aggregated,0.200000,0.100000,60,75,160,170,190,200,310,430,1300,1300,1300,253,11,60,103.59725968352254,40.347600006498396,1329.857800010359,95.17786561264822
1777952918,70,,Aggregated,0.200000,0.100000,60,75,160,170,190,200,310,430,1300,1300,1300,254,11,60,103.43784724378695,40.347600006498396,1329.857800010359,94.80314960629921
1777952919,70,,Aggregated,0.200000,0.100000,60,75,160,170,190,200,310,430,1300,1300,1300,254,11,60,103.43784724378695,40.347600006498396,1329.857800010359,94.80314960629921
1777952920,70,,Aggregated,0.600000,0.200000,60,75,160,170,190,200,310,430,1300,1300,1300,255,11,60,103.23190313693154,40.347600006498396,1329.857800010359,94.43137254901961
1777952921,70,,Aggregated,0.600000,0.200000,60,75,160,170,190,200,310,430,1300,1300,1300,255,11,60,103.23190313693154,40.347600006498396,1329.857800010359,94.43137254901961
1777952922,70,,Aggregated,0.600000,0.200000,60,75,160,170,190,200,310,430,1300,1300,1300,255,11,60,103.23190313693154,40.347600006498396,1329.857800010359,94.43137254901961
1777952923,70,,Aggregated,0.600000,0.200000,60,74,160,170,190,200,310,430,1300,1300,1300,256,11,60,103.09694023408156,40.347600006498396,1329.857800010359,94.0625
1777952924,70,,Aggregated,0.700000,0.200000,60,74,160,170,190,200,310,430,1300,1300,1300,257,12,60,102.94263891013726,40.347600006498396,1329.857800010359,93.6964980544747
1777952925,70,,Aggregated,0.700000,0.200000,60,74,160,170,190,200,310,430,1300,1300,1300,257,12,60,102.94263891013726,40.347600006498396,1329.857800010359,93.6964980544747
1777952926,70,,Aggregated,0.700000,0.200000,60,74,160,170,190,200,310,430,1300,1300,1300,257,12,60,102.94263891013726,40.347600006498396,1329.857800010359,93.6964980544747
1777952927,70,,Aggregated,0.700000,0.200000,60,74,160,170,190,200,310,430,1300,1300,1300,258,13,60,102.80972170506337,40.347600006498396,1329.857800010359,93.33333333333333
1777952928,70,,Aggregated,0.700000,0.200000,60,74,160,170,190,200,310,430,1300,1300,1300,258,13,60,102.80972170506337,40.347600006498396,1329.857800010359,93.33333333333333
1777952929,70,,Aggregated,0.700000,0.200000,60,74,160,170,190,200,310,430,1300,1300,1300,258,13,60,102.80972170506337,40.347600006498396,1329.857800010359,93.33333333333333
1777952930,70,,Aggregated,0.500000,0.200000,60,71,160,170,190,200,310,430,1300,1300,1300,259,13,60,102.65655714243607,40.347600006498396,1329.857800010359,92.97297297297297
1777952931,70,,Aggregated,0.500000,0.200000,60,71,160,170,190,200,310,430,1300,1300,1300,259,13,60,102.65655714243607,40.347600006498396,1329.857800010359,92.97297297297297
1777952932,70,,Aggregated,0.500000,0.200000,60,71,160,170,190,200,310,430,1300,1300,1300,260,13,60,102.51799307656117,40.347600006498396,1329.857800010359,92.61538461538461
1777952933,70,,Aggregated,0.500000,0.200000,60,71,160,170,190,200,310,430,1300,1300,1300,260,13,60,102.51799307656117,40.347600006498396,1329.857800010359,92.61538461538461
1777952934,70,,Aggregated,0.500000,0.200000,60,71,160,170,190,200,310,430,1300,1300,1300,260,13,60,102.51799307656117,40.347600006498396,1329.857800010359,92.61538461538461
1777952935,70,,Aggregated,0.500000,0.200000,60,71,160,170,190,200,310,430,1300,1300,1300,260,13,60,102.51799307656117,40.347600006498396,1329.857800010359,92.61538461538461
1777952936,70,,Aggregated,0.500000,0.200000,60,71,160,170,190,200,310,430,1300,1300,1300,260,13,60,102.51799307656117,40.347600006498396,1329.857800010359,92.61538461538461
1777952937,70,,Aggregated,0.500000,0.200000,60,71,160,170,190,200,310,430,1300,1300,1300,260,13,60,102.51799307656117,40.347600006498396,1329.857800010359,92.61538461538461
1777952938,70,,Aggregated,0.500000,0.200000,60,71,160,170,190,200,310,430,1300,1300,1300,260,13,60,102.51799307656117,40.347600006498396,1329.857800010359,92.61538461538461
1777952939,70,,Aggregated,0.200000,0.000000,60,71,160,170,190,200,310,430,1300,1300,1300,261,13,60,102.3446747122584,40.347600006498396,1329.857800010359,92.26053639846744
1777952940,70,,Aggregated,0.200000,0.000000,60,71,160,170,190,200,310,430,1300,1300,1300,262,13,60,102.16166717517955,40.347600006498396,1329.857800010359,91.90839694656489
1777952941,70,,Aggregated,0.200000,0.000000,60,71,160,170,190,200,310,430,1300,1300,1300,262,13,60,102.16166717517955,40.347600006498396,1329.857800010359,91.90839694656489
1777952942,70,,Aggregated,0.200000,0.000000,60,71,160,170,190,200,310,430,1300,1300,1300,262,13,60,102.16166717517955,40.347600006498396,1329.857800010359,91.90839694656489
1777952943,70,,Aggregated,0.200000,0.000000,60,71,160,170,190,200,310,430,1300,1300,1300,262,13,60,102.16166717517955,40.347600006498396,1329.857800010359,91.90839694656489
1777952944,70,,Aggregated,0.300000,0.000000,60,71,160,170,190,200,310,430,1300,1300,1300,264,13,60,101.7843965905327,40.347600006498396,1329.857800010359,91.21212121212122
1777952945,70,,Aggregated,0.300000,0.000000,60,71,160,170,190,200,310,430,1300,1300,1300,264,13,60,101.7843965905327,40.347600006498396,1329.857800010359,91.21212121212122
1777952946,70,,Aggregated,0.300000,0.000000,60,71,160,170,190,200,310,430,1300,1300,1300,264,13,60,101.7843965905327,40.347600006498396,1329.857800010359,91.21212121212122
1777952947,70,,Aggregated,0.400000,0.000000,60,71,160,170,190,200,320,430,1300,1300,1300,265,13,60,102.89274377315657,40.347600006498396,1329.857800010359,90.86792452830188
1777952948,70,,Aggregated,0.400000,0.000000,60,71,160,170,190,200,320,430,1300,1300,1300,265,13,60,102.89274377315657,40.347600006498396,1329.857800010359,90.86792452830188
1777952949,70,,Aggregated,0.400000,0.000000,60,71,160,170,190,200,320,430,1300,1300,1300,266,13,60,102.74530676652194,40.347600006498396,1329.857800010359,90.52631578947368
1777952950,70,,Aggregated,0.500000,0.000000,60,71,160,170,190,200,360,750,1300,1300,1300,267,13,60,105.1637707861299,40.347600006498396,1329.857800010359,90.187265917603
1777952951,70,,Aggregated,0.500000,0.000000,60,71,160,170,190,200,360,750,1300,1300,1300,268,14,60,105.01029216375987,40.347600006498396,1329.857800010359,89.85074626865672
1777952952,70,,Aggregated,0.500000,0.000000,60,71,160,170,190,200,360,750,1300,1300,1300,268,14,60,105.01029216375987,40.347600006498396,1329.857800010359,89.85074626865672
1777952953,70,,Aggregated,0.500000,0.000000,60,71,160,170,190,200,360,750,1300,1300,1300,268,14,60,105.01029216375987,40.347600006498396,1329.857800010359,89.85074626865672
1777952954,70,,Aggregated,0.600000,0.100000,60,71,160,170,190,200,360,750,1300,1300,1300,269,14,60,104.84439814080255,40.347600006498396,1329.857800010359,89.51672862453532
1777952955,70,,Aggregated,0.600000,0.100000,60,71,160,170,190,200,360,750,1300,1300,1300,269,14,60,104.84439814080255,40.347600006498396,1329.857800010359,89.51672862453532
1777952956,70,,Aggregated,0.400000,0.100000,60,71,160,170,190,200,360,750,1300,1300,1300,270,15,60,104.67881074022173,40.347600006498396,1329.857800010359,89.18518518518519
1777952957,70,,Aggregated,0.400000,0.100000,60,71,160,170,190,200,360,750,1300,1300,1300,270,15,60,104.67881074022173,40.347600006498396,1329.857800010359,89.18518518518519
1777952958,70,,Aggregated,0.400000,0.100000,60,71,160,170,190,200,360,750,1300,1300,1300,270,15,60,104.67881074022173,40.347600006498396,1329.857800010359,89.18518518518519
1777952959,70,,Aggregated,0.400000,0.100000,60,71,160,170,190,200,360,750,1300,1300,1300,270,15,60,104.67881074022173,40.347600006498396,1329.857800010359,89.18518518518519
1777952960,70,,Aggregated,0.400000,0.100000,60,71,160,170,190,200,360,750,1300,1300,1300,270,15,60,104.67881074022173,40.347600006498396,1329.857800010359,89.18518518518519
1777952961,70,,Aggregated,0.400000,0.100000,60,71,160,170,190,200,360,750,1300,1300,1300,270,15,60,104.67881074022173,40.347600006498396,1329.857800010359,89.18518518518519
1777952962,70,,Aggregated,0.400000,0.100000,60,71,160,170,190,200,360,750,1300,1300,1300,270,15,60,104.67881074022173,40.347600006498396,1329.857800010359,89.18518518518519
1777952963,70,,Aggregated,0.400000,0.100000,60,71,160,170,190,200,360,750,1300,1300,1300,270,15,60,104.67881074022173,40.347600006498396,1329.857800010359,89.18518518518519
1777952964,70,,Aggregated,0.400000,0.100000,60,71,160,170,190,200,360,750,1300,1300,1300,270,15,60,104.67881074022173,40.347600006498396,1329.857800010359,89.18518518518519
1777952965,70,,Aggregated,0.400000,0.100000,60,71,160,170,190,200,360,750,1300,1300,1300,270,15,60,104.67881074022173,40.347600006498396,1329.857800010359,89.18518518518519
1777952966,70,,Aggregated,0.400000,0.100000,60,71,160,170,190,200,360,750,1300,1300,1300,270,15,60,104.67881074022173,40.347600006498396,1329.857800010359,89.18518518518519
1777952967,70,,Aggregated,0.400000,0.100000,60,71,160,170,190,200,360,750,1300,1300,1300,270,15,60,104.67881074022173,40.347600006498396,1329.857800010359,89.18518518518519
1777952968,70,,Aggregated,0.400000,0.100000,60,71,160,170,190,200,360,750,1300,1300,1300,270,15,60,104.67881074022173,40.347600006498396,1329.857800010359,89.18518518518519
1777952969,70,,Aggregated,0.400000,0.100000,60,71,160,170,190,200,360,750,1300,1300,1300,270,15,60,104.67881074022173,40.347600006498396,1329.857800010359,89.18518518518519
1777952970,70,,Aggregated,0.000000,0.000000,60,70,160,170,190,200,360,750,1300,1300,1300,271,16,60,104.52967232421412,40.347600006498396,1329.857800010359,88.85608856088561
1777952971,70,,Aggregated,0.000000,0.000000,60,71,160,170,190,200,360,750,1300,1300,1300,272,16,60,104.44463382309016,40.347600006498396,1329.857800010359,88.52941176470588
1777952972,70,,Aggregated,0.000000,0.000000,60,71,160,170,190,200,360,750,1300,1300,1300,272,16,60,104.44463382309016,40.347600006498396,1329.857800010359,88.52941176470588
1777952973,70,,Aggregated,0.000000,0.000000,60,71,160,170,190,200,360,750,1300,1300,1300,272,16,60,104.44463382309016,40.347600006498396,1329.857800010359,88.52941176470588
1777952974,70,,Aggregated,0.000000,0.000000,60,71,160,170,190,200,360,750,1300,1300,1300,272,16,60,104.44463382309016,40.347600006498396,1329.857800010359,88.52941176470588
1777952975,70,,Aggregated,0.000000,0.000000,60,71,160,170,190,200,360,750,1300,1300,1300,272,16,60,104.44463382309016,40.347600006498396,1329.857800010359,88.52941176470588
1777952976,70,,Aggregated,0.000000,0.000000,60,71,160,170,190,200,360,750,1300,1300,1300,272,16,60,104.44463382309016,40.347600006498396,1329.857800010359,88.52941176470588
1777952977,70,,Aggregated,0.200000,0.100000,60,71,150,170,190,200,360,750,1300,1300,1300,273,16,60,104.28104468816619,40.347600006498396,1329.857800010359,88.2051282051282
1777952979,70,,Aggregated,0.200000,0.100000,60,71,150,170,190,200,360,750,1300,1300,1300,273,16,60,104.28104468816619,40.347600006498396,1329.857800010359,88.2051282051282
1777952980,70,,Aggregated,0.200000,0.100000,60,71,150,170,190,200,360,750,1300,1300,1300,273,16,60,104.28104468816619,40.347600006498396,1329.857800010359,88.2051282051282
1777952981,70,,Aggregated,0.300000,0.100000,60,71,160,170,190,200,360,750,1300,1300,1300,274,16,60,104.5568824813057,40.347600006498396,1329.857800010359,87.88321167883211
1777952982,70,,Aggregated,0.300000,0.100000,60,71,160,170,190,200,360,750,1300,1300,1300,274,16,60,104.5568824813057,40.347600006498396,1329.857800010359,87.88321167883211
1777952983,70,,Aggregated,0.300000,0.100000,60,71,160,170,190,200,360,750,1300,1300,1300,274,16,60,104.5568824813057,40.347600006498396,1329.857800010359,87.88321167883211
1777952984,70,,Aggregated,0.300000,0.100000,60,71,160,170,190,200,360,750,1300,1300,1300,274,16,60,104.5568824813057,40.347600006498396,1329.857800010359,87.88321167883211
1777952985,70,,Aggregated,0.300000,0.100000,60,71,160,170,190,200,360,750,1300,1300,1300,274,16,60,104.5568824813057,40.347600006498396,1329.857800010359,87.88321167883211
1777952986,70,,Aggregated,0.300000,0.100000,60,71,160,170,190,200,360,750,1300,1300,1300,274,16,60,104.5568824813057,40.347600006498396,1329.857800010359,87.88321167883211
1777952987,70,,Aggregated,0.300000,0.100000,60,71,160,170,190,200,360,750,1300,1300,1300,274,16,60,104.5568824813057,40.347600006498396,1329.857800010359,87.88321167883211
1777952988,70,,Aggregated,0.300000,0.100000,60,71,160,170,190,200,360,750,1300,1300,1300,274,16,60,104.5568824813057,40.347600006498396,1329.857800010359,87.88321167883211
1777952989,70,,Aggregated,0.200000,0.000000,60,71,160,170,190,210,360,750,1300,1300,1300,277,16,60,104.70747328485238,40.347600006498396,1329.857800010359,86.93140794223827
1777952990,70,,Aggregated,0.200000,0.000000,60,71,160,170,190,210,360,750,1300,1300,1300,278,16,60,104.52561582695766,40.347600006498396,1329.857800010359,86.61870503597122
1777952991,70,,Aggregated,0.200000,0.000000,60,71,160,170,190,210,360,750,1300,1300,1300,278,16,60,104.52561582695766,40.347600006498396,1329.857800010359,86.61870503597122
1777952992,70,,Aggregated,0.200000,0.000000,60,71,160,170,190,210,360,750,1300,1300,1300,278,16,60,104.52561582695766,40.347600006498396,1329.857800010359,86.61870503597122
1777952993,70,,Aggregated,0.200000,0.000000,60,71,160,170,190,210,360,750,1300,1300,1300,278,16,60,104.52561582695766,40.347600006498396,1329.857800010359,86.61870503597122
1777952994,70,,Aggregated,0.200000,0.000000,60,71,160,170,190,210,360,750,1300,1300,1300,278,16,60,104.52561582695766,40.347600006498396,1329.857800010359,86.61870503597122
1777952995,70,,Aggregated,0.400000,0.000000,60,71,160,170,190,210,360,750,1300,1300,1300,280,16,60,104.2978685710945,40.347600006498396,1329.857800010359,86.0
1777952996,70,,Aggregated,0.400000,0.000000,60,71,160,170,190,210,360,750,1300,1300,1300,280,16,60,104.2978685710945,40.347600006498396,1329.857800010359,86.0
1777952997,70,,Aggregated,0.400000,0.000000,60,71,160,170,190,210,360,750,1300,1300,1300,280,16,60,104.2978685710945,40.347600006498396,1329.857800010359,86.0
1777952998,70,,Aggregated,0.600000,0.000000,60,71,150,170,190,200,360,750,1300,1300,1300,281,16,60,104.10795836262835,40.347600006498396,1329.857800010359,85.69395017793595
1777952999,70,,Aggregated,0.600000,0.000000,60,71,150,170,190,200,360,750,1300,1300,1300,281,16,60,104.10795836262835,40.347600006498396,1329.857800010359,85.69395017793595
1777953000,70,,Aggregated,0.600000,0.000000,60,71,160,170,190,200,360,750,1300,1300,1300,283,16,60,104.40924169580853,40.347600006498396,1329.857800010359,85.08833922261483
1777953001,70,,Aggregated,0.600000,0.000000,60,71,160,170,190,200,360,750,1300,1300,1300,283,16,60,104.40924169580853,40.347600006498396,1329.857800010359,85.08833922261483
1777953002,70,,Aggregated,0.600000,0.000000,60,71,160,170,190,200,360,750,1300,1300,1300,283,16,60,104.40924169580853,40.347600006498396,1329.857800010359,85.08833922261483
1777953003,70,,Aggregated,0.600000,0.000000,60,71,160,170,190,200,360,750,1300,1300,1300,283,16,60,104.40924169580853,40.347600006498396,1329.857800010359,85.08833922261483
1777953004,70,,Aggregated,0.600000,0.000000,60,71,160,170,190,200,360,750,1300,1300,1300,283,16,60,104.40924169580853,40.347600006498396,1329.857800010359,85.08833922261483
1777953005,70,,Aggregated,0.600000,0.000000,60,71,160,170,190,200,360,750,1300,1300,1300,283,16,60,104.40924169580853,40.347600006498396,1329.857800010359,85.08833922261483
1777953006,70,,Aggregated,0.600000,0.000000,60,71,160,170,190,200,360,750,1300,1300,1300,283,16,60,104.40924169580853,40.347600006498396,1329.857800010359,85.08833922261483
1777953007,70,,Aggregated,0.600000,0.000000,60,71,160,170,190,200,360,750,1300,1300,1300,283,16,60,104.40924169580853,40.347600006498396,1329.857800010359,85.08833922261483
1777953008,70,,Aggregated,0.600000,0.000000,60,71,160,170,190,200,360,750,1300,1300,1300,283,16,60,104.40924169580853,40.347600006498396,1329.857800010359,85.08833922261483
1777953009,70,,Aggregated,0.300000,0.000000,60,71,160,170,190,200,360,750,1300,1300,1300,284,16,60,104.2483904926536,40.347600006498396,1329.857800010359,84.78873239436619
1777953010,70,,Aggregated,0.300000,0.000000,60,71,160,170,190,200,360,750,1300,1300,1300,284,16,60,104.2483904926536,40.347600006498396,1329.857800010359,84.78873239436619
1777953011,70,,Aggregated,0.300000,0.000000,60,71,160,170,190,200,360,750,1300,1300,1300,284,16,60,104.2483904926536,40.347600006498396,1329.857800010359,84.78873239436619
1777953012,70,,Aggregated,0.200000,0.000000,60,71,150,170,190,200,360,750,1300,1300,1300,285,16,60,104.05572771907605,40.347600006498396,1329.857800010359,84.49122807017544
1777953013,70,,Aggregated,0.200000,0.000000,60,71,150,170,190,200,360,750,1300,1300,1300,285,16,60,104.05572771907605,40.347600006498396,1329.857800010359,84.49122807017544
1777953014,70,,Aggregated,0.200000,0.000000,60,71,150,170,190,200,360,750,1300,1300,1300,285,16,60,104.05572771907605,40.347600006498396,1329.857800010359,84.49122807017544
1777953015,70,,Aggregated,0.200000,0.000000,60,71,150,170,190,200,360,750,1300,1300,1300,285,16,60,104.05572771907605,40.347600006498396,1329.857800010359,84.49122807017544
1777953016,70,,Aggregated,0.200000,0.000000,60,71,150,170,190,200,360,750,1300,1300,1300,285,16,60,104.05572771907605,40.347600006498396,1329.857800010359,84.49122807017544
1777953017,70,,Aggregated,0.200000,0.000000,60,71,150,170,190,200,360,750,1300,1300,1300,285,16,60,104.05572771907605,40.347600006498396,1329.857800010359,84.49122807017544
1777953018,70,,Aggregated,0.200000,0.000000,60,71,150,170,190,200,360,750,1300,1300,1300,285,16,60,104.05572771907605,40.347600006498396,1329.857800010359,84.49122807017544
1777953019,70,,Aggregated,0.200000,0.000000,60,71,150,170,190,200,360,750,1300,1300,1300,285,16,60,104.05572771907605,40.347600006498396,1329.857800010359,84.49122807017544
1777953020,70,,Aggregated,0.200000,0.000000,60,71,150,170,190,200,360,750,1300,1300,1300,285,16,60,104.05572771907605,40.347600006498396,1329.857800010359,84.49122807017544
1777953021,70,,Aggregated,0.200000,0.000000,60,71,150,170,190,200,360,750,1300,1300,1300,285,16,60,104.05572771907605,40.347600006498396,1329.857800010359,84.49122807017544
1777953022,70,,Aggregated,0.200000,0.000000,60,71,150,170,190,200,360,750,1300,1300,1300,286,17,60,103.86851258725302,40.347600006498396,1329.857800010359,84.1958041958042
1777953023,70,,Aggregated,0.200000,0.000000,60,71,150,170,190,200,360,750,1300,1300,1300,286,17,60,103.86851258725302,40.347600006498396,1329.857800010359,84.1958041958042
1777953024,70,,Aggregated,0.200000,0.000000,60,71,150,170,190,200,360,750,1300,1300,1300,286,17,60,103.86851258725302,40.347600006498396,1329.857800010359,84.1958041958042
1777953025,70,,Aggregated,0.200000,0.000000,60,71,150,170,190,200,360,750,1300,1300,1300,286,17,60,103.86851258725302,40.347600006498396,1329.857800010359,84.1958041958042
1777953026,70,,Aggregated,0.200000,0.000000,60,71,150,170,190,200,360,750,1300,1300,1300,286,17,60,103.86851258725302,40.347600006498396,1329.857800010359,84.1958041958042
1777953027,70,,Aggregated,0.200000,0.000000,60,71,150,170,190,200,360,750,1300,1300,1300,286,17,60,103.86851258725302,40.347600006498396,1329.857800010359,84.1958041958042
1777953028,70,,Aggregated,0.100000,0.100000,60,71,150,170,190,200,360,750,1300,1300,1300,287,17,60,103.7205731705519,40.347600006498396,1329.857800010359,83.90243902439025
1777953029,70,,Aggregated,0.100000,0.100000,60,71,150,170,190,200,360,750,1300,1300,1300,287,17,60,103.7205731705519,40.347600006498396,1329.857800010359,83.90243902439025
1777953030,70,,Aggregated,0.100000,0.100000,60,71,150,170,190,200,360,750,1300,1300,1300,287,17,60,103.7205731705519,40.347600006498396,1329.857800010359,83.90243902439025
1777953031,70,,Aggregated,0.200000,0.100000,60,71,150,170,190,200,360,750,1300,1300,1300,288,17,60,103.54292222200456,40.347600006498396,1329.857800010359,83.61111111111111
1777953032,70,,Aggregated,0.200000,0.100000,60,70,150,170,190,200,360,750,1300,1300,1300,289,17,60,103.3588885811035,40.347600006498396,1329.857800010359,83.32179930795847
1777953033,70,,Aggregated,0.200000,0.100000,60,70,150,170,190,200,360,750,1300,1300,1300,291,18,60,103.02058213037964,40.347600006498396,1329.857800010359,82.7491408934708
1777953034,70,,Aggregated,0.200000,0.100000,60,70,150,170,190,200,360,750,1300,1300,1300,291,18,60,103.02058213037964,40.347600006498396,1329.857800010359,82.7491408934708
1777953035,70,,Aggregated,0.400000,0.000000,60,70,150,170,190,200,360,750,1300,1300,1300,292,18,60,102.84048458890214,40.347600006498396,1329.857800010359,82.46575342465754
1777953036,70,,Aggregated,0.500000,0.100000,60,71,150,170,190,210,360,750,1300,1300,1300,294,18,60,103.11249149650443,40.347600006498396,1329.857800010359,81.9047619047619
1777953037,70,,Aggregated,0.500000,0.100000,60,70,150,170,190,210,360,750,1300,1300,1300,295,19,60,102.97081423716193,40.347600006498396,1329.857800010359,81.62711864406779
1777953038,70,,Aggregated,0.500000,0.100000,60,70,150,170,190,210,360,750,1300,1300,1300,295,19,60,102.97081423716193,40.347600006498396,1329.857800010359,81.62711864406779
1777953039,70,,Aggregated,0.500000,0.100000,60,70,150,170,190,210,360,750,1300,1300,1300,295,19,60,102.97081423716193,40.347600006498396,1329.857800010359,81.62711864406779
1777953040,70,,Aggregated,0.500000,0.100000,60,70,150,170,190,210,360,750,1300,1300,1300,295,19,60,102.97081423716193,40.347600006498396,1329.857800010359,81.62711864406779
1777953041,70,,Aggregated,0.500000,0.100000,60,70,150,170,190,210,360,750,1300,1300,1300,295,19,60,102.97081423716193,40.347600006498396,1329.857800010359,81.62711864406779
1777953042,70,,Aggregated,0.500000,0.100000,60,70,150,170,190,210,360,750,1300,1300,1300,295,19,60,102.97081423716193,40.347600006498396,1329.857800010359,81.62711864406779
1777953043,70,,Aggregated,0.500000,0.100000,60,70,150,170,190,210,360,750,1300,1300,1300,295,19,60,102.97081423716193,40.347600006498396,1329.857800010359,81.62711864406779
1777953044,70,,Aggregated,0.500000,0.100000,60,70,150,170,190,210,360,750,1300,1300,1300,295,19,60,102.97081423716193,40.347600006498396,1329.857800010359,81.62711864406779
1777953045,70,,Aggregated,0.500000,0.100000,60,70,150,170,190,210,360,750,1300,1300,1300,295,19,60,102.97081423716193,40.347600006498396,1329.857800010359,81.62711864406779
