Timestamp,User Count,Type,Name,Requests/s,Failures/s,50%,66%,75%,80%,90%,95%,98%,99%,99.9%,99.99%,100%,Total Request Count,Total Failure Count,Total Median Response Time,Total Average Response Time,Total Min Response Time,Total Max Response Time,Total Average Content Size
1777971120,0,,Aggregated,0.000000,0.000000,N/A,N/A,N/A,N/A,N/A,N/A,N/A,N/A,N/A,N/A,N/A,0,0,0,0.0,0,0,0
1777971121,1,,Aggregated,0.000000,0.000000,N/A,N/A,N/A,N/A,N/A,N/A,N/A,N/A,N/A,N/A,N/A,0,0,0,0.0,0,0,0
1777971122,3,,Aggregated,0.000000,0.000000,N/A,N/A,N/A,N/A,N/A,N/A,N/A,N/A,N/A,N/A,N/A,0,0,0,0.0,0,0,0
1777971123,4,,Aggregated,0.000000,0.000000,N/A,N/A,N/A,N/A,N/A,N/A,N/A,N/A,N/A,N/A,N/A,0,0,0,0.0,0,0,0
1777971124,5,,Aggregated,0.000000,0.000000,N/A,N/A,N/A,N/A,N/A,N/A,N/A,N/A,N/A,N/A,N/A,0,0,0,0.0,0,0,0
1777971125,6,,Aggregated,0.000000,0.000000,N/A,N/A,N/A,N/A,N/A,N/A,N/A,N/A,N/A,N/A,N/A,0,0,0,0.0,0,0,0
1777971126,7,,Aggregated,0.000000,0.000000,N/A,N/A,N/A,N/A,N/A,N/A,N/A,N/A,N/A,N/A,N/A,0,0,0,0.0,0,0,0
1777971127,8,,Aggregated,0.000000,0.000000,N/A,N/A,N/A,N/A,N/A,N/A,N/A,N/A,N/A,N/A,N/A,0,0,0,0.0,0,0,0
1777971128,9,,Aggregated,0.000000,0.000000,N/A,N/A,N/A,N/A,N/A,N/A,N/A,N/A,N/A,N/A,N/A,0,0,0,0.0,0,0,0
1777971129,10,,Aggregated,0.000000,0.000000,N/A,N/A,N/A,N/A,N/A,N/A,N/A,N/A,N/A,N/A,N/A,0,0,0,0.0,0,0,0
1777971130,11,,Aggregated,0.000000,0.000000,N/A,N/A,N/A,N/A,N/A,N/A,N/A,N/A,N/A,N/A,N/A,0,0,0,0.0,0,0,0
1777971131,12,,Aggregated,0.000000,0.000000,N/A,N/A,N/A,N/A,N/A,N/A,N/A,N/A,N/A,N/A,N/A,0,0,0,0.0,0,0,0
1777971132,13,,Aggregated,0.000000,0.000000,N/A,N/A,N/A,N/A,N/A,N/A,N/A,N/A,N/A,N/A,N/A,0,0,0,0.0,0,0,0
1777971133,14,,Aggregated,0.000000,0.000000,N/A,N/A,N/A,N/A,N/A,N/A,N/A,N/A,N/A,N/A,N/A,0,0,0,0.0,0,0,0
1777971134,15,,Aggregated,0.000000,0.000000,N/A,N/A,N/A,N/A,N/A,N/A,N/A,N/A,N/A,N/A,N/A,0,0,0,0.0,0,0,0
1777971135,16,,Aggregated,0.000000,0.000000,N/A,N/A,N/A,N/A,N/A,N/A,N/A,N/A,N/A,N/A,N/A,0,0,0,0.0,0,0,0
1777971136,17,,Aggregated,0.000000,0.000000,N/A,N/A,N/A,N/A,N/A,N/A,N/A,N/A,N/A,N/A,N/A,0,0,0,0.0,0,0,0
1777971137,18,,Aggregated,0.000000,0.000000,N/A,N/A,N/A,N/A,N/A,N/A,N/A,N/A,N/A,N/A,N/A,0,0,0,0.0,0,0,0
1777971138,19,,Aggregated,0.000000,0.000000,N/A,N/A,N/A,N/A,N/A,N/A,N/A,N/A,N/A,N/A,N/A,0,0,0,0.0,0,0,0
1777971139,20,,Aggregated,0.000000,0.000000,N/A,N/A,N/A,N/A,N/A,N/A,N/A,N/A,N/A,N/A,N/A,0,0,0,0.0,0,0,0
1777971140,21,,Aggregated,0.000000,0.000000,N/A,N/A,N/A,N/A,N/A,N/A,N/A,N/A,N/A,N/A,N/A,0,0,0,0.0,0,0,0
1777971141,22,,Aggregated,0.000000,0.000000,N/A,N/A,N/A,N/A,N/A,N/A,N/A,N/A,N/A,N/A,N/A,0,0,0,0.0,0,0,0
1777971142,23,,Aggregated,0.000000,0.000000,N/A,N/A,N/A,N/A,N/A,N/A,N/A,N/A,N/A,N/A,N/A,0,0,0,0.0,0,0,0
1777971143,24,,Aggregated,0.000000,0.000000,N/A,N/A,N/A,N/A,N/A,N/A,N/A,N/A,N/A,N/A,N/A,0,0,0,0.0,0,0,0
1777971144,25,,Aggregated,0.000000,0.000000,N/A,N/A,N/A,N/A,N/A,N/A,N/A,N/A,N/A,N/A,N/A,0,0,0,0.0,0,0,0
1777971145,26,,Aggregated,0.000000,0.000000,N/A,N/A,N/A,N/A,N/A,N/A,N/A,N/A,N/A,N/A,N/A,0,0,0,0.0,0,0,0
1777971146,27,,Aggregated,0.000000,0.000000,N/A,N/A,N/A,N/A,N/A,N/A,N/A,N/A,N/A,N/A,N/A,0,0,0,0.0,0,0,0
1777971147,28,,Aggregated,0.000000,0.000000,3500,8500,14000,17000,24000,26000,27000,27000,27000,27000,27000,36,0,2500,7343.463774998479,106.37199998018332,26671.95819999324,173.44444444444446
1777971149,29,,Aggregated,0.000000,0.000000,2500,8500,12000,17000,24000,26000,27000,27000,27000,27000,27000,38,0,320,6969.213544735746,106.37199998018332,26671.95819999324,173.3684210526316
1777971150,30,,Aggregated,0.000000,0.000000,320,7500,12000,17000,24000,26000,27000,27000,27000,27000,27000,39,0,320,6793.178225639844,103.836099995533,26671.95819999324,174.0
1777971151,31,,Aggregated,0.000000,0.000000,320,7500,12000,17000,24000,26000,27000,27000,27000,27000,27000,39,0,320,6793.178225639844,103.836099995533,26671.95819999324,174.0
1777971152,32,,Aggregated,3.800000,0.000000,320,7500,10000,14000,23000,25000,27000,27000,27000,27000,27000,41,0,320,6465.2907463406755,39.728700008708984,26671.95819999324,173.90243902439025
1777971153,33,,Aggregated,3.900000,0.000000,4000,8500,17000,20000,24000,26000,27000,27000,27000,27000,27000,55,0,4000,7879.199934544952,39.728700008708984,27181.15140000009,176.25454545454545
1777971154,34,,Aggregated,3.900000,0.000000,320,6000,10000,17000,24000,26000,27000,27000,27000,27000,27000,66,0,320,6597.864984846886,39.728700008708984,27181.15140000009,172.0
1777971155,35,,Aggregated,4.100000,0.000000,320,5600,10000,17000,24000,26000,27000,27000,27000,27000,27000,68,0,310,6406.231086762787,39.728700008708984,27181.15140000009,172.0
1777971156,36,,Aggregated,4.500000,0.000000,310,5600,9500,17000,24000,26000,27000,27000,27000,27000,27000,70,0,300,6226.1823999978205,39.728700008708984,27181.15140000009,172.0
1777971157,37,,Aggregated,6.600000,0.000000,300,5500,9500,14000,23000,26000,27000,27000,27000,27000,27000,72,0,300,6055.3566277756345,39.728700008708984,27181.15140000009,172.0
1777971158,38,,Aggregated,6.800000,0.000000,300,5500,8500,14000,23000,26000,27000,27000,27000,27000,27000,74,0,300,5895.490604052021,39.728700008708984,27181.15140000009,172.0
1777971159,39,,Aggregated,7.000000,0.000000,300,5500,8500,12000,23000,26000,27000,27000,27000,27000,27000,76,0,290,5742.114064471695,39.728700008708984,27181.15140000009,172.0
1777971160,40,,Aggregated,7.200000,0.000000,290,4500,7500,12000,23000,26000,27000,27000,27000,27000,27000,78,0,280,5597.024092305592,39.728700008708984,27181.15140000009,172.0
1777971161,41,,Aggregated,3.800000,0.000000,280,4000,7500,12000,23000,26000,27000,27000,27000,27000,27000,80,0,280,5459.273139997822,39.728700008708984,27181.15140000009,172.0
1777971162,42,,Aggregated,3.800000,0.000000,280,4000,7000,10000,21000,25000,27000,27000,27000,27000,27000,82,0,280,5328.706252436571,39.728700008708984,27181.15140000009,172.0
1777971163,43,,Aggregated,3.900000,0.000000,280,3500,7000,10000,21000,25000,27000,27000,27000,27000,27000,84,0,280,5203.735441664494,39.728700008708984,27181.15140000009,172.0
1777971164,44,,Aggregated,4.100000,0.000000,280,3000,6500,9500,21000,25000,27000,27000,27000,27000,27000,86,0,270,5084.868690695785,39.728700008708984,27181.15140000009,172.0
1777971165,45,,Aggregated,4.100000,0.000000,270,3000,6500,9500,21000,25000,27000,27000,27000,27000,27000,88,0,260,4971.3811397705285,39.728700008708984,27181.15140000009,172.0
1777971166,46,,Aggregated,3.900000,0.000000,260,2500,6000,9500,21000,25000,27000,27000,27000,27000,27000,90,0,240,4863.078609997562,39.728700008708984,27181.15140000009,172.0
1777971167,47,,Aggregated,2.000000,0.000000,240,320,6000,8500,20000,25000,27000,27000,27000,27000,27000,92,0,220,4759.123818475928,39.728700008708984,27181.15140000009,172.0
1777971168,48,,Aggregated,2.000000,0.000000,220,320,5600,8500,20000,25000,27000,27000,27000,27000,27000,94,0,200,4660.260431912785,39.728700008708984,27181.15140000009,172.0
1777971169,49,,Aggregated,2.000000,0.000000,200,320,5600,7500,20000,25000,27000,27000,27000,27000,27000,96,0,190,4564.950314581135,39.728700008708984,27181.15140000009,172.0
1777971170,50,,Aggregated,2.000000,0.000000,190,320,5500,7500,20000,25000,27000,27000,27000,27000,27000,98,0,170,4473.614265304178,39.728700008708984,27181.15140000009,172.0
1777971171,51,,Aggregated,2.000000,0.000000,170,320,5500,7500,20000,25000,27000,27000,27000,27000,27000,100,0,170,4385.692865998135,39.728700008708984,27181.15140000009,172.0
1777971172,52,,Aggregated,2.000000,0.000000,170,310,5500,7000,20000,24000,26000,27000,27000,27000,27000,102,0,160,4301.707384312085,39.728700008708984,27181.15140000009,172.0
1777971173,53,,Aggregated,2.000000,0.000000,160,300,5500,7000,20000,24000,26000,27000,27000,27000,27000,104,0,160,4220.659112498722,39.728700008708984,27181.15140000009,172.0
1777971174,54,,Aggregated,2.000000,0.000000,160,300,4500,6500,20000,24000,26000,27000,27000,27000,27000,106,0,160,4142.705949998619,39.728700008708984,27181.15140000009,172.0
1777971175,55,,Aggregated,2.000000,0.000000,160,300,4500,6500,20000,24000,26000,27000,27000,27000,27000,108,0,150,4067.734245369071,39.728700008708984,27181.15140000009,172.0
1777971176,56,,Aggregated,2.000000,0.000000,150,300,4000,6500,20000,24000,26000,27000,27000,27000,27000,110,0,150,3995.263994544141,39.728700008708984,27181.15140000009,172.0
1777971177,57,,Aggregated,2.000000,0.000000,150,290,4000,6000,18000,24000,26000,27000,27000,27000,27000,112,0,150,3925.403126784399,39.728700008708984,27181.15140000009,172.0
1777971178,58,,Aggregated,2.000000,0.000000,150,290,3500,6000,18000,24000,26000,27000,27000,27000,27000,114,0,150,3858.094692104108,39.728700008708984,27181.15140000009,172.0
1777971179,59,,Aggregated,2.000000,0.000000,150,280,3500,5600,18000,24000,26000,27000,27000,27000,27000,116,0,150,3793.065955171187,39.728700008708984,27181.15140000009,172.0
1777971180,60,,Aggregated,2.000000,0.000000,140,280,3000,5600,18000,24000,26000,27000,27000,27000,27000,119,0,140,3699.5162369733275,39.728700008708984,27181.15140000009,170.5546218487395
1777971181,61,,Aggregated,2.000000,0.000000,140,280,2500,5500,18000,24000,26000,27000,27000,27000,27000,121,0,140,3639.6714206597353,39.728700008708984,27181.15140000009,170.5785123966942
1777971182,62,,Aggregated,2.000000,0.000000,140,280,2500,5500,18000,24000,26000,27000,27000,27000,27000,123,0,140,3582.100230892855,39.728700008708984,27181.15140000009,170.60162601626016
1777971183,63,,Aggregated,2.000000,0.000000,140,280,320,5500,18000,24000,26000,27000,27000,27000,27000,125,0,140,3526.1901007983834,39.728700008708984,27181.15140000009,170.624
1777971184,64,,Aggregated,2.100000,0.000000,140,270,320,5500,18000,24000,26000,27000,27000,27000,27000,127,0,140,3472.5708314944077,39.728700008708984,27181.15140000009,170.64566929133858
1777971185,65,,Aggregated,2.100000,0.000000,140,270,320,5500,18000,24000,26000,27000,27000,27000,27000,129,0,140,3419.8910844942748,39.728700008708984,27181.15140000009,170.66666666666666
1777971186,66,,Aggregated,2.100000,0.000000,140,270,320,4500,17000,24000,26000,27000,27000,27000,27000,132,0,140,3346.1819045436587,39.728700008708984,27181.15140000009,169.3939393939394
1777971187,67,,Aggregated,2.100000,0.000000,140,260,320,4500,17000,24000,26000,27000,27000,27000,27000,134,0,140,3297.6393761176705,39.728700008708984,27181.15140000009,169.43283582089552
1777971188,68,,Aggregated,2.100000,0.000000,140,240,320,4000,17000,24000,26000,27000,27000,27000,27000,136,0,130,3250.189452939273,39.728700008708984,27181.15140000009,169.47058823529412
1777971189,69,,Aggregated,2.100000,0.000000,140,240,320,4000,17000,24000,26000,27000,27000,27000,27000,138,0,130,3204.6771021720115,39.728700008708984,27181.15140000009,169.5072463768116
1777971190,70,,Aggregated,2.200000,0.000000,130,220,320,4000,17000,24000,26000,27000,27000,27000,27000,140,0,130,3160.195896426532,39.728700008708984,27181.15140000009,169.54285714285714
1777971191,71,,Aggregated,2.200000,0.000000,130,200,310,3500,14000,23000,26000,27000,27000,27000,27000,142,0,130,3116.8903218292053,39.728700008708984,27181.15140000009,169.57746478873239
1777971192,72,,Aggregated,2.200000,0.000000,130,200,310,3500,14000,23000,26000,27000,27000,27000,27000,144,0,130,3074.7345680538274,39.728700008708984,27181.15140000009,169.61111111111111
1777971193,73,,Aggregated,2.200000,0.000000,130,190,300,3000,14000,23000,26000,27000,27000,27000,27000,146,0,130,3033.7840684915636,39.728700008708984,27181.15140000009,169.64383561643837
1777971194,74,,Aggregated,2.100000,0.000000,130,180,300,3000,14000,23000,26000,27000,27000,27000,27000,148,0,130,2993.959188512039,39.728700008708984,27181.15140000009,169.67567567567568
1777971195,75,,Aggregated,2.100000,0.000000,130,180,300,3000,14000,23000,26000,27000,27000,27000,27000,150,0,130,2955.0667619984597,39.728700008708984,27181.15140000009,169.70666666666668
1777971196,76,,Aggregated,2.100000,0.000000,130,170,300,2500,12000,23000,26000,27000,27000,27000,27000,152,0,130,2917.234859867006,39.728700008708984,27181.15140000009,169.73684210526315
1777971197,77,,Aggregated,2.100000,0.000000,130,170,300,2500,12000,23000,26000,27000,27000,27000,27000,154,0,120,2880.577595453171,39.728700008708984,27181.15140000009,169.76623376623377
1777971198,78,,Aggregated,2.100000,0.000000,120,160,300,330,12000,23000,26000,27000,27000,27000,27000,156,0,120,2844.733521152543,39.728700008708984,27181.15140000009,169.7948717948718
1777971199,79,,Aggregated,2.100000,0.000000,120,160,290,330,12000,23000,26000,27000,27000,27000,27000,158,0,120,2809.821947467074,39.728700008708984,27181.15140000009,169.8227848101266
1777971200,80,,Aggregated,2.000000,0.000000,120,160,290,330,12000,23000,26000,27000,27000,27000,27000,160,0,120,2775.7430074989315,39.728700008708984,27181.15140000009,169.85
1777971201,81,,Aggregated,2.000000,0.000000,120,160,280,320,10000,21000,26000,27000,27000,27000,27000,163,0,120,2726.209274232116,39.728700008708984,27181.15140000009,168.83435582822085
1777971202,82,,Aggregated,2.000000,0.000000,120,160,280,320,10000,21000,26000,27000,27000,27000,27000,165,0,120,2694.2608618170416,39.728700008708984,27181.15140000009,168.87272727272727
1777971203,83,,Aggregated,2.000000,0.000000,120,160,280,320,10000,21000,26000,27000,27000,27000,27000,167,0,120,2663.023371256408,39.728700008708984,27181.15140000009,168.91017964071855
1777971204,84,,Aggregated,2.100000,0.000000,120,160,280,320,10000,21000,26000,27000,27000,27000,27000,169,0,120,2633.0508183422376,39.728700008708984,27181.15140000009,168.9467455621302
1777971205,85,,Aggregated,2.100000,0.000000,120,160,280,320,9500,21000,26000,27000,27000,27000,27000,171,0,120,2603.1916274842997,39.728700008708984,27181.15140000009,168.98245614035088
1777971206,86,,Aggregated,2.100000,0.000000,120,160,280,320,9500,21000,26000,27000,27000,27000,27000,173,0,120,2573.970608669434,39.728700008708984,27181.15140000009,169.01734104046244
1777971207,87,,Aggregated,2.100000,0.000000,120,150,280,320,9500,21000,26000,27000,27000,27000,27000,175,0,120,2545.5139085702,39.728700008708984,27181.15140000009,169.05142857142857
1777971208,88,,Aggregated,2.100000,0.000000,120,150,270,310,9500,21000,26000,27000,27000,27000,27000,177,0,120,2517.8242259874933,39.728700008708984,27181.15140000009,169.08474576271186
1777971209,89,,Aggregated,2.100000,0.000000,120,150,270,310,9500,21000,26000,27000,27000,27000,27000,179,0,120,2490.573275976264,39.728700008708984,27181.15140000009,169.11731843575419
1777971210,90,,Aggregated,2.100000,0.000000,120,150,260,300,8500,20000,26000,27000,27000,27000,27000,181,0,120,2464.127489501348,39.728700008708984,27181.15140000009,169.14917127071823
1777971211,91,,Aggregated,2.100000,0.000000,120,150,270,310,8500,20000,26000,27000,27000,27000,27000,183,0,120,2441.8284229494,39.728700008708984,27181.15140000009,169.18032786885246
1777971212,92,,Aggregated,2.100000,0.000000,120,150,260,310,8500,20000,26000,27000,27000,27000,27000,185,0,120,2416.3505886472144,39.728700008708984,27181.15140000009,169.2108108108108
1777971213,93,,Aggregated,2.100000,0.000000,120,150,260,300,8500,20000,26000,27000,27000,27000,27000,187,0,120,2391.9559705868314,39.728700008708984,27181.15140000009,169.24064171122996
1777971214,94,,Aggregated,1.900000,0.000000,120,150,240,300,8500,20000,26000,27000,27000,27000,27000,189,0,120,2367.5577328029144,39.728700008708984,27181.15140000009,169.26984126984127
1777971215,95,,Aggregated,2.000000,0.000000,120,150,240,300,7500,20000,26000,27000,27000,27000,27000,191,0,120,2344.041084291972,39.728700008708984,27181.15140000009,169.29842931937173
1777971216,96,,Aggregated,2.000000,0.000000,120,150,220,300,7500,20000,26000,27000,27000,27000,27000,193,0,120,2320.6714072528325,39.728700008708984,27181.15140000009,169.32642487046633
1777971217,97,,Aggregated,2.000000,0.000000,120,150,220,300,7500,20000,26000,27000,27000,27000,27000,195,0,120,2297.7327338451196,39.728700008708984,27181.15140000009,169.35384615384615
1777971218,98,,Aggregated,2.000000,0.000000,120,150,220,300,7500,20000,26000,27000,27000,27000,27000,198,0,120,2264.157711615112,39.728700008708984,27181.15140000009,168.5252525252525
1777971219,99,,Aggregated,2.000000,0.000000,120,150,220,300,7500,20000,26000,27000,27000,27000,27000,200,0,120,2242.6995274989167,39.728700008708984,27181.15140000009,168.56
1777971220,100,,Aggregated,2.000000,0.000000,120,150,200,290,7000,20000,25000,26000,27000,27000,27000,202,0,120,2221.415593563308,39.728700008708984,27181.15140000009,168.59405940594058
1777971221,101,,Aggregated,2.000000,0.000000,120,150,200,290,7000,20000,25000,26000,27000,27000,27000,204,0,120,2200.435794606878,39.728700008708984,27181.15140000009,168.62745098039215
1777971222,102,,Aggregated,2.100000,0.000000,120,140,190,280,7000,20000,25000,26000,27000,27000,27000,206,0,120,2179.8231504844543,39.728700008708984,27181.15140000009,168.6601941747573
1777971223,103,,Aggregated,2.200000,0.000000,120,150,190,290,7000,20000,25000,26000,27000,27000,27000,209,0,120,2151.1880296639515,39.728700008708984,27181.15140000009,168.83253588516746
1777971224,104,,Aggregated,2.100000,0.000000,120,140,190,280,6500,20000,25000,26000,27000,27000,27000,212,0,120,2121.7993834894205,39.728700008708984,27181.15140000009,168.75471698113208
1777971225,105,,Aggregated,1.900000,0.000000,120,140,190,280,6500,20000,25000,26000,27000,27000,27000,214,0,120,2102.720902802664,39.728700008708984,27181.15140000009,168.78504672897196
1777971226,106,,Aggregated,2.100000,0.000000,120,140,190,280,6500,20000,25000,26000,27000,27000,27000,216,0,120,2084.089819443357,39.728700008708984,27181.15140000009,168.8148148148148
1777971227,107,,Aggregated,2.100000,0.000000,120,140,190,280,6500,20000,25000,26000,27000,27000,27000,218,0,120,2065.6673100906737,39.728700008708984,27181.15140000009,168.8440366972477
1777971228,108,,Aggregated,2.100000,0.000000,120,140,190,280,6500,20000,25000,26000,27000,27000,27000,219,0,120,2056.9515433780407,39.728700008708984,27181.15140000009,168.97716894977168
1777971229,109,,Aggregated,2.100000,0.000000,120,140,190,280,6000,18000,25000,26000,27000,27000,27000,222,0,120,2030.0691891882436,39.728700008708984,27181.15140000009,168.9009009009009
1777971230,110,,Aggregated,2.100000,0.000000,120,140,180,280,6000,18000,25000,26000,27000,27000,27000,225,0,120,2003.8876924434833,39.728700008708984,27181.15140000009,168.17777777777778
1777971231,111,,Aggregated,2.100000,0.000000,120,140,180,280,6000,18000,25000,26000,27000,27000,27000,225,0,120,2003.8876924434833,39.728700008708984,27181.15140000009,168.17777777777778
1777971233,112,,Aggregated,2.000000,0.000000,120,140,180,280,6000,18000,25000,26000,27000,27000,27000,228,0,120,1979.0029921041742,39.728700008708984,27181.15140000009,168.3421052631579
1777971234,113,,Aggregated,2.100000,0.000000,120,140,180,280,6000,18000,25000,26000,27000,27000,27000,230,0,110,1962.4925556510393,39.728700008708984,27181.15140000009,168.37391304347827
1777971235,114,,Aggregated,2.200000,0.000000,120,140,180,270,5600,18000,25000,26000,27000,27000,27000,232,0,110,1946.5102909471798,39.728700008708984,27181.15140000009,168.4051724137931
1777971236,115,,Aggregated,2.200000,0.000000,110,140,170,270,5600,18000,25000,26000,27000,27000,27000,233,0,110,1938.361503432286,39.728700008708984,27181.15140000009,168.30901287553647
1777971237,116,,Aggregated,1.900000,0.000000,110,140,170,260,5600,18000,25000,26000,27000,27000,27000,236,0,110,1915.1079635580033,39.728700008708984,27181.15140000009,168.46610169491527
1777971238,117,,Aggregated,1.900000,0.000000,110,140,170,260,5600,18000,25000,26000,27000,27000,27000,238,0,110,1899.70553613306,39.728700008708984,27181.15140000009,168.49579831932772
1777971239,118,,Aggregated,1.900000,0.000000,110,130,170,260,5600,18000,25000,26000,27000,27000,27000,239,0,110,1891.9311669442284,39.728700008708984,27181.15140000009,168.40167364016736
1777971240,119,,Aggregated,1.900000,0.000000,110,130,170,240,5500,18000,25000,26000,27000,27000,27000,242,0,110,1869.9177495854058,39.728700008708984,27181.15140000009,167.73553719008265
1777971241,120,,Aggregated,1.900000,0.000000,110,140,170,260,5500,18000,25000,26000,27000,27000,27000,244,0,110,1856.5086372937153,39.728700008708984,27181.15140000009,167.7704918032787
1777971242,121,,Aggregated,2.000000,0.000000,110,140,170,240,5500,18000,25000,26000,27000,27000,27000,246,0,110,1842.0078869904553,39.728700008708984,27181.15140000009,167.8048780487805
1777971243,122,,Aggregated,2.000000,0.000000,110,140,170,240,5500,18000,25000,26000,27000,27000,27000,248,0,110,1828.8182145147255,39.728700008708984,27181.15140000009,167.83870967741936
1777971244,123,,Aggregated,1.900000,0.000000,110,140,170,240,5500,18000,25000,26000,27000,27000,27000,250,0,110,1814.8339839985128,39.728700008708984,27181.15140000009,167.872
1777971245,124,,Aggregated,2.100000,0.000000,110,140,170,240,5500,18000,24000,26000,27000,27000,27000,252,0,110,1801.1760769825612,39.728700008708984,27181.15140000009,167.9047619047619
1777971246,125,,Aggregated,2.000000,0.000000,110,130,170,240,5500,18000,24000,26000,27000,27000,27000,254,0,110,1787.5601976362148,39.728700008708984,27181.15140000009,167.93700787401573
1777971247,126,,Aggregated,2.000000,0.000000,110,130,170,220,5500,18000,24000,26000,27000,27000,27000,256,0,110,1774.2938582015313,39.728700008708984,27181.15140000009,167.96875
1777971248,127,,Aggregated,2.100000,0.000000,110,130,170,220,5500,18000,24000,26000,27000,27000,27000,258,0,110,1761.1822593007814,39.728700008708984,27181.15140000009,168.0
1777971249,128,,Aggregated,2.100000,0.000000,110,130,170,220,5500,18000,24000,26000,27000,27000,27000,260,0,110,1748.2208049984854,39.728700008708984,27181.15140000009,168.03076923076924
1777971250,129,,Aggregated,2.100000,0.000000,110,130,160,220,4500,17000,24000,26000,27000,27000,27000,262,0,110,1735.6629095404394,39.728700008708984,27181.15140000009,168.06106870229007
1777971251,130,,Aggregated,2.100000,0.000000,110,130,160,220,4500,17000,24000,26000,27000,27000,27000,264,0,110,1723.1516155287945,39.728700008708984,27181.15140000009,168.0909090909091
1777971252,131,,Aggregated,2.100000,0.000000,110,130,160,200,4500,17000,24000,26000,27000,27000,27000,266,0,110,1710.8088729309427,39.728700008708984,27181.15140000009,168.1203007518797
1777971253,132,,Aggregated,2.000000,0.000000,110,130,160,200,4500,17000,24000,26000,27000,27000,27000,269,0,110,1692.498120816414,39.728700008708984,27181.15140000009,167.52416356877325
1777971254,133,,Aggregated,2.000000,0.000000,110,130,160,190,4000,17000,24000,26000,27000,27000,27000,272,0,110,1674.6334018369132,39.728700008708984,27181.15140000009,166.94117647058823
1777971255,134,,Aggregated,2.000000,0.000000,110,130,160,190,4000,17000,24000,26000,27000,27000,27000,274,0,110,1663.001137224993,39.728700008708984,27181.15140000009,166.97810218978103
1777971256,135,,Aggregated,2.000000,0.000000,110,130,160,190,4000,17000,24000,26000,27000,27000,27000,276,0,110,1651.6222688392652,39.728700008708984,27181.15140000009,167.0144927536232
1777971257,136,,Aggregated,2.200000,0.000000,110,130,160,190,4000,17000,24000,26000,27000,27000,27000,278,0,110,1640.4848377684737,39.728700008708984,27181.15140000009,167.0503597122302
1777971258,137,,Aggregated,2.200000,0.000000,110,130,160,190,4000,17000,24000,26000,27000,27000,27000,280,0,110,1629.426994284378,39.728700008708984,27181.15140000009,167.0857142857143
1777971259,138,,Aggregated,2.200000,0.000000,110,130,160,190,3500,14000,24000,26000,27000,27000,27000,282,0,110,1618.6503010624665,39.728700008708984,27181.15140000009,167.12056737588654
1777971260,139,,Aggregated,2.200000,0.000000,110,130,160,190,3500,14000,24000,26000,27000,27000,27000,284,0,110,1607.8043728859843,39.728700008708984,27181.15140000009,167.1549295774648
1777971261,140,,Aggregated,2.200000,0.000000,110,130,160,190,3500,14000,24000,26000,27000,27000,27000,286,0,110,1597.1501031454973,39.728700008708984,27181.15140000009,167.1888111888112
1777971262,141,,Aggregated,2.200000,0.000000,110,130,160,190,3500,14000,24000,26000,27000,27000,27000,289,0,110,1581.273149479536,39.728700008708984,27181.15140000009,166.64359861591694
1777971263,142,,Aggregated,2.200000,0.000000,110,130,160,180,3000,14000,24000,26000,27000,27000,27000,291,0,110,1571.063413056889,39.728700008708984,27181.15140000009,166.68041237113403
1777971264,143,,Aggregated,2.200000,0.000000,110,130,160,180,3000,14000,24000,26000,27000,27000,27000,293,0,110,1560.8512371998604,39.728700008708984,27181.15140000009,166.71672354948805
1777971265,144,,Aggregated,2.300000,0.000000,110,130,160,180,3000,14000,24000,26000,27000,27000,27000,296,1,110,1545.8372729715209,39.728700008708984,27181.15140000009,166.1891891891892
1777971266,145,,Aggregated,2.300000,0.000000,110,130,160,180,3000,14000,24000,26000,27000,27000,27000,299,1,110,1531.000095316311,36.966899991966784,27181.15140000009,165.6722408026756
1777971267,146,,Aggregated,2.100000,0.000000,110,130,150,170,2500,12000,24000,26000,27000,27000,27000,301,1,110,1521.3860604637248,36.966899991966784,27181.15140000009,165.71428571428572
1777971268,147,,Aggregated,2.200000,0.100000,110,130,150,170,2500,12000,24000,26000,27000,27000,27000,303,1,110,1511.9407749161387,36.966899991966784,27181.15140000009,165.75577557755776
1777971269,148,,Aggregated,2.300000,0.100000,110,130,150,170,2500,12000,24000,26000,27000,27000,27000,305,1,110,1502.5436288512076,36.966899991966784,27181.15140000009,165.7967213114754
1777971270,149,,Aggregated,2.300000,0.100000,110,130,150,170,2500,12000,24000,26000,27000,27000,27000,307,1,110,1493.4647361550167,36.966899991966784,27181.15140000009,165.8371335504886
1777971271,150,,Aggregated,2.300000,0.100000,110,130,150,170,2500,12000,24000,26000,27000,27000,27000,309,1,110,1484.3064889954712,36.966899991966784,27181.15140000009,165.8770226537217
1777971272,151,,Aggregated,2.300000,0.100000,110,130,150,170,720,12000,24000,26000,27000,27000,27000,312,1,110,1471.4453862166592,36.966899991966784,27181.15140000009,165.3846153846154
1777971273,152,,Aggregated,2.300000,0.100000,110,130,150,170,720,12000,24000,26000,27000,27000,27000,315,1,110,1458.1592898400102,36.966899991966784,27181.15140000009,164.9015873015873
1777971274,153,,Aggregated,2.300000,0.100000,110,130,150,170,720,12000,24000,26000,27000,27000,27000,317,1,110,1449.521046055555,36.966899991966784,27181.15140000009,164.94637223974763
1777971275,154,,Aggregated,2.300000,0.100000,110,130,150,170,720,12000,24000,26000,27000,27000,27000,320,1,110,1436.7375062487554,36.966899991966784,27181.15140000009,164.475
1777971276,155,,Aggregated,2.400000,0.100000,110,130,150,170,330,10000,24000,26000,27000,27000,27000,323,1,110,1424.0414814228998,36.966899991966784,27181.15140000009,164.0123839009288
1777971277,156,,Aggregated,2.400000,0.100000,110,130,150,170,330,10000,24000,26000,27000,27000,27000,325,1,110,1415.7730292296037,36.966899991966784,27181.15140000009,164.06153846153848
1777971278,157,,Aggregated,2.300000,0.000000,110,130,150,170,330,10000,24000,26000,27000,27000,27000,327,1,110,1407.602791741988,36.966899991966784,27181.15140000009,164.11009174311926
1777971279,158,,Aggregated,2.300000,0.000000,110,130,150,170,330,10000,24000,26000,27000,27000,27000,329,1,110,1399.5378620049096,36.966899991966784,27181.15140000009,164.1580547112462
1777971280,159,,Aggregated,2.400000,0.000000,110,130,150,170,320,10000,24000,26000,27000,27000,27000,331,1,110,1391.5878081559893,36.966899991966784,27181.15140000009,164.20543806646526
1777971281,160,,Aggregated,2.400000,0.000000,110,130,150,170,320,10000,24000,26000,27000,27000,27000,333,1,110,1383.7463267256092,36.966899991966784,27181.15140000009,164.25225225225225
1777971282,161,,Aggregated,2.400000,0.000000,110,130,150,170,320,10000,24000,26000,27000,27000,27000,335,1,110,1375.9585468645846,36.966899991966784,27181.15140000009,164.29850746268656
1777971283,162,,Aggregated,2.400000,0.000000,110,120,140,170,320,10000,24000,26000,27000,27000,27000,337,1,110,1368.2925154290747,36.966899991966784,27181.15140000009,164.34421364985164
1777971284,163,,Aggregated,2.400000,0.000000,110,120,150,170,320,10000,24000,26000,27000,27000,27000,339,1,110,1360.8851368719497,36.966899991966784,27181.15140000009,164.38938053097345
1777971285,164,,Aggregated,2.400000,0.000000,110,130,140,170,320,9500,24000,26000,27000,27000,27000,341,1,110,1353.4124480925543,36.966899991966784,27181.15140000009,164.43401759530792
1777971286,165,,Aggregated,2.300000,0.000000,110,120,140,170,320,9500,24000,26000,27000,27000,27000,343,1,110,1345.9949679287495,36.966899991966784,27181.15140000009,164.47813411078718
1777971287,166,,Aggregated,2.200000,0.000000,110,120,140,170,320,9500,24000,26000,27000,27000,27000,345,1,110,1338.8464307234508,36.966899991966784,27181.15140000009,164.52173913043478
1777971288,167,,Aggregated,2.200000,0.000000,110,120,140,170,320,9500,24000,26000,27000,27000,27000,347,1,110,1331.5838051860735,36.966899991966784,27181.15140000009,164.56484149855908
1777971289,168,,Aggregated,2.100000,0.000000,110,120,140,170,320,9500,24000,26000,27000,27000,27000,349,1,110,1324.4678234944338,36.966899991966784,27181.15140000009,164.60744985673352
1777971290,169,,Aggregated,2.000000,0.000000,110,120,140,170,320,9500,23000,26000,27000,27000,27000,352,1,110,1314.3354971578613,36.966899991966784,27181.15140000009,164.1818181818182
1777971291,170,,Aggregated,2.000000,0.000000,110,120,140,170,320,9500,23000,26000,27000,27000,27000,355,1,110,1303.8235726747432,36.966899991966784,27181.15140000009,163.76338028169013
1777971292,171,,Aggregated,2.100000,0.000000,110,120,140,160,320,9500,23000,26000,27000,27000,27000,358,1,110,1293.4311103339467,36.966899991966784,27181.15140000009,163.35195530726256
1777971293,172,,Aggregated,2.100000,0.000000,110,120,140,160,320,9500,23000,26000,27000,27000,27000,360,1,110,1286.6368377765564,36.966899991966784,27181.15140000009,163.4
1777971294,173,,Aggregated,2.200000,0.000000,110,120,140,160,320,8500,23000,26000,27000,27000,27000,362,1,110,1279.966278175485,36.966899991966784,27181.15140000009,163.44751381215468
1777971295,174,,Aggregated,2.200000,0.000000,110,120,140,160,320,8500,23000,26000,27000,27000,27000,364,1,110,1273.394314284375,36.966899991966784,27181.15140000009,163.4945054945055
1777971296,175,,Aggregated,2.300000,0.000000,110,120,140,160,320,8500,23000,26000,27000,27000,27000,366,1,110,1266.9394841517706,36.966899991966784,27181.15140000009,163.54098360655738
1777971297,176,,Aggregated,2.300000,0.000000,110,120,140,160,320,8500,23000,26000,27000,27000,27000,368,1,110,1260.5640774444232,36.966899991966784,27181.15140000009,163.58695652173913
1777971298,177,,Aggregated,2.300000,0.000000,110,120,140,160,320,8500,23000,26000,27000,27000,27000,370,1,110,1254.1707299987163,36.966899991966784,27181.15140000009,163.63243243243244
1777971299,178,,Aggregated,2.300000,0.000000,110,120,140,160,310,8500,23000,26000,27000,27000,27000,373,1,110,1244.5955077735064,36.966899991966784,27181.15140000009,163.23860589812332
1777971300,179,,Aggregated,2.300000,0.000000,110,120,140,160,310,8500,23000,26000,27000,27000,27000,376,1,110,1235.3252832433507,36.966899991966784,27181.15140000009,162.85106382978722
1777971301,180,,Aggregated,2.300000,0.000000,110,120,140,160,310,8500,23000,26000,27000,27000,27000,378,1,110,1229.1535238081542,36.966899991966784,27181.15140000009,162.8994708994709
1777971302,181,,Aggregated,2.400000,0.000000,110,120,140,160,310,8500,23000,26000,27000,27000,27000,380,1,110,1223.1860971039216,36.966899991966784,27181.15140000009,162.94736842105263
1777971303,182,,Aggregated,2.400000,0.000000,110,120,140,160,300,7500,23000,26000,27000,27000,27000,382,1,110,1217.197785600828,36.966899991966784,27181.15140000009,162.99476439790575
1777971304,183,,Aggregated,2.300000,0.000000,110,120,140,160,300,7500,23000,26000,27000,27000,27000,384,1,110,1211.2856752592052,36.966899991966784,27181.15140000009,163.04166666666666
1777971305,184,,Aggregated,2.300000,0.000000,110,120,140,160,300,7500,23000,26000,27000,27000,27000,386,1,110,1205.452525905509,36.966899991966784,27181.15140000009,163.0880829015544
1777971306,185,,Aggregated,2.200000,0.000000,110,120,140,160,300,7500,23000,26000,27000,27000,27000,389,1,110,1196.8881719782955,36.966899991966784,27181.15140000009,162.7146529562982
1777971307,186,,Aggregated,2.200000,0.000000,110,120,140,160,300,7500,23000,26000,27000,27000,27000,391,1,110,1191.1536199476895,36.966899991966784,27181.15140000009,162.7621483375959
1777971308,187,,Aggregated,2.300000,0.000000,110,120,130,160,300,7500,23000,26000,27000,27000,27000,394,1,110,1182.5917525368957,36.966899991966784,27181.15140000009,162.39593908629442
1777971309,188,,Aggregated,2.300000,0.000000,110,120,130,150,300,7500,23000,26000,27000,27000,27000,396,1,100,1176.983007827081,36.966899991966784,27181.15140000009,162.44444444444446
1777971310,189,,Aggregated,2.300000,0.000000,100,120,130,150,300,7500,23000,26000,27000,27000,27000,399,1,100,1168.7084360890362,36.966899991966784,27181.15140000009,162.08521303258146
1777971311,190,,Aggregated,2.300000,0.000000,100,120,130,150,300,7000,21000,25000,27000,27000,27000,401,1,100,1163.2739733155595,36.966899991966784,27181.15140000009,162.13466334164588
1777971312,191,,Aggregated,2.300000,0.000000,100,120,130,150,300,7000,21000,25000,27000,27000,27000,403,1,100,1157.9794047135172,36.966899991966784,27181.15140000009,162.1836228287841
1777971313,192,,Aggregated,2.300000,0.000000,100,120,130,150,300,7000,21000,25000,27000,27000,27000,405,1,100,1152.7141832087598,36.966899991966784,27181.15140000009,162.2320987654321
1777971314,193,,Aggregated,2.300000,0.000000,100,120,130,150,300,7000,21000,25000,27000,27000,27000,409,1,100,1142.0640254268408,36.966899991966784,27181.15140000009,161.48655256723717
1777971315,194,,Aggregated,2.300000,0.000000,100,120,130,150,300,7000,21000,25000,27000,27000,27000,412,1,100,1134.2755376203218,36.966899991966784,27181.15140000009,161.14563106796118
1777971316,195,,Aggregated,2.300000,0.000000,100,120,130,150,300,7000,21000,25000,27000,27000,27000,414,1,100,1129.1699306753262,36.966899991966784,27181.15140000009,161.19806763285024
1777971317,196,,Aggregated,2.500000,0.000000,100,120,130,150,300,7000,21000,25000,27000,27000,27000,416,1,100,1124.1541105758956,36.966899991966784,27181.15140000009,161.25
1777971318,197,,Aggregated,2.500000,0.000000,100,120,130,150,300,7000,21000,25000,27000,27000,27000,418,1,100,1119.1390763148588,36.966899991966784,27181.15140000009,161.30143540669857
1777971319,198,,Aggregated,2.500000,0.000000,100,120,130,150,290,6500,21000,25000,27000,27000,27000,421,1,100,1111.697566982402,36.966899991966784,27181.15140000009,160.9691211401425
1777971320,199,,Aggregated,2.500000,0.000000,100,120,130,150,290,6500,21000,25000,27000,27000,27000,423,1,100,1106.8290482260327,36.966899991966784,27181.15140000009,161.0212765957447
1777971321,200,,Aggregated,2.500000,0.000000,100,120,130,150,300,6500,21000,25000,27000,27000,27000,425,1,100,1102.7927272931865,36.966899991966784,27181.15140000009,161.07294117647058
1777971322,200,,Aggregated,2.300000,0.000000,100,120,130,150,300,6500,21000,25000,27000,27000,27000,427,1,100,1098.0320088983844,36.966899991966784,27181.15140000009,161.12412177985948
1777971323,200,,Aggregated,2.300000,0.000000,100,120,130,150,300,6500,21000,25000,27000,27000,27000,427,1,100,1098.0320088983844,36.966899991966784,27181.15140000009,161.12412177985948
1777971324,200,,Aggregated,2.300000,0.000000,100,120,130,150,300,6500,21000,25000,27000,27000,27000,427,1,100,1098.0320088983844,36.966899991966784,27181.15140000009,161.12412177985948
1777971325,200,,Aggregated,2.300000,0.000000,100,120,130,150,300,6500,21000,25000,27000,27000,27000,427,1,100,1098.0320088983844,36.966899991966784,27181.15140000009,161.12412177985948
1777971326,200,,Aggregated,2.300000,0.000000,100,120,130,150,300,6500,21000,25000,27000,27000,27000,427,1,100,1098.0320088983844,36.966899991966784,27181.15140000009,161.12412177985948
1777971327,200,,Aggregated,1.600000,0.000000,100,120,130,150,300,6500,21000,25000,27000,27000,27000,428,1,100,1095.5597067748336,36.966899991966784,27181.15140000009,160.74766355140187
1777971329,200,,Aggregated,1.600000,0.000000,100,120,130,150,300,6500,21000,25000,27000,27000,27000,428,1,100,1095.5597067748336,36.966899991966784,27181.15140000009,160.74766355140187
1777971330,200,,Aggregated,1.600000,0.000000,100,120,130,150,300,6500,21000,25000,27000,27000,27000,428,1,100,1095.5597067748336,36.966899991966784,27181.15140000009,160.74766355140187
1777971331,200,,Aggregated,1.600000,0.000000,100,120,130,150,300,6500,21000,25000,27000,27000,27000,428,1,100,1095.5597067748336,36.966899991966784,27181.15140000009,160.74766355140187
1777971332,200,,Aggregated,1.600000,0.000000,100,120,130,150,300,6500,21000,25000,27000,27000,27000,428,1,100,1095.5597067748336,36.966899991966784,27181.15140000009,160.74766355140187
1777971333,200,,Aggregated,1.600000,0.000000,100,120,130,150,300,6500,21000,25000,27000,27000,27000,428,1,100,1095.5597067748336,36.966899991966784,27181.15140000009,160.74766355140187
1777971334,200,,Aggregated,1.600000,0.000000,100,120,130,150,300,6500,21000,25000,27000,27000,27000,428,1,100,1095.5597067748336,36.966899991966784,27181.15140000009,160.74766355140187
1777971335,200,,Aggregated,1.600000,0.000000,100,120,130,150,300,6500,21000,25000,27000,27000,27000,428,1,100,1095.5597067748336,36.966899991966784,27181.15140000009,160.74766355140187
1777971336,200,,Aggregated,0.100000,0.000000,100,120,130,150,300,6500,21000,25000,27000,27000,27000,429,1,100,1094.8556960363778,36.966899991966784,27181.15140000009,160.37296037296036
1777971337,200,,Aggregated,0.100000,0.000000,100,120,130,150,300,6500,21000,25000,27000,27000,27000,429,1,100,1094.8556960363778,36.966899991966784,27181.15140000009,160.37296037296036
1777971338,200,,Aggregated,0.100000,0.000000,100,120,130,150,300,6500,21000,25000,27000,27000,27000,429,1,100,1094.8556960363778,36.966899991966784,27181.15140000009,160.37296037296036
1777971339,200,,Aggregated,0.100000,0.000000,100,120,130,150,300,6500,21000,25000,27000,27000,27000,429,1,100,1094.8556960363778,36.966899991966784,27181.15140000009,160.37296037296036
1777971340,200,,Aggregated,0.100000,0.000000,100,120,130,150,300,6500,21000,25000,27000,27000,27000,429,1,100,1094.8556960363778,36.966899991966784,27181.15140000009,160.37296037296036
1777971341,200,,Aggregated,0.100000,0.000000,100,120,130,150,300,6500,21000,25000,27000,27000,27000,429,1,100,1094.8556960363778,36.966899991966784,27181.15140000009,160.37296037296036
1777971342,200,,Aggregated,0.100000,0.000000,100,120,130,150,300,6500,21000,25000,27000,27000,27000,429,1,100,1094.8556960363778,36.966899991966784,27181.15140000009,160.37296037296036
1777971343,200,,Aggregated,0.100000,0.000000,100,120,130,150,300,6500,21000,25000,27000,27000,27000,430,1,100,1105.0564474409289,36.966899991966784,27181.15140000009,160.0
1777971344,200,,Aggregated,0.100000,0.000000,100,120,130,150,300,6500,21000,25000,27000,27000,27000,430,1,100,1105.0564474409289,36.966899991966784,27181.15140000009,160.0
1777971345,200,,Aggregated,0.100000,0.000000,100,120,130,150,300,6500,21000,25000,27000,27000,27000,430,1,100,1105.0564474409289,36.966899991966784,27181.15140000009,160.0
1777971346,200,,Aggregated,0.100000,0.000000,100,120,130,150,300,6500,21000,25000,27000,27000,27000,430,1,100,1105.0564474409289,36.966899991966784,27181.15140000009,160.0
1777971347,200,,Aggregated,0.100000,0.000000,100,120,130,150,300,6500,21000,25000,27000,27000,27000,430,1,100,1105.0564474409289,36.966899991966784,27181.15140000009,160.0
1777971348,200,,Aggregated,0.100000,0.000000,100,120,130,150,300,6500,21000,25000,27000,27000,27000,430,1,100,1105.0564474409289,36.966899991966784,27181.15140000009,160.0
1777971349,200,,Aggregated,0.100000,0.000000,100,120,130,150,300,6500,21000,25000,27000,27000,27000,430,1,100,1105.0564474409289,36.966899991966784,27181.15140000009,160.0
1777971350,200,,Aggregated,0.100000,0.000000,100,120,130,150,300,6500,21000,25000,27000,27000,27000,430,1,100,1105.0564474409289,36.966899991966784,27181.15140000009,160.0
1777971351,200,,Aggregated,0.100000,0.000000,100,120,130,150,300,6500,21000,25000,27000,27000,27000,431,1,100,1103.2141412983367,36.966899991966784,27181.15140000009,159.62877030162414
1777971352,200,,Aggregated,0.100000,0.000000,100,120,130,150,300,6500,21000,25000,27000,27000,27000,431,1,100,1103.2141412983367,36.966899991966784,27181.15140000009,159.62877030162414
1777971353,200,,Aggregated,0.100000,0.000000,100,120,130,150,300,6500,21000,25000,27000,27000,27000,431,1,100,1103.2141412983367,36.966899991966784,27181.15140000009,159.62877030162414
1777971354,200,,Aggregated,0.100000,0.000000,100,120,130,150,300,6500,21000,25000,27000,27000,27000,431,1,100,1103.2141412983367,36.966899991966784,27181.15140000009,159.62877030162414
1777971355,200,,Aggregated,0.100000,0.000000,100,120,130,150,300,6500,21000,25000,27000,27000,27000,431,1,100,1103.2141412983367,36.966899991966784,27181.15140000009,159.62877030162414
1777971356,200,,Aggregated,0.100000,0.000000,100,120,130,150,300,6500,21000,25000,27000,27000,27000,431,1,100,1103.2141412983367,36.966899991966784,27181.15140000009,159.62877030162414
1777971357,200,,Aggregated,0.100000,0.000000,100,120,130,150,300,6500,21000,25000,27000,27000,27000,431,1,100,1103.2141412983367,36.966899991966784,27181.15140000009,159.62877030162414
1777971358,200,,Aggregated,0.100000,0.000000,100,120,130,150,300,6500,21000,25000,27000,27000,27000,431,1,100,1103.2141412983367,36.966899991966784,27181.15140000009,159.62877030162414
1777971359,200,,Aggregated,0.100000,0.000000,100,120,130,150,300,6500,21000,25000,27000,27000,27000,432,1,100,1100.7319159712938,30.89280001586303,27181.15140000009,159.25925925925927
1777971360,200,,Aggregated,0.100000,0.000000,100,120,130,150,300,6500,21000,25000,27000,27000,27000,432,1,100,1100.7319159712938,30.89280001586303,27181.15140000009,159.25925925925927
1777971361,200,,Aggregated,0.100000,0.000000,100,120,130,150,300,6500,21000,25000,27000,27000,27000,434,1,100,1095.8608343309004,30.89280001586303,27181.15140000009,158.52534562211983
1777971362,200,,Aggregated,0.200000,0.000000,100,120,130,150,300,6500,21000,25000,27000,27000,27000,435,1,100,1093.4520921829803,30.89280001586303,27181.15140000009,158.16091954022988
1777971363,200,,Aggregated,0.200000,0.000000,100,120,130,150,300,6500,21000,25000,27000,27000,27000,435,1,100,1093.4520921829803,30.89280001586303,27181.15140000009,158.16091954022988
1777971364,200,,Aggregated,0.200000,0.000000,100,120,130,150,300,6500,21000,25000,27000,27000,27000,435,1,100,1093.4520921829803,30.89280001586303,27181.15140000009,158.16091954022988
1777971365,200,,Aggregated,0.200000,0.000000,100,120,130,150,300,6500,21000,25000,27000,27000,27000,435,1,100,1093.4520921829803,30.89280001586303,27181.15140000009,158.16091954022988
1777971366,200,,Aggregated,0.200000,0.000000,100,120,130,150,300,6500,21000,25000,27000,27000,27000,435,1,100,1093.4520921829803,30.89280001586303,27181.15140000009,158.16091954022988
1777971367,200,,Aggregated,0.400000,0.000000,100,120,130,150,300,6500,21000,25000,27000,27000,27000,436,1,100,1091.0459204119393,30.89280001586303,27181.15140000009,157.7981651376147
1777971368,200,,Aggregated,0.400000,0.000000,100,120,130,150,300,6500,21000,25000,27000,27000,27000,436,1,100,1091.0459204119393,30.89280001586303,27181.15140000009,157.7981651376147
1777971369,200,,Aggregated,0.400000,0.000000,100,120,130,150,300,6500,21000,25000,27000,27000,27000,436,1,100,1091.0459204119393,30.89280001586303,27181.15140000009,157.7981651376147
1777971370,200,,Aggregated,0.400000,0.000000,100,120,130,150,300,6500,21000,25000,27000,27000,27000,436,1,100,1091.0459204119393,30.89280001586303,27181.15140000009,157.7981651376147
1777971371,200,,Aggregated,0.400000,0.000000,100,120,130,150,300,6500,21000,25000,27000,27000,27000,436,1,100,1091.0459204119393,30.89280001586303,27181.15140000009,157.7981651376147
1777971372,200,,Aggregated,0.400000,0.000000,100,120,130,150,300,6500,21000,25000,27000,27000,27000,436,1,100,1091.0459204119393,30.89280001586303,27181.15140000009,157.7981651376147
1777971373,200,,Aggregated,0.200000,0.000000,100,120,130,150,300,6500,21000,25000,27000,27000,27000,440,1,100,1082.1363438627238,30.89280001586303,27181.15140000009,156.36363636363637
1777971374,200,,Aggregated,0.200000,0.000000,100,120,130,150,300,6500,21000,25000,27000,27000,27000,440,1,100,1082.1363438627238,30.89280001586303,27181.15140000009,156.36363636363637
1777971375,200,,Aggregated,0.200000,0.000000,100,120,130,150,300,6500,21000,25000,27000,27000,27000,440,1,100,1082.1363438627238,30.89280001586303,27181.15140000009,156.36363636363637
1777971376,200,,Aggregated,0.500000,0.000000,100,120,130,150,300,6000,21000,25000,27000,27000,27000,441,1,100,1079.8780952372124,30.89280001586303,27181.15140000009,156.00907029478458
1777971377,200,,Aggregated,0.500000,0.000000,100,120,130,150,300,6000,21000,25000,27000,27000,27000,441,1,100,1079.8780952372124,30.89280001586303,27181.15140000009,156.00907029478458
1777971378,200,,Aggregated,0.500000,0.000000,100,120,130,150,300,6000,21000,25000,27000,27000,27000,441,1,100,1079.8780952372124,30.89280001586303,27181.15140000009,156.00907029478458
1777971379,200,,Aggregated,0.500000,0.000000,100,120,130,150,300,6000,21000,25000,27000,27000,27000,441,1,100,1079.8780952372124,30.89280001586303,27181.15140000009,156.00907029478458
1777971380,200,,Aggregated,0.500000,0.000000,100,120,130,150,300,6000,21000,25000,27000,27000,27000,441,1,100,1079.8780952372124,30.89280001586303,27181.15140000009,156.00907029478458
1777971381,200,,Aggregated,0.500000,0.000000,100,120,130,150,300,6000,21000,25000,27000,27000,27000,441,1,100,1079.8780952372124,30.89280001586303,27181.15140000009,156.00907029478458
1777971382,200,,Aggregated,0.500000,0.000000,100,120,130,150,300,6000,21000,25000,27000,27000,27000,442,1,100,1077.5503739810758,30.89280001586303,27181.15140000009,155.65610859728505
1777971383,200,,Aggregated,0.500000,0.000000,100,120,130,150,300,6000,21000,25000,27000,27000,27000,442,1,100,1077.5503739810758,30.89280001586303,27181.15140000009,155.65610859728505
1777971384,200,,Aggregated,0.500000,0.000000,100,120,130,150,300,6000,21000,25000,27000,27000,27000,442,1,100,1077.5503739810758,30.89280001586303,27181.15140000009,155.65610859728505
1777971385,200,,Aggregated,0.600000,0.000000,100,120,130,150,300,6000,21000,25000,27000,27000,27000,443,1,100,1075.2283616244933,30.89280001586303,27181.15140000009,155.30474040632055
1777971386,200,,Aggregated,0.600000,0.000000,100,120,130,150,300,6000,21000,25000,27000,27000,27000,443,1,100,1075.2283616244933,30.89280001586303,27181.15140000009,155.30474040632055
1777971387,200,,Aggregated,0.600000,0.000000,100,120,130,150,300,6000,21000,25000,27000,27000,27000,443,1,100,1075.2283616244933,30.89280001586303,27181.15140000009,155.30474040632055
1777971388,200,,Aggregated,0.600000,0.000000,100,120,130,150,300,6000,21000,25000,27000,27000,27000,443,1,100,1075.2283616244933,30.89280001586303,27181.15140000009,155.30474040632055
1777971389,200,,Aggregated,0.600000,0.000000,100,120,130,150,300,6000,21000,25000,27000,27000,27000,443,1,100,1075.2283616244933,30.89280001586303,27181.15140000009,155.30474040632055
1777971390,200,,Aggregated,0.600000,0.000000,100,120,130,150,300,6000,21000,25000,27000,27000,27000,443,1,100,1075.2283616244933,30.89280001586303,27181.15140000009,155.30474040632055
1777971391,200,,Aggregated,0.200000,0.000000,100,120,130,150,300,6000,21000,25000,27000,27000,27000,444,1,100,1073.4783668910848,30.89280001586303,27181.15140000009,154.95495495495496
1777971392,200,,Aggregated,0.200000,0.000000,100,120,130,150,300,6000,21000,25000,27000,27000,27000,444,1,100,1073.4783668910848,30.89280001586303,27181.15140000009,154.95495495495496
1777971393,200,,Aggregated,0.200000,0.000000,100,120,130,150,300,6000,21000,25000,27000,27000,27000,444,1,100,1073.4783668910848,30.89280001586303,27181.15140000009,154.95495495495496
1777971394,200,,Aggregated,0.200000,0.000000,100,120,130,150,300,6000,21000,25000,27000,27000,27000,444,1,100,1073.4783668910848,30.89280001586303,27181.15140000009,154.95495495495496
1777971395,200,,Aggregated,0.200000,0.000000,100,120,130,150,300,6000,21000,25000,27000,27000,27000,444,1,100,1073.4783668910848,30.89280001586303,27181.15140000009,154.95495495495496
1777971396,200,,Aggregated,0.200000,0.000000,100,120,130,150,300,6000,21000,25000,27000,27000,27000,444,1,100,1073.4783668910848,30.89280001586303,27181.15140000009,154.95495495495496
1777971397,200,,Aggregated,0.200000,0.000000,100,120,130,150,300,6000,21000,25000,27000,27000,27000,444,1,100,1073.4783668910848,30.89280001586303,27181.15140000009,154.95495495495496
1777971398,200,,Aggregated,0.200000,0.000000,100,120,130,150,300,6000,21000,25000,27000,27000,27000,444,1,100,1073.4783668910848,30.89280001586303,27181.15140000009,154.95495495495496
1777971399,200,,Aggregated,0.200000,0.000000,100,120,130,150,300,6000,21000,25000,27000,27000,27000,444,1,100,1073.4783668910848,30.89280001586303,27181.15140000009,154.95495495495496
1777971400,200,,Aggregated,0.100000,0.000000,100,120,130,150,300,6000,21000,25000,27000,27000,27000,445,1,100,1071.167213707087,30.89280001586303,27181.15140000009,154.6067415730337
1777971401,200,,Aggregated,0.100000,0.000000,100,120,130,150,300,6000,21000,25000,27000,27000,27000,445,1,100,1071.167213707087,30.89280001586303,27181.15140000009,154.6067415730337
1777971402,200,,Aggregated,0.200000,0.000000,100,120,130,150,300,6000,21000,25000,27000,27000,27000,446,1,100,1068.8587753355373,30.89280001586303,27181.15140000009,154.26008968609867
1777971403,200,,Aggregated,0.200000,0.000000,100,120,130,150,300,6000,21000,25000,27000,27000,27000,446,1,100,1068.8587753355373,30.89280001586303,27181.15140000009,154.26008968609867
1777971404,200,,Aggregated,0.200000,0.000000,100,120,130,150,300,6000,21000,25000,27000,27000,27000,446,1,100,1068.8587753355373,30.89280001586303,27181.15140000009,154.26008968609867
1777971405,200,,Aggregated,0.200000,0.000000,100,120,130,150,300,6000,21000,25000,27000,27000,27000,447,1,100,1066.5503809835618,30.89280001586303,27181.15140000009,153.91498881431767
1777971406,200,,Aggregated,0.200000,0.000000,100,120,130,150,300,6000,21000,25000,27000,27000,27000,447,1,100,1066.5503809835618,30.89280001586303,27181.15140000009,153.91498881431767
1777971407,200,,Aggregated,0.200000,0.000000,100,120,130,150,300,6000,21000,25000,27000,27000,27000,448,1,100,1064.3010223206406,30.89280001586303,27181.15140000009,153.57142857142858
1777971408,200,,Aggregated,0.200000,0.000000,100,120,130,150,300,6000,21000,25000,27000,27000,27000,448,1,100,1064.3010223206406,30.89280001586303,27181.15140000009,153.57142857142858
1777971409,200,,Aggregated,0.200000,0.000000,100,120,130,150,300,6000,21000,25000,27000,27000,27000,448,1,100,1064.3010223206406,30.89280001586303,27181.15140000009,153.57142857142858
1777971410,200,,Aggregated,0.400000,0.000000,100,120,130,150,300,6000,21000,25000,27000,27000,27000,449,1,100,1062.0492543421844,30.89280001586303,27181.15140000009,153.2293986636971
1777971411,200,,Aggregated,0.400000,0.000000,100,120,130,150,300,6000,21000,25000,27000,27000,27000,449,1,100,1062.0492543421844,30.89280001586303,27181.15140000009,153.2293986636971
1777971412,200,,Aggregated,0.400000,0.000000,100,120,130,150,300,6000,21000,25000,27000,27000,27000,449,1,100,1062.0492543421844,30.89280001586303,27181.15140000009,153.2293986636971
1777971413,200,,Aggregated,0.400000,0.000000,100,120,130,150,300,6000,21000,25000,27000,27000,27000,449,1,100,1062.0492543421844,30.89280001586303,27181.15140000009,153.2293986636971
1777971414,200,,Aggregated,0.400000,0.000000,100,120,130,150,300,6000,21000,25000,27000,27000,27000,449,1,100,1062.0492543421844,30.89280001586303,27181.15140000009,153.2293986636971
1777971415,200,,Aggregated,0.400000,0.000000,100,120,130,150,300,6000,21000,25000,27000,27000,27000,449,1,100,1062.0492543421844,30.89280001586303,27181.15140000009,153.2293986636971
1777971416,200,,Aggregated,0.400000,0.000000,100,120,130,150,300,6000,21000,25000,27000,27000,27000,449,1,100,1062.0492543421844,30.89280001586303,27181.15140000009,153.2293986636971
1777971417,200,,Aggregated,0.400000,0.000000,100,120,130,150,300,6000,21000,25000,27000,27000,27000,449,1,100,1062.0492543421844,30.89280001586303,27181.15140000009,153.2293986636971
1777971418,200,,Aggregated,0.400000,0.000000,100,120,130,150,300,6000,21000,25000,27000,27000,27000,449,1,100,1062.0492543421844,30.89280001586303,27181.15140000009,153.2293986636971
1777971419,200,,Aggregated,0.200000,0.000000,100,120,130,150,300,6000,21000,25000,27000,27000,27000,450,1,100,1072.0947568881093,30.89280001586303,27181.15140000009,152.88888888888889
1777971420,200,,Aggregated,0.200000,0.000000,100,120,130,150,300,6000,21000,25000,27000,27000,27000,450,1,100,1072.0947568881093,30.89280001586303,27181.15140000009,152.88888888888889
1777971421,200,,Aggregated,0.200000,0.000000,100,120,130,150,300,6000,21000,25000,27000,27000,27000,450,1,100,1072.0947568881093,30.89280001586303,27181.15140000009,152.88888888888889
1777971422,200,,Aggregated,0.200000,0.000000,100,120,130,150,300,6000,20000,25000,27000,27000,27000,451,2,100,1069.8317447885693,30.89280001586303,27181.15140000009,152.549889135255
1777971424,200,,Aggregated,0.100000,0.000000,100,120,130,150,300,6000,20000,25000,27000,27000,27000,453,2,100,1065.2927209705522,30.89280001586303,27181.15140000009,151.87637969094922
1777971425,200,,Aggregated,0.100000,0.000000,100,120,130,150,300,6000,20000,25000,27000,27000,27000,453,2,100,1065.2927209705522,30.89280001586303,27181.15140000009,151.87637969094922
1777971426,200,,Aggregated,0.100000,0.000000,100,120,130,150,300,6000,20000,25000,27000,27000,27000,453,2,100,1065.2927209705522,30.89280001586303,27181.15140000009,151.87637969094922
1777971427,200,,Aggregated,0.100000,0.000000,100,120,130,150,300,6000,20000,25000,27000,27000,27000,453,2,100,1065.2927209705522,30.89280001586303,27181.15140000009,151.87637969094922
1777971428,200,,Aggregated,0.400000,0.100000,100,120,130,150,300,6000,20000,25000,27000,27000,27000,454,2,100,1063.0414511005565,30.89280001586303,27181.15140000009,151.5418502202643
1777971429,200,,Aggregated,0.400000,0.100000,100,120,130,150,300,6000,20000,25000,27000,27000,27000,454,2,100,1063.0414511005565,30.89280001586303,27181.15140000009,151.5418502202643
1777971430,200,,Aggregated,0.400000,0.100000,100,120,130,150,300,6000,20000,25000,27000,27000,27000,457,2,100,1057.1527949664783,30.89280001586303,27181.15140000009,150.54704595185996
1777971431,200,,Aggregated,0.500000,0.100000,100,120,130,150,300,6000,20000,25000,27000,27000,27000,460,2,100,1050.546491303628,30.89280001586303,27181.15140000009,149.56521739130434
1777971432,200,,Aggregated,0.500000,0.100000,100,120,130,150,300,5600,20000,25000,27000,27000,27000,462,2,100,1046.1751642849626,30.89280001586303,27181.15140000009,148.91774891774892
1777971433,200,,Aggregated,0.700000,0.100000,100,120,130,150,300,5600,20000,25000,27000,27000,27000,463,2,100,1044.7082835845886,30.89280001586303,27181.15140000009,148.5961123110151
1777971434,200,,Aggregated,0.700000,0.100000,100,120,130,150,300,5600,20000,25000,27000,27000,27000,463,2,100,1044.7082835845886,30.89280001586303,27181.15140000009,148.5961123110151
1777971435,200,,Aggregated,0.700000,0.100000,100,120,130,150,300,5600,20000,25000,27000,27000,27000,463,2,100,1044.7082835845886,30.89280001586303,27181.15140000009,148.5961123110151
1777971436,200,,Aggregated,0.700000,0.100000,100,120,130,150,300,5600,20000,25000,27000,27000,27000,463,2,100,1044.7082835845886,30.89280001586303,27181.15140000009,148.5961123110151
1777971437,200,,Aggregated,1.000000,0.000000,100,120,130,150,300,5600,20000,25000,27000,27000,27000,464,2,100,1042.5403952578627,30.89280001586303,27181.15140000009,148.27586206896552
1777971438,200,,Aggregated,1.000000,0.000000,100,120,130,150,300,5600,20000,25000,27000,27000,27000,464,2,100,1042.5403952578627,30.89280001586303,27181.15140000009,148.27586206896552
1777971439,200,,Aggregated,1.000000,0.000000,100,120,130,150,300,5600,20000,25000,27000,27000,27000,464,2,100,1042.5403952578627,30.89280001586303,27181.15140000009,148.27586206896552
1777971440,200,,Aggregated,1.000000,0.000000,100,120,130,150,300,5600,20000,25000,27000,27000,27000,464,2,100,1042.5403952578627,30.89280001586303,27181.15140000009,148.27586206896552
1777971441,200,,Aggregated,1.000000,0.000000,100,120,130,150,300,5600,20000,25000,27000,27000,27000,464,2,100,1042.5403952578627,30.89280001586303,27181.15140000009,148.27586206896552
1777971442,200,,Aggregated,1.000000,0.000000,100,120,130,150,300,5600,20000,25000,27000,27000,27000,464,2,100,1042.5403952578627,30.89280001586303,27181.15140000009,148.27586206896552
1777971443,200,,Aggregated,1.000000,0.000000,100,120,130,150,300,5600,20000,25000,27000,27000,27000,464,2,100,1042.5403952578627,30.89280001586303,27181.15140000009,148.27586206896552
1777971444,200,,Aggregated,1.000000,0.000000,100,120,130,150,300,5600,20000,25000,27000,27000,27000,464,2,100,1042.5403952578627,30.89280001586303,27181.15140000009,148.27586206896552
1777971445,200,,Aggregated,0.200000,0.000000,100,120,130,150,300,5600,20000,25000,27000,27000,27000,465,2,100,1040.4005860206946,30.89280001586303,27181.15140000009,147.95698924731184
1777971446,200,,Aggregated,0.200000,0.000000,100,120,130,150,300,5600,20000,25000,27000,27000,27000,465,2,100,1040.4005860206946,30.89280001586303,27181.15140000009,147.95698924731184
1777971447,200,,Aggregated,0.200000,0.000000,100,120,130,150,300,5600,20000,25000,27000,27000,27000,465,2,100,1040.4005860206946,30.89280001586303,27181.15140000009,147.95698924731184
1777971448,200,,Aggregated,0.200000,0.000000,100,120,130,150,300,5600,20000,25000,27000,27000,27000,466,2,100,1038.3248064369577,30.89280001586303,27181.15140000009,147.63948497854076
1777971449,200,,Aggregated,0.200000,0.000000,100,120,130,150,310,5600,20000,25000,27000,27000,27000,471,7,100,1029.9135840756446,30.89280001586303,27181.15140000009,146.07218683651806
1777971450,200,,Aggregated,0.200000,0.000000,100,120,130,150,310,5600,20000,25000,27000,27000,27000,471,7,100,1029.9135840756446,30.89280001586303,27181.15140000009,146.07218683651806
1777971451,200,,Aggregated,0.100000,0.000000,100,120,130,150,310,5600,20000,25000,27000,27000,27000,472,7,100,1027.8379103805553,30.89280001586303,27181.15140000009,145.76271186440678
1777971452,200,,Aggregated,0.700000,0.500000,100,120,130,150,310,5600,20000,25000,27000,27000,27000,473,8,100,1025.7437101471899,30.89280001586303,27181.15140000009,145.45454545454547
1777971453,200,,Aggregated,0.700000,0.500000,100,120,130,150,310,5600,20000,25000,27000,27000,27000,473,8,100,1025.7437101471899,30.89280001586303,27181.15140000009,145.45454545454547
1777971454,200,,Aggregated,0.800000,0.500000,100,120,130,150,310,5600,20000,25000,27000,27000,27000,475,9,100,1021.9923039992021,30.89280001586303,27181.15140000009,144.8421052631579
1777971455,200,,Aggregated,0.800000,0.500000,100,120,130,150,310,5600,20000,25000,27000,27000,27000,477,11,100,1018.6551501040334,30.89280001586303,27181.15140000009,144.23480083857442
1777971456,200,,Aggregated,0.900000,0.600000,100,120,130,150,310,5600,20000,25000,27000,27000,27000,479,12,100,1014.6121680576136,30.89280001586303,27181.15140000009,143.63256784968684
1777971457,200,,Aggregated,0.900000,0.600000,100,120,130,150,310,5600,20000,25000,27000,27000,27000,479,12,100,1014.6121680576136,30.89280001586303,27181.15140000009,143.63256784968684
1777971458,200,,Aggregated,0.900000,0.600000,100,120,130,150,310,5600,20000,25000,27000,27000,27000,479,12,100,1014.6121680576136,30.89280001586303,27181.15140000009,143.63256784968684
1777971459,200,,Aggregated,0.900000,0.600000,100,120,130,150,310,5600,20000,25000,27000,27000,27000,479,12,100,1014.6121680576136,30.89280001586303,27181.15140000009,143.63256784968684
1777971460,200,,Aggregated,0.900000,0.600000,100,120,130,150,310,5600,20000,25000,27000,27000,27000,479,12,100,1014.6121680576136,30.89280001586303,27181.15140000009,143.63256784968684
1777971461,200,,Aggregated,0.900000,0.600000,100,120,130,150,310,5600,20000,25000,27000,27000,27000,479,12,100,1014.6121680576136,30.89280001586303,27181.15140000009,143.63256784968684
1777971462,200,,Aggregated,0.900000,0.600000,100,120,130,150,310,5600,20000,25000,27000,27000,27000,479,12,100,1014.6121680576136,30.89280001586303,27181.15140000009,143.63256784968684
1777971463,200,,Aggregated,0.900000,0.600000,100,120,130,150,310,5600,20000,25000,27000,27000,27000,479,12,100,1014.6121680576136,30.89280001586303,27181.15140000009,143.63256784968684
1777971464,200,,Aggregated,0.900000,0.600000,100,120,130,150,310,5600,20000,25000,27000,27000,27000,479,12,100,1014.6121680576136,30.89280001586303,27181.15140000009,143.63256784968684
1777971465,200,,Aggregated,0.900000,0.600000,100,120,130,150,310,5600,20000,25000,27000,27000,27000,479,12,100,1014.6121680576136,30.89280001586303,27181.15140000009,143.63256784968684
1777971466,200,,Aggregated,0.900000,0.600000,100,120,130,150,310,5600,20000,25000,27000,27000,27000,479,12,100,1014.6121680576136,30.89280001586303,27181.15140000009,143.63256784968684
1777971467,200,,Aggregated,0.900000,0.600000,100,120,130,150,310,5600,20000,25000,27000,27000,27000,479,12,100,1014.6121680576136,30.89280001586303,27181.15140000009,143.63256784968684
1777971468,200,,Aggregated,0.200000,0.100000,100,120,130,150,310,5600,20000,25000,27000,27000,27000,480,13,100,1012.5737868741757,30.89280001586303,27181.15140000009,143.33333333333334
1777971469,200,,Aggregated,0.000000,0.000000,100,120,130,150,310,5600,20000,25000,27000,27000,27000,481,13,100,1010.5747632008155,30.89280001586303,27181.15140000009,143.03534303534303
1777971470,200,,Aggregated,0.000000,0.000000,100,120,130,150,310,5600,20000,25000,27000,27000,27000,482,14,100,1008.5654869285935,30.89280001586303,27181.15140000009,142.73858921161826
1777971471,200,,Aggregated,0.000000,0.000000,100,120,130,150,310,5600,20000,25000,27000,27000,27000,482,14,100,1008.5654869285935,30.89280001586303,27181.15140000009,142.73858921161826
1777971472,200,,Aggregated,0.100000,0.100000,100,120,130,150,310,5600,20000,25000,27000,27000,27000,483,15,100,1006.58085486459,30.89280001586303,27181.15140000009,142.4430641821946
1777971473,200,,Aggregated,0.300000,0.200000,100,120,130,150,310,5600,20000,25000,27000,27000,27000,485,15,100,1002.6150562878478,30.89280001586303,27181.15140000009,141.8556701030928
1777971474,200,,Aggregated,0.300000,0.200000,100,120,130,150,310,5600,20000,25000,27000,27000,27000,485,15,100,1002.6150562878478,30.89280001586303,27181.15140000009,141.8556701030928
1777971475,200,,Aggregated,0.400000,0.300000,100,120,130,150,310,5600,20000,25000,27000,27000,27000,486,16,100,1000.6324164601117,30.89280001586303,27181.15140000009,141.56378600823047
1777971476,200,,Aggregated,0.400000,0.300000,100,120,130,150,310,5600,20000,25000,27000,27000,27000,486,16,100,1000.6324164601117,30.89280001586303,27181.15140000009,141.56378600823047
1777971477,200,,Aggregated,0.400000,0.300000,100,120,130,150,310,5600,20000,25000,27000,27000,27000,486,16,100,1000.6324164601117,30.89280001586303,27181.15140000009,141.56378600823047
1777971478,200,,Aggregated,0.400000,0.300000,100,120,130,150,310,5600,20000,25000,27000,27000,27000,486,16,100,1000.6324164601117,30.89280001586303,27181.15140000009,141.56378600823047
1777971479,200,,Aggregated,0.400000,0.300000,100,120,130,150,310,5600,20000,25000,27000,27000,27000,486,16,100,1000.6324164601117,30.89280001586303,27181.15140000009,141.56378600823047
1777971480,200,,Aggregated,0.600000,0.300000,100,120,130,150,310,5600,20000,25000,27000,27000,27000,487,17,100,998.6635108822115,30.89280001586303,27181.15140000009,141.27310061601642
1777971481,200,,Aggregated,0.600000,0.300000,100,120,130,150,310,5600,20000,25000,27000,27000,27000,489,17,100,994.7765791403741,30.89280001586303,27181.15140000009,140.69529652351738
1777971482,200,,Aggregated,0.600000,0.300000,100,120,130,150,310,5600,20000,25000,27000,27000,27000,489,17,100,994.7765791403741,30.89280001586303,27181.15140000009,140.69529652351738
1777971483,200,,Aggregated,0.500000,0.300000,100,120,130,150,310,5600,20000,25000,27000,27000,27000,490,18,100,992.8601977543677,30.89280001586303,27181.15140000009,140.40816326530611
1777971484,200,,Aggregated,0.600000,0.200000,100,120,130,150,310,5600,20000,25000,27000,27000,27000,491,18,100,991.7818629320392,30.89280001586303,27181.15140000009,140.122199592668
1777971485,200,,Aggregated,0.500000,0.200000,100,120,130,150,310,5600,20000,25000,27000,27000,27000,493,20,100,987.9716584171687,30.89280001586303,27181.15140000009,139.55375253549695
1777971486,200,,Aggregated,0.500000,0.200000,100,120,130,150,310,5600,20000,25000,27000,27000,27000,493,20,100,987.9716584171687,30.89280001586303,27181.15140000009,139.55375253549695
1777971487,200,,Aggregated,0.500000,0.200000,100,120,130,150,310,5600,20000,25000,27000,27000,27000,493,20,100,987.9716584171687,30.89280001586303,27181.15140000009,139.55375253549695
1777971488,200,,Aggregated,0.500000,0.200000,100,120,130,150,310,5600,20000,25000,27000,27000,27000,493,20,100,987.9716584171687,30.89280001586303,27181.15140000009,139.55375253549695
1777971489,200,,Aggregated,0.700000,0.400000,100,120,130,150,310,5600,20000,25000,27000,27000,27000,494,21,99,986.0470099183179,30.89280001586303,27181.15140000009,139.27125506072875
1777971490,200,,Aggregated,0.700000,0.400000,99,120,130,150,310,5600,20000,25000,27000,27000,27000,495,22,99,984.1569305043621,30.89280001586303,27181.15140000009,138.989898989899
1777971491,200,,Aggregated,0.700000,0.400000,99,120,130,150,310,5600,20000,25000,27000,27000,27000,497,24,99,980.3722116692597,30.89280001586303,27181.15140000009,138.43058350100603
1777971492,200,,Aggregated,0.800000,0.500000,99,120,130,150,310,5600,20000,25000,27000,27000,27000,498,25,99,978.4954722884114,30.89280001586303,27181.15140000009,138.15261044176708
1777971493,200,,Aggregated,0.800000,0.500000,99,120,130,150,310,5600,20000,25000,27000,27000,27000,498,25,99,978.4954722884114,30.89280001586303,27181.15140000009,138.15261044176708
1777971494,200,,Aggregated,0.800000,0.500000,99,120,130,150,310,5600,20000,25000,27000,27000,27000,499,25,99,976.6259050092502,30.89280001586303,27181.15140000009,137.875751503006
1777971495,200,,Aggregated,0.900000,0.800000,99,120,130,150,310,5600,20000,25000,27000,27000,27000,500,26,98,974.7715497992467,30.89280001586303,27181.15140000009,137.6
1777971496,200,,Aggregated,0.900000,0.700000,98,120,130,150,300,5500,20000,24000,27000,27000,27000,501,27,98,972.908554889495,30.89280001586303,27181.15140000009,137.3253493013972
1777971497,200,,Aggregated,0.900000,0.700000,98,120,130,150,300,5500,20000,24000,27000,27000,27000,501,27,98,972.908554889495,30.89280001586303,27181.15140000009,137.3253493013972
1777971498,200,,Aggregated,0.700000,0.600000,98,120,130,150,300,5500,20000,24000,27000,27000,27000,502,28,97,971.0604545809431,30.89280001586303,27181.15140000009,137.05179282868525
1777971499,200,,Aggregated,0.800000,0.700000,97,120,130,150,300,5500,20000,24000,27000,27000,27000,503,29,97,969.2277081503308,30.89280001586303,27181.15140000009,136.779324055666
1777971500,200,,Aggregated,0.800000,0.700000,97,120,130,150,300,5500,20000,24000,27000,27000,27000,505,31,97,965.5625976229635,30.89280001586303,27181.15140000009,136.23762376237624
1777971502,200,,Aggregated,0.900000,0.800000,97,120,130,150,300,5500,20000,24000,27000,27000,27000,507,32,97,961.9346021688235,30.89280001586303,27181.15140000009,135.70019723865877
1777971503,200,,Aggregated,0.900000,0.800000,97,120,130,150,300,5500,20000,24000,27000,27000,27000,507,32,97,961.9346021688235,30.89280001586303,27181.15140000009,135.70019723865877
1777971504,200,,Aggregated,1.000000,0.900000,96,120,130,150,300,5500,20000,24000,27000,27000,27000,509,33,96,958.3536263253158,30.89280001586303,27181.15140000009,135.16699410609039
1777971505,200,,Aggregated,1.000000,0.900000,96,120,130,150,300,5500,20000,24000,27000,27000,27000,509,33,96,958.3536263253158,30.89280001586303,27181.15140000009,135.16699410609039
1777971506,200,,Aggregated,0.900000,0.700000,96,120,130,150,300,5500,20000,24000,27000,27000,27000,510,34,96,956.5496717638441,30.89280001586303,27181.15140000009,134.90196078431373
1777971507,200,,Aggregated,1.000000,0.800000,96,120,130,150,300,5500,20000,24000,27000,27000,27000,511,35,96,954.7563408993649,30.89280001586303,27181.15140000009,134.6379647749511
1777971508,200,,Aggregated,1.000000,0.800000,96,120,130,150,300,5500,20000,24000,27000,27000,27000,513,36,96,951.1990458081607,30.89280001586303,27181.15140000009,134.1130604288499
1777971509,200,,Aggregated,1.000000,0.800000,96,120,130,150,300,5500,20000,24000,27000,27000,27000,513,36,96,951.1990458081607,30.89280001586303,27181.15140000009,134.1130604288499
1777971510,200,,Aggregated,1.000000,0.800000,96,120,130,150,300,5500,20000,24000,27000,27000,27000,514,37,94,949.420554863048,30.89280001586303,27181.15140000009,133.85214007782102
1777971511,200,,Aggregated,1.200000,0.900000,94,120,130,150,300,5500,20000,24000,27000,27000,27000,515,37,94,947.6826256303257,30.89280001586303,27181.15140000009,133.59223300970874
1777971512,200,,Aggregated,1.100000,0.800000,94,120,130,150,300,5500,20000,24000,27000,27000,27000,516,37,94,945.9519091077702,30.89280001586303,27181.15140000009,133.33333333333334
1777971513,200,,Aggregated,1.100000,0.800000,94,120,130,150,300,5500,20000,24000,27000,27000,27000,517,38,94,944.2142044479789,30.89280001586303,27181.15140000009,133.07543520309477
1777971514,200,,Aggregated,1.000000,0.600000,94,120,130,150,300,5500,20000,24000,27000,27000,27000,518,39,93,942.5039681459127,30.89280001586303,27181.15140000009,132.81853281853282
1777971515,200,,Aggregated,0.900000,0.500000,93,120,130,150,300,5500,20000,24000,27000,27000,27000,519,40,93,940.7746502881743,30.89280001586303,27181.15140000009,132.5626204238921
1777971516,200,,Aggregated,0.900000,0.500000,93,120,130,150,300,5500,20000,24000,27000,27000,27000,519,40,93,940.7746502881743,30.89280001586303,27181.15140000009,132.5626204238921
1777971517,200,,Aggregated,0.900000,0.600000,93,120,130,150,300,5500,20000,24000,27000,27000,27000,520,41,92,939.0789711529998,30.89280001586303,27181.15140000009,132.30769230769232
1777971518,200,,Aggregated,1.000000,0.700000,92,120,130,150,300,5500,20000,24000,27000,27000,27000,522,42,91,935.7194216466746,30.89280001586303,27181.15140000009,131.8007662835249
1777971519,200,,Aggregated,0.900000,0.600000,91,120,130,150,300,5500,20000,24000,27000,27000,27000,523,43,91,934.0293625230883,30.89280001586303,27181.15140000009,131.54875717017208
1777971520,200,,Aggregated,0.900000,0.600000,91,120,130,150,300,5500,20000,24000,27000,27000,27000,523,43,91,934.0293625230883,30.89280001586303,27181.15140000009,131.54875717017208
1777971521,200,,Aggregated,0.900000,0.600000,91,120,130,150,300,5500,20000,24000,27000,27000,27000,524,44,87,932.3251080144515,30.89280001586303,27181.15140000009,131.29770992366412
1777971523,200,,Aggregated,0.900000,0.700000,87,120,130,150,300,5500,20000,24000,27000,27000,27000,528,47,87,925.74343409014,30.89280001586303,27181.15140000009,130.3030303030303
1777971524,200,,Aggregated,0.900000,0.700000,87,120,130,150,300,5500,20000,24000,27000,27000,27000,530,48,86,922.4376692445421,30.89280001586303,27181.15140000009,129.81132075471697
1777971525,200,,Aggregated,1.000000,0.800000,86,120,130,140,300,5500,20000,24000,27000,27000,27000,531,49,86,920.8157932195724,30.89280001586303,27181.15140000009,129.5668549905838
1777971526,200,,Aggregated,1.000000,0.800000,86,120,130,140,300,5500,20000,24000,27000,27000,27000,532,50,85,919.1602020669086,30.89280001586303,27181.15140000009,129.3233082706767
1777971527,200,,Aggregated,1.200000,0.900000,85,120,130,140,300,5500,20000,24000,27000,27000,27000,533,50,85,917.5102009373437,30.89280001586303,27181.15140000009,129.08067542213882
1777971528,200,,Aggregated,1.100000,0.800000,85,120,130,140,300,5500,20000,24000,27000,27000,27000,534,51,84,915.8751406359804,30.89280001586303,27181.15140000009,128.83895131086143
1777971529,200,,Aggregated,1.300000,1.000000,84,120,130,140,300,5500,20000,24000,27000,27000,27000,535,51,84,914.2355218684196,30.89280001586303,27181.15140000009,128.5981308411215
1777971530,200,,Aggregated,1.300000,0.900000,85,120,130,140,300,5500,20000,24000,27000,27000,27000,536,51,84,913.7445759321298,30.89280001586303,27181.15140000009,128.3582089552239
1777971531,200,,Aggregated,1.300000,0.900000,85,120,130,140,300,5500,20000,24000,27000,27000,27000,536,51,84,913.7445759321298,30.89280001586303,27181.15140000009,128.3582089552239
1777971532,200,,Aggregated,1.300000,0.800000,84,120,130,140,300,5500,20000,24000,27000,27000,27000,537,52,84,912.1170767218315,30.89280001586303,27181.15140000009,128.11918063314712
1777971533,200,,Aggregated,1.300000,0.800000,84,120,130,140,300,5500,20000,24000,27000,27000,27000,537,52,84,912.1170767218315,30.89280001586303,27181.15140000009,128.11918063314712
1777971534,200,,Aggregated,1.300000,0.800000,84,120,130,140,300,5500,20000,24000,27000,27000,27000,537,52,84,912.1170767218315,30.89280001586303,27181.15140000009,128.11918063314712
1777971535,200,,Aggregated,1.000000,0.600000,84,120,130,140,300,5500,20000,24000,27000,27000,27000,538,53,73,910.4919323413031,30.89280001586303,27181.15140000009,127.88104089219331
1777971536,200,,Aggregated,1.000000,0.600000,84,120,130,140,300,5500,20000,24000,27000,27000,27000,538,53,73,910.4919323413031,30.89280001586303,27181.15140000009,127.88104089219331
1777971537,200,,Aggregated,0.700000,0.400000,73,120,130,140,300,5500,20000,24000,27000,27000,27000,539,54,73,908.921217624539,30.89280001586303,27181.15140000009,127.64378478664193
1777971538,200,,Aggregated,0.700000,0.400000,73,120,130,140,300,5500,20000,24000,27000,27000,27000,539,54,73,908.921217624539,30.89280001586303,27181.15140000009,127.64378478664193
1777971539,200,,Aggregated,0.500000,0.300000,73,120,130,140,300,5500,20000,24000,27000,27000,27000,540,55,70,907.3389651845058,30.89280001586303,27181.15140000009,127.4074074074074
1777971540,200,,Aggregated,0.500000,0.300000,70,120,130,140,300,5500,20000,24000,27000,27000,27000,541,56,70,905.751209426327,30.89280001586303,27181.15140000009,127.17190388170056
1777971541,200,,Aggregated,0.400000,0.300000,70,120,130,140,300,5500,20000,24000,27000,27000,27000,542,57,70,904.1574562724071,30.89280001586303,27181.15140000009,126.93726937269372
1777971542,200,,Aggregated,0.400000,0.400000,70,120,130,140,300,5500,20000,24000,27000,27000,27000,543,58,70,902.5836712700589,30.89280001586303,27181.15140000009,126.70349907918968
1777971543,200,,Aggregated,0.500000,0.500000,70,120,130,140,300,5500,20000,24000,27000,27000,27000,544,59,70,901.3622036758106,30.89280001586303,27181.15140000009,126.47058823529412
1777971544,200,,Aggregated,0.500000,0.500000,70,120,130,140,300,5500,20000,24000,27000,27000,27000,544,59,70,901.3622036758106,30.89280001586303,27181.15140000009,126.47058823529412
1777971545,200,,Aggregated,0.600000,0.600000,70,120,130,140,300,5500,20000,24000,27000,27000,27000,545,60,70,899.7783988983896,30.89280001586303,27181.15140000009,126.23853211009174
1777971546,200,,Aggregated,0.600000,0.600000,70,120,130,140,300,5500,20000,24000,27000,27000,27000,545,60,70,899.7783988983896,30.89280001586303,27181.15140000009,126.23853211009174
1777971547,200,,Aggregated,0.700000,0.700000,70,120,130,140,300,5500,20000,24000,27000,27000,27000,546,61,70,898.2243959699956,30.89280001586303,27181.15140000009,126.00732600732601
1777971548,200,,Aggregated,0.700000,0.700000,70,120,130,140,300,5500,20000,24000,27000,27000,27000,547,61,70,896.6507350998697,30.89280001586303,27181.15140000009,125.77696526508227
1777971549,200,,Aggregated,0.700000,0.700000,68,120,130,140,300,5500,20000,24000,27000,27000,27000,550,62,68,892.0219909083839,30.89280001586303,27181.15140000009,125.0909090909091
1777971550,200,,Aggregated,0.700000,0.700000,68,110,130,140,300,5500,18000,24000,27000,27000,27000,551,63,68,890.4724950991324,30.89280001586303,27181.15140000009,124.86388384754991
1777971551,200,,Aggregated,0.700000,0.700000,68,110,130,140,300,5500,18000,24000,27000,27000,27000,551,63,68,890.4724950991324,30.89280001586303,27181.15140000009,124.86388384754991
1777971552,200,,Aggregated,1.000000,0.700000,68,110,130,140,300,5500,18000,24000,27000,27000,27000,552,64,67,888.9514179340883,30.89280001586303,27181.15140000009,124.6376811594203
1777971553,200,,Aggregated,1.000000,0.700000,67,110,130,140,300,5500,18000,24000,27000,27000,27000,553,65,67,887.4123965634857,30.89280001586303,27181.15140000009,124.4122965641953
1777971554,200,,Aggregated,0.900000,0.600000,67,110,130,140,300,5500,18000,24000,27000,27000,27000,554,66,66,885.8759554144729,30.89280001586303,27181.15140000009,124.18772563176896
1777971555,200,,Aggregated,0.900000,0.600000,67,110,130,140,300,5500,18000,24000,27000,27000,27000,554,66,66,885.8759554144729,30.89280001586303,27181.15140000009,124.18772563176896
1777971556,200,,Aggregated,0.900000,0.600000,66,110,130,140,300,5500,18000,24000,27000,27000,27000,555,67,66,884.3726639632714,30.89280001586303,27181.15140000009,123.96396396396396
1777971557,200,,Aggregated,1.000000,0.700000,66,110,130,140,300,5500,18000,24000,27000,27000,27000,557,69,66,881.3616332129443,30.89280001586303,27181.15140000009,123.51885098743267
1777971558,200,,Aggregated,0.900000,0.600000,66,110,130,140,300,5500,18000,24000,27000,27000,27000,559,71,66,878.3790774590108,30.89280001586303,27181.15140000009,123.07692307692308
1777971559,200,,Aggregated,1.000000,0.700000,66,110,130,140,300,5500,18000,24000,27000,27000,27000,560,72,65,876.877751784975,30.89280001586303,27181.15140000009,122.85714285714286
1777971560,200,,Aggregated,1.100000,0.800000,65,110,130,140,290,4500,18000,24000,27000,27000,27000,561,73,65,875.3821957211463,30.89280001586303,27181.15140000009,122.63814616755793
1777971561,200,,Aggregated,1.200000,1.000000,65,110,130,140,290,4500,18000,24000,27000,27000,27000,562,74,64,873.910729358639,30.89280001586303,27181.15140000009,122.41992882562278
1777971563,200,,Aggregated,1.200000,1.000000,65,110,130,140,290,4500,18000,24000,27000,27000,27000,562,74,64,873.910729358639,30.89280001586303,27181.15140000009,122.41992882562278
1777971564,200,,Aggregated,1.000000,1.000000,64,110,130,140,290,4500,18000,24000,27000,27000,27000,563,75,64,872.4246820596007,30.89280001586303,27181.15140000009,122.202486678508
1777971565,200,,Aggregated,1.100000,1.100000,64,110,130,140,290,4500,18000,24000,27000,27000,27000,564,76,64,870.9395017722788,30.89280001586303,27181.15140000009,121.98581560283688
1777971566,200,,Aggregated,1.000000,1.000000,64,110,130,140,290,4500,18000,24000,27000,27000,27000,565,77,64,869.4854506186881,30.89280001586303,27181.15140000009,121.76991150442478
1777971567,200,,Aggregated,1.000000,1.000000,64,110,130,140,290,4500,18000,24000,27000,27000,27000,567,79,64,866.5935171068345,30.89280001586303,27181.15140000009,121.34038800705467
1777971568,200,,Aggregated,1.000000,1.000000,64,110,130,140,290,4500,18000,24000,27000,27000,27000,567,79,64,866.5935171068345,30.89280001586303,27181.15140000009,121.34038800705467
1777971569,200,,Aggregated,1.100000,1.100000,63,110,130,140,290,4500,18000,24000,27000,27000,27000,569,81,63,863.7011372576335,30.89280001586303,27181.15140000009,120.91388400702988
1777971570,200,,Aggregated,1.200000,1.200000,63,110,130,140,290,4500,18000,24000,27000,27000,27000,572,83,61,860.3380972020275,30.89280001586303,27181.15140000009,120.27972027972028
1777971571,200,,Aggregated,1.200000,1.200000,63,110,130,140,290,4500,18000,24000,27000,27000,27000,572,83,61,860.3380972020275,30.89280001586303,27181.15140000009,120.27972027972028
1777971572,200,,Aggregated,1.200000,1.100000,61,110,130,140,290,4500,18000,24000,27000,27000,27000,574,84,60,857.5059404173413,30.89280001586303,27181.15140000009,119.86062717770035
1777971573,200,,Aggregated,1.200000,1.100000,60,110,130,140,290,4500,18000,24000,27000,27000,27000,575,85,60,856.0872827818537,30.89280001586303,27181.15140000009,119.65217391304348
1777971574,200,,Aggregated,1.200000,1.100000,60,110,130,140,290,4500,18000,24000,27000,27000,27000,575,85,60,856.0872827818537,30.89280001586303,27181.15140000009,119.65217391304348
1777971575,200,,Aggregated,1.200000,1.100000,60,110,130,140,290,4500,18000,24000,27000,27000,27000,575,85,60,856.0872827818537,30.89280001586303,27181.15140000009,119.65217391304348
1777971576,200,,Aggregated,1.300000,1.100000,60,110,130,140,290,4500,18000,24000,27000,27000,27000,576,86,60,854.6815288186735,30.89280001586303,27181.15140000009,119.44444444444444
1777971577,200,,Aggregated,1.200000,1.000000,60,110,120,140,290,4500,18000,24000,27000,27000,27000,578,88,60,851.8742742206238,30.89280001586303,27181.15140000009,119.03114186851211
1777971578,200,,Aggregated,1.100000,0.900000,60,110,120,140,290,4500,18000,24000,27000,27000,27000,579,89,60,850.4751865276628,30.89280001586303,27181.15140000009,118.82556131260795
1777971579,200,,Aggregated,1.100000,0.900000,60,110,120,140,290,4500,18000,24000,27000,27000,27000,580,90,60,849.0923412060386,30.89280001586303,27181.15140000009,118.62068965517241
1777971580,200,,Aggregated,1.100000,0.900000,60,110,120,140,280,4000,18000,24000,27000,27000,27000,582,92,60,846.366395703623,30.89280001586303,27181.15140000009,118.21305841924399
1777971581,200,,Aggregated,1.100000,0.900000,60,110,120,140,280,4000,18000,24000,27000,27000,27000,582,92,60,846.366395703623,30.89280001586303,27181.15140000009,118.21305841924399
1777971582,200,,Aggregated,1.100000,0.900000,60,110,120,140,280,4000,18000,24000,27000,27000,27000,584,93,59,843.6272143827248,30.89280001586303,27181.15140000009,117.8082191780822
1777971583,200,,Aggregated,1.000000,0.900000,59,110,120,140,280,4000,18000,24000,27000,27000,27000,585,94,59,842.2522382897774,30.89280001586303,27181.15140000009,117.6068376068376
1777971584,200,,Aggregated,1.000000,0.900000,59,110,120,140,280,4000,18000,24000,27000,27000,27000,586,95,59,840.8924373712151,30.89280001586303,27181.15140000009,117.4061433447099
1777971585,200,,Aggregated,1.100000,0.900000,59,110,120,140,280,4000,18000,24000,27000,27000,27000,587,96,59,839.5211839855762,30.89280001586303,27181.15140000009,117.206132879046
1777971586,200,,Aggregated,1.000000,0.900000,59,110,120,140,280,4000,18000,24000,27000,27000,27000,588,97,59,838.3094130944065,30.89280001586303,27181.15140000009,117.00680272108843
1777971587,200,,Aggregated,1.100000,1.000000,59,110,120,140,280,4000,18000,24000,27000,27000,27000,590,98,59,835.609612033073,30.89280001586303,27181.15140000009,116.61016949152543
1777971588,200,,Aggregated,1.100000,1.000000,59,110,120,140,280,4000,18000,24000,27000,27000,27000,590,98,59,835.609612033073,30.89280001586303,27181.15140000009,116.61016949152543
1777971589,200,,Aggregated,1.100000,1.000000,59,110,120,140,280,4000,18000,24000,27000,27000,27000,590,98,59,835.609612033073,30.89280001586303,27181.15140000009,116.61016949152543
1777971590,200,,Aggregated,1.100000,1.000000,59,110,120,140,280,4000,18000,24000,27000,27000,27000,590,98,59,835.609612033073,30.89280001586303,27181.15140000009,116.61016949152543
1777971591,200,,Aggregated,1.100000,0.900000,59,110,120,140,280,4000,18000,24000,27000,27000,27000,591,99,59,834.2689023680738,30.89280001586303,27181.15140000009,116.41285956006769
1777971592,200,,Aggregated,1.000000,0.800000,59,110,120,140,280,4000,18000,24000,27000,27000,27000,592,100,59,832.9714766884068,30.89280001586303,27181.15140000009,116.21621621621621
1777971593,200,,Aggregated,1.000000,0.800000,59,110,120,140,280,4000,18000,24000,27000,27000,27000,592,100,59,832.9714766884068,30.89280001586303,27181.15140000009,116.21621621621621
1777971594,200,,Aggregated,0.900000,0.700000,59,110,120,140,280,4000,18000,24000,27000,27000,27000,594,101,58,830.3202121204583,30.89280001586303,27181.15140000009,115.82491582491582
1777971595,200,,Aggregated,0.700000,0.600000,58,110,120,140,280,4000,18000,24000,27000,27000,27000,596,103,58,827.6709674489072,30.89280001586303,27181.15140000009,115.43624161073825
1777971596,200,,Aggregated,0.700000,0.600000,58,110,120,140,280,4000,18000,24000,27000,27000,27000,597,104,58,826.3522247898695,30.89280001586303,27181.15140000009,115.2428810720268
1777971597,200,,Aggregated,0.800000,0.600000,58,110,120,140,280,4000,18000,24000,27000,27000,27000,598,105,58,825.0473488286627,30.89280001586303,27181.15140000009,115.05016722408027
1777971598,200,,Aggregated,0.800000,0.600000,58,110,120,140,280,4000,18000,24000,27000,27000,27000,599,106,58,823.734537895739,30.89280001586303,27181.15140000009,114.85809682804674
1777971599,200,,Aggregated,0.800000,0.700000,58,110,120,130,280,3500,18000,24000,27000,27000,27000,602,107,57,819.8362222584634,30.89280001586303,27181.15140000009,114.28571428571429
1777971600,200,,Aggregated,0.800000,0.700000,58,110,120,130,280,3500,18000,24000,27000,27000,27000,602,107,57,819.8362222584634,30.89280001586303,27181.15140000009,114.28571428571429
1777971601,200,,Aggregated,0.800000,0.700000,58,110,120,130,280,3500,18000,24000,27000,27000,27000,602,107,57,819.8362222584634,30.89280001586303,27181.15140000009,114.28571428571429
1777971602,200,,Aggregated,1.100000,0.900000,57,110,120,130,280,3500,18000,24000,27000,27000,27000,603,108,57,818.5506613591974,30.89280001586303,27181.15140000009,114.09618573797678
1777971603,200,,Aggregated,1.100000,0.800000,57,110,120,130,280,3500,18000,24000,27000,27000,27000,605,110,57,816.059128594323,30.89280001586303,27181.15140000009,113.71900826446281
1777971604,200,,Aggregated,1.100000,0.800000,57,110,120,130,280,3500,18000,24000,27000,27000,27000,606,111,57,814.7866864679665,30.89280001586303,27181.15140000009,113.53135313531354
1777971605,200,,Aggregated,1.100000,0.800000,57,110,120,130,280,3500,18000,24000,27000,27000,27000,607,112,57,813.5015336072449,30.89280001586303,27181.15140000009,113.34431630971993
1777971606,200,,Aggregated,1.200000,0.900000,57,110,120,130,280,3500,18000,24000,27000,27000,27000,608,113,57,812.2446243414264,30.89280001586303,27181.15140000009,113.15789473684211
1777971607,200,,Aggregated,1.200000,1.000000,57,110,120,130,280,3500,18000,24000,27000,27000,27000,609,114,57,811.0321530370613,30.89280001586303,27181.15140000009,112.97208538587849
1777971608,200,,Aggregated,1.200000,1.000000,57,110,120,130,280,3500,18000,24000,27000,27000,27000,609,114,57,811.0321530370613,30.89280001586303,27181.15140000009,112.97208538587849
1777971609,200,,Aggregated,1.100000,0.900000,57,110,120,130,280,3500,18000,24000,27000,27000,27000,611,116,57,808.5269631743915,30.89280001586303,27181.15140000009,112.60229132569557
1777971610,200,,Aggregated,1.100000,0.900000,57,110,120,130,280,3500,18000,24000,27000,27000,27000,612,117,57,807.3081101300012,30.89280001586303,27181.15140000009,112.41830065359477
1777971611,200,,Aggregated,0.900000,0.800000,57,110,120,130,280,3500,18000,24000,27000,27000,27000,614,118,57,804.8586239406428,30.89280001586303,27181.15140000009,112.05211726384364
1777971612,200,,Aggregated,1.000000,1.000000,57,110,120,130,280,3500,18000,24000,27000,27000,27000,617,120,57,801.1467351694308,30.89280001586303,27181.15140000009,111.50729335494327
1777971613,200,,Aggregated,1.100000,1.100000,57,110,120,130,280,3500,18000,24000,27000,27000,27000,618,121,57,799.914690937772,30.89280001586303,27181.15140000009,111.32686084142395
1777971615,200,,Aggregated,1.300000,1.100000,57,110,120,130,280,3500,18000,24000,27000,27000,27000,619,122,57,798.703248949181,30.89280001586303,27181.15140000009,111.1470113085622
1777971616,200,,Aggregated,1.300000,1.100000,57,110,120,130,280,3500,18000,24000,27000,27000,27000,620,123,57,797.5089359669871,30.89280001586303,27181.15140000009,110.96774193548387
1777971617,200,,Aggregated,1.200000,1.000000,57,110,120,130,270,3000,18000,24000,27000,27000,27000,622,125,57,795.0809512853921,30.89280001586303,27181.15140000009,110.61093247588424
1777971618,200,,Aggregated,1.200000,1.000000,57,110,120,130,270,3000,18000,24000,27000,27000,27000,623,126,57,793.8839744775646,30.89280001586303,27181.15140000009,110.43338683788122
1777971619,200,,Aggregated,1.200000,1.000000,57,110,120,130,270,3000,18000,24000,27000,27000,27000,624,127,57,792.6684783645984,30.89280001586303,27181.15140000009,110.25641025641026
1777971620,200,,Aggregated,1.400000,1.200000,57,110,120,130,270,3000,18000,24000,27000,27000,27000,626,129,57,790.306115813926,30.89280001586303,27181.15140000009,109.90415335463258
1777971621,200,,Aggregated,1.300000,1.100000,57,110,120,130,270,3000,18000,24000,27000,27000,27000,628,130,57,788.0422802539846,30.89280001586303,27181.15140000009,109.55414012738854
1777971622,200,,Aggregated,1.300000,1.100000,57,110,120,130,270,3000,18000,24000,27000,27000,27000,628,130,57,788.0422802539846,30.89280001586303,27181.15140000009,109.55414012738854
1777971623,200,,Aggregated,1.300000,1.100000,57,110,120,130,270,3000,18000,24000,27000,27000,27000,629,131,57,786.861756914969,30.89280001586303,27181.15140000009,109.37996820349761
1777971624,200,,Aggregated,1.300000,1.100000,57,110,120,130,270,3000,18000,24000,27000,27000,27000,629,131,57,786.861756914969,30.89280001586303,27181.15140000009,109.37996820349761
1777971625,200,,Aggregated,1.200000,1.100000,57,110,120,130,270,3000,18000,24000,27000,27000,27000,630,132,57,785.7044668246378,30.89280001586303,27181.15140000009,109.2063492063492
1777971626,200,,Aggregated,1.200000,1.100000,57,110,120,130,270,3000,18000,24000,27000,27000,27000,630,132,57,785.7044668246378,30.89280001586303,27181.15140000009,109.2063492063492
1777971627,200,,Aggregated,1.100000,1.000000,57,110,120,130,270,3000,18000,24000,27000,27000,27000,631,132,57,784.6344808233155,30.89280001586303,27181.15140000009,109.03328050713154
1777971628,200,,Aggregated,1.100000,1.000000,57,110,120,130,270,3000,18000,24000,27000,27000,27000,631,132,57,784.6344808233155,30.89280001586303,27181.15140000009,109.03328050713154
1777971629,200,,Aggregated,1.100000,1.000000,57,110,120,130,270,3000,18000,24000,27000,27000,27000,631,132,57,784.6344808233155,30.89280001586303,27181.15140000009,109.03328050713154
1777971630,200,,Aggregated,1.100000,1.000000,57,110,120,130,270,3000,18000,24000,27000,27000,27000,631,132,57,784.6344808233155,30.89280001586303,27181.15140000009,109.03328050713154
1777971631,200,,Aggregated,1.100000,1.000000,57,110,120,130,270,3000,18000,24000,27000,27000,27000,631,132,57,784.6344808233155,30.89280001586303,27181.15140000009,109.03328050713154
1777971632,200,,Aggregated,0.800000,0.600000,57,110,120,130,270,3000,18000,24000,27000,27000,27000,632,133,57,783.464773575211,30.89280001586303,27181.15140000009,108.86075949367088
1777971633,200,,Aggregated,0.800000,0.600000,57,110,120,130,270,3000,18000,24000,27000,27000,27000,632,133,57,783.464773575211,30.89280001586303,27181.15140000009,108.86075949367088
1777971634,200,,Aggregated,0.800000,0.600000,57,110,120,130,270,3000,18000,24000,27000,27000,27000,632,133,57,783.464773575211,30.89280001586303,27181.15140000009,108.86075949367088
1777971635,200,,Aggregated,0.800000,0.600000,57,110,120,130,270,3000,18000,24000,27000,27000,27000,632,133,57,783.464773575211,30.89280001586303,27181.15140000009,108.86075949367088
1777971636,200,,Aggregated,0.800000,0.600000,57,110,120,130,270,3000,18000,24000,27000,27000,27000,632,133,57,783.464773575211,30.89280001586303,27181.15140000009,108.86075949367088
1777971637,200,,Aggregated,0.800000,0.600000,57,110,120,130,270,3000,18000,24000,27000,27000,27000,632,133,57,783.464773575211,30.89280001586303,27181.15140000009,108.86075949367088
1777971638,200,,Aggregated,0.200000,0.100000,57,110,120,130,270,3000,18000,24000,27000,27000,27000,633,133,57,782.2962394937315,30.89280001586303,27181.15140000009,108.68878357030016
1777971639,200,,Aggregated,0.200000,0.100000,57,110,120,130,270,3000,18000,24000,27000,27000,27000,634,134,57,781.1408531538535,30.89280001586303,27181.15140000009,108.5173501577287
1777971640,200,,Aggregated,0.200000,0.100000,57,110,120,130,270,3000,18000,24000,27000,27000,27000,634,134,57,781.1408531538535,30.89280001586303,27181.15140000009,108.5173501577287
1777971641,200,,Aggregated,0.200000,0.100000,57,110,120,130,270,3000,18000,24000,27000,27000,27000,635,134,57,779.979298109515,30.89280001586303,27181.15140000009,108.34645669291339
1777971642,200,,Aggregated,0.200000,0.100000,57,110,120,130,270,3000,18000,24000,27000,27000,27000,635,134,57,779.979298109515,30.89280001586303,27181.15140000009,108.34645669291339
1777971643,200,,Aggregated,0.200000,0.100000,57,110,120,130,270,3000,18000,24000,27000,27000,27000,635,134,57,779.979298109515,30.89280001586303,27181.15140000009,108.34645669291339
1777971644,200,,Aggregated,0.200000,0.100000,57,110,120,130,270,3000,18000,24000,27000,27000,27000,635,134,57,779.979298109515,30.89280001586303,27181.15140000009,108.34645669291339
1777971645,200,,Aggregated,0.300000,0.100000,57,110,120,130,270,3000,18000,24000,27000,27000,27000,636,134,57,778.9358992131212,30.89280001586303,27181.15140000009,108.17610062893081
1777971646,200,,Aggregated,0.300000,0.100000,57,110,120,130,270,3000,18000,24000,27000,27000,27000,636,134,57,778.9358992131212,30.89280001586303,27181.15140000009,108.17610062893081
1777971647,200,,Aggregated,0.300000,0.100000,57,110,120,130,270,3000,18000,24000,27000,27000,27000,636,134,57,778.9358992131212,30.89280001586303,27181.15140000009,108.17610062893081
1777971648,200,,Aggregated,0.400000,0.100000,57,110,120,130,270,3000,18000,24000,27000,27000,27000,638,135,57,776.6433735103014,30.89280001586303,27181.15140000009,107.83699059561128
1777971649,200,,Aggregated,0.400000,0.100000,57,110,120,130,270,3000,18000,24000,27000,27000,27000,638,135,57,776.6433735103014,30.89280001586303,27181.15140000009,107.83699059561128
1777971650,200,,Aggregated,0.400000,0.100000,57,110,120,130,270,3000,18000,24000,27000,27000,27000,638,135,57,776.6433735103014,30.89280001586303,27181.15140000009,107.83699059561128
1777971651,200,,Aggregated,0.400000,0.100000,57,110,120,130,270,3000,18000,24000,27000,27000,27000,638,135,57,776.6433735103014,30.89280001586303,27181.15140000009,107.83699059561128
1777971652,200,,Aggregated,0.400000,0.100000,57,110,120,130,270,3000,18000,24000,27000,27000,27000,638,135,57,776.6433735103014,30.89280001586303,27181.15140000009,107.83699059561128
1777971653,200,,Aggregated,0.400000,0.100000,57,110,120,130,270,3000,18000,24000,27000,27000,27000,639,135,57,775.5878444437935,30.89280001586303,27181.15140000009,107.66823161189359
1777971654,200,,Aggregated,0.400000,0.100000,57,110,120,130,270,3000,18000,24000,27000,27000,27000,639,135,57,775.5878444437935,30.89280001586303,27181.15140000009,107.66823161189359
1777971655,200,,Aggregated,0.300000,0.100000,57,110,120,130,270,3000,18000,24000,27000,27000,27000,640,136,57,774.4436212493383,30.89280001586303,27181.15140000009,107.5
1777971656,200,,Aggregated,0.300000,0.100000,57,110,120,130,270,3000,18000,24000,27000,27000,27000,640,136,57,774.4436212493383,30.89280001586303,27181.15140000009,107.5
1777971657,200,,Aggregated,0.400000,0.100000,57,110,120,130,260,2500,18000,24000,27000,27000,27000,641,136,57,773.3633964111924,30.89280001586303,27181.15140000009,107.33229329173167
1777971658,200,,Aggregated,0.400000,0.100000,57,110,120,130,260,2500,18000,24000,27000,27000,27000,641,136,57,773.3633964111924,30.89280001586303,27181.15140000009,107.33229329173167
1777971659,200,,Aggregated,0.400000,0.100000,57,110,120,130,260,2500,18000,24000,27000,27000,27000,641,136,57,773.3633964111924,30.89280001586303,27181.15140000009,107.33229329173167
1777971660,200,,Aggregated,0.400000,0.100000,57,110,120,130,260,2500,18000,24000,27000,27000,27000,641,136,57,773.3633964111924,30.89280001586303,27181.15140000009,107.33229329173167
1777971661,200,,Aggregated,0.400000,0.100000,57,110,120,130,260,2500,18000,24000,27000,27000,27000,641,136,57,773.3633964111924,30.89280001586303,27181.15140000009,107.33229329173167
1777971662,200,,Aggregated,0.300000,0.100000,57,110,120,130,260,2500,18000,24000,27000,27000,27000,642,137,57,772.2323077874631,30.89280001586303,27181.15140000009,107.16510903426791
1777971663,200,,Aggregated,0.300000,0.100000,57,110,120,130,260,2500,18000,24000,27000,27000,27000,642,137,57,772.2323077874631,30.89280001586303,27181.15140000009,107.16510903426791
1777971664,200,,Aggregated,0.300000,0.100000,57,110,120,130,260,2500,18000,24000,27000,27000,27000,642,137,57,772.2323077874631,30.89280001586303,27181.15140000009,107.16510903426791
1777971665,200,,Aggregated,0.300000,0.100000,57,110,120,130,260,2500,18000,24000,27000,27000,27000,642,137,57,772.2323077874631,30.89280001586303,27181.15140000009,107.16510903426791
1777971666,200,,Aggregated,0.300000,0.200000,57,110,120,130,260,2500,18000,24000,27000,27000,27000,644,139,57,769.9963692539991,30.89280001586303,27181.15140000009,106.83229813664596
1777971667,200,,Aggregated,0.300000,0.200000,57,110,120,130,260,2500,18000,24000,27000,27000,27000,644,139,57,769.9963692539991,30.89280001586303,27181.15140000009,106.83229813664596
1777971668,200,,Aggregated,0.300000,0.200000,57,110,120,130,260,2500,18000,24000,27000,27000,27000,644,139,57,769.9963692539991,30.89280001586303,27181.15140000009,106.83229813664596
1777971669,200,,Aggregated,0.300000,0.200000,57,110,120,130,260,2500,18000,24000,27000,27000,27000,644,139,57,769.9963692539991,30.89280001586303,27181.15140000009,106.83229813664596
1777971670,200,,Aggregated,0.300000,0.300000,57,110,120,130,260,2500,18000,24000,27000,27000,27000,645,139,57,768.8846840303889,30.89280001586303,27181.15140000009,106.66666666666667
1777971671,200,,Aggregated,0.300000,0.300000,57,110,120,130,260,2500,18000,24000,27000,27000,27000,645,139,57,768.8846840303889,30.89280001586303,27181.15140000009,106.66666666666667
1777971672,200,,Aggregated,0.300000,0.300000,57,110,120,130,260,2500,18000,24000,27000,27000,27000,646,140,57,767.7840527857801,30.89280001586303,27181.15140000009,106.50154798761609
1777971673,200,,Aggregated,0.300000,0.300000,57,110,120,130,260,2500,18000,24000,27000,27000,27000,646,140,57,767.7840527857801,30.89280001586303,27181.15140000009,106.50154798761609
1777971674,200,,Aggregated,0.300000,0.300000,57,110,120,130,260,2500,18000,24000,27000,27000,27000,646,140,57,767.7840527857801,30.89280001586303,27181.15140000009,106.50154798761609
1777971675,200,,Aggregated,0.300000,0.300000,57,110,120,130,260,2500,18000,24000,27000,27000,27000,646,140,57,767.7840527857801,30.89280001586303,27181.15140000009,106.50154798761609
1777971676,200,,Aggregated,0.400000,0.300000,57,110,120,130,260,2500,18000,24000,27000,27000,27000,649,142,57,764.6264747297373,30.89280001586303,27181.15140000009,106.00924499229583
1777971677,200,,Aggregated,0.400000,0.300000,57,110,120,130,260,2500,18000,24000,27000,27000,27000,650,142,56,763.5295243070533,30.89280001586303,27181.15140000009,105.84615384615384
1777971678,200,,Aggregated,0.400000,0.300000,57,110,120,130,260,2500,17000,24000,27000,27000,27000,653,143,57,760.9857120974133,30.89280001586303,27181.15140000009,105.35987748851454
1777971679,200,,Aggregated,0.600000,0.300000,57,110,120,130,260,2500,17000,24000,27000,27000,27000,654,144,56,759.8840608556569,30.89280001586303,27181.15140000009,105.19877675840979
1777971680,200,,Aggregated,0.600000,0.300000,57,110,120,130,260,2500,17000,24000,27000,27000,27000,654,144,56,759.8840608556569,30.89280001586303,27181.15140000009,105.19877675840979
1777971681,200,,Aggregated,0.600000,0.300000,57,110,120,130,260,2500,17000,24000,27000,27000,27000,654,144,56,759.8840608556569,30.89280001586303,27181.15140000009,105.19877675840979
1777971682,200,,Aggregated,1.000000,0.500000,57,110,120,130,260,2500,17000,24000,27000,27000,27000,655,144,57,758.8254670222834,30.89280001586303,27181.15140000009,105.0381679389313
1777971683,200,,Aggregated,1.000000,0.500000,57,110,120,130,260,2500,17000,24000,27000,27000,27000,655,144,57,758.8254670222834,30.89280001586303,27181.15140000009,105.0381679389313
1777971684,200,,Aggregated,0.900000,0.500000,57,110,120,130,260,2500,17000,24000,27000,27000,27000,656,144,56,757.7538016762335,30.89280001586303,27181.15140000009,104.8780487804878
1777971685,200,,Aggregated,0.900000,0.500000,57,110,120,130,260,2500,17000,24000,27000,27000,27000,656,144,56,757.7538016762335,30.89280001586303,27181.15140000009,104.8780487804878
1777971686,200,,Aggregated,0.900000,0.500000,57,110,120,130,260,2500,17000,24000,27000,27000,27000,656,144,56,757.7538016762335,30.89280001586303,27181.15140000009,104.8780487804878
1777971687,200,,Aggregated,0.900000,0.400000,56,110,120,130,260,2500,17000,24000,27000,27000,27000,657,145,56,756.6750719932902,30.89280001586303,27181.15140000009,104.71841704718418
1777971688,200,,Aggregated,1.000000,0.400000,57,110,120,130,260,2500,17000,24000,27000,27000,27000,658,145,56,755.7067250753565,30.89280001586303,27181.15140000009,104.55927051671732
1777971689,200,,Aggregated,1.000000,0.400000,57,110,120,130,260,2500,17000,24000,27000,27000,27000,658,145,56,755.7067250753565,30.89280001586303,27181.15140000009,104.55927051671732
1777971690,200,,Aggregated,0.600000,0.200000,56,110,120,130,260,2500,17000,24000,27000,27000,27000,659,146,56,754.6255251890711,30.89280001586303,27181.15140000009,104.40060698027314
1777971691,200,,Aggregated,0.600000,0.200000,56,110,120,130,260,2500,17000,24000,27000,27000,27000,659,146,56,754.6255251890711,30.89280001586303,27181.15140000009,104.40060698027314
1777971692,200,,Aggregated,0.600000,0.200000,56,110,120,130,260,2500,17000,24000,27000,27000,27000,659,146,56,754.6255251890711,30.89280001586303,27181.15140000009,104.40060698027314
1777971693,200,,Aggregated,0.600000,0.200000,56,110,120,130,260,2500,17000,24000,27000,27000,27000,659,146,56,754.6255251890711,30.89280001586303,27181.15140000009,104.40060698027314
1777971694,200,,Aggregated,0.600000,0.200000,56,110,120,130,260,2500,17000,24000,27000,27000,27000,659,146,56,754.6255251890711,30.89280001586303,27181.15140000009,104.40060698027314
1777971695,200,,Aggregated,0.500000,0.200000,57,110,120,130,260,2500,17000,24000,27000,27000,27000,660,146,56,753.7115880297004,30.89280001586303,27181.15140000009,104.24242424242425
1777971696,200,,Aggregated,0.500000,0.200000,57,110,120,130,260,2500,17000,24000,27000,27000,27000,660,146,56,753.7115880297004,30.89280001586303,27181.15140000009,104.24242424242425
1777971697,200,,Aggregated,0.500000,0.200000,57,110,120,130,260,2500,17000,24000,27000,27000,27000,660,146,56,753.7115880297004,30.89280001586303,27181.15140000009,104.24242424242425
1777971698,200,,Aggregated,0.500000,0.200000,57,110,120,130,260,2500,17000,24000,27000,27000,27000,660,146,56,753.7115880297004,30.89280001586303,27181.15140000009,104.24242424242425
1777971699,200,,Aggregated,0.500000,0.200000,57,110,120,130,260,2500,17000,24000,27000,27000,27000,660,146,56,753.7115880297004,30.89280001586303,27181.15140000009,104.24242424242425
1777971700,200,,Aggregated,0.500000,0.200000,57,110,120,130,260,2500,17000,24000,27000,27000,27000,660,146,56,753.7115880297004,30.89280001586303,27181.15140000009,104.24242424242425
1777971701,200,,Aggregated,0.300000,0.100000,56,110,120,130,260,790,17000,24000,27000,27000,27000,661,146,56,752.6492237512945,30.89280001586303,27181.15140000009,104.08472012102874
1777971702,200,,Aggregated,0.200000,0.100000,57,110,120,130,260,790,17000,24000,27000,27000,27000,662,146,56,751.8146427486653,30.89280001586303,27181.15140000009,103.92749244712991
1777971703,200,,Aggregated,0.200000,0.000000,56,110,120,130,260,790,17000,24000,27000,27000,27000,663,147,56,750.7630265453938,30.89280001586303,27181.15140000009,103.77073906485671
1777971704,200,,Aggregated,0.200000,0.000000,56,110,120,130,260,790,17000,24000,27000,27000,27000,663,147,56,750.7630265453938,30.89280001586303,27181.15140000009,103.77073906485671
1777971705,200,,Aggregated,0.300000,0.000000,56,110,120,130,260,790,17000,24000,27000,27000,27000,664,147,56,749.709630872881,30.89280001586303,27181.15140000009,103.6144578313253
1777971706,200,,Aggregated,0.300000,0.000000,56,110,120,130,260,790,17000,24000,27000,27000,27000,664,147,56,749.709630872881,30.89280001586303,27181.15140000009,103.6144578313253
1777971707,200,,Aggregated,0.300000,0.100000,56,110,120,130,260,790,17000,24000,27000,27000,27000,665,148,56,748.6859881197,30.89280001586303,27181.15140000009,103.45864661654136
1777971708,200,,Aggregated,0.300000,0.100000,56,110,120,130,260,790,17000,24000,27000,27000,27000,665,148,56,748.6859881197,30.89280001586303,27181.15140000009,103.45864661654136
1777971709,200,,Aggregated,0.300000,0.100000,56,110,120,130,260,790,17000,24000,27000,27000,27000,665,148,56,748.6859881197,30.89280001586303,27181.15140000009,103.45864661654136
1777971710,200,,Aggregated,0.300000,0.100000,56,110,120,130,260,790,17000,24000,27000,27000,27000,665,148,56,748.6859881197,30.89280001586303,27181.15140000009,103.45864661654136
1777971711,200,,Aggregated,0.500000,0.200000,56,110,120,130,260,790,17000,24000,27000,27000,27000,667,149,56,746.6188245870953,30.89280001586303,27181.15140000009,103.14842578710645
1777971712,200,,Aggregated,0.500000,0.200000,56,110,120,130,260,790,17000,24000,27000,27000,27000,667,149,56,746.6188245870953,30.89280001586303,27181.15140000009,103.14842578710645
1777971714,200,,Aggregated,0.400000,0.200000,56,110,120,130,260,790,17000,24000,27000,27000,27000,668,150,56,745.5654113766428,30.89280001586303,27181.15140000009,102.9940119760479
1777971715,200,,Aggregated,0.400000,0.200000,56,110,120,130,260,790,17000,24000,27000,27000,27000,668,150,56,745.5654113766428,30.89280001586303,27181.15140000009,102.9940119760479
1777971716,200,,Aggregated,0.400000,0.200000,56,110,120,130,260,790,17000,24000,27000,27000,27000,668,150,56,745.5654113766428,30.89280001586303,27181.15140000009,102.9940119760479
1777971717,200,,Aggregated,0.400000,0.200000,56,110,120,130,260,790,17000,24000,27000,27000,27000,668,150,56,745.5654113766428,30.89280001586303,27181.15140000009,102.9940119760479
1777971718,200,,Aggregated,0.400000,0.200000,56,110,120,130,260,790,17000,24000,27000,27000,27000,668,150,56,745.5654113766428,30.89280001586303,27181.15140000009,102.9940119760479
