timestamp,concurrent_users,test_type,question_category,question,answer,response_time_ms,ttff_ms,status_code,status
2026-05-05T16:53:00.030271,59,load,Indirect,"For shipments from Singapore to Australia with goods sourced from Japan and Korea, what are the steps to claim AANZFTA or RCEP preferences?","Thank you for your question. To better assist you, could you clarify whether the goods sourced from Japan and Korea are processed, repacked, or undergo substantial transformation in Singapore before being exported to Australia, or are they shipped directly through Singapore without any processing?",32418.95,10283.96,200,Success
2026-05-05T16:53:06.276834,65,load,Direct,What is the authoritative source for eligibility criteria and certifications for foreign suppliers in Singapore government procurement under specified agreements?,"I am unable to retrieve sufficient information regarding this subject matter. For further guidance, please click on the 'Email' button on the bottom right corner of the screen to arrange for a call or a one-to-one advisory session. Our specialists can offer tailored insights based on your product and trade needs, and help you address any related queries or challenges.",38527.88,10633.64,200,Success
2026-05-05T16:53:20.882483,80,load,Indirect,"Can we use exporter self-certification under the UK-Singapore FTA for our exports of pharmaceutical products (HS 3004), and what are the exact conditions and record-keeping requirements?","Thank you for your enquiry about exporter self-certification under the UK-Singapore FTA for pharmaceutical products (HS 3004).

To provide you with accurate information about self-certification eligibility, conditions, and record-keeping requirements, I need to clarify the following:

### Missing Required Information:

1. **Country of Origin**: Are you exporting FROM Singapore TO the United Kingdom, or FROM the United Kingdom TO Singapore?

2. **Destination Country**: Please confirm the destinat",53151.02,10281.76,200,Success
2026-05-05T16:53:38.444411,97,load,Indirect,"Can we use exporter self-certification under the UK-Singapore FTA for our exports of pharmaceutical products (HS 3004), and what are the exact conditions and record-keeping requirements?","Thank you for your enquiry about exporter self-certification under the UK-Singapore FTA for pharmaceutical products (HS 3004).

To provide you with accurate information about self-certification eligibility, conditions, and record-keeping requirements, I need to clarify the trade direction:

**Please confirm:**
- **Country of Origin**: Are you exporting FROM Singapore TO the United Kingdom, or FROM the United Kingdom TO Singapore?
- **Country of Destination**: Which country will be receiving/impo",65249.47,10159.83,200,Success
2026-05-05T16:53:50.308884,109,load,Direct,We are a manufacturing company looking to export plastic bottles to customers in other countries. Can you please advise the steps and processes we have to take?,"Thank you for your question. To better assist you, could you clarify the following:

1. **Are the plastic bottles manufactured in your country and shipped directly to customers in other countries?** Or,
2. **Are the plastic bottles processed, repacked, or undergo any transformation in a third country (such as Singapore) before being exported to the final destination?**

This information will help me provide you with the most relevant guidance on the export processes and tariff preferences availa",55792.63,10074.04,200,Success
2026-05-05T16:53:59.805529,118,load,Indirect,"Under which FTAs, if any, can India-origin goods use a back-to-back mechanism via Singapore?","Based on the available information retrieved, I can provide you with the following analysis regarding back-to-back mechanisms for India-origin goods via Singapore:

## FTA Groups Connecting India and Singapore

According to the **Mendel** database, India and Singapore are both members of the following FTA groups:

| FTA Group | Full Name | Relevance |
|-----------|-----------|-----------|
| **GSTP** | Global System of Trade Preferences among Developing Countries | Both India (IN) and Singapore (",92199.94,10478.29,200,Success
2026-05-05T16:54:13.206163,131,load,Indirect,"We import cotton fabric (HS 5208) from India into Singapore, dye and cut it here, then export garments to the EU. How do we determine origin under RCEP and EU-Singapore FTA, and what documentation do ","Thank you for your enquiry regarding the origin determination and documentation requirements for your cotton fabric processing and garment export scenario.

To provide you with accurate guidance on origin determination under **RCEP** and the **EU-Singapore FTA**, as well as the specific documentation requirements for both trade legs, I need some additional information:

## Required Information:

1. **Specific EU destination country**: You mentioned ""EU"" as the destination. Could you please speci",96889.39,10071.26,200,Success
2026-05-05T16:54:13.691713,132,load,Indirect,Can we ship goods directly from China to Indonesia with a Singapore invoice and still claim ACFTA preference?,"## Can you ship goods directly from China to Indonesia with a Singapore invoice and claim ACFTA preference?

I encountered technical difficulties accessing the knowledge base and glossary systems to retrieve the specific ACFTA provisions regarding third-country invoicing and direct transport requirements for your scenario.

### Your Scenario:
- **Origin Country**: China
- **Destination Country**: Indonesia  
- **Invoice Issued From**: Singapore
- **FTA in Question**: ACFTA (ASEAN-China Free Trad",105222.49,10157.41,200,Success
2026-05-05T16:54:21.426161,140,load,Direct,"Does Singapore have an FTA with Turkey? If yes, what is the tariff for exporting textiles (HS 5407)?","## Singapore-Turkey FTA Status

Based on my analysis using the available trade information systems, I need to clarify an important finding:

**The Mendel system returned data for Singapore to Turkmenistan (TM), not Turkey (TR).** These are two different countries:
- **Turkey** (TR) - located in Europe/Middle East
- **Turkmenistan** (TM) - located in Central Asia

### For Singapore to Turkmenistan (HS 5407 - Textiles)

According to **Mendel**, there is:
- ❌ **No information about duties and taxes",101062.57,10079.97,200,Success
2026-05-05T16:54:24.473099,143,load,Indirect,"We ship from Singapore to multiple ASEAN countries (Indonesia, Philippines, Vietnam) under ATIGA. Do we need one PCO per destination or one for the whole order, and what are the declaration requiremen",,97001.69,10079.36,200,Error - Empty Response
2026-05-05T16:54:25.735831,144,load,Indirect,Can we ship goods directly from China to Indonesia with a Singapore invoice and still claim ACFTA preference?,"## Analysis of Your Question

You're asking whether goods can be shipped **directly from China to Indonesia** while using a **Singapore invoice** and still claim preferential tariff treatment under **ACFTA (ASEAN-China Free Trade Agreement)**.

## Current Status

Unfortunately, I encountered technical difficulties accessing the knowledge base and glossary systems that contain the specific ACFTA regulations regarding:

- **Third-country invoicing provisions** (whether Singapore invoices are accep",102332.93,10057.93,200,Success
2026-05-05T16:54:32.103916,150,load,Indirect,"We import headphones (HS 8518.30.10) from China and sell to Vietnam. Can CPTPP preferences ever apply, and what proof would be required?","## Can CPTPP Preferences Apply?

**No, CPTPP preferences cannot apply to your scenario.**

Based on the analysis of your trade flow (importing headphones HS 8518.30.10 from China and selling to Vietnam), here's why:

### Key Finding: China is NOT a CPTPP Member

The critical issue is that **China is not a member of the CPTPP agreement**. According to the FTA membership check:

- **Vietnam** is a CPTPP member
- **China** is NOT a CPTPP member

For CPTPP preferential tariff rates to apply, the goo",118817.1,10602.28,200,Success
2026-05-05T16:54:33.047970,151,load,Indirect,"For goods that qualify under both ATIGA and RCEP when exporting from Singapore to Thailand, how do we choose which FTA to use, and can we switch between them for different shipments of the same produc","## Choosing Between ATIGA and RCEP for Singapore to Thailand Exports

I encountered technical difficulties accessing the knowledge base and glossary systems to retrieve specific guidance on FTA selection between ATIGA and RCEP. However, I can provide you with the general framework for this decision:

### General Principles for FTA Selection

When goods qualify under multiple FTAs (such as both ATIGA and RCEP for Singapore-Thailand trade), exporters typically consider:

1. **Tariff Rate Compariso",110680.38,10060.47,200,Success
2026-05-05T16:54:35.111822,153,load,Indirect,"We import headphones (HS 8518.30.10) from China and sell to Vietnam. Can CPTPP preferences ever apply, and what proof would be required?","## Can CPTPP Preferences Apply?

**No, CPTPP preferences cannot apply to your scenario.**

Based on the analysis of your trade flow:

### Your Trade Scenario
- **Product**: Headphones (HS 8518.30.10)
- **Origin**: China
- **Intermediate location**: Singapore (implied from your import)
- **Final destination**: Vietnam

### Key Finding: China is NOT a CPTPP Member

According to the FTA membership check, **China is not a member of CPTPP**. The countries China, Vietnam, and Singapore share membershi",127383.79,5083.15,200,Success
2026-05-05T16:54:36.193329,154,load,Indirect,"Under which FTAs, if any, can India-origin goods use a back-to-back mechanism via Singapore?","Based on my analysis of the available information, I can provide you with the following findings regarding back-to-back mechanisms for India-origin goods via Singapore:

## FTA Groups Connecting India and Singapore

According to **Mendel**, India and Singapore are members of the following FTA groups:

| FTA Group | Full Name | Relevance |
|-----------|-----------|-----------|
| **GSTP** | Global System of Trade Preferences among Developing Countries | Both India and Singapore are members |
| **M",110767.87,10073.29,200,Success
2026-05-05T16:54:49.813815,168,load,Direct,"Which agreements used by Singapore allow exporter self-certification, and what are the eligibility conditions?","Based on the information retrieved from the **CFOTI Knowledge Base**, I can provide you with details about Singapore's FTAs that allow exporter self-certification and the general process.

## Singapore FTAs with Self-Certification Regime

The following **13 Free Trade Agreements** used by Singapore allow exporter self-certification:

| No. | Free Trade Agreement | Abbreviation |
|-----|---------------------|--------------|
| 1 | European-Singapore Free Trade Association FTA (involving Iceland, L",136551.76,10612.35,200,Success
2026-05-05T16:54:50.928104,169,load,Direct,I am an automobile manufacturer importing parts of a suspension system with HS code 8708.80.55 from Germany which will be assembled in the US. Am I eligible for lower tariffs?,"Based on the tariff information retrieved from **Mendel** for importing suspension system parts (HS code 8708.80.55) from Germany to the United States, here is your eligibility status for lower tariffs:

## Current Tariff Situation

### Standard MFN Rate
- **Most Favoured Nation (MFN) Rate**: **Free** (0% duty)

### Additional Duties Applied to Your Product

However, your suspension system parts are subject to **additional customs duties** that apply regardless of the MFN rate:

| Duty Type | Ra",133480.3,10087.34,200,Success
2026-05-05T16:54:52.379881,170,load,Indirect,"For machinery (HS 8479) assembled in Singapore from US and German parts, what are the rules of origin under the EU-Singapore FTA and UK-Singapore FTA, and how do we calculate and document RVC?","I apologize, but I encountered technical difficulties while attempting to retrieve information from our knowledge base systems. The connection timeout errors prevented me from accessing the detailed rules of origin information for both the EU-Singapore FTA and UK-Singapore FTA that you requested.

## What I Was Able to Confirm

**HS Code 8479 Classification:**
- **Description:** Machines and mechanical appliances having individual functions, not specified or included elsewhere in this chapter
- ",130967.38,10072.45,200,Success
2026-05-05T16:54:58.776417,177,load,Direct,"In what ways do digital trade provisions in relevant agreements create sector-specific opportunities and advantages, and how do they improve market access and cross-border dealings?","I apologize, but I encountered technical difficulties while attempting to retrieve information from our knowledge base systems to answer your question about digital trade provisions in relevant agreements.

## What I Was Attempting to Research:

I was working to gather comprehensive information on:

- **How digital trade provisions create sector-specific opportunities** - examining provisions in various Free Trade Agreements (FTAs) that facilitate digital commerce, data flows, and e-commerce
- *",134362.7,10066.86,200,Success
2026-05-05T16:54:59.907428,178,load,Indirect,"We consolidate shipments from multiple ASEAN countries in Singapore and then send them to Australia. Can we obtain a single certificate covering the whole consignment, or do we need separate origin do","Based on the information retrieved from the **CFOTI Knowledge Base** regarding the ASEAN-Australia-New Zealand Free Trade Agreement (AANZFTA), I can provide guidance on your consolidation scenario.

## Back-to-Back Certificate of Origin under AANZFTA

Your scenario involves consolidating shipments from multiple ASEAN countries in Singapore before exporting to Australia. Under AANZFTA, this situation is addressed through the **back-to-back Certificate of Origin** mechanism.

### Key Requirements ",152174.29,10214.76,200,Success
2026-05-05T16:55:05.972909,184,load,Direct,I am importing iron pipes with HS code 7303.00.00.30 from Malaysia to the US. What are the additional tariffs that apply?,"# Additional Tariffs for Importing Iron Pipes (HS Code 7303.00.00.30) from Malaysia to the United States

Based on the authoritative tariff data retrieved, here are the additional tariffs that apply to your import:

---

## Additional Tariff Identified

| Tariff Type | Rate | Application | Conditions |
|-------------|------|-------------|------------|
| **Universal Customs Duty (UCD)** | **10% of FOB** | Applicable in addition to the MFN or other applicable duty rates | None specified |

### Key",158378.15,10300.47,200,Success
2026-05-05T16:55:08.158246,186,load,Direct,Where do I get help with FTA and Certificate of Origin queries in Singapore?,"I am unable to retrieve sufficient information regarding this subject matter. For further guidance, please click on the 'Email' button on the bottom right corner of the screen to arrange for a call or a one-to-one advisory session. Our specialists can offer tailored insights based on your product and trade needs, and help you address any related queries or challenges.",84974.97,10304.49,200,Success
2026-05-05T16:55:09.863029,188,load,Indirect,"If we import under ASEAN-China FTA and re-export to Japan under RCEP with minimal repackaging in Singapore, can we use a back-to-back certificate, and what are the conditions and time limits?","Thank you for your enquiry about back-to-back Preferential Certificate of Origin (B2B PCO) eligibility for your goods moving from China through Singapore to Japan under RCEP.

To properly assess your B2B PCO eligibility and provide you with the specific conditions and time limits, I need the following information:

### Required Information:
- **HS Code**: Please provide the HS code for your goods. This is essential for determining tariff treatment and eligibility.

### Information Already Provid",128286.47,10114.27,200,Success
2026-05-05T16:55:14.014925,192,load,Indirect,"We ship from Singapore to multiple ASEAN countries (Indonesia, Philippines, Vietnam) under ATIGA. Do we need one PCO per destination or one for the whole order, and what are the declaration requiremen","### Your Query
You are shipping from **Singapore** to multiple ASEAN countries (**Indonesia, Philippines, Vietnam**) under **ATIGA** and want to know:
- Whether you need one PCO per destination or one PCO for the whole order
- What are the declaration requirements for each destination

### Current Status

I attempted to retrieve the specific ATIGA PCO requirements and declaration procedures from our knowledge base, but encountered technical difficulties preventing access to the authoritative sou",160815.68,10149.75,200,Success
2026-05-05T16:55:14.018878,192,load,Direct,Can I use the UK-Singapore FTA for exporting machinery parts (HS 8483.40) to the United Kingdom?,"## Thought: (Reasoning & Planning)

The user is asking whether they can use the UK-Singapore FTA for exporting machinery parts (HS 8483.40) from Singapore to the United Kingdom. Based on the workflow document for PCO (Preferential Certificate of Origin), I need to:

1. **Identify missing required information**: 
   - HS Code: 8483.40 ✓ (provided)
   - Country of Origin: Not explicitly stated, but context suggests Singapore (exporting from Singapore)
   - Country of Destination: United Kingdom ✓ ",137517.02,10060.23,200,Success
2026-05-05T16:55:15.259779,193,load,Direct,What is the authoritative source for eligibility criteria and certifications for foreign suppliers in Singapore government procurement under specified agreements?,"I am unable to retrieve sufficient information regarding this subject matter. For further guidance, please click on the 'Email' button on the bottom right corner of the screen to arrange for a call or a one-to-one advisory session. Our specialists can offer tailored insights based on your product and trade needs, and help you address any related queries or challenges.",87308.89,10069.53,200,Success
2026-05-05T16:55:18.943150,197,load,Indirect,"We received a request from Indonesian customs to verify our ATIGA PCO. What is the process for Singapore exporters, what documents must we provide, and what is the typical timeline?","I apologize, but I encountered technical difficulties while attempting to retrieve specific information about the ATIGA PCO verification process from our knowledge base. The system experienced connection timeouts when searching for detailed procedures regarding verification requests from Indonesian customs.

## Current Analysis

Based on your request, you need information about:
1. **The verification process** for Singapore exporters when Indonesian customs requests verification of an ATIGA PCO ",165775.81,9466.72,200,Success
2026-05-05T16:55:27.859924,200,load,Indirect,"For goods that qualify under both ATIGA and RCEP when exporting from Singapore to Thailand, how do we choose which FTA to use, and can we switch between them for different shipments of the same produc","I apologize, but I encountered technical difficulties while attempting to retrieve information from our knowledge base and glossary systems to answer your question about choosing between ATIGA and RCEP for exports from Singapore to Thailand.

## Your Question
You asked about:
1. How to choose which FTA (ATIGA vs RCEP) to use when goods qualify under both agreements for Singapore to Thailand exports
2. Whether you can switch between these FTAs for different shipments of the same product

## Curre",156350.65,10062.31,200,Success
2026-05-05T16:55:35.273519,200,load,Indirect,Can we ship goods directly from China to Indonesia with a Singapore invoice and still claim ACFTA preference?,"Based on the information retrieved from the CFOTI Knowledge Base, I can provide you with guidance on your question about shipping goods directly from China to Indonesia with a Singapore invoice while claiming ACFTA preference.

## Key Findings

### 1. **Third Country Invoicing (TCI) Under ACFTA**

According to the glossary, **Third Country Invoicing (TCI)** refers to an arrangement where the invoice accompanying the Preferential Certificate of Origin (PCO) is issued not by the exporting country ",183080.83,11077.9,200,Success
2026-05-05T16:55:42.491226,200,load,Indirect,"We have a back-to-back PCO under RCEP for goods from Japan. The buyer in Indonesia wants to split the shipment into two consignments over two months. Is the original PCO still valid, and what do we ne","# Back-to-Back PCO Under RCEP: Split Shipment Inquiry

## Your Situation
- **FTA**: RCEP (Regional Comprehensive Economic Partnership)
- **Movement**: Japan → Singapore → Indonesia
- **Issue**: Splitting one shipment into two consignments over two months
- **Question**: Validity of original PCO and requirements for second shipment

---

## Current Analysis

### What I Know From the Workflow
According to the back-to-back PCO application process, the supporting documents typically required include",194892.95,15769.28,200,Success
2026-05-05T16:55:50.290868,200,load,Indirect,"We ship from Singapore to multiple ASEAN countries (Indonesia, Philippines, Vietnam) under ATIGA. Do we need one PCO per destination or one for the whole order, and what are the declaration requiremen","### Your Question
You are shipping goods from **Singapore** to multiple ASEAN countries (**Indonesia, Philippines, Vietnam**) under **ATIGA** and want to know:
- Whether you need one PCO per destination or one PCO for the whole order
- What the declaration requirements are for each destination

---

### Current Status

I attempted to retrieve the specific ATIGA legal requirements regarding:
- Certificate of Origin procedures for multiple destinations
- Declaration requirements for ATIGA Form D
-",197135.73,10621.06,200,Success
2026-05-05T16:55:58.556977,200,load,Indirect,Which Free Trade Agreements (FTAs) can I utilise when exporting compact disks (HS Code: 8523.41.10) from Singapore to Indonesia?,"# Free Trade Agreements (FTAs) for Exporting Compact Disks from Singapore to Indonesia

## Your Trade Details
- **HS Code:** 8523.41.10 (Optical media: unrecorded)
- **Country of Origin:** Singapore
- **Country of Destination:** Indonesia

---

## Applicable Free Trade Agreements

When exporting compact disks (HS Code 8523.41.10) from Singapore to Indonesia, you can utilize the following FTAs:

### Bilateral/Regional FTAs

| FTA Code | FTA Name | Tariff Rate |
|----------|----------|------------",199211.51,10059.91,200,Success
2026-05-05T16:56:00.776648,200,load,Indirect,"We received a request from Indonesian customs to verify our ATIGA PCO. What is the process for Singapore exporters, what documents must we provide, and what is the typical timeline?","I apologize, but I encountered technical difficulties while attempting to retrieve information about ATIGA PCO verification procedures from our knowledge base systems. Both the glossary and knowledge base tools experienced connection timeouts during the search.

## What I Was Attempting to Retrieve

I was searching for specific information regarding:
- The verification process for ATIGA (ASEAN Trade in Goods Agreement) Preferential Certificate of Origin when requested by Indonesian customs
- Req",191344.95,10078.95,200,Success
2026-05-05T16:56:00.797003,200,load,Indirect,"We import cotton fabric (HS 5208) from India into Singapore, dye and cut it here, then export garments to the EU. How do we determine origin under RCEP and EU-Singapore FTA, and what documentation do ","Thank you for your enquiry regarding the origin determination and documentation requirements for your two-leg trade operation involving cotton fabric and garments.

## Missing Critical Information

To provide you with accurate guidance on Rules of Origin and documentation requirements, I need the following essential information:

### Required Information:
- **HS code for the final garment product** that you will export to the EU (e.g., Chapter 61 for knitted garments or Chapter 62 for woven garm",164087.32,10066.11,200,Success
2026-05-05T16:56:01.925864,200,load,Direct,"In what ways do digital trade provisions in relevant agreements create sector-specific opportunities and advantages, and how do they improve market access and cross-border dealings?","I apologize, but I encountered technical difficulties accessing both the CFOTI Knowledge Base and glossary systems when attempting to retrieve information about digital trade provisions in trade agreements. The connection timeout errors prevented me from gathering the specific information needed to comprehensively answer your question about how digital trade provisions create sector-specific opportunities and improve market access.

## What I Was Attempting to Research

I was working to provide ",176319.76,10077.67,200,Success
2026-05-05T16:56:07.378424,200,load,Indirect,"Under which FTAs, if any, can India-origin goods use a back-to-back mechanism via Singapore?","Based on the available information retrieved, I can provide you with the following analysis regarding back-to-back mechanisms for India-origin goods via Singapore:

## FTA Groups Between India and Singapore

According to the **Mendel** database, India and Singapore are members of the following FTA groups:

1. **GSTP (Global System of Trade Preferences among Developing Countries)**
   - Both India and Singapore are members of this preferential trade arrangement

2. **MFN (Most Favoured Nation)**
",194881.8,10068.21,200,Success
2026-05-05T16:56:12.966809,200,load,Indirect,"Our goods qualify under both RCEP and ATIGA for export to Thailand. Which agreement should we use for the PCO, and does it affect how we complete the origin declaration?","I apologize, but I encountered technical difficulties while attempting to retrieve information from our knowledge base systems regarding your question about choosing between RCEP and ATIGA for your Preferential Certificate of Origin (PCO) when exporting to Thailand.

## Your Question
You asked which FTA agreement (RCEP or ATIGA) you should use for the PCO when your goods qualify under both agreements for export to Thailand, and whether this choice affects how you complete the origin declaration.",195439.31,10075.53,200,Success
2026-05-05T16:56:12.976874,200,load,Direct,What is an Ordinary Certificate of Origin and when do I need it?,"## What is an Ordinary Certificate of Origin?

An **Ordinary Certificate of Origin**, also known as a **Non-Preferential Certificate of Origin (NPCO)**, is a trade document that verifies the country of origin of goods for commercial or regulatory purposes. Unlike preferential certificates used under Free Trade Agreements (FTAs), an ordinary certificate does not provide tariff concessions or preferential duty rates.

### Key Characteristics:

**Purpose:**
- Identifies and certifies that a product",219812.24,10692.56,200,Success
2026-05-05T16:56:12.985880,200,load,Direct,"If software classified as strategic goods technology is hosted on a server in Singapore for global download, what authorisations are required under Singapore's Strategic Goods (Control) regime?","I am unable to retrieve sufficient information regarding this subject matter. For further guidance, please click on the 'Email' button on the bottom right corner of the screen to arrange for a call or a one-to-one advisory session. Our specialists can offer tailored insights based on your product and trade needs, and help you address any related queries or challenges.",103309.03,10066.77,200,Success
2026-05-05T16:56:13.365742,200,load,Direct,Which official sources provide documentation or certification showing that companies from certain countries are eligible to participate in Singapore government procurement under specific agreements?,"I am unable to retrieve sufficient information regarding this subject matter. For further guidance, please click on the 'Email' button on the bottom right corner of the screen to arrange for a call or a one-to-one advisory session. Our specialists can offer tailored insights based on your product and trade needs, and help you address any related queries or challenges.",128029.88,10071.36,200,Success
2026-05-05T16:56:16.315314,200,load,Direct,Are there any tariffs for the import of fresh apples with HS code 0808.10.00.45 into the US from Canada?,"# Tariff Information for Fresh Apples (HS Code 0808.10.00.45) from Canada to the United States

Based on the official tariff data retrieved, here is the comprehensive breakdown of duties and fees applicable to your shipment:

---

## **Customs Duties**

| Duty Type | Rate | Conditions | Notes |
|-----------|------|------------|-------|
| **MFN (Most Favoured Nation) Rate** | **Free (0%)** | None | Standard customs duty rate |
| **Universal Customs Duty (UCD)** | **10% of FOB value** | None | Thi",223209.35,21699.62,200,Success
2026-05-05T16:56:21.950627,200,load,Direct,We are a manufacturing company looking to export plastic bottles to customers in other countries. Can you please advise the steps and processes we have to take?,"Thank you for your question. To provide you with the most relevant guidance, I need some clarification:

1. **Which country are you exporting FROM?** (e.g., Singapore, Thailand, etc.)
2. **Which countries are you exporting TO?** (e.g., Vietnam, Philippines, etc.)
3. **Do you want to claim tariff preferences under any Free Trade Agreement (FTA)?** (e.g., CPTPP, RCEP, ASEAN FTA, etc.)
4. **Will the plastic bottles undergo any processing, repacking, or transformation in a third country before reach",105867.63,10135.91,200,Success
2026-05-05T16:56:24.843698,200,load,Indirect,"We received a request from Indonesian customs to verify our ATIGA PCO. What is the process for Singapore exporters, what documents must we provide, and what is the typical timeline?","I apologize, but I encountered technical difficulties accessing both the CFOTI Knowledge Base and glossary systems to retrieve the specific information about ATIGA PCO verification procedures for Singapore exporters.

## Current Status

Based on your request, you need information about:

1. **The verification process** for Singapore exporters when Indonesian customs requests verification of an ATIGA Preferential Certificate of Origin (PCO)
2. **Required documents** that must be provided
3. **Typ",191155.16,10073.49,200,Success
2026-05-05T16:56:31.055980,200,load,Indirect,"Our company sources components from China, Thailand, and Malaysia and assembles electronic switches (HS 8536.50) in Singapore for export to Australia. Can we claim Singapore origin under AANZFTA, and ","## AANZFTA Rules of Origin for Electronic Switches (HS 8536.50)

Based on your query regarding electronic switches (HS 8536.50) assembled in Singapore using components from China, Thailand, and Malaysia for export to Australia under AANZFTA, here is the analysis:

---

## Can You Claim Singapore Origin Under AANZFTA?

**Yes, potentially**, provided your product meets one of the following Rules of Origin criteria under AANZFTA:

### Rules of Origin for HS 8536.50 (Other Switches)

According to **",237974.8,10668.5,200,Success
2026-05-05T16:56:39.906943,200,load,Indirect,"We import headphones (HS 8518.30.10) from China and sell to Vietnam. Can CPTPP preferences ever apply, and what proof would be required?","Based on the available information, I can provide you with a preliminary analysis regarding CPTPP preferences for your headphones trade scenario:

## Key Finding: China is NOT a CPTPP Member

**Critical Issue:** China is **not** a member of the Comprehensive and Progressive Agreement for Trans-Pacific Partnership (CPTPP). 

According to the FTA membership check:
- **Vietnam** is a CPTPP member
- **China** is NOT a CPTPP member
- China and Vietnam are both members of: RCEP, RCEP_ASEAN, ACFTA, and",207240.84,10066.5,200,Success
2026-05-05T16:56:42.559343,200,load,Indirect,"We received a request from Indonesian customs to verify our ATIGA PCO. What is the process for Singapore exporters, what documents must we provide, and what is the typical timeline?","I apologize, but I encountered technical difficulties while attempting to retrieve information about the ATIGA PCO verification process from our knowledge base systems. Both the glossary and knowledge base tools experienced connection timeouts during the search.

## What I Was Attempting to Retrieve

I was searching for specific information regarding:
- The verification process for ATIGA (ASEAN Trade in Goods Agreement) Preferential Certificate of Origin when requested by Indonesian customs
- Re",227064.89,10074.96,200,Success
2026-05-05T16:56:45.202550,200,load,Indirect,"If our PCO application is rejected by Singapore Customs due to insufficient supporting documents, what can we do to rectify and reapply, and how long does the appeal or correction process take?","### PCO Application Rejection - Rectification and Reapplication Process

I understand you're seeking guidance on how to rectify and reapply for a Preferential Certificate of Origin (PCO) after your application was rejected by Singapore Customs due to insufficient supporting documents.

Unfortunately, I was unable to retrieve the specific procedural information from our knowledge base due to technical connectivity issues. The information regarding:

- **Rectification procedures** for rejected PCO",246897.35,10071.48,200,Success
2026-05-05T16:56:47.802804,200,load,Indirect,"If we import under ASEAN-China FTA and re-export to Japan under RCEP with minimal repackaging in Singapore, can we use a back-to-back certificate, and what are the conditions and time limits?","# Back-to-Back Certificate of Origin Analysis: China → Singapore → Japan under RCEP

## Current Analysis Summary

Based on the information retrieved, I can provide the following preliminary assessment:

### ✅ FTA Membership Requirement: **CONFIRMED**

| Requirement | Status | Details |
|------------|--------|---------|
| **All three countries in same FTA** | ✅ Confirmed | China, Singapore, and Japan are all members of RCEP (Regional Comprehensive Economic Partnership Agreement) |
| **Source** | ",252429.08,10091.25,200,Success
2026-05-05T16:56:50.130495,200,load,Direct,What's the practical difference between RVC build-up and build-down methods and when is each preferable?,"I encountered technical difficulties while attempting to retrieve information from our knowledge base and glossary systems regarding RVC (Regional Value Content) build-up and build-down methods. Unfortunately, all tool connections timed out during the retrieval process.

## Current Status

### What I attempted to retrieve:
- ✅ Initiated search for RVC build-up and build-down calculation methods
- ✅ Attempted to access glossary for practical guidelines
- ✅ Attempted to access knowledge base for F",225584.5,10080.87,200,Success
2026-05-05T16:56:59.492285,200,load,Direct,Which FTA gives the best tariff for exporting solar panels (HS 8541.40) from Singapore to Japan?,"# Tariff Information for Solar Panels (HS 8541.40) from Singapore to Japan

## System Limitation Identified

I was unable to retrieve tariff and duty rate information for **HS Code 8541.40** for exports from Singapore to Japan. The system indicates that this HS code may be too general or may not match the specific classification requirements for Japan's customs system.

**Reason:** The 6-digit HS code (8541.40) may require a more specific classification (8-digit or 10-digit) for tariff lookup in",271925.42,15815.01,200,Success
2026-05-05T16:57:02.905943,200,load,Indirect,"Our goods qualify under both RCEP and ATIGA for export to Thailand. Which agreement should we use for the PCO, and does it affect how we complete the origin declaration?",,172420.29,10084.23,200,Error - Empty Response
2026-05-05T16:57:02.998406,200,load,Indirect,"We are considering moving some production from China to Singapore to benefit from FTAs. For electronics (HS 8517), what origin criteria apply under RCEP and CPTPP, and what percentage of value must be","I encountered technical difficulties accessing our knowledge base systems while attempting to retrieve the specific origin criteria for HS 8517 electronics under RCEP and CPTPP. 

## What I Was Able to Confirm

**HS Code 8517 Classification:**
The HS code 8517 covers ""Telephone sets, including smartphones and other telephones for cellular networks or for other wireless networks; other apparatus for the transmission or reception of voice, images or other data, including apparatus for communicatio",235424.9,10070.63,200,Success
2026-05-05T16:57:03.375748,200,load,Direct,Where do I get help with FTA and Certificate of Origin queries in Singapore?,"I am unable to retrieve sufficient information regarding this subject matter. For further guidance, please click on the 'Email' button on the bottom right corner of the screen to arrange for a call or a one-to-one advisory session. Our specialists can offer tailored insights based on your product and trade needs, and help you address any related queries or challenges.",143623.05,10067.67,200,Success
2026-05-05T16:57:07.814678,200,load,Indirect,"Our goods qualify under both RCEP and ATIGA for export to Thailand. Which agreement should we use for the PCO, and does it affect how we complete the origin declaration?","I apologize, but I encountered technical difficulties accessing the knowledge base systems while attempting to retrieve information about choosing between RCEP and ATIGA for your Preferential Certificate of Origin (PCO) when exporting to Thailand.

## What I Was Attempting to Retrieve

I was working to provide you with comprehensive guidance on:

1. **Decision criteria** for choosing between RCEP and ATIGA when both agreements apply
2. **PCO/origin declaration requirements** specific to each agr",222999.59,10075.62,200,Success
2026-05-05T16:57:09.214763,200,load,Indirect,"For shipments from Singapore to Australia with goods sourced from Japan and Korea, what are the steps to claim AANZFTA or RCEP preferences?","# Claiming AANZFTA or RCEP Preferences for Shipments from Singapore to Australia with Materials from Japan and Korea

## Trade Scenario Summary
- **Exporting Country:** Singapore
- **Importing Country:** Australia  
- **Material Sources:** Japan and South Korea
- **FTAs in Question:** AANZFTA and RCEP

---

## FTA Membership Status

### RCEP (Regional Comprehensive Economic Partnership Agreement)
✅ **All countries are RCEP members**

Based on the FTA membership verification, Singapore, Australia",281469.07,10274.54,200,Success
2026-05-05T16:57:09.610038,200,load,Indirect,How do I qualify for preferential treatment under the ATIGA for my export of water pumps with HS code 8413.20.90 from Singapore to Indonesia?,"# Qualifying for ATIGA Preferential Treatment: Water Pumps (HS 8413.20.90) from Singapore to Indonesia

## Trade Information Summary

**Based on your inputs:**
- **Product:** Water pumps
- **HS Code:** 8413.20.90 (Hand pumps, other than those of subheading 8413.11 or 8413.19)
- **Origin:** Singapore
- **Destination:** Indonesia

---

## ATIGA Preferential Tariff Rate

| Tariff Type | Rate | Source |
|-------------|------|--------|
| MFN (Most Favoured Nation) | 10% | Mendel |
| **ATIGA Preferent",281849.28,10518.4,200,Success
2026-05-05T16:57:09.611866,200,load,Indirect,How do I qualify for preferential treatment under the ATIGA for my export of water pumps with HS code 8413.20.90 from Singapore to Indonesia?,"# Qualifying for ATIGA Preferential Treatment for Water Pumps (HS 8413.20.90)

## Trade Route Summary
- **Product**: Water pumps, HS Code 8413.20.90
- **Origin**: Singapore
- **Destination**: Indonesia
- **FTA**: ATIGA (ASEAN Trade in Goods Agreement)

---

## 1. Tariff Benefits Under ATIGA

Based on the official tariff data, your water pumps qualify for significant duty savings under ATIGA:

| Rate Type | Duty Rate | Description |
|-----------|-----------|-------------|
| **MFN Rate** | 10% | S",281891.57,10475.11,200,Success
2026-05-05T16:57:10.598407,200,load,Direct,"If software classified as strategic goods technology is hosted on a server in Singapore for global download, what authorisations are required under Singapore's Strategic Goods (Control) regime?","I am unable to retrieve sufficient information regarding this subject matter. For further guidance, please click on the 'Email' button on the bottom right corner of the screen to arrange for a call or a one-to-one advisory session. Our specialists can offer tailored insights based on your product and trade needs, and help you address any related queries or challenges.",138773.25,10073.74,200,Success
2026-05-05T16:57:10.670225,200,load,Direct,How do I calculate RVC for a plastic household item under ATIGA and document it for possible verification?,"## RVC Calculation and Documentation for Plastic Household Items under ATIGA

I apologize, but I'm currently unable to retrieve the specific information from our knowledge base regarding RVC (Regional Value Content) calculation methods and documentation requirements for plastic household items under ATIGA due to technical connectivity issues with our primary information sources.

However, based on your inquiry, you would typically need the following information to calculate RVC under ATIGA:

###",244069.08,10077.19,200,Success
2026-05-05T16:57:10.673138,200,load,Indirect,"We received a request from Indonesian customs to verify our ATIGA PCO. What is the process for Singapore exporters, what documents must we provide, and what is the typical timeline?","I apologize, but I encountered technical difficulties while attempting to retrieve information from our knowledge base and glossary systems regarding ATIGA PCO verification procedures. The connection timeout prevented me from accessing the specific guidance on:

- The verification process for Singapore exporters when Indonesian customs requests ATIGA PCO verification
- Required documents that must be provided
- Typical timeline for responding to verification requests

## What Has Been Done and W",228908.77,10070.58,200,Success
2026-05-05T16:57:11.295863,200,load,Indirect,I would like to leverage the AKFTA FTA for my export of 1701.12.20 from Singapore to South Korea. What is a PCO and how do I apply for it?,"### What is a PCO (Preferential Certificate of Origin)?

A **Preferential Certificate of Origin (PCO)** is an official document that certifies the country of origin of goods being exported. It is required to claim preferential tariff treatment under Free Trade Agreements (FTAs). When you export goods with a valid PCO under an FTA like AKFTA, your buyer in the importing country (South Korea) can benefit from reduced or zero customs duties.

---

### Your Export Details

**Based on your informatio",277866.0,10062.66,200,Success
2026-05-05T16:57:11.846563,200,load,Indirect,"We received a request from Indonesian customs to verify our ATIGA PCO. What is the process for Singapore exporters, what documents must we provide, and what is the typical timeline?","I apologize, but I encountered technical difficulties while attempting to retrieve information about ATIGA PCO verification procedures from our knowledge base systems. Both the glossary and knowledge base tools experienced connection timeouts during the search process.

## What I Was Attempting to Retrieve

I was searching for specific information regarding:
- The verification process for ATIGA (ASEAN Trade in Goods Agreement) Preferential Certificate of Origin when requested by Indonesian custo",216915.46,10063.85,200,Success
2026-05-05T16:57:12.700481,200,load,Direct,We are a manufacturing company looking to export plastic bottles to customers in other countries. Can you please advise the steps and processes we have to take?,"Thank you for reaching out! To better assist you with your plastic bottle export inquiry, I need some clarification:

1. **Manufacturing Location:** Are you manufacturing the plastic bottles in your home country and exporting them directly to customers in other countries?

2. **Transhipment/Processing:** Will the plastic bottles be shipped directly from your manufacturing facility to the final destination, or will they be transhipped through another country (such as Singapore) for repacking, rel",136304.81,10401.54,200,Success
2026-05-05T16:57:16.780561,200,load,Direct,"Can a non-preferential Certificate of Origin be issued after shipment, and what evidence is required?","I encountered technical difficulties while attempting to retrieve information from our knowledge base and glossary systems regarding non-preferential Certificates of Origin and post-shipment issuance procedures.

## Current Status

I was unable to complete the information retrieval process due to connection timeouts when accessing:
- The glossary tool (for guidelines on non-preferential Certificate of Origin procedures)
- The knowledge base tool (for regulatory requirements and evidence document",232937.64,10060.31,200,Success
2026-05-05T16:57:24.817020,200,load,Indirect,"Can we use exporter self-certification under the UK-Singapore FTA for our exports of pharmaceutical products (HS 3004), and what are the exact conditions and record-keeping requirements?","Thank you for your enquiry about exporter self-certification under the UK-Singapore FTA for pharmaceutical products (HS 3004).

To provide you with accurate information about self-certification eligibility, conditions, and record-keeping requirements, I need to clarify the following **required information**:

### Missing Required Information:

1. **Country of Origin**: Are you exporting FROM Singapore or FROM the United Kingdom?
2. **Country of Destination**: Are you exporting TO the United King",214835.94,10071.84,200,Success
2026-05-05T16:57:28.008503,200,load,Indirect,"We have a back-to-back PCO under RCEP for goods from Japan. The buyer in Indonesia wants to split the shipment into two consignments over two months. Is the original PCO still valid, and what do we ne","I encountered technical difficulties accessing the CFOTI Knowledge Base to retrieve specific information about RCEP back-to-back PCO (Proof of Certificate of Origin) procedures for split shipments. The knowledge base systems experienced connection timeouts during my attempts to retrieve the relevant regulatory guidance.

## Current Analysis

Based on your scenario:
- **Origin**: Japan
- **Destination**: Indonesia  
- **FTA**: RCEP
- **Issue**: Back-to-back PCO with split shipment into two consig",236506.66,10076.0,200,Success
2026-05-05T16:57:28.607800,200,load,Indirect,How do I qualify for preferential treatment under the ATIGA for my export of water pumps with HS code 8413.20.90 from Singapore to Indonesia?,,301039.64,10419.32,200,Stream interrupted – chunked stream closed early (server/proxy/load)
2026-05-05T16:57:28.640386,200,load,Direct,"I am exporting meat with HS code 0210.19.90 from Singapore to Indonesia. The export value is 10,000 SGD. Which FTAs can I leverage?",,301027.31,10281.49,200,Stream interrupted – chunked stream closed early (server/proxy/load)
2026-05-05T16:57:28.785875,200,load,Indirect,How do I qualify for preferential treatment under the ATIGA for my export of water pumps with HS code 8413.20.90 from Singapore to Indonesia?,,301038.53,10621.13,200,Stream interrupted – chunked stream closed early (server/proxy/load)
2026-05-05T16:57:28.789672,200,load,Indirect,"We import raw cocoa (HS 1801) from Ghana, process it into chocolate (HS 1806) in Singapore, and export to Japan. How do we prove substantial transformation and claim preference under RCEP?",,301027.14,10636.22,200,Stream interrupted – chunked stream closed early (server/proxy/load)
2026-05-05T16:57:28.791624,200,load,Indirect,"Our company sources components from China, Thailand, and Malaysia and assembles electronic switches (HS 8536.50) in Singapore for export to Australia. Can we claim Singapore origin under AANZFTA, and ",,301051.45,10552.14,200,Stream interrupted – chunked stream closed early (server/proxy/load)
2026-05-05T16:57:30.685006,200,load,Direct,We are a manufacturing company looking to export plastic bottles to customers in other countries. Can you please advise the steps and processes we have to take?,"Thank you for your question. To better assist you, could you please clarify the following:

1. **Are the plastic bottles being shipped directly from your manufacturing facility to the destination country, or will they undergo any processing, repacking, or substantial transformation in a third country (such as Singapore) before reaching the final customer?**

2. **Are you looking to claim tariff preferences under any Free Trade Agreements (FTAs)?**

This information will help me provide you with ",128625.63,10074.69,200,Success
2026-05-05T16:57:32.191135,200,load,Indirect,"We import cotton fabric (HS 5208) from India into Singapore, dye and cut it here, then export garments to the EU. How do we determine origin under RCEP and EU-Singapore FTA, and what documentation do ",,301022.04,10068.3,200,Stream interrupted – chunked stream closed early (server/proxy/load)
2026-05-05T16:57:33.618290,200,load,Direct,Are there any tariffs for the import of fresh apples with HS code 0808.10.00.45 into the US from Canada?,"## Tariff Information for Fresh Apples (HS Code 0808.10.00.45) from Canada to United States

Yes, there are tariffs applicable for importing fresh apples with HS code 0808.10.00.45 from Canada into the United States.

### Duty Rates

Based on the tariff information retrieved from **Mendel**, the following duties apply:

| Duty Type | Rate | Description |
|-----------|------|-------------|
| **MFN (Most Favoured Nation)** | Free (0%) | Regular customs tariff rate applicable to WTO members |
| **U",273088.83,10083.83,200,Success
2026-05-05T16:57:34.018455,200,load,Indirect,"We plan to bring microprocessors (HS 8542.31) from Japan into Singapore for consolidation, then ship them to Indonesia. Can we claim preferential tariff treatment on the Indonesia leg?",,301053.09,10597.04,200,Stream interrupted – chunked stream closed early (server/proxy/load)
2026-05-05T16:57:34.335956,200,load,Indirect,"We export organic fertiliser (HS 3101) from Singapore to New Zealand. Under CPTPP, what are the rules of origin and any product-specific requirements we must meet?",,301031.97,10669.94,200,Stream interrupted – chunked stream closed early (server/proxy/load)
2026-05-05T16:57:34.350508,200,load,Direct,What is the tariff for importing stainless steel sheets (HS 7219.13) from Indonesia into Singapore under ATIGA?,,301049.96,10659.43,200,Stream interrupted – chunked stream closed early (server/proxy/load)
2026-05-05T16:57:35.361180,200,load,Indirect,I want to import semiconductor integrated circuits from South Korea to Singapore and intend to re-export them to Vietnam. The HS code is 8542.31. Am I eligible for any FTAs?,,301035.19,10070.61,200,Stream interrupted – chunked stream closed early (server/proxy/load)
2026-05-05T16:57:35.967922,200,load,Indirect,"We received a request from Indonesian customs to verify our ATIGA PCO. What is the process for Singapore exporters, what documents must we provide, and what is the typical timeline?","I apologize, but I encountered technical difficulties accessing both the CFOTI Knowledge Base and glossary systems to retrieve the specific information about ATIGA PCO verification procedures for Singapore exporters responding to Indonesian customs requests.

Based on your query, you need information about:
- The verification process for ATIGA Preferential Certificate of Origin (PCO) when Indonesian customs requests verification
- Required documents that Singapore exporters must provide
- Typica",230058.24,10071.16,200,Success
2026-05-05T16:57:47.438683,200,load,Indirect,I would like to leverage the AKFTA FTA for my export of 1701.12.20 from Singapore to South Korea. What is a PCO and how do I apply for it?,,301029.55,10068.97,200,Stream interrupted – chunked stream closed early (server/proxy/load)
2026-05-05T16:57:49.359791,200,load,Indirect,"We import cotton fabric (HS 5208) from India into Singapore, dye and cut it here, then export garments to the EU. How do we determine origin under RCEP and EU-Singapore FTA, and what documentation do ","Thank you for your enquiry regarding the origin determination and documentation requirements for your two-leg trade operation involving cotton fabric processing in Singapore.

To provide you with accurate guidance on Rules of Origin under RCEP and the EU-Singapore FTA, as well as the required documentation for both trade legs, I need some additional critical information:

## Missing Required Information:

1. **HS Code for the Final Garment Product**: You mentioned importing cotton fabric under H",234310.86,10079.01,200,Success
2026-05-05T16:57:49.453983,200,load,Indirect,"Our company sources components from China, Thailand, and Malaysia and assembles electronic switches (HS 8536.50) in Singapore for export to Australia. Can we claim Singapore origin under AANZFTA, and ",,301032.11,10067.02,200,Stream interrupted – chunked stream closed early (server/proxy/load)
2026-05-05T16:57:51.451204,200,load,Indirect,"We plan to bring microprocessors (HS 8542.31) from Japan into Singapore for consolidation, then ship them to Indonesia. Can we claim preferential tariff treatment on the Indonesia leg?",,301040.13,10071.24,200,Stream interrupted – chunked stream closed early (server/proxy/load)
2026-05-05T16:57:52.446753,200,load,Indirect,"We ship from Singapore to multiple ASEAN countries (Indonesia, Philippines, Vietnam) under ATIGA. Do we need one PCO per destination or one for the whole order, and what are the declaration requiremen","### ATIGA PCO Requirements for Multiple Destinations

I apologize, but I am currently unable to retrieve the specific information needed to answer your question about ATIGA (ASEAN Trade in Goods Agreement) PCO requirements for shipping to multiple destinations.

**Your Question:**
- **Origin:** Singapore
- **Destinations:** Indonesia, Philippines, Vietnam (multiple ASEAN countries)
- **FTA:** ATIGA
- **Query:** Whether one PCO covers all destinations or separate PCOs are needed per destination, ",293913.57,10079.34,200,Success
2026-05-05T16:57:53.107941,200,load,Indirect,"We import headphones (HS 8518.30.10) from China and sell to Vietnam. Can CPTPP preferences ever apply, and what proof would be required?","## Can CPTPP Preferences Apply?

**No, CPTPP preferences cannot apply to your scenario.**

Based on the analysis of your trade flow:

### Key Finding from FTA Membership Check

**China is NOT a member of CPTPP.** The FTA membership analysis shows that China and Vietnam share membership in the following trade agreements:
- **ACFTA** (ASEAN-China Free Trade Area)
- **RCEP** (Regional Comprehensive Economic Partnership Agreement)
- **MFN** (Most Favoured Nation rates)

**CPTPP is not among the shar",265288.2,10066.27,200,Success
2026-05-05T16:57:54.600562,200,load,Indirect,I import meat with HS code 0201.30.01 from Australia to Singapore and re-export to Japan. Am I eligible for preferential tariffs?,,301104.47,10076.19,200,Stream interrupted – chunked stream closed early (server/proxy/load)
2026-05-05T16:58:00.547888,200,load,Indirect,I want to import semiconductor integrated circuits from South Korea to Singapore and intend to re-export them to Vietnam. The HS code is 8542.31. Am I eligible for any FTAs?,,301032.26,10061.9,200,Stream interrupted – chunked stream closed early (server/proxy/load)
2026-05-05T16:58:01.052668,200,load,Direct,"What is the validity period of back-to-back COs issued by Singapore Customs, and can validity be extended?","I encountered technical difficulties while attempting to retrieve information from the CFOTI Knowledge Base about the validity period of back-to-back Certificates of Origin (COs) issued by Singapore Customs and whether validity can be extended.

## Current Status

**What has been attempted:**
- ✅ Attempted to query the glossary for back-to-back CO validity guidelines
- ✅ Attempted to search the knowledge base for Singapore Customs back-to-back CO validity period and extension policies
- ❌ Both q",271196.41,10069.43,200,Success
2026-05-05T16:58:01.223634,200,load,Indirect,"We received a request from Indonesian customs to verify our ATIGA PCO. What is the process for Singapore exporters, what documents must we provide, and what is the typical timeline?","I apologize, but I encountered technical difficulties while attempting to retrieve information from our knowledge base and glossary systems regarding ATIGA PCO verification procedures. The connection timeout prevented me from accessing the specific guidance on:

- The verification process for Singapore exporters responding to Indonesian customs requests
- Required documents for ATIGA PCO verification
- Typical timelines for the verification process

## What Has Been Done and What's Next

- ✅ Ide",244137.13,10070.33,200,Success
2026-05-05T16:58:03.594554,200,load,Indirect,Which Free Trade Agreements (FTAs) can I utilise when exporting compact disks (HS Code: 8523.41.10) from Singapore to Indonesia?,,301032.67,10119.18,200,Stream interrupted – chunked stream closed early (server/proxy/load)
2026-05-05T16:58:04.471350,200,load,Indirect,"Can we use exporter self-certification under the UK-Singapore FTA for our exports of pharmaceutical products (HS 3004), and what are the exact conditions and record-keeping requirements?","Thank you for your enquiry about exporter self-certification under the UK-Singapore FTA for pharmaceutical products (HS 3004).

To provide you with accurate information about self-certification eligibility, conditions, and record-keeping requirements under the UK-Singapore FTA, I need the following information:

### Required Information:
- **Country of Origin**: Are you exporting FROM Singapore TO the United Kingdom, or FROM the United Kingdom TO Singapore?
- **Country of Destination**: Please c",241874.5,10171.91,200,Success
2026-05-05T16:58:04.875545,200,load,Indirect,"What is the PCO application process for the export of my product with HS code 3924.90.90 from Singapore to Vietnam with an estimated export value of 5,000 SGD under the ATIGA FTA?",,301233.4,10082.69,200,Stream interrupted – chunked stream closed early (server/proxy/load)
2026-05-05T16:58:05.489555,200,load,Indirect,We import fresh mangoes (HS 0804.50) from Indonesia into Singapore and plan to re-export them to the Philippines. Can we request a back-to-back PCO under ATIGA?,,301148.09,10095.77,200,Stream interrupted – chunked stream closed early (server/proxy/load)
2026-05-05T16:58:09.693777,200,load,Indirect,I import brooms with HS code 9603.10.20 from China to Singapore and would like to re-export to Malaysia. Am I eligible for any FTAs?,,301030.12,10063.79,200,Stream interrupted – chunked stream closed early (server/proxy/load)
2026-05-05T16:58:10.682321,200,load,Indirect,"We assemble vacuum cleaners (HS Code 8508.19.10) in Singapore from Chinese parts and export to Indonesia. Does simple assembly confer Singapore origin, or should we apply for a back-to-back PCO instea",,301036.51,10079.84,200,Stream interrupted – chunked stream closed early (server/proxy/load)
2026-05-05T16:58:11.438544,200,load,Indirect,"We import raw cocoa (HS 1801) from Ghana, process it into chocolate (HS 1806) in Singapore, and export to Japan. How do we prove substantial transformation and claim preference under RCEP?",,301021.91,10106.52,200,Stream interrupted – chunked stream closed early (server/proxy/load)
2026-05-05T16:58:11.673099,200,load,Direct,I would like to export my product of HS 4819.60 from Singapore to India. What is the duty rate and what FTAs can I leverage?,,301031.25,10075.12,200,Stream interrupted – chunked stream closed early (server/proxy/load)
2026-05-05T16:58:12.682774,200,load,Direct,My company manufactures porcelain cups in Singapore and sells them to customers in the Philippines. I would like to find out more about FTAs and whether they can help me in my exports.,,301040.0,10068.47,200,Stream interrupted – chunked stream closed early (server/proxy/load)
2026-05-05T16:58:13.920818,200,load,Indirect,"We export organic fertiliser (HS 3101) from Singapore to New Zealand. Under CPTPP, what are the rules of origin and any product-specific requirements we must meet?","Based on the information retrieved from **Mendel**, I can provide you with the CPTPP rules of origin for your organic fertiliser (HS 3101) exports from Singapore to New Zealand.

## CPTPP Rules of Origin for HS 3101

### Product-Specific Rule
**A change to a good of heading 31.01 from any other heading.**

This means your organic fertiliser must undergo a tariff classification change from any heading other than 31.01 to qualify as originating under CPTPP.

### Special Chemical Process Rules

In ",260884.78,10086.01,200,Success
2026-05-05T16:58:15.713401,200,load,Indirect,"We manufacture plastic containers (HS 3924) in Singapore using resin from Saudi Arabia and additives from Malaysia. How do we prove origin under ATIGA for export to Vietnam, and which FTA gives the be",,301046.9,10082.31,200,Stream interrupted – chunked stream closed early (server/proxy/load)
2026-05-05T16:58:16.716630,200,load,Direct,I am exporting 3305.20 from Japan to the US. Are there any additional tariffs?,,301036.25,10071.67,200,Stream interrupted – chunked stream closed early (server/proxy/load)
2026-05-05T16:58:18.804335,200,load,Indirect,"What are the steps and timelines to apply for a PCO under the Digital Economy Agreement between Singapore and Australia, and how does it differ from the standard goods FTA process?",,301111.58,10066.78,200,Stream interrupted – chunked stream closed early (server/proxy/load)
2026-05-05T16:58:19.744543,200,load,Indirect,I would like to leverage the AKFTA FTA for my export of 1701.12.20 from Singapore to South Korea. What is a PCO and how do I apply for it?,,301033.68,10076.73,200,Stream interrupted – chunked stream closed early (server/proxy/load)
2026-05-05T16:58:20.624778,200,load,Indirect,"Our goods qualify under both RCEP and ATIGA for export to Thailand. Which agreement should we use for the PCO, and does it affect how we complete the origin declaration?",,227930.38,10059.22,200,Error - Empty Response
2026-05-05T16:58:20.745711,200,load,Direct,I am exporting essential oils with HS code 3301.29.51.03 from France to the US. What tariffs apply?,,301041.2,10078.9,200,Stream interrupted – chunked stream closed early (server/proxy/load)
2026-05-05T16:58:21.608948,200,load,Indirect,Can we ship goods directly from China to Indonesia with a Singapore invoice and still claim ACFTA preference?,"## Analysis of Your Question

You're asking whether goods can be shipped **directly from China to Indonesia** while issuing an **invoice from Singapore**, and still claim **ACFTA (ASEAN-China Free Trade Agreement)** preferential tariff rates.

## Current Status

I attempted to retrieve specific information about ACFTA's rules regarding third-country invoicing and direct consignment requirements. However, I encountered technical difficulties accessing both the CFOTI Knowledge Base and glossary sy",282663.27,10072.06,200,Success
2026-05-05T16:58:21.746381,200,load,Indirect,We import fresh mangoes (HS 0804.50) from Indonesia into Singapore and plan to re-export them to the Philippines. Can we request a back-to-back PCO under ATIGA?,,301032.33,10061.84,200,Stream interrupted – chunked stream closed early (server/proxy/load)
2026-05-05T16:58:23.786684,200,load,Indirect,I want to import semiconductor integrated circuits from South Korea to Singapore and intend to re-export them to Vietnam. The HS code is 8542.31. Am I eligible for any FTAs?,,301041.48,10130.71,200,Stream interrupted – chunked stream closed early (server/proxy/load)
2026-05-05T16:58:23.788956,200,load,Indirect,"For machinery (HS 8479) assembled in Singapore from US and German parts, what are the rules of origin under the EU-Singapore FTA and UK-Singapore FTA, and how do we calculate and document RVC?","I apologize, but I encountered technical difficulties while attempting to retrieve information from our knowledge base systems. The connection timeouts prevented me from accessing the specific rules of origin details for HS 8479 machinery under both the EU-Singapore FTA and UK-Singapore FTA.

## What I Was Attempting to Retrieve

Based on your query about machinery (HS 8479) assembled in Singapore from US and German parts, I was working to provide you with:

### Planned Information Retrieval:
- ",260436.74,10073.05,200,Success
2026-05-05T16:58:25.807655,200,load,Direct,I export wooden furniture (HS 9403.60) from Singapore to Australia. What is the duty rate under the relevant FTA?,,301031.44,10062.13,200,Stream interrupted – chunked stream closed early (server/proxy/load)
2026-05-05T16:58:26.797727,200,load,Indirect,"If our PCO application is rejected by Singapore Customs due to insufficient supporting documents, what can we do to rectify and reapply, and how long does the appeal or correction process take?",,301030.31,10071.84,200,Stream interrupted – chunked stream closed early (server/proxy/load)
2026-05-05T16:58:27.218740,200,load,Indirect,"If I import products from South Korea into Singapore, store them in Singapore, and then export them to Vietnam. Is there any FTA I can use to obtain duty savings on import into Vietnam?","Thank you for your enquiry regarding FTA eligibility for duty savings when importing products from South Korea into Singapore and then exporting to Vietnam.

To assess your eligibility for Back-to-Back Preferential Certificate of Origin (B2B PCO) and identify applicable FTAs that could provide duty savings on import into Vietnam, I need additional information from you:

### **Required Information:**
- **HS Code**: Please provide the HS code for your product. This is essential for determining tar",240613.73,10067.59,200,Success
2026-05-05T16:58:27.826242,200,load,Indirect,"We have a back-to-back PCO under RCEP for goods from Japan. The buyer in Indonesia wants to split the shipment into two consignments over two months. Is the original PCO still valid, and what do we ne",,301037.37,10063.73,200,Stream interrupted – chunked stream closed early (server/proxy/load)
2026-05-05T16:58:29.821583,200,load,Direct,What tariff will my aluminium rods with HS code 7604.29.10.10 be subject to if it was manufactured in Russia and exported to the US?,,301022.03,10060.35,200,Stream interrupted – chunked stream closed early (server/proxy/load)
2026-05-05T16:58:30.773791,200,load,Direct,Could you help me identify if my product with HS code 4415.10.01 is eligible for tariff concessions for export to Mexico from Singapore?,"I am unable to retrieve sufficient information regarding this subject matter. For further guidance, please click on the 'Email' button on the bottom right corner of the screen to arrange for a call or a one-to-one advisory session. Our specialists can offer tailored insights based on your product and trade needs, and help you address any related queries or challenges.",133309.86,10089.53,200,Success
2026-05-05T16:58:31.469257,200,load,Indirect,"We import headphones (HS 8518.30.10) from China and sell to Vietnam. Can CPTPP preferences ever apply, and what proof would be required?","## Can CPTPP Preferences Apply to Your Scenario?

Based on your trade scenario where you import headphones (HS 8518.30.10) from **China** and sell to **Vietnam**, I need to provide you with a critical assessment:

### Key Issue: China is NOT a CPTPP Member

**CPTPP preferences cannot apply in your current scenario** because:

1. **China is not a member of the CPTPP** - The CPTPP (Comprehensive and Progressive Agreement for Trans-Pacific Partnership) only applies to goods that originate from CPTP",279408.35,10126.57,200,Success
2026-05-05T16:58:32.865019,200,load,Direct,I export wooden furniture (HS 9403.60) from Singapore to Australia. What is the duty rate under the relevant FTA?,,301033.79,10079.54,200,Stream interrupted – chunked stream closed early (server/proxy/load)
2026-05-05T16:58:33.990567,200,load,Indirect,"We export organic fertiliser (HS 3101) from Singapore to New Zealand. Under CPTPP, what are the rules of origin and any product-specific requirements we must meet?",,301046.76,10085.37,200,Stream interrupted – chunked stream closed early (server/proxy/load)
2026-05-05T16:58:34.898828,200,load,Indirect,"We have an existing PCO but the importer says the HS code on the certificate does not match their customs declaration. How do we correct or reissue the certificate, and will it affect the validity per",,301045.38,10075.74,200,Stream interrupted – chunked stream closed early (server/proxy/load)
2026-05-05T16:58:36.905402,200,load,Direct,Which FTA gives the best tariff for exporting solar panels (HS 8541.40) from Singapore to Japan?,,301039.08,10550.04,200,Stream interrupted – chunked stream closed early (server/proxy/load)
2026-05-05T16:58:37.297343,200,load,Indirect,"Our goods qualify under both RCEP and ATIGA for export to Thailand. Which agreement should we use for the PCO, and does it affect how we complete the origin declaration?","I apologize, but I encountered technical difficulties accessing the knowledge base and glossary systems to retrieve the specific guidance on choosing between RCEP and ATIGA for your Preferential Certificate of Origin (PCO) to Thailand.

## Current Analysis

Your question involves an important decision point when goods qualify under multiple Free Trade Agreements (FTAs). Specifically, you need guidance on:

1. **Which FTA to select** when your goods qualify under both RCEP and ATIGA for export to",282523.58,10096.22,200,Success
2026-05-05T16:58:37.903458,200,load,Indirect,"For shipments from Singapore to Australia with goods sourced from Japan and Korea, what are the steps to claim AANZFTA or RCEP preferences?",,301038.06,10088.68,200,Stream interrupted – chunked stream closed early (server/proxy/load)
2026-05-05T16:58:38.945740,200,load,Direct,Could you help me identify if my product with HS code 4415.10.01 is eligible for tariff concessions for export to Mexico from Singapore?,,301041.92,10072.82,200,Stream interrupted – chunked stream closed early (server/proxy/load)
2026-05-05T16:58:40.928641,200,load,Indirect,I import machinery parts from Japan to Singapore and would like to re-export to India. The HS code of the machinery parts are 8401.10. Am I eligible for any FTAs?,,301029.04,10062.97,200,Stream interrupted – chunked stream closed early (server/proxy/load)
2026-05-05T16:58:41.844487,200,load,Direct,I am exporting propulsion engines with HS code 8408.10.00.05 from Germany to the US. What tariffs apply?,,301091.08,10095.96,200,Stream interrupted – chunked stream closed early (server/proxy/load)
2026-05-05T16:58:41.944135,200,load,Direct,Which Free Trade Agreements (FTAs) can I utilise when exporting umbrellas (HS Code: 6601.99.00.03) from Singapore to Australia?,,301058.63,10076.24,200,Stream interrupted – chunked stream closed early (server/proxy/load)
2026-05-05T16:58:41.963116,200,load,Indirect,"If I import products from South Korea into Singapore, store them in Singapore, and then export them to Vietnam. Is there any FTA I can use to obtain duty savings on import into Vietnam?","Thank you for your enquiry regarding the use of Free Trade Agreements (FTAs) for duty savings when importing products from South Korea into Vietnam via Singapore.

To assist you with determining B2B PCO (Back-to-Back Preferential Certificate of Origin) eligibility and applicable FTAs, I need some additional information:

### Information Provided:
✅ Country of Origin: South Korea  
✅ Intermediate Country: Singapore  
✅ Final Destination: Vietnam  
✅ Movement of Goods: South Korea → Singapore → Vi",243219.53,10061.69,200,Success
2026-05-05T16:58:43.368006,200,load,Direct,I would like to export my product of HS 4819.60 from Singapore to India. What is the duty rate and what FTAs can I leverage?,,301487.97,10070.93,200,Stream interrupted – chunked stream closed early (server/proxy/load)
2026-05-05T16:58:43.818262,200,load,Direct,"How many FTAs has Singapore signed versus those currently in force, and where can I verify the latest status?",,294811.98,10065.52,200,Error - Empty Response
2026-05-05T16:58:43.856285,200,load,Indirect,"For goods that qualify under both ATIGA and RCEP when exporting from Singapore to Thailand, how do we choose which FTA to use, and can we switch between them for different shipments of the same produc","I apologize, but I encountered technical difficulties while attempting to retrieve information from our knowledge base and glossary systems to answer your question about choosing between ATIGA and RCEP for exports from Singapore to Thailand.

## Your Question
You asked about:
1. How to choose which FTA (ATIGA or RCEP) to use when goods qualify under both agreements for exports from Singapore to Thailand
2. Whether you can switch between these FTAs for different shipments of the same product

## ",276480.0,10079.06,200,Success
2026-05-05T16:58:45.055679,200,load,Direct,What is the tariff for importing stainless steel sheets (HS 7219.13) from Indonesia into Singapore under ATIGA?,,301059.69,10089.64,200,Stream interrupted – chunked stream closed early (server/proxy/load)
2026-05-05T16:58:45.923312,200,load,Indirect,I import machinery parts from Japan to Singapore and would like to re-export to India. The HS code of the machinery parts are 8401.10. Am I eligible for any FTAs?,,301028.25,10061.64,200,Stream interrupted – chunked stream closed early (server/proxy/load)
2026-05-05T16:58:46.578234,200,load,Indirect,"If we import under ASEAN-China FTA and re-export to Japan under RCEP with minimal repackaging in Singapore, can we use a back-to-back certificate, and what are the conditions and time limits?","Thank you for providing additional details about your trade scenario. I understand you're looking to import goods from China to Singapore under the ASEAN-China FTA, then re-export to Japan under RCEP with minimal repackaging in Singapore.

### Critical Information Required:

To assess your back-to-back PCO eligibility and provide specific conditions and time limits, I need:

**Missing Required Information:**
- **HS Code**: Please provide the HS code for your goods

**Information Already Captured",212256.89,10076.12,200,Success
2026-05-05T16:58:47.987922,200,load,Indirect,"We have a back-to-back PCO under RCEP for goods from Japan. The buyer in Indonesia wants to split the shipment into two consignments over two months. Is the original PCO still valid, and what do we ne",,301053.53,10062.68,200,Stream interrupted – chunked stream closed early (server/proxy/load)
2026-05-05T16:58:48.441996,200,load,Indirect,"Can we use exporter self-certification under the UK-Singapore FTA for our exports of pharmaceutical products (HS 3004), and what are the exact conditions and record-keeping requirements?","Thank you for your enquiry about exporter self-certification under the UK-Singapore FTA for pharmaceutical products (HS 3004).

To provide you with accurate information about self-certification eligibility, conditions, and record-keeping requirements, I need to clarify the trade direction:

### Missing Information Required:

**Please confirm:**
1. **Country of Origin**: Are you exporting FROM Singapore TO the United Kingdom, or FROM the United Kingdom TO Singapore?
2. **Country of Destination**:",240640.91,10061.73,200,Success
2026-05-05T16:58:49.994577,200,load,Indirect,"Can we use exporter self-certification under the UK-Singapore FTA for our exports of pharmaceutical products (HS 3004), and what are the exact conditions and record-keeping requirements?","Thank you for your inquiry regarding exporter self-certification under the UK-Singapore FTA for pharmaceutical products.

To provide you with accurate information about self-certification eligibility, conditions, and record-keeping requirements, I need to confirm the following details:

### Information Provided:
✅ HS Code: **3004** (Pharmaceutical products)  
✅ FTA: **UK-Singapore FTA (UKSFTA)**

### Information Needed:
❓ **Country of Origin**: Please confirm this is **Singapore**  
❓ **Country ",211938.82,10450.85,200,Success
2026-05-05T16:58:52.009311,200,load,Direct,Can I use the UK-Singapore FTA for exporting machinery parts (HS 8483.40) to the United Kingdom?,,301033.4,10069.72,200,Stream interrupted – chunked stream closed early (server/proxy/load)
2026-05-05T16:58:55.104574,200,load,Indirect,I import meat with HS code 0201.30.01 from Australia to Singapore and re-export to Japan. Am I eligible for preferential tariffs?,,301027.32,10083.52,200,Stream interrupted – chunked stream closed early (server/proxy/load)
2026-05-05T16:58:57.171085,200,load,Indirect,"What are the steps and timelines to apply for a PCO under the Digital Economy Agreement between Singapore and Australia, and how does it differ from the standard goods FTA process?",,301060.09,10084.69,200,Stream interrupted – chunked stream closed early (server/proxy/load)
2026-05-05T16:58:59.123116,200,load,Indirect,"We plan to bring microprocessors (HS 8542.31) from Japan into Singapore for consolidation, then ship them to Indonesia. Can we claim preferential tariff treatment on the Indonesia leg?",,301042.69,10075.73,200,Stream interrupted – chunked stream closed early (server/proxy/load)
2026-05-05T16:59:00.142498,200,load,Indirect,I import meat with HS code 0201.30.01 from Australia to Singapore and re-export to Japan. Am I eligible for preferential tariffs?,,301028.39,10080.65,200,Stream interrupted – chunked stream closed early (server/proxy/load)
2026-05-05T16:59:01.450648,200,load,Indirect,"What is the PCO application process for the export of my product with HS code 3924.90.90 from Singapore to Vietnam with an estimated export value of 5,000 SGD under the ATIGA FTA?",,301028.63,10067.18,200,Stream interrupted – chunked stream closed early (server/proxy/load)
2026-05-05T16:59:02.142249,200,load,Indirect,"Under which FTAs, if any, can India-origin goods use a back-to-back mechanism via Singapore?",,301040.72,10123.93,200,Stream interrupted – chunked stream closed early (server/proxy/load)
2026-05-05T16:59:03.216499,200,load,Indirect,"We have an existing PCO but the importer says the HS code on the certificate does not match their customs declaration. How do we correct or reissue the certificate, and will it affect the validity per",,301205.86,10447.45,200,Stream interrupted – chunked stream closed early (server/proxy/load)
2026-05-05T16:59:05.414938,200,load,Indirect,"If we import under ASEAN-China FTA and re-export to Japan under RCEP with minimal repackaging in Singapore, can we use a back-to-back certificate, and what are the conditions and time limits?",,301035.21,10070.24,200,Stream interrupted – chunked stream closed early (server/proxy/load)
2026-05-05T16:59:07.425684,200,load,Direct,I am exporting fruits with HS code 0811.10.00.50 from Thailand to the US. What tariffs apply?,,301042.09,10076.32,200,Stream interrupted – chunked stream closed early (server/proxy/load)
2026-05-05T16:59:08.895330,200,load,Direct,What is Singapore Customs' approach to border controls against counterfeit goods?,"## Singapore Customs' Approach to Border Controls Against Counterfeit Goods

I attempted to retrieve information about Singapore Customs' approach to border controls against counterfeit goods from our internal knowledge base and glossary systems. Unfortunately, I encountered technical connectivity issues that prevented me from accessing these resources at this time.

### What Has Been Done and What's Next

**Completed:**
- ✅ Identified your query regarding Singapore Customs' border control measu",294388.55,10067.19,200,Success
2026-05-05T16:59:09.405027,200,load,Indirect,"We import headphones (HS 8518.30.10) from China and sell to Vietnam. Can CPTPP preferences ever apply, and what proof would be required?",,301039.72,10095.44,200,Stream interrupted – chunked stream closed early (server/proxy/load)
2026-05-05T16:59:09.829449,200,load,Indirect,Can we ship goods directly from China to Indonesia with a Singapore invoice and still claim ACFTA preference?,"## Analysis of Your Query

You are asking whether goods can be shipped **directly from China to Indonesia** with a **Singapore invoice** and still claim **ACFTA (ASEAN-China Free Trade Agreement) preference**.

## Current Status

Unfortunately, I encountered technical difficulties while attempting to retrieve the specific information from our knowledge base and glossary systems regarding:

1. **ACFTA third-country invoicing rules** - Whether Singapore can issue an invoice for goods originating i",288286.53,10057.96,200,Success
2026-05-05T16:59:09.836967,200,load,Indirect,"Can we use exporter self-certification under the UK-Singapore FTA for our exports of pharmaceutical products (HS 3004), and what are the exact conditions and record-keeping requirements?","Thank you for your enquiry about exporter self-certification under the UK-Singapore FTA for pharmaceutical products (HS 3004).

To provide you with accurate information about self-certification eligibility, conditions, and record-keeping requirements, I need to clarify the trade direction:

### Missing Information Required:

**Please provide:**
1. **Country of Origin**: Are you exporting FROM Singapore TO the United Kingdom, or FROM the United Kingdom TO Singapore?
2. **Country of Destination**:",255995.1,10073.32,200,Success
2026-05-05T16:59:10.457855,200,load,Indirect,"We assemble vacuum cleaners (HS Code 8508.19.10) in Singapore from Chinese parts and export to Indonesia. Does simple assembly confer Singapore origin, or should we apply for a back-to-back PCO instea",,301035.7,10062.18,200,Stream interrupted – chunked stream closed early (server/proxy/load)
2026-05-05T16:59:12.561781,200,load,Direct,Which Free Trade Agreements (FTAs) can I utilise when exporting umbrellas (HS Code: 6601.99.00.03) from Singapore to Australia?,,301077.9,10081.24,200,Stream interrupted – chunked stream closed early (server/proxy/load)
2026-05-05T16:59:13.577282,200,load,Direct,Which FTA gives the best tariff for exporting solar panels (HS 8541.40) from Singapore to Japan?,,301083.63,10060.51,200,Stream interrupted – chunked stream closed early (server/proxy/load)
2026-05-05T16:59:14.536848,200,load,Indirect,I import machinery parts from Japan to Singapore and would like to re-export to India. The HS code of the machinery parts are 8401.10. Am I eligible for any FTAs?,,301027.42,10061.2,200,Stream interrupted – chunked stream closed early (server/proxy/load)
2026-05-05T16:59:16.577232,200,load,Indirect,"We plan to bring microprocessors (HS 8542.31) from Japan into Singapore for consolidation, then ship them to Indonesia. Can we claim preferential tariff treatment on the Indonesia leg?",,301039.29,10075.49,200,Stream interrupted – chunked stream closed early (server/proxy/load)
2026-05-05T16:59:17.604096,200,load,Indirect,"We have a back-to-back PCO under RCEP for goods from Japan. The buyer in Indonesia wants to split the shipment into two consignments over two months. Is the original PCO still valid, and what do we ne",,301044.26,10064.35,200,Stream interrupted – chunked stream closed early (server/proxy/load)
2026-05-05T16:59:17.645798,200,load,Indirect,Which Free Trade Agreements (FTAs) can I utilise when exporting compact disks (HS Code: 8523.41.10) from Singapore to Indonesia?,,301044.52,10088.36,200,Stream interrupted – chunked stream closed early (server/proxy/load)
2026-05-05T16:59:18.475685,200,load,Direct,I am exporting 1001.19.00.25 from Singapore to the US. Are there any additional tariffs?,,301028.5,10076.48,200,Stream interrupted – chunked stream closed early (server/proxy/load)
2026-05-05T16:59:18.586580,200,load,Direct,I am exporting t-shirts with HS code 6109.10.00.14 from Colombia to the US. What tariffs apply?,,301042.57,10080.41,200,Stream interrupted – chunked stream closed early (server/proxy/load)
2026-05-05T16:59:19.627802,200,load,Indirect,I import brooms with HS code 9603.10.20 from China to Singapore and would like to re-export to Malaysia. Am I eligible for any FTAs?,,301044.06,10058.54,200,Stream interrupted – chunked stream closed early (server/proxy/load)
2026-05-05T16:59:20.563937,200,load,Indirect,We import fresh mangoes (HS 0804.50) from Indonesia into Singapore and plan to re-export them to the Philippines. Can we request a back-to-back PCO under ATIGA?,,301035.08,10063.65,200,Stream interrupted – chunked stream closed early (server/proxy/load)
2026-05-05T16:59:21.693030,200,load,Indirect,"If I import products from South Korea into Singapore, store them in Singapore, and then export them to Vietnam. Is there any FTA I can use to obtain duty savings on import into Vietnam?",,301126.5,10070.72,200,Stream interrupted – chunked stream closed early (server/proxy/load)
2026-05-05T16:59:23.618397,200,load,Indirect,"We import raw cocoa (HS 1801) from Ghana, process it into chocolate (HS 1806) in Singapore, and export to Japan. How do we prove substantial transformation and claim preference under RCEP?",,301024.28,10057.55,200,Stream interrupted – chunked stream closed early (server/proxy/load)
2026-05-05T16:59:24.597471,200,load,Indirect,"We import wine (HS 2204) from Australia under the Singapore-Australia FTA and store it in a bonded warehouse. When we re-export to Japan, can we claim preference under RCEP or CPTPP, and what evidence",,301032.43,10061.5,200,Stream interrupted – chunked stream closed early (server/proxy/load)
2026-05-05T16:59:25.625807,200,load,Indirect,"We plan to bring microprocessors (HS 8542.31) from Japan into Singapore for consolidation, then ship them to Indonesia. Can we claim preferential tariff treatment on the Indonesia leg?",,301033.97,10071.14,200,Stream interrupted – chunked stream closed early (server/proxy/load)
2026-05-05T16:59:26.621080,200,load,Indirect,"We import headphones (HS 8518.30.10) from China and sell to Vietnam. Can CPTPP preferences ever apply, and what proof would be required?",,301032.34,10070.22,200,Stream interrupted – chunked stream closed early (server/proxy/load)
2026-05-05T16:59:26.745887,200,load,Direct,Where can I find the rules of origin for my product under the Singapore-Australia FTA?,,301034.21,10084.01,200,Stream interrupted – chunked stream closed early (server/proxy/load)
2026-05-05T16:59:28.651779,200,load,Indirect,I would like to leverage the AKFTA FTA for my export of 1701.12.20 from Singapore to South Korea. What is a PCO and how do I apply for it?,,301025.95,10084.64,200,Stream interrupted – chunked stream closed early (server/proxy/load)
2026-05-05T16:59:28.660842,200,load,Indirect,"We plan to bring microprocessors (HS 8542.31) from Japan into Singapore for consolidation, then ship them to Indonesia. Can we claim preferential tariff treatment on the Indonesia leg?",,301030.86,10072.14,200,Stream interrupted – chunked stream closed early (server/proxy/load)
2026-05-05T16:59:29.415848,200,load,Indirect,"We import wine (HS 2204) from Australia under the Singapore-Australia FTA and store it in a bonded warehouse. When we re-export to Japan, can we claim preference under RCEP or CPTPP, and what evidence",,301032.58,10085.15,200,Stream interrupted – chunked stream closed early (server/proxy/load)
2026-05-05T16:59:29.593172,200,load,Indirect,"We import cotton fabric (HS 5208) from India into Singapore, dye and cut it here, then export garments to the EU. How do we determine origin under RCEP and EU-Singapore FTA, and what documentation do ","Thank you for your enquiry regarding the Back-to-Back Preferential Certificate of Origin (B2B PCO) process for your cotton fabric import and garment export scenario.

Before I can provide comprehensive guidance on origin determination under RCEP and the EU-Singapore FTA, I need to clarify some important information:

## Missing Information Required

### 1. **HS Code for Final Product (Required)**
You mentioned importing cotton fabric under HS 5208, but your final export product is **garments**. ",262698.82,10588.24,200,Success
2026-05-05T16:59:29.654056,200,load,Indirect,"We export organic fertiliser (HS 3101) from Singapore to New Zealand. Under CPTPP, what are the rules of origin and any product-specific requirements we must meet?",,301036.23,10084.08,200,Stream interrupted – chunked stream closed early (server/proxy/load)
2026-05-05T16:59:31.674444,200,load,Indirect,I import machinery parts from Japan to Singapore and would like to re-export to India. The HS code of the machinery parts are 8401.10. Am I eligible for any FTAs?,,301030.76,10074.34,200,Stream interrupted – chunked stream closed early (server/proxy/load)
2026-05-05T16:59:32.046051,200,load,Indirect,"Under which FTAs, if any, can India-origin goods use a back-to-back mechanism via Singapore?","I apologize, but I encountered technical difficulties while attempting to retrieve information about back-to-back mechanisms for India-origin goods via Singapore. The knowledge base and glossary tools experienced connection timeouts, preventing me from accessing the detailed FTA provisions needed to answer your question accurately.

## What I Was Attempting to Verify

I was working to identify:
- ✅ Which FTAs include both India and Singapore as members
- ⏳ **Pending**: Specific back-to-back cert",298337.93,10074.65,200,Success
2026-05-05T16:59:32.690836,200,load,Indirect,"We assemble vacuum cleaners (HS Code 8508.19.10) in Singapore from Chinese parts and export to Indonesia. Does simple assembly confer Singapore origin, or should we apply for a back-to-back PCO instea",,301033.36,10066.79,200,Stream interrupted – chunked stream closed early (server/proxy/load)
2026-05-05T16:59:35.808568,200,load,Indirect,"If we import under ASEAN-China FTA and re-export to Japan under RCEP with minimal repackaging in Singapore, can we use a back-to-back certificate, and what are the conditions and time limits?",,301083.36,10067.07,200,Stream interrupted – chunked stream closed early (server/proxy/load)
2026-05-05T16:59:36.288464,200,load,Indirect,"Our company sources components from China, Thailand, and Malaysia and assembles electronic switches (HS 8536.50) in Singapore for export to Australia. Can we claim Singapore origin under AANZFTA, and ",,301119.42,10084.54,200,Stream interrupted – chunked stream closed early (server/proxy/load)
2026-05-05T16:59:36.737005,200,load,Direct,I would like to know more about the import duties for export from Singapore to US. HS code for my product is 9404.21.00.10. Estimated export value for each mattress is $150.,,301034.01,10062.67,200,Stream interrupted – chunked stream closed early (server/proxy/load)
2026-05-05T16:59:37.739871,200,load,Direct,How do I calculate RVC for a plastic household item under ATIGA and document it for possible verification?,,301024.06,10068.49,200,Stream interrupted – chunked stream closed early (server/proxy/load)
2026-05-05T16:59:38.757348,200,load,Direct,I am exporting 1001.19.00.25 from Singapore to the US. Are there any additional tariffs?,,301028.96,10067.41,200,Stream interrupted – chunked stream closed early (server/proxy/load)
2026-05-05T16:59:39.265946,200,load,Indirect,How do I qualify for preferential treatment under the ATIGA for my export of water pumps with HS code 8413.20.90 from Singapore to Indonesia?,,301041.39,10084.01,200,Stream interrupted – chunked stream closed early (server/proxy/load)
2026-05-05T16:59:39.588414,200,load,Direct,Could you help me identify if my product with HS code 4415.10.01 is eligible for tariff concessions for export to Mexico from Singapore?,,301047.25,10095.56,200,Stream interrupted – chunked stream closed early (server/proxy/load)
2026-05-05T16:59:41.260602,200,load,Indirect,"Under which FTAs, if any, can India-origin goods use a back-to-back mechanism via Singapore?","## Back-to-Back Mechanism for India-Origin Goods via Singapore

Based on the available information from my analysis, I can provide you with the following findings:

### FTA Analysis Results

According to the **Mendel** database, India and Singapore are members of the following FTA groups:

| FTA Group | Full Name | Status |
|-----------|-----------|--------|
| **GSTP** | Global System of Trade Preferences among Developing Countries | ✓ Both India and Singapore are members |
| **MFN** | Most Favo",294398.21,10074.49,200,Success
2026-05-05T16:59:41.808091,200,load,Direct,I export seafood (HS 0304) from Singapore to South Korea. What FTA and duty rate apply?,,301034.54,10064.55,200,Stream interrupted – chunked stream closed early (server/proxy/load)
2026-05-05T16:59:42.792821,200,load,Indirect,We import fresh mangoes (HS 0804.50) from Indonesia into Singapore and plan to re-export them to the Philippines. Can we request a back-to-back PCO under ATIGA?,,301029.56,10056.72,200,Stream interrupted – chunked stream closed early (server/proxy/load)
2026-05-05T16:59:43.843850,200,load,Indirect,"We manufacture plastic containers (HS 3924) in Singapore using resin from Saudi Arabia and additives from Malaysia. How do we prove origin under ATIGA for export to Vietnam, and which FTA gives the be",,301030.28,10066.54,200,Stream interrupted – chunked stream closed early (server/proxy/load)
2026-05-05T16:59:44.921539,200,load,Indirect,I import machinery parts from Japan to Singapore and would like to re-export to India. The HS code of the machinery parts are 8401.10. Am I eligible for any FTAs?,,301072.47,10057.4,200,Stream interrupted – chunked stream closed early (server/proxy/load)
2026-05-05T16:59:45.846655,200,load,Direct,I am exporting rubber gloves (HS 4015.19) from Singapore to Malaysia. Which FTA applies?,,301041.59,10081.55,200,Stream interrupted – chunked stream closed early (server/proxy/load)
2026-05-05T16:59:46.649808,200,load,Indirect,"For goods that qualify under both ATIGA and RCEP when exporting from Singapore to Thailand, how do we choose which FTA to use, and can we switch between them for different shipments of the same produc","## Choosing Between ATIGA and RCEP for Singapore to Thailand Exports

I encountered technical difficulties accessing the knowledge base and glossary systems to retrieve specific guidance on FTA selection between ATIGA and RCEP. However, I can provide you with the general framework for this decision:

### General Principles for FTA Selection

When goods qualify under multiple FTAs (such as both ATIGA and RCEP for Singapore-Thailand trade), exporters typically consider:

1. **Tariff Rate Compariso",297817.8,10070.12,200,Success
2026-05-05T16:59:46.824001,200,load,Direct,What HS code should I use for LED light fixtures (ceiling type) for export to India?,,301026.05,10064.43,200,Stream interrupted – chunked stream closed early (server/proxy/load)
2026-05-05T16:59:50.886730,200,load,Direct,I export wooden furniture (HS 9403.60) from Singapore to Australia. What is the duty rate under the relevant FTA?,,301032.85,10064.26,200,Stream interrupted – chunked stream closed early (server/proxy/load)
2026-05-05T16:59:51.886852,200,load,Direct,Can I use the UK-Singapore FTA for exporting machinery parts (HS 8483.40) to the United Kingdom?,,301040.52,10074.44,200,Stream interrupted – chunked stream closed early (server/proxy/load)
2026-05-05T16:59:53.864671,200,load,Indirect,"We are considering moving some production from China to Singapore to benefit from FTAs. For electronics (HS 8517), what origin criteria apply under RCEP and CPTPP, and what percentage of value must be",,301041.58,10067.2,200,Stream interrupted – chunked stream closed early (server/proxy/load)
2026-05-05T16:59:53.967404,200,load,Indirect,Can we ship goods directly from China to Indonesia with a Singapore invoice and still claim ACFTA preference?,"## Can you ship goods directly from China to Indonesia with a Singapore invoice and claim ACFTA preference?

Unfortunately, I encountered technical difficulties accessing the knowledge base and glossary systems to retrieve the specific ACFTA rules regarding this scenario. However, I can provide you with the key considerations for your question:

### Your Scenario Analysis:
- **Origin Country**: China
- **Destination Country**: Indonesia  
- **Invoicing Party**: Singapore
- **FTA in Question**: A",295113.89,10068.58,200,Success
2026-05-05T16:59:54.673124,200,load,Direct,I am importing blowers under 125kW from China to Singapore. I don't know the HS code of my product. Could you provide some suggestions?,,301024.88,10074.6,200,Stream interrupted – chunked stream closed early (server/proxy/load)
2026-05-05T16:59:55.060513,200,load,Indirect,"We export organic fertiliser (HS 3101) from Singapore to New Zealand. Under CPTPP, what are the rules of origin and any product-specific requirements we must meet?",,301103.97,10075.01,200,Stream interrupted – chunked stream closed early (server/proxy/load)
2026-05-05T16:59:55.886342,200,load,Indirect,"We consolidate shipments from multiple ASEAN countries in Singapore and then send them to Australia. Can we obtain a single certificate covering the whole consignment, or do we need separate origin do",,301025.68,10061.43,200,Stream interrupted – chunked stream closed early (server/proxy/load)
2026-05-05T16:59:56.927558,200,load,Indirect,How do I qualify for preferential treatment under the ATIGA for my export of water pumps with HS code 8413.20.90 from Singapore to Indonesia?,,301041.73,10075.25,200,Stream interrupted – chunked stream closed early (server/proxy/load)
2026-05-05T16:59:57.931564,200,load,Indirect,I would like to leverage the AKFTA FTA for my export of 1701.12.20 from Singapore to South Korea. What is a PCO and how do I apply for it?,,301040.61,10571.98,200,Stream interrupted – chunked stream closed early (server/proxy/load)
2026-05-05T16:59:58.898659,200,load,Indirect,"If I import products from South Korea into Singapore, store them in Singapore, and then export them to Vietnam. Is there any FTA I can use to obtain duty savings on import into Vietnam?",,301038.32,10068.59,200,Stream interrupted – chunked stream closed early (server/proxy/load)
2026-05-05T16:59:58.988029,200,load,Indirect,"Under which FTAs, if any, can India-origin goods use a back-to-back mechanism via Singapore?","I apologize, but I encountered technical difficulties while attempting to retrieve information about back-to-back mechanisms for India-origin goods via Singapore from our knowledge base and FTA databases.

## What I Was Attempting to Determine

I was working to identify:
1. **Which FTAs allow back-to-back mechanisms** - This refers to a procedure where goods originating in one FTA member country can be re-exported through another FTA member country while maintaining preferential tariff treatment",299128.47,10061.31,200,Success
2026-05-05T16:59:59.028869,200,load,Direct,What's the practical difference between RVC build-up and build-down methods and when is each preferable?,"I encountered technical difficulties accessing our knowledge base and glossary systems to retrieve detailed information about RVC build-up and build-down methods. However, I can provide you with a general framework based on standard trade compliance practices:

## RVC (Regional Value Content) Calculation Methods

### Build-Down Method
The **build-down method** calculates regional value content by starting with the final product value and subtracting non-originating materials:

**Formula:** RVC =",297110.47,10069.5,200,Success
2026-05-05T17:00:01.879590,200,load,Indirect,"For machinery (HS 8479) assembled in Singapore from US and German parts, what are the rules of origin under the EU-Singapore FTA and UK-Singapore FTA, and how do we calculate and document RVC?",,301024.83,10071.04,200,Stream interrupted – chunked stream closed early (server/proxy/load)
2026-05-05T17:00:02.452305,200,load,Direct,"I am exporting meat with HS code 0210.19.90 from Singapore to Indonesia. The export value is 10,000 SGD. Which FTAs can I leverage?",,301032.95,10076.0,200,Stream interrupted – chunked stream closed early (server/proxy/load)
2026-05-05T17:00:03.006235,200,load,Indirect,"Our goods qualify under both RCEP and ATIGA for export to Thailand. Which agreement should we use for the PCO, and does it affect how we complete the origin declaration?",,301040.44,10216.92,200,Stream interrupted – chunked stream closed early (server/proxy/load)
2026-05-05T17:00:03.919490,200,load,Indirect,How do I qualify for preferential treatment under the ATIGA for my export of water pumps with HS code 8413.20.90 from Singapore to Indonesia?,,301032.7,10066.38,200,Stream interrupted – chunked stream closed early (server/proxy/load)
2026-05-05T17:00:04.992644,200,load,Indirect,We import fresh mangoes (HS 0804.50) from Indonesia into Singapore and plan to re-export them to the Philippines. Can we request a back-to-back PCO under ATIGA?,,301098.6,10056.14,200,Stream interrupted – chunked stream closed early (server/proxy/load)
2026-05-05T17:00:05.931124,200,load,Indirect,I import machinery parts from Japan to Singapore and would like to re-export to India. The HS code of the machinery parts are 8401.10. Am I eligible for any FTAs?,,301029.14,10064.49,200,Stream interrupted – chunked stream closed early (server/proxy/load)
2026-05-05T17:00:06.926040,200,load,Direct,I would like to export beet sugar with HS code 1701.12 from Singapore to either Laos or New Zealand. What FTAs can I leverage?,,301029.93,10102.37,200,Stream interrupted – chunked stream closed early (server/proxy/load)
2026-05-05T17:00:08.927972,200,load,Indirect,"We assemble vacuum cleaners (HS Code 8508.19.10) in Singapore from Chinese parts and export to Indonesia. Does simple assembly confer Singapore origin, or should we apply for a back-to-back PCO instea",,301026.42,10063.69,200,Stream interrupted – chunked stream closed early (server/proxy/load)
2026-05-05T17:00:09.294023,200,load,Direct,I am exporting salmon with HS code 0303.11 from Norway to the US. What tariffs apply?,,301058.35,10086.22,200,Stream interrupted – chunked stream closed early (server/proxy/load)
2026-05-05T17:00:09.941135,200,load,Direct,What is the difference between a Certificate of Origin and a Preferential Certificate of Origin?,,301030.6,10079.72,200,Stream interrupted – chunked stream closed early (server/proxy/load)
2026-05-05T17:00:10.964874,200,load,Indirect,"We plan to bring microprocessors (HS 8542.31) from Japan into Singapore for consolidation, then ship them to Indonesia. Can we claim preferential tariff treatment on the Indonesia leg?",,301031.0,10063.25,200,Stream interrupted – chunked stream closed early (server/proxy/load)
2026-05-05T17:00:11.688825,200,load,Direct,I have an energy product with HS code 2710.12.15.10 that is made in Canada and to be exported to the US. My goods do not meet the rules of origin under the USMCA. What is the tariff?,"I am unable to retrieve sufficient information regarding this subject matter. For further guidance, please click on the 'Email' button on the bottom right corner of the screen to arrange for a call or a one-to-one advisory session. Our specialists can offer tailored insights based on your product and trade needs, and help you address any related queries or challenges.",125585.07,10106.74,200,Success
2026-05-05T17:00:11.707905,200,load,Indirect,"We ship from Singapore to multiple ASEAN countries (Indonesia, Philippines, Vietnam) under ATIGA. Do we need one PCO per destination or one for the whole order, and what are the declaration requiremen","## ATIGA PCO Requirements for Multiple Destinations

I apologize, but I encountered technical difficulties accessing the knowledge base and glossary systems to retrieve the specific information about ATIGA (ASEAN Trade in Goods Agreement) Preferential Certificate of Origin (PCO) requirements for your multi-destination shipment scenario.

### Your Question Summary
You are shipping from **Singapore** to multiple ASEAN countries (**Indonesia, Philippines, Vietnam**) under ATIGA and need to know:
1.",294705.92,10058.67,200,Success
2026-05-05T17:00:11.968324,200,load,Indirect,I import brooms with HS code 9603.10.20 from China to Singapore and would like to re-export to Malaysia. Am I eligible for any FTAs?,,301020.13,10064.1,200,Stream interrupted – chunked stream closed early (server/proxy/load)
2026-05-05T17:00:12.525458,200,load,Direct,"I am exporting meat with HS code 0210.19.90 from Singapore to Indonesia. The export value is 10,000 SGD. Which FTAs can I leverage?",,301029.63,10075.07,200,Stream interrupted – chunked stream closed early (server/proxy/load)
2026-05-05T17:00:13.015380,200,load,Indirect,"What are the steps and timelines to apply for a PCO under the Digital Economy Agreement between Singapore and Australia, and how does it differ from the standard goods FTA process?",,301032.47,10060.66,200,Stream interrupted – chunked stream closed early (server/proxy/load)
2026-05-05T17:00:14.019064,200,load,Indirect,"Under which FTAs, if any, can India-origin goods use a back-to-back mechanism via Singapore?",,301032.45,10073.93,200,Stream interrupted – chunked stream closed early (server/proxy/load)
2026-05-05T17:00:15.014780,200,load,Direct,I am importing blowers under 125kW from China to Singapore. I don't know the HS code of my product. Could you provide some suggestions?,,301042.42,10070.17,200,Stream interrupted – chunked stream closed early (server/proxy/load)
2026-05-05T17:00:16.036780,200,load,Indirect,How do I qualify for preferential treatment under the ATIGA for my export of water pumps with HS code 8413.20.90 from Singapore to Indonesia?,,301038.27,10084.17,200,Stream interrupted – chunked stream closed early (server/proxy/load)
2026-05-05T17:00:17.011505,200,load,Indirect,"We ship from Singapore to multiple ASEAN countries (Indonesia, Philippines, Vietnam) under ATIGA. Do we need one PCO per destination or one for the whole order, and what are the declaration requiremen",,301033.46,10071.81,200,Stream interrupted – chunked stream closed early (server/proxy/load)
2026-05-05T17:00:17.858115,200,load,Indirect,We import Korean cosmetics (HS 3304) under RCEP into Singapore and re-export to Japan with no further processing. Can we apply for a back-to-back RCEP certificate?,,301037.89,10077.86,200,Stream interrupted – chunked stream closed early (server/proxy/load)
2026-05-05T17:00:19.011514,200,load,Indirect,We import Korean cosmetics (HS 3304) under RCEP into Singapore and re-export to Japan with no further processing. Can we apply for a back-to-back RCEP certificate?,,301022.19,10060.66,200,Stream interrupted – chunked stream closed early (server/proxy/load)
2026-05-05T17:00:19.847908,200,load,Indirect,"We import wine (HS 2204) from Australia under the Singapore-Australia FTA and store it in a bonded warehouse. When we re-export to Japan, can we claim preference under RCEP or CPTPP, and what evidence",,301037.35,10090.53,200,Stream interrupted – chunked stream closed early (server/proxy/load)
2026-05-05T17:00:20.038795,200,load,Indirect,Which Free Trade Agreements (FTAs) can I utilise when exporting compact disks (HS Code: 8523.41.10) from Singapore to Indonesia?,,301039.37,10074.92,200,Stream interrupted – chunked stream closed early (server/proxy/load)
2026-05-05T17:00:20.520121,200,load,Direct,Are there any tariffs for the import of fresh apples with HS code 0808.10.00.45 into the US from Canada?,"I notice you've asked multiple questions at once. To provide you with the most accurate and thorough assistance, I can only address one request at a time. 

Could you please confirm which question you'd like me to prioritize?

1. **FTA Selection Question**: Guidance on choosing between RCEP and ATIGA for exports to Thailand, and how this affects the Preferential Certificate of Origin (PCO) and origin declaration completion

2. **Tariff Inquiry**: Information about tariffs for importing fresh app",115642.97,10068.4,200,Success
2026-05-05T17:00:21.041999,200,load,Indirect,"For shipments from Singapore to Australia with goods sourced from Japan and Korea, what are the steps to claim AANZFTA or RCEP preferences?",,301031.57,10075.86,200,Stream interrupted – chunked stream closed early (server/proxy/load)
2026-05-05T17:00:22.440763,200,load,Indirect,Which Free Trade Agreements (FTAs) can I utilise when exporting compact disks (HS Code: 8523.41.10) from Singapore to Indonesia?,,301029.54,10068.17,200,Stream interrupted – chunked stream closed early (server/proxy/load)
2026-05-05T17:00:24.471365,200,load,Indirect,We import fresh mangoes (HS 0804.50) from Indonesia into Singapore and plan to re-export them to the Philippines. Can we request a back-to-back PCO under ATIGA?,,301143.24,10093.87,200,Stream interrupted – chunked stream closed early (server/proxy/load)
2026-05-05T17:00:27.037584,200,load,Direct,I am exporting salmon with HS code 0303.11 from Norway to the US. What tariffs apply?,"I am unable to retrieve sufficient information regarding this subject matter. For further guidance, please click on the 'Email' button on the bottom right corner of the screen to arrange for a call or a one-to-one advisory session. Our specialists can offer tailored insights based on your product and trade needs, and help you address any related queries or challenges.",110901.34,10139.07,200,Success
2026-05-05T17:00:31.823748,200,load,Indirect,We import Korean cosmetics (HS 3304) under RCEP into Singapore and re-export to Japan with no further processing. Can we apply for a back-to-back RCEP certificate?,,301035.29,10111.11,200,Stream interrupted – chunked stream closed early (server/proxy/load)
2026-05-05T17:00:37.430984,200,load,Direct,My company manufactures porcelain cups in Singapore and sells them to customers in the Philippines. I would like to find out more about FTAs and whether they can help me in my exports.,"Thank you for your enquiry about Free Trade Agreements (FTAs) for exporting porcelain cups from Singapore to the Philippines.

To provide you with accurate information about applicable FTAs, preferential tariff rates, and potential duty savings, I need one critical piece of information:

### Missing Required Information:

**HS Code (Harmonized System Code)**: What is the HS code for your porcelain cups?

The HS code is essential for determining:
- Applicable tariff rates under different FTAs
- P",207245.84,10086.57,200,Success
2026-05-05T17:00:39.093342,200,load,Indirect,"We are considering moving some production from China to Singapore to benefit from FTAs. For electronics (HS 8517), what origin criteria apply under RCEP and CPTPP, and what percentage of value must be",,301424.41,10092.61,200,Stream interrupted – chunked stream closed early (server/proxy/load)
2026-05-05T17:00:41.130418,200,load,Direct,What tariff will my aluminium rods with HS code 7604.29.10.10 be subject to if it was manufactured in Russia and exported to the US?,"I notice you've asked multiple questions at once. To provide you with the most accurate and comprehensive information, I can only address one request at a time. 

Looking at your messages, I can see two distinct queries:

1. **Machinery (HS 8479)** - Rules of origin under EU-Singapore FTA and UK-Singapore FTA, including RVC calculation and documentation
2. **Aluminium rods (HS 7604.29.10.10)** - Tariff rates for exports from Russia to the United States

**Which question would you like me to prio",132788.91,10075.15,200,Success
2026-05-05T17:00:45.248091,200,load,Direct,I am exporting 3305.20 from Japan to the US. Are there any additional tariffs?,"I am unable to retrieve sufficient information regarding this subject matter. For further guidance, please click on the 'Email' button on the bottom right corner of the screen to arrange for a call or a one-to-one advisory session. Our specialists can offer tailored insights based on your product and trade needs, and help you address any related queries or challenges.",119442.36,10149.73,200,Success
2026-05-05T17:00:47.511490,200,load,Indirect,"For machinery (HS 8479) assembled in Singapore from US and German parts, what are the rules of origin under the EU-Singapore FTA and UK-Singapore FTA, and how do we calculate and document RVC?","I apologize, but I encountered technical difficulties accessing the knowledge base systems while attempting to retrieve information about Rules of Origin and RVC calculation requirements for your machinery assembly scenario.

## Your Scenario
- **Product**: Machinery (HS 8479) assembled in Singapore
- **Input Materials**: Parts from United States and Germany
- **Processing**: Assembly operations in Singapore
- **Export Destinations**: European Union and United Kingdom
- **Applicable FTAs**: EU-S",283548.9,10084.0,200,Success
2026-05-05T17:00:48.428099,200,load,Indirect,I import brooms with HS code 9603.10.20 from China to Singapore and would like to re-export to Malaysia. Am I eligible for any FTAs?,,301041.73,10092.99,200,Stream interrupted – chunked stream closed early (server/proxy/load)
2026-05-05T17:00:53.120584,200,load,Indirect,"What is the PCO application process for the export of my product with HS code 3924.90.90 from Singapore to Vietnam with an estimated export value of 5,000 SGD under the ATIGA FTA?","Thank you for your enquiry. I notice you've submitted **two separate questions** regarding different products and trade scenarios:

## Your Questions:

### Question 1: Electronic Switches (HS 8536.50) - Singapore to Australia under AANZFTA
- Sourcing components from China, Thailand, and Malaysia
- Assembling in Singapore
- Exporting to Australia
- Questions about: Singapore origin eligibility, RVC method, and supporting documents

### Question 2: HS 3924.90.90 - Singapore to Vietnam under ATIGA
",199365.77,10142.49,200,Success
2026-05-05T17:00:54.999930,200,load,Indirect,"We ship from Singapore to multiple ASEAN countries (Indonesia, Philippines, Vietnam) under ATIGA. Do we need one PCO per destination or one for the whole order, and what are the declaration requiremen",,301030.41,10083.78,200,Stream interrupted – chunked stream closed early (server/proxy/load)
2026-05-05T17:00:56.558798,200,load,Indirect,"We are considering moving some production from China to Singapore to benefit from FTAs. For electronics (HS 8517), what origin criteria apply under RCEP and CPTPP, and what percentage of value must be","Thank you for your inquiry about moving production from China to Singapore to benefit from FTAs. I'd be happy to help you understand the origin criteria under RCEP and CPTPP for electronics under HS code 8517.

However, to provide you with accurate and specific Rules of Origin (ROO) requirements, I need one critical piece of information:

### Missing Information Required:

**🔴 Destination Country (Required):** Which country will you be exporting these electronics to after production in Singapore",246760.58,10114.55,200,Success
2026-05-05T17:01:01.956653,200,load,Indirect,I would like to leverage the AKFTA FTA for my export of 1701.12.20 from Singapore to South Korea. What is a PCO and how do I apply for it?,,301118.59,10078.88,200,Stream interrupted – chunked stream closed early (server/proxy/load)
2026-05-05T17:01:06.077976,200,load,Direct,I am exporting rubber gloves (HS 4015.19) from Singapore to Malaysia. Which FTA applies?,,301036.91,10077.18,200,Stream interrupted – chunked stream closed early (server/proxy/load)
2026-05-05T17:01:06.432687,200,load,Indirect,"We plan to bring microprocessors (HS 8542.31) from Japan into Singapore for consolidation, then ship them to Indonesia. Can we claim preferential tariff treatment on the Indonesia leg?",,301136.59,10077.34,200,Stream interrupted – chunked stream closed early (server/proxy/load)
2026-05-05T17:01:10.216370,200,load,Indirect,"We import cotton fabric (HS 5208) from India into Singapore, dye and cut it here, then export garments to the EU. How do we determine origin under RCEP and EU-Singapore FTA, and what documentation do ","Thank you for your enquiry regarding origin determination and documentation requirements for your cotton fabric processing and garment export scenario.

To provide you with accurate guidance on origin determination under RCEP and the EU-Singapore FTA, as well as the specific documentation requirements, I need some additional information:

## Required Information:

1. **Specific EU Destination Country**: You mentioned ""EU"" as the destination. Could you please specify which EU member state you are",242739.08,10083.89,200,Success
2026-05-05T17:01:12.025876,200,load,Indirect,"We import cotton fabric (HS 5208) from India into Singapore, dye and cut it here, then export garments to the EU. How do we determine origin under RCEP and EU-Singapore FTA, and what documentation do ",,301047.97,10087.8,200,Stream interrupted – chunked stream closed early (server/proxy/load)
2026-05-05T17:01:16.173487,200,load,Indirect,"We are considering moving some production from China to Singapore to benefit from FTAs. For electronics (HS 8517), what origin criteria apply under RCEP and CPTPP, and what percentage of value must be",,301026.04,10070.07,200,Stream interrupted – chunked stream closed early (server/proxy/load)
2026-05-05T17:01:16.226708,200,load,Indirect,"We import wine (HS 2204) from Australia under the Singapore-Australia FTA and store it in a bonded warehouse. When we re-export to Japan, can we claim preference under RCEP or CPTPP, and what evidence","Thank you for reaching out! I notice you've asked **two separate questions** involving different products, trade routes, and FTAs:

1. **Water pumps (HS 8413.20.90)**: Qualifying for preferential treatment under ATIGA when exporting from Singapore to Indonesia

2. **Wine (HS 2204)**: Re-exporting from Australia → Singapore → Japan and claiming preference under RCEP or CPTPP, including evidence requirements

To provide you with the most accurate and comprehensive guidance, I'd like to address the",224169.82,10205.42,200,Success
2026-05-05T17:01:16.405705,200,load,Indirect,"We have an existing PCO but the importer says the HS code on the certificate does not match their customs declaration. How do we correct or reissue the certificate, and will it affect the validity per",,301036.48,10080.89,200,Stream interrupted – chunked stream closed early (server/proxy/load)
2026-05-05T17:01:16.691546,200,load,Indirect,"If we import under ASEAN-China FTA and re-export to Japan under RCEP with minimal repackaging in Singapore, can we use a back-to-back certificate, and what are the conditions and time limits?","Thank you for your enquiry about Back-to-Back Preferential Certificate of Origin (B2B PCO) eligibility for goods moving from ASEAN/China through Singapore to Japan.

### Missing Required Information

To properly assess your B2B PCO eligibility, I need the following information:

**Required:**
1. **HS Code** - Please provide the specific HS code for your product (e.g., 0808.10.00.45)
2. **Specific Country of Origin** - Please specify the exact first exporting country (e.g., China, Vietnam, Thaila",220436.04,10088.08,200,Success
2026-05-05T17:01:17.746927,200,load,Indirect,"We import cotton fabric (HS 5208) from India into Singapore, dye and cut it here, then export garments to the EU. How do we determine origin under RCEP and EU-Singapore FTA, and what documentation do ",,301041.06,10082.53,200,Stream interrupted – chunked stream closed early (server/proxy/load)
2026-05-05T17:01:18.199561,200,load,Direct,What is Singapore Customs' approach to border controls against counterfeit goods?,"I am unable to retrieve sufficient information regarding this subject matter. For further guidance, please click on the 'Email' button on the bottom right corner of the screen to arrange for a call or a one-to-one advisory session. Our specialists can offer tailored insights based on your product and trade needs, and help you address any related queries or challenges.",127094.34,10104.12,200,Success
2026-05-05T17:01:18.256465,200,load,Indirect,How do I qualify for preferential treatment under the ATIGA for my export of water pumps with HS code 8413.20.90 from Singapore to Indonesia?,"Thank you for your enquiry. I notice you've asked **two separate questions** about different products and different Free Trade Agreements:

1. **AKFTA** for HS code **1701.12.20** (Singapore → South Korea) - PCO application process
2. **ATIGA** for HS code **8413.20.90** (Singapore → Indonesia) - Qualifying for preferential treatment

To provide you with the most accurate and comprehensive guidance, **I can only address one request at a time**. This ensures I can thoroughly research and deliver ",207409.65,10459.28,200,Success
2026-05-05T17:01:19.447208,200,load,Indirect,"We ship from Singapore to multiple ASEAN countries (Indonesia, Philippines, Vietnam) under ATIGA. Do we need one PCO per destination or one for the whole order, and what are the declaration requiremen",,301054.6,10070.45,200,Stream interrupted – chunked stream closed early (server/proxy/load)
2026-05-05T17:01:22.373265,200,load,Indirect,"Under which FTAs, if any, can India-origin goods use a back-to-back mechanism via Singapore?","# Back-to-Back Certificate of Origin for India-Origin Goods via Singapore

Based on the available information retrieved, here is the analysis regarding back-to-back mechanisms for India-origin goods transiting through Singapore:

---

## FTA Relationship Between India and Singapore

According to **Mendel**, India and Singapore are members of the following FTA groups:

| FTA Group | Full Name | Relevance |
|-----------|-----------|-----------|
| **GSTP** | Global System of Trade Preferences among",287756.07,10104.22,200,Success
2026-05-05T17:01:24.260688,200,load,Indirect,How do I qualify for preferential treatment under the ATIGA for my export of water pumps with HS code 8413.20.90 from Singapore to Indonesia?,"Thank you for your questions. I notice you've asked about **two different export scenarios**:

1. **AKFTA** - HS code 1701.12.20 (refined sugar) from Singapore to South Korea
2. **ATIGA** - HS code 8413.20.90 (water pumps) from Singapore to Indonesia

To provide you with the most accurate and comprehensive guidance, **I can only address one export scenario at a time**. This ensures I give you complete, detailed information without mixing requirements from different FTAs and products.

---

### W",248122.99,10086.63,200,Success
2026-05-05T17:01:26.908424,200,load,Indirect,"We ship from Singapore to multiple ASEAN countries (Indonesia, Philippines, Vietnam) under ATIGA. Do we need one PCO per destination or one for the whole order, and what are the declaration requiremen",,301042.87,10085.72,200,Stream interrupted – chunked stream closed early (server/proxy/load)
2026-05-05T17:01:28.553113,200,load,Indirect,"We import raw cocoa (HS 1801) from Ghana, process it into chocolate (HS 1806) in Singapore, and export to Japan. How do we prove substantial transformation and claim preference under RCEP?","Thank you for your enquiries. I notice you've submitted **two separate requests**:

1. **Microprocessors (HS 8542.31)** from Japan → Singapore → Indonesia
2. **Cocoa transformation (HS 1801 → 1806)** from Ghana → Singapore → Japan under RCEP

To provide you with accurate and comprehensive guidance, **I can only address one enquiry at a time** to ensure quality and regulatory compliance.

---

## Regarding Your Cocoa/Chocolate Enquiry (Ghana → Singapore → Japan under RCEP)

I need to inform you o",212548.85,10161.17,200,Success
2026-05-05T17:01:30.140170,200,load,Indirect,I import machinery parts from Japan to Singapore and would like to re-export to India. The HS code of the machinery parts are 8401.10. Am I eligible for any FTAs?,,301040.02,10078.52,200,Stream interrupted – chunked stream closed early (server/proxy/load)
2026-05-05T17:01:34.914229,200,load,Indirect,"We import headphones (HS 8518.30.10) from China and sell to Vietnam. Can CPTPP preferences ever apply, and what proof would be required?","Thank you for your enquiry. I notice you've asked **two separate questions** involving different products and scenarios:

## Your Questions:

1. **Question 1**: PCO application process for **HS code 3924.90.90** (plastic household articles) exported from **Singapore to Vietnam** under **ATIGA FTA** with an estimated export value of 5,000 SGD

2. **Question 2**: Whether **CPTPP preferences** can apply for **headphones (HS 8518.30.10)** imported from **China** and sold to **Vietnam**, and what pro",207044.01,10216.48,200,Success
2026-05-05T17:01:40.912763,200,load,Indirect,"We import wine (HS 2204) from Australia under the Singapore-Australia FTA and store it in a bonded warehouse. When we re-export to Japan, can we claim preference under RCEP or CPTPP, and what evidence","I appreciate your questions, but I can only address one scenario at a time to provide you with thorough and accurate guidance.

You've presented **two separate trade scenarios**:

1. **Scenario 1**: Headphones (HS 8518.30.10) from China → Singapore → Vietnam
2. **Scenario 2**: Wine (HS 2204) from Australia → Singapore (bonded warehouse) → Japan

Each scenario involves different products, different countries, different FTAs, and different regulatory considerations. To ensure I provide complete an",225209.89,10097.18,200,Success
2026-05-05T17:01:42.486615,200,load,Indirect,"Can we use exporter self-certification under the UK-Singapore FTA for our exports of pharmaceutical products (HS 3004), and what are the exact conditions and record-keeping requirements?","Thank you for your enquiries. I notice you've asked **two separate questions** regarding different trade scenarios:

## Your Questions:

### Question 1: ATIGA Preferential Treatment
- **Product**: Water pumps
- **HS Code**: 8413.20.90
- **Route**: Singapore → Indonesia
- **FTA**: ATIGA (ASEAN Trade in Goods Agreement)

### Question 2: UK-Singapore FTA Self-Certification
- **Product**: Pharmaceutical products
- **HS Code**: 3004
- **Route**: Singapore → United Kingdom
- **FTA**: UK-Singapore FTA ",250465.89,10247.4,200,Success
2026-05-05T17:01:43.493676,200,load,Direct,"My company exports an energy resource with HS code 2710.12.18.05 from Mexico to the US, will there be additional tariffs?",,301081.21,10091.16,200,Stream interrupted – chunked stream closed early (server/proxy/load)
2026-05-05T17:01:45.241320,200,load,Direct,Are there any tariffs for the import of fresh apples with HS code 0808.10.00.45 into the US from Canada?,"I am unable to retrieve sufficient information regarding this subject matter. For further guidance, please click on the 'Email' button on the bottom right corner of the screen to arrange for a call or a one-to-one advisory session. Our specialists can offer tailored insights based on your product and trade needs, and help you address any related queries or challenges.",132548.8,10083.97,200,Success
2026-05-05T17:01:47.618775,200,load,Direct,What is the process to revise or correct a Manufacturing Cost Statement that has already been submitted?,,301042.74,10101.56,200,Stream interrupted – chunked stream closed early (server/proxy/load)
2026-05-05T17:01:51.782571,200,load,Indirect,"If our PCO application is rejected by Singapore Customs due to insufficient supporting documents, what can we do to rectify and reapply, and how long does the appeal or correction process take?",,301042.96,10092.0,200,Stream interrupted – chunked stream closed early (server/proxy/load)
2026-05-05T17:01:51.862282,200,load,Direct,"When forming a Japan–Singapore joint-venture apparel retailer, which FTAs, domestic laws, and compliance obligations need to be taken into account?","I apologize, but I am currently experiencing **persistent technical difficulties** accessing our knowledge base systems. Despite multiple attempts, I am unable to retrieve the specific information you requested regarding:

## Your Questions

### Question 1: Electronics Production Relocation (HS 8517)
You asked about moving production from China to Singapore for electronics (HS 8517) and the origin criteria under RCEP and CPTPP, specifically:
- What origin criteria apply under RCEP for HS 8517?
-",284622.36,10087.23,200,Success
2026-05-05T17:01:53.244077,200,load,Indirect,"We are considering moving some production from China to Singapore to benefit from FTAs. For electronics (HS 8517), what origin criteria apply under RCEP and CPTPP, and what percentage of value must be",,301028.69,10073.87,200,Stream interrupted – chunked stream closed early (server/proxy/load)
2026-05-05T17:01:58.853210,200,load,Direct,What is SBF's role in trade documentation and FTA support for Singapore businesses?,"## SBF's Role in Trade Documentation and FTA Support for Singapore Businesses

I apologize, but I am currently unable to retrieve specific information about the Singapore Business Federation's (SBF) role in trade documentation and FTA support services due to technical connectivity issues with our knowledge base systems.

Based on your inquiry, you are seeking information about:
- SBF's services related to trade documentation
- SBF's support for Free Trade Agreement (FTA) utilization
- How SBF as",285707.5,10095.61,200,Success
