timestamp,concurrent_users,test_type,question_category,question,answer,response_time_ms,ttff_ms,status_code,status
2026-05-05T17:07:20.826348,12,load,Indirect,"For shipments from Singapore to Australia with goods sourced from Japan and Korea, what are the steps to claim AANZFTA or RCEP preferences?","Thank you for your question. To better assist you, could you clarify whether the goods from Japan and Korea are processed, repacked, or undergo substantial transformation in Singapore before being exported to Australia, or are they shipped directly from the origin countries to Australia?",6653.77,6640.18,200,Success
2026-05-05T17:08:02.249727,53,load,Indirect,"If I import products from South Korea into Singapore, store them in Singapore, and then export them to Vietnam. Is there any FTA I can use to obtain duty savings on import into Vietnam?","### Preliminary Assessment: FTA Eligibility for South Korea → Singapore → Vietnam

Thank you for your enquiry regarding duty savings when importing products from South Korea into Singapore, storing them, and then exporting to Vietnam.

#### **Good News: Common FTA Coverage Confirmed**

Based on your trade route (South Korea → Singapore → Vietnam), I can confirm that all three countries are parties to the following Free Trade Agreements:

| FTA | Full Name | Member Countries (Relevant) |
|-----|-",51971.3,4972.09,200,Success
2026-05-05T17:08:35.323268,86,load,Indirect,Which Free Trade Agreements (FTAs) can I utilise when exporting compact disks (HS Code: 8523.41.10) from Singapore to Indonesia?,"# Free Trade Agreements (FTAs) for Exporting Compact Disks from Singapore to Indonesia

**Product**: Compact Disks  
**HS Code**: 8523.41.10  
**Origin**: Singapore  
**Destination**: Indonesia

---

## Important Notice: No Tariff Savings Available

The **MFN (Most Favoured Nation) duty rate** for HS Code 8523.41.10 importing into Indonesia is **FREE (0%)**. This means that customs duty is already zero even without claiming preferential treatment under any FTA.

**Key Implications**:
- ✅ You do ",80086.75,3283.5,200,Success
2026-05-05T17:09:03.477072,114,load,Direct,How do I calculate RVC for a plastic household item under ATIGA and document it for possible verification?,,89164.51,10058.53,200,Error - Empty Response
2026-05-05T17:09:05.052407,115,load,Direct,"When forming a Japan–Singapore joint-venture apparel retailer, which FTAs, domestic laws, and compliance obligations need to be taken into account?","I am unable to retrieve sufficient information regarding this subject matter. For further guidance, please click on the 'Email' button on the bottom right corner of the screen to arrange for a call or a one-to-one advisory session. Our specialists can offer tailored insights based on your product and trade needs, and help you address any related queries or challenges.",62465.55,10077.51,200,Success
2026-05-05T17:09:16.733422,127,load,Direct,I am exporting 1001.19.00.25 from Singapore to the US. Are there any additional tariffs?,"# Additional Tariffs for HS Code 1001.19.00.25: Singapore to United States

Based on the official tariff information for your export of **HS Code 1001.19.00.25** from **Singapore** to the **United States**, here are the findings:

---

## Yes, There is an Additional Tariff

### **Universal Customs Duty (UCD): 10% of FOB**

- **Description:** A universal customs duty is a distinct duty measure and applicable **in addition to the MFN or other applicable duty rates**.
- **Rate:** 10% of FOB (Free o",112517.13,23274.62,200,Success
2026-05-05T17:09:33.399779,143,load,Indirect,"We ship from Singapore to multiple ASEAN countries (Indonesia, Philippines, Vietnam) under ATIGA. Do we need one PCO per destination or one for the whole order, and what are the declaration requiremen","### Current Status

I attempted to retrieve information about ATIGA (ASEAN Trade in Goods Agreement) PCO requirements for multi-destination shipments from Singapore to Indonesia, Philippines, and Vietnam. Unfortunately, I encountered technical difficulties accessing the knowledge base that contains the specific legal text and procedural guidelines for ATIGA.

### What I Was Unable to Retrieve

Due to the connection issues, I could not access information about:

- **Multi-destination PCO requirem",123147.42,10070.41,200,Success
2026-05-05T17:09:44.412309,154,load,Indirect,"We import headphones (HS 8518.30.10) from China and sell to Vietnam. Can CPTPP preferences ever apply, and what proof would be required?","## Can CPTPP Preferences Apply to Your Scenario?

**No, CPTPP preferences cannot apply to headphones originating from China when exported to Vietnam.**

### Key Analysis

Based on the information retrieved, here's why CPTPP preferences are not applicable in your scenario:

#### 1. **Origin Requirements Under CPTPP**

According to **CPTPP Article 3.2: Originating Goods** (Source: CFOTI Knowledge Base), a good is considered originating only if it is:

- (a) wholly obtained or produced entirely in ",152300.0,3775.13,200,Success
2026-05-05T17:09:44.486243,154,load,Indirect,Can we ship goods directly from China to Indonesia with a Singapore invoice and still claim ACFTA preference?,"Based on the information retrieved from the CFOTI Knowledge Base, I can provide you with guidance on your question about shipping goods directly from China to Indonesia with a Singapore invoice while claiming ACFTA preference.

## Third Country Invoicing (TCI) Under ACFTA

**Yes, ACFTA does allow Third Country Invoicing (TCI).** This means you can potentially ship goods directly from China to Indonesia with an invoice issued from Singapore (a third country that is not the exporting country) and ",136241.31,7560.31,200,Success
2026-05-05T17:09:44.488040,154,load,Direct,What is the validity period of a PCO issued under ATIGA?,"I apologize, but I encountered technical difficulties while attempting to retrieve information about the validity period of a PCO (Preferential Certificate of Origin) issued under ATIGA (ASEAN Trade in Goods Agreement) from our knowledge base systems.

## What I attempted to do:

- ✅ Identified your question about PCO validity period under ATIGA
- ❌ Attempted to retrieve information from the CFOTI Knowledge Base (connection timeout)
- ❌ Attempted to retrieve guidelines from the glossary (connect",117039.54,10073.56,200,Success
2026-05-05T17:09:46.084054,156,load,Indirect,"We ship from Singapore to multiple ASEAN countries (Indonesia, Philippines, Vietnam) under ATIGA. Do we need one PCO per destination or one for the whole order, and what are the declaration requiremen","# ATIGA Form D Requirements for Multiple Destinations

## Current Analysis

Based on my search of the CFOTI Knowledge Base, I found that:

### ATIGA Certificate of Origin System
- **Certificate Type**: ATIGA uses **Form D** as the Preferential Certificate of Origin for trade between ASEAN member states
- **Electronic System**: Singapore supports electronic transmission of ATIGA e-Form D via the ASEAN Single Window (ASW)
- **Countries Involved**: Singapore (origin) to Indonesia, Philippines, and ",143724.12,5293.94,200,Success
2026-05-05T17:09:53.561654,163,load,Indirect,"What is the PCO application process for the export of my product with HS code 3924.90.90 from Singapore to Vietnam with an estimated export value of 5,000 SGD under the ATIGA FTA?","# PCO Application Process for ATIGA (Singapore to Vietnam)

## Your Trade Details

Based on the information you provided:
- **HS Code:** 3924.90.90
- **Product Description:** Tableware, kitchenware, other household articles and hygienic or toilet articles, of plastics - Other
- **Country of Origin:** Singapore
- **Country of Destination:** Vietnam
- **Estimated Export Value:** 5,000 SGD
- **FTA:** ATIGA (ASEAN Trade in Goods Agreement)

---

## Tariff Information

### Duty Rates under ATIGA
*(So",162461.35,3666.4,200,Success
2026-05-05T17:09:57.102893,167,load,Indirect,"We received a request from Indonesian customs to verify our ATIGA PCO. What is the process for Singapore exporters, what documents must we provide, and what is the typical timeline?","I apologize, but I encountered technical difficulties while attempting to retrieve information about ATIGA PCO verification procedures from our knowledge base systems. Both the glossary and knowledge base tools experienced connection timeouts during the search process.

## What I Was Attempting to Retrieve

I was searching for specific information regarding:
- The verification process for ATIGA (ASEAN Trade in Goods Agreement) Preferential Certificate of Origin when requested by Indonesian custo",127660.61,10247.38,200,Success
2026-05-05T17:09:58.832536,169,load,Indirect,I import brooms with HS code 9603.10.20 from China to Singapore and would like to re-export to Malaysia. Am I eligible for any FTAs?,"# Back-to-Back PCO Eligibility Analysis for Brooms (HS 9603.10.20)

## Your Trade Scenario
- **Product:** Brooms (HS Code: 9603.10.20)
- **Origin Country:** China
- **Intermediate Country:** Singapore (import location)
- **Final Destination:** Malaysia (re-export destination)

---

## Applicable FTAs Between China, Singapore, and Malaysia

Based on the analysis, **all three countries (China, Singapore, and Malaysia) are parties to the following FTA groups:**

| FTA | Full Name | Members Include ",162630.67,4536.92,200,Success
2026-05-05T17:10:05.488674,175,load,Indirect,"If I import products from South Korea into Singapore, store them in Singapore, and then export them to Vietnam. Is there any FTA I can use to obtain duty savings on import into Vietnam?","Thank you for your enquiry about using Free Trade Agreements (FTAs) to obtain duty savings when importing products from South Korea into Singapore, storing them, and then exporting to Vietnam.

To assess your eligibility for Back-to-Back Preferential Certificate of Origin (B2B PCO) and identify applicable FTAs for duty savings, I need additional information from you.

### Information Provided:
✅ Country of Origin: South Korea  
✅ Intermediate Country: Singapore  
✅ Destination Country: Vietnam  ",146131.56,10070.01,200,Success
2026-05-05T17:10:06.434291,176,load,Direct,Which official sources provide documentation or certification showing that companies from certain countries are eligible to participate in Singapore government procurement under specific agreements?,"I am unable to retrieve sufficient information regarding this subject matter. For further guidance, please click on the 'Email' button on the bottom right corner of the screen to arrange for a call or a one-to-one advisory session. Our specialists can offer tailored insights based on your product and trade needs, and help you address any related queries or challenges.",106598.49,10079.12,200,Success
2026-05-05T17:10:07.099163,177,load,Indirect,"We import headphones (HS 8518.30.10) from China and sell to Vietnam. Can CPTPP preferences ever apply, and what proof would be required?","## Can CPTPP Preferences Apply?

**No, CPTPP preferences cannot apply to your scenario of importing headphones from China and selling to Vietnam.**

### Key Reasons:

**1. China is Not a CPTPP Member**

Based on the FTA membership verification, China is **not** a member of CPTPP. The CPTPP members are:
- Australia, Brunei, Canada, Chile, United Kingdom, Japan, Malaysia, New Zealand, Peru, Singapore, and Vietnam

While both **Singapore and Vietnam are CPTPP members**, China is not part of this ag",160182.82,10062.69,200,Success
2026-05-05T17:10:08.668534,178,load,Indirect,"For shipments from Singapore to Australia with goods sourced from Japan and Korea, what are the steps to claim AANZFTA or RCEP preferences?","# Steps to Claim AANZFTA or RCEP Preferences for Shipments from Singapore to Australia with Materials from Japan and Korea

## Current Analysis

Based on the FTA membership verification conducted, I have identified a **critical limitation** regarding your scenario:

### FTA Membership Status

| FTA | Singapore | Australia | Japan | South Korea | Applicable? |
|-----|-----------|-----------|-------|-------------|-------------|
| **RCEP** | ✅ Member | ✅ Member | ✅ Member | ✅ Member | **Yes** |
| *",167837.04,11730.63,200,Success
2026-05-05T17:10:08.879349,179,load,Direct,How do I check if my product qualifies for zero tariff under RCEP?,"I apologize, but I encountered technical difficulties while attempting to retrieve information from our knowledge base and glossary systems to answer your question about checking if your product qualifies for zero tariff under RCEP.

## General Guidance on RCEP Zero Tariff Qualification

To check if your product qualifies for zero tariff under RCEP, you typically need to verify the following:

### Key Information Required:
- **HS Code** - The Harmonized System code that classifies your product
-",132357.15,10090.98,200,Success
2026-05-05T17:10:31.326941,201,load,Indirect,"We export organic fertiliser (HS 3101) from Singapore to New Zealand. Under CPTPP, what are the rules of origin and any product-specific requirements we must meet?","# CPTPP Rules of Origin for Organic Fertiliser (HS 3101)
**Export Route:** Singapore → New Zealand  
**HS Code:** 3101  
**FTA:** CPTPP (Comprehensive and Progressive Agreement for Trans-Pacific Partnership)

---

## Product-Specific Rule of Origin

For organic fertiliser classified under HS heading 31.01, the primary rule of origin under CPTPP is:

**""A change to a good of heading 31.01 from any other heading.""**

This means your organic fertiliser will qualify as originating under CPTPP if the",187354.85,23520.17,200,Success
2026-05-05T17:10:37.330396,207,load,Indirect,How do I qualify for preferential treatment under the ATIGA for my export of water pumps with HS code 8413.20.90 from Singapore to Indonesia?,"# Qualifying for Preferential Treatment under ATIGA

## Trade Information Summary

**Product:** Water pumps  
**HS Code:** 8413.20.90 (Hand pumps, other than those of subheading 8413.11 or 8413.19)  
**Origin:** Singapore  
**Destination:** Indonesia  

---

## Tariff Rates Comparison

| FTA/Scheme | Tariff Rate | Notes |
|------------|-------------|-------|
| **ATIGA** | **FREE (0%)** | ASEAN Trade in Goods Agreement |
| MFN | 10% | Most Favoured Nation rate |
| AKFTA | FREE (0%) | ASEAN-Korea ",190094.14,11193.49,200,Success
2026-05-05T17:10:37.345404,207,load,Direct,"What is the validity period of back-to-back COs issued by Singapore Customs, and can validity be extended?","I encountered technical difficulties accessing both the CFOTI Knowledge Base and glossary systems to retrieve information about the validity period of back-to-back Certificates of Origin (COs) issued by Singapore Customs and whether validity can be extended.

## Current Status

**What has been attempted:**
- ✅ Attempted to retrieve guidelines from the glossary system regarding back-to-back CO validity periods
- ✅ Attempted to search the knowledge base for Singapore Customs regulations on back-to",157576.67,10079.35,200,Success
2026-05-05T17:10:40.194030,209,load,Direct,"My company exports an energy resource with HS code 2710.12.18.05 from Mexico to the US, will there be additional tariffs?","# Tariff Information for HS Code 2710.12.18.05: Mexico to United States

## Your Trade Details
- **HS Code:** 2710.12.18.05
- **Country of Origin:** Mexico
- **Country of Destination:** United States
- **Product Type:** Energy resource

---

## Applicable Tariff Rates

Based on official data from **Mendel**, the following tariff rates apply for your export:

| Tariff Type | Rate | Conditions |
|-------------|------|------------|
| **USMCA** (United States-Mexico-Canada Agreement) | **Free (0%)**",193269.46,6697.69,200,Success
2026-05-05T17:10:43.903661,213,load,Indirect,"We received a request from Indonesian customs to verify our ATIGA PCO. What is the process for Singapore exporters, what documents must we provide, and what is the typical timeline?","Based on the information retrieved from the CFOTI Knowledge Base regarding ATIGA (ASEAN Trade in Goods Agreement) verification procedures, here is the process for Singapore exporters when Indonesian customs requests verification of your ATIGA PCO:

## Verification Process for Singapore Exporters

### **What is a Retroactive Check?**

According to **ATIGA Rule 18 (Retroactive Check)**, Indonesian customs may request Singapore's Issuing Authority or Competent Authority to conduct a retroactive che",205701.55,5756.15,200,Success
2026-05-05T17:10:52.026927,220,load,Indirect,"What are the steps and timelines to apply for a PCO under the Digital Economy Agreement between Singapore and Australia, and how does it differ from the standard goods FTA process?","Based on my search through available resources, I was unable to retrieve sufficient specific information about the **PCO (Paperless Certificate of Origin) application process under the Singapore-Australia Digital Economy Agreement (SADEA)** and how it differs from standard goods FTA processes.

## What I Found

From the **CFOTI Knowledge Base**, I was able to identify general information about Certificate of Origin applications:

### Standard PCO/OCO Application Process (General FTA Process)
Bas",200780.35,10080.93,200,Success
2026-05-05T17:10:52.031278,220,load,Direct,"My company exports an energy resource with HS code 2710.12.18.05 from Mexico to the US, will there be additional tariffs?","# Tariff Information for HS Code 2710.12.18.05: Mexico to United States

## Summary

For your energy resource export with **HS Code 2710.12.18.05** from **Mexico** to the **United States**, the tariff situation depends on whether your goods qualify as originating under the **USMCA (United States-Mexico-Canada Agreement)**.

---

## Tariff Rates

| Tariff Type | Rate | Conditions |
|-------------|------|------------|
| **USMCA** (United States-Mexico-Canada Agreement) | **Free** | Goods must qual",188667.57,10072.48,200,Success
2026-05-05T17:10:55.379526,223,load,Indirect,"For shipments from Singapore to Australia with goods sourced from Japan and Korea, what are the steps to claim AANZFTA or RCEP preferences?","Based on my analysis, I can confirm that **Singapore, Australia, Japan, and South Korea are all members of the RCEP (Regional Comprehensive Economic Partnership Agreement)**, which makes RCEP the applicable FTA for your scenario.

However, I encountered technical difficulties accessing the detailed procedural guidelines from the CFOTI Knowledge Base regarding the specific steps to claim preferential tariff treatment under AANZFTA or RCEP.

## Key Finding from Available Information:

**FTA Member",184896.84,10067.47,200,Success
2026-05-05T17:10:58.002873,226,load,Indirect,"For goods that qualify under both ATIGA and RCEP when exporting from Singapore to Thailand, how do we choose which FTA to use, and can we switch between them for different shipments of the same produc","## Choosing Between ATIGA and RCEP for Singapore to Thailand Exports

I apologize, but I encountered technical difficulties accessing the knowledge base and glossary systems that contain the specific guidance on FTA selection procedures and switching between multiple FTAs for the same product.

Based on your question about choosing between ATIGA (ASEAN Trade in Goods Agreement) and RCEP (Regional Comprehensive Economic Partnership) when exporting from Singapore to Thailand, this is an important ",172370.34,10066.08,200,Success
2026-05-05T17:10:58.006432,226,load,Direct,Are there any tariffs for the import of fresh apples with HS code 0808.10.00.45 into the US from Canada?,"## Tariff Information for Fresh Apples (HS Code 0808.10.00.45) from Canada to United States

Based on the tariff data retrieved from **Mendel** for importing fresh apples with HS code **0808.10.00.45** from **Canada** to the **United States**, here are the applicable tariffs and fees:

### **Customs Duties**

| Duty Type | Rate | Description |
|-----------|------|-------------|
| **MFN (Most Favoured Nation) Rate** | **Free (0%)** | Standard rate applicable to WTO members |
| **Universal Customs",215642.11,7699.13,200,Success
2026-05-05T17:11:04.102505,232,load,Indirect,"For goods that qualify under both ATIGA and RCEP when exporting from Singapore to Thailand, how do we choose which FTA to use, and can we switch between them for different shipments of the same produc","Based on the information retrieved from the **CFOTI Knowledge Base**, here is guidance on choosing between FTAs when goods qualify under multiple agreements:

## How to Choose Between ATIGA and RCEP

When your goods qualify under both **ATIGA** (ASEAN Trade in Goods Agreement) and **RCEP** (Regional Comprehensive Economic Partnership) for exports from Singapore to Thailand, you should consider the following factors:

### Key Considerations for FTA Selection:

1. **Compare Preferential Tariff Rat",220648.79,4628.41,200,Success
2026-05-05T17:11:04.107946,232,load,Indirect,I import meat with HS code 0201.30.01 from Australia to Singapore and re-export to Japan. Am I eligible for preferential tariffs?,"s

**Positive Indicators:**
- ✓ Significant tariff savings available (38.5% MFN vs 20.8% CPTPP)
- ✓ All three countries are in the same FTA groups
- ✓ Product has clear Rules of Origin under both CPTPP and RCEP

**Requires Clarification:**
- ⚠️ Nature of processing/handling in Singapore
- ⚠️ Whether goods remain under customs control in Singapore
- ⚠️ Availability of original Australian Certificate of Origin

---

## Next Steps - Please Provide:

1. **What processing or handling activities are p",214861.16,16406.08,200,Success
2026-05-05T17:11:07.206097,235,load,Indirect,"Our goods qualify under both RCEP and ATIGA for export to Thailand. Which agreement should we use for the PCO, and does it affect how we complete the origin declaration?",,175563.49,10092.5,200,Error - Empty Response
2026-05-05T17:11:15.001740,243,load,Direct,Where do I access certified lists or notices indicating country eligibility for Singapore public tenders under certain agreements?,,179257.46,10076.59,200,Error - Empty Response
2026-05-05T17:11:23.951638,250,load,Direct,What are the consequences and corrective actions if I inadvertently use an incorrect HS code on a Certificate of Origin?,"## Consequences and Corrective Actions for Incorrect HS Code on Certificate of Origin

I apologize, but I encountered technical difficulties accessing both the CFOTI Knowledge Base and glossary systems to retrieve specific information about the consequences and corrective actions for using an incorrect HS code on a Certificate of Origin.

Based on general trade compliance principles, using an incorrect HS code on a Certificate of Origin can have serious implications, as the HS code determines:
-",197286.24,10066.28,200,Success
2026-05-05T17:11:26.362299,250,load,Indirect,"Under which FTAs, if any, can India-origin goods use a back-to-back mechanism via Singapore?","## Back-to-Back Mechanism for India-Origin Goods via Singapore

I apologize, but I encountered technical difficulties while attempting to retrieve information from our knowledge base and FTA database systems. The tools needed to provide you with accurate information about back-to-back mechanisms under specific FTAs are currently experiencing connectivity issues.

### What I Was Attempting to Verify:

**✓ Completed:**
- Identified your query parameters: India (country of origin), Singapore (inter",201740.49,10077.48,200,Success
2026-05-05T17:11:30.198963,250,load,Indirect,"We import cotton fabric (HS 5208) from India into Singapore, dye and cut it here, then export garments to the EU. How do we determine origin under RCEP and EU-Singapore FTA, and what documentation do ","Thank you for your enquiry regarding the origin determination and documentation requirements for your multi-leg trade operation.

To provide you with accurate guidance on origin determination under RCEP and the EU-Singapore FTA, as well as the specific documentation requirements, I need some additional information:

## Missing Information Required:

### 1. **Specific EU Destination Country** (Required)
You mentioned exporting to ""the EU,"" but I need to know the specific country (e.g., Germany, F",209362.05,10075.67,200,Success
2026-05-05T17:11:36.695611,250,load,Direct,What is Singapore Customs' approach to border controls against counterfeit goods?,"I apologize, but I encountered technical difficulties while attempting to retrieve information about Singapore Customs' approach to border controls against counterfeit goods. Both the glossary and knowledge base tools experienced connection timeouts and were unable to return results.

## What I attempted to do:

- ✅ Initiated search in the glossary for guidelines on counterfeit goods border controls and enforcement
- ✅ Initiated search in the knowledge base for Singapore Customs' policies on int",195976.84,10070.43,200,Success
2026-05-05T17:11:36.896809,250,load,Indirect,How do I qualify for preferential treatment under the ATIGA for my export of water pumps with HS code 8413.20.90 from Singapore to Indonesia?,"# Qualifying for Preferential Treatment Under ATIGA for Water Pumps (HS Code 8413.20.90) from Singapore to Indonesia

## Overview of Your Trade Scenario

**Product:** Water pumps  
**HS Code:** 8413.20.90 (Hand pumps, other than those of subheading 8413.11 or 8413.19)  
**Origin:** Singapore  
**Destination:** Indonesia  
**Applicable FTA:** ATIGA (ASEAN Trade in Goods Agreement)

---

## 1. Preferential Treatment Benefits

### Tariff Rates Comparison

| Rate Type | Duty Rate | Source |
|-------",263747.46,2641.66,200,Success
2026-05-05T17:11:40.665847,250,load,Direct,"How many FTAs has Singapore signed versus those currently in force, and where can I verify the latest status?",,198923.12,10082.52,200,Error - Empty Response
2026-05-05T17:11:40.715804,250,load,Direct,Where do I get help with FTA and Certificate of Origin queries in Singapore?,"I am unable to retrieve sufficient information regarding this subject matter. For further guidance, please click on the 'Email' button on the bottom right corner of the screen to arrange for a call or a one-to-one advisory session. Our specialists can offer tailored insights based on your product and trade needs, and help you address any related queries or challenges.",147257.35,10074.85,200,Success
2026-05-05T17:11:43.245207,250,load,Direct,"In what ways do digital trade provisions in relevant agreements create sector-specific opportunities and advantages, and how do they improve market access and cross-border dealings?","I encountered technical difficulties accessing the CFOTI Knowledge Base and glossary systems to retrieve comprehensive information about digital trade provisions in trade agreements. The connection timeout errors prevented me from gathering the detailed legal and regulatory information needed to fully address your question about how digital trade provisions create sector-specific opportunities and improve market access.

## What I Was Attempting to Research

I was working to retrieve information",209551.1,10086.88,200,Success
2026-05-05T17:11:48.399105,250,load,Indirect,"We consolidate shipments from multiple ASEAN countries in Singapore and then send them to Australia. Can we obtain a single certificate covering the whole consignment, or do we need separate origin do","I apologize, but I encountered technical difficulties while attempting to retrieve information from our knowledge base and glossary systems regarding consolidated shipments and certificate of origin requirements for your specific scenario (ASEAN countries → Singapore → Australia).

## Your Question
You are consolidating shipments from multiple ASEAN countries in Singapore and then exporting them to Australia. You want to know whether you can obtain a single certificate of origin covering the who",213715.0,10071.68,200,Success
2026-05-05T17:11:50.021397,250,load,Indirect,I import meat with HS code 0201.30.01 from Australia to Singapore and re-export to Japan. Am I eligible for preferential tariffs?,"Thank you for your enquiries. I notice you've asked about **two different trade scenarios**:

### **Scenario 1: South Korea → Singapore → Vietnam**
- Product: Not yet specified
- HS Code: Not yet provided
- Question: FTA eligibility for duty savings on Vietnam import

### **Scenario 2: Australia → Singapore → Japan**
- Product: Meat
- HS Code: 0201.30.01
- Question: Eligibility for preferential tariffs

---

### **Important Notice**

To provide you with accurate, comprehensive analysis and ensur",223504.52,10101.03,200,Success
2026-05-05T17:11:56.131465,250,load,Direct,"Does Singapore have an FTA with Turkey? If yes, what is the tariff for exporting textiles (HS 5407)?","I apologize, but I encountered technical difficulties while attempting to retrieve information about Singapore's FTA with Turkey and the tariff rates for HS code 5407 (textiles).

## What I Attempted

I tried to gather information through multiple channels:

- ✅ **Glossary Tool** - Attempted to retrieve guidelines on Singapore-Turkey FTA and tariff information (Connection timeout)
- ✅ **Knowledge Base Tool** - Attempted to search for Singapore-Turkey FTA agreement details (Connection timeout)
- ",217431.71,10068.99,200,Success
2026-05-05T17:12:02.646114,250,load,Indirect,"Under which FTAs, if any, can India-origin goods use a back-to-back mechanism via Singapore?","## Back-to-Back Mechanism for India-Origin Goods via Singapore

I apologize, but I encountered technical difficulties while attempting to retrieve information about which FTAs allow India-origin goods to use a back-to-back mechanism via Singapore. The knowledge base and glossary tools experienced connection timeouts during my search.

### What I Attempted to Retrieve:

**✓ Completed:**
- Identified your query parameters: India as country of origin, Singapore as intermediate country for re-export",232972.2,10146.99,200,Success
2026-05-05T17:12:04.392970,250,load,Direct,"Which agreements used by Singapore allow exporter self-certification, and what are the eligibility conditions?","I apologize, but I encountered technical difficulties while attempting to retrieve information from our knowledge base and glossary systems regarding Singapore's trade agreements that allow exporter self-certification and their eligibility conditions.

## What I Attempted

I tried to access:
- ✅ Current date/time information (successful)
- ❌ Glossary database for exporter self-certification guidelines (connection timeout)
- ❌ Knowledge base for Singapore FTA self-certification requirements (conn",227652.78,10064.43,200,Success
2026-05-05T17:12:04.594036,250,load,Direct,We are a manufacturing company looking to export plastic bottles to customers in other countries. Can you please advise the steps and processes we have to take?,"Thank you for your question. To better assist you, could you please clarify the following:

1. Are the plastic bottles being shipped directly from your manufacturing location to the destination country?
2. Or will the plastic bottles be processed, repacked, or undergo any transformation in a third country (such as Singapore) before reaching the final destination?

This information will help me provide you with the most relevant guidance on the export process and any applicable trade agreements.",172052.98,10080.48,200,Success
2026-05-05T17:12:04.886635,250,load,Indirect,"Our goods qualify under both RCEP and ATIGA for export to Thailand. Which agreement should we use for the PCO, and does it affect how we complete the origin declaration?",,211028.94,10070.47,200,Error - Empty Response
2026-05-05T17:12:07.875348,250,load,Direct,What is the tariff for importing stainless steel sheets (HS 7219.13) from Indonesia into Singapore under ATIGA?,"# Tariff Information for Stainless Steel Sheets (HS 7219.13) from Indonesia to Singapore

## Summary

Good news! The import of **stainless steel sheets (HS Code 7219.13)** from Indonesia into Singapore is **duty-free**, both under the **ATIGA (ASEAN Trade in Goods Agreement)** and the standard **MFN (Most Favoured Nation)** rate.

---

## Tariff Rates

| Rate Type | Tariff Rate | Notes |
|-----------|-------------|-------|
| **ATIGA** | **FREE (0%)** | No customs duty applicable |
| **MFN** | **",271548.21,10059.8,200,Success
2026-05-05T17:12:10.279990,250,load,Indirect,"We are considering moving some production from China to Singapore to benefit from FTAs. For electronics (HS 8517), what origin criteria apply under RCEP and CPTPP, and what percentage of value must be",,301035.1,4497.66,200,Stream interrupted – chunked stream closed early (server/proxy/load)
2026-05-05T17:12:16.757349,250,load,Indirect,We import fresh mangoes (HS 0804.50) from Indonesia into Singapore and plan to re-export them to the Philippines. Can we request a back-to-back PCO under ATIGA?,"# Back-to-Back PCO Eligibility Assessment for Fresh Mangoes under ATIGA

## Your Query
You are importing **fresh mangoes (HS 0804.50)** from **Indonesia** into **Singapore** and plan to re-export them to the **Philippines**. You are asking about eligibility for a **back-to-back Preferential Certificate of Origin (PCO) under ATIGA**.

---

## Initial Assessment Based on Available Information

### ✅ Step 1: FTA Membership Verification - **COMPLETED**

**All three countries are parties to ATIGA:**
",284420.15,10074.73,200,Success
2026-05-05T17:12:18.598187,250,load,Direct,What is the difference between a Certificate of Origin and a Preferential Certificate of Origin?,,301055.12,6354.36,200,Stream interrupted – chunked stream closed early (server/proxy/load)
2026-05-05T17:12:20.211993,250,load,Indirect,"What are the steps and timelines to apply for a PCO under the Digital Economy Agreement between Singapore and Australia, and how does it differ from the standard goods FTA process?","I encountered technical difficulties accessing the knowledge base and glossary systems to retrieve specific information about the PCO (Paperless Certificate of Origin) application process under the Singapore-Australia Digital Economy Agreement (SADEA).

## Current Status

Based on your query, you are asking about:
1. **Steps and timelines** to apply for a PCO under the Digital Economy Agreement between Singapore and Australia
2. **How it differs** from the standard goods FTA process

## Analysis",231429.43,10062.5,200,Success
2026-05-05T17:12:23.066698,250,load,Direct,We are a manufacturing company looking to export plastic bottles to customers in other countries. Can you please advise the steps and processes we have to take?,"Thank you for your question. To better assist you, could you clarify the following:

1. **Are the plastic bottles being shipped directly from your manufacturing location to the destination country, or will they be processed/repacked in a third country (such as Singapore) before reaching the final customer?**

2. **Are you looking to claim tariff preferences under any Free Trade Agreements (FTAs)?**

This information will help me provide you with the most relevant guidance on the export processes",152165.65,10069.36,200,Success
2026-05-05T17:12:24.473943,250,load,Direct,How do I identify appropriate HS codes and market requirements for exporting headphones to the Philippines?,,301233.07,6824.19,200,Stream interrupted – chunked stream closed early (server/proxy/load)
2026-05-05T17:12:24.991587,250,load,Direct,What is an Ordinary Certificate of Origin and when do I need it?,"## What is an Ordinary Certificate of Origin?

An **Ordinary Certificate of Origin (CO)** is a trade document that certifies the country in which goods were manufactured or produced. It serves as a declaration of the origin of goods and is typically issued by authorized bodies such as chambers of commerce or customs authorities.

## When Do You Need It?

An Ordinary Certificate of Origin is typically required in the following situations:

### 1. **Customs Clearance**
- Required by customs author",234169.49,10079.58,200,Success
2026-05-05T17:12:26.625819,250,load,Indirect,"We received a request from Indonesian customs to verify our ATIGA PCO. What is the process for Singapore exporters, what documents must we provide, and what is the typical timeline?","I apologize, but I encountered technical difficulties while attempting to retrieve information from our knowledge base and glossary systems regarding ATIGA PCO verification procedures. Both systems experienced connection timeouts when I tried to access the relevant information about:

- The verification process for Singapore exporters when Indonesian customs requests verification of an ATIGA Preferential Certificate of Origin
- Required documents that must be provided
- Typical timeline for resp",233667.12,10091.37,200,Success
2026-05-05T17:12:26.697658,250,load,Indirect,"Can we use exporter self-certification under the UK-Singapore FTA for our exports of pharmaceutical products (HS 3004), and what are the exact conditions and record-keeping requirements?","I apologize, but I encountered technical difficulties while attempting to retrieve information about exporter self-certification under the UK-Singapore FTA for your pharmaceutical products (HS 3004). 

## Current Status

I attempted to gather comprehensive information about:
- Exporter self-certification procedures under the UK-Singapore FTA
- Specific conditions and requirements for origin certification
- Record-keeping obligations for pharmaceutical products (HS 3004)
- Tariff information and ",229682.87,10089.76,200,Success
2026-05-05T17:12:29.282917,250,load,Direct,What is the process to revise or correct a Manufacturing Cost Statement that has already been submitted?,,218042.92,10072.94,200,Error - Empty Response
2026-05-05T17:12:31.624527,250,load,Indirect,I import meat with HS code 0201.30.01 from Australia to Singapore and re-export to Japan. Am I eligible for preferential tariffs?,"# Back-to-Back Preferential Certificate of Origin (B2B PCO) Eligibility Assessment

## Your Trade Scenario
- **HS Code**: 0201.30.01 (Meat)
- **Movement**: Australia → Singapore → Japan
- **Country of Origin**: Australia
- **Intermediate Country**: Singapore
- **Final Destination**: Japan

---

## Current Analysis Status

Based on the information retrieved, I have completed the initial assessment of your eligibility for preferential tariffs through Back-to-Back PCO. Here's what has been determin",296281.84,10070.4,200,Success
2026-05-05T17:12:34.333648,250,load,Indirect,"What are the steps and timelines to apply for a PCO under the Digital Economy Agreement between Singapore and Australia, and how does it differ from the standard goods FTA process?",,301033.02,10069.96,200,Stream interrupted – chunked stream closed early (server/proxy/load)
2026-05-05T17:12:38.388298,250,load,Direct,I am exporting fruits with HS code 0811.10.00.50 from Thailand to the US. What tariffs apply?,,301033.51,10074.41,200,Stream interrupted – chunked stream closed early (server/proxy/load)
2026-05-05T17:12:38.927162,250,load,Direct,"Which Singapore FTA covers trade in services, not just goods?","I apologize, but I encountered technical difficulties accessing both the CFOTI Knowledge Base and glossary systems to retrieve information about which Singapore FTAs cover trade in services.

Based on the workflow requirements, I was attempting to:

## What has been done and what's next

- ✅ Received and analyzed your question about Singapore FTAs covering trade in services
- ❌ Query the glossary tool for guidance on Singapore FTA services coverage - **Failed due to connection timeout**
- ❌ Quer",239952.23,10070.1,200,Success
2026-05-05T17:12:39.455340,250,load,Indirect,"We import wine (HS 2204) from Australia under the Singapore-Australia FTA and store it in a bonded warehouse. When we re-export to Japan, can we claim preference under RCEP or CPTPP, and what evidence",,301062.38,10076.1,200,Stream interrupted – chunked stream closed early (server/proxy/load)
2026-05-05T17:12:41.390217,250,load,Indirect,"If I import products from South Korea into Singapore, store them in Singapore, and then export them to Vietnam. Is there any FTA I can use to obtain duty savings on import into Vietnam?",,301044.71,10074.11,200,Stream interrupted – chunked stream closed early (server/proxy/load)
2026-05-05T17:12:42.641940,250,load,Direct,I would like to know more about the import duties for export from Singapore to US. HS code for my product is 9404.21.00.10. Estimated export value for each mattress is $150.,,301285.33,10079.49,200,Stream interrupted – chunked stream closed early (server/proxy/load)
2026-05-05T17:12:43.436944,250,load,Indirect,"For shipments from Singapore to Australia with goods sourced from Japan and Korea, what are the steps to claim AANZFTA or RCEP preferences?",,301033.73,10072.31,200,Stream interrupted – chunked stream closed early (server/proxy/load)
2026-05-05T17:12:45.440372,250,load,Direct,"Please provide guidance on enjoying FTA tariffs benefit for the export of S$100,000 worth of electric motors (HS code: 8501.10.10.30) from Singapore to the United Kingdom.",,301028.06,10078.1,200,Stream interrupted – chunked stream closed early (server/proxy/load)
2026-05-05T17:12:46.443246,250,load,Indirect,"We plan to bring microprocessors (HS 8542.31) from Japan into Singapore for consolidation, then ship them to Indonesia. Can we claim preferential tariff treatment on the Indonesia leg?",,301038.56,10078.17,200,Stream interrupted – chunked stream closed early (server/proxy/load)
2026-05-05T17:12:47.433517,250,load,Indirect,"We manufacture plastic containers (HS 3924) in Singapore using resin from Saudi Arabia and additives from Malaysia. How do we prove origin under ATIGA for export to Vietnam, and which FTA gives the be",,301024.14,10069.42,200,Stream interrupted – chunked stream closed early (server/proxy/load)
2026-05-05T17:12:49.485846,250,load,Indirect,I import brooms with HS code 9603.10.20 from China to Singapore and would like to re-export to Malaysia. Am I eligible for any FTAs?,,301051.43,10073.47,200,Stream interrupted – chunked stream closed early (server/proxy/load)
2026-05-05T17:12:52.511772,250,load,Indirect,"What is the PCO application process for the export of my product with HS code 3924.90.90 from Singapore to Vietnam with an estimated export value of 5,000 SGD under the ATIGA FTA?",,301043.92,10071.36,200,Stream interrupted – chunked stream closed early (server/proxy/load)
2026-05-05T17:12:53.534773,250,load,Indirect,"For shipments from Singapore to Australia with goods sourced from Japan and Korea, what are the steps to claim AANZFTA or RCEP preferences?",,301034.56,10074.27,200,Stream interrupted – chunked stream closed early (server/proxy/load)
2026-05-05T17:12:54.525042,250,load,Direct,"Please provide guidance on enjoying FTA tariffs benefit for the export of S$100,000 worth of electric motors (HS code: 8501.10.10.30) from Singapore to the United Kingdom.",,301062.4,10089.53,200,Stream interrupted – chunked stream closed early (server/proxy/load)
2026-05-05T17:12:55.579281,250,load,Indirect,"We assemble vacuum cleaners (HS Code 8508.19.10) in Singapore from Chinese parts and export to Indonesia. Does simple assembly confer Singapore origin, or should we apply for a back-to-back PCO instea",,301030.42,10072.77,200,Stream interrupted – chunked stream closed early (server/proxy/load)
2026-05-05T17:12:56.541765,250,load,Indirect,"We import wine (HS 2204) from Australia under the Singapore-Australia FTA and store it in a bonded warehouse. When we re-export to Japan, can we claim preference under RCEP or CPTPP, and what evidence",,301025.3,10064.49,200,Stream interrupted – chunked stream closed early (server/proxy/load)
2026-05-05T17:12:57.030900,250,load,Indirect,"Under which FTAs, if any, can India-origin goods use a back-to-back mechanism via Singapore?","I apologize, but I encountered technical difficulties while attempting to retrieve information about back-to-back mechanisms for India-origin goods via Singapore. The knowledge base and glossary tools experienced connection timeouts, preventing me from accessing the detailed FTA provisions and guidelines needed to answer your question accurately.

## What I Was Attempting to Retrieve

I was working to identify:
- Which FTAs between India and Singapore allow back-to-back certificate of origin mec",257049.44,10060.69,200,Success
2026-05-05T17:12:58.165695,250,load,Indirect,"What are the steps and timelines to apply for a PCO under the Digital Economy Agreement between Singapore and Australia, and how does it differ from the standard goods FTA process?","I encountered technical difficulties while attempting to retrieve information from our knowledge base and glossary systems about the PCO (Paperless Certificate of Origin) application process under the Singapore-Australia Digital Economy Agreement (SADEA).

## Current Status

**What I attempted to retrieve:**
- ✗ Glossary information on PCO (Paperless Certificate of Origin) terminology and procedures
- ✗ Knowledge base information on Digital Economy Agreement between Singapore and Australia - PCO",256175.72,10067.72,200,Success
2026-05-05T17:12:58.595018,250,load,Direct,I am exporting umbrella parts with HS code 6603.90.41 from Brazil to the US. What are the additional tariffs?,,301056.76,10092.29,200,Stream interrupted – chunked stream closed early (server/proxy/load)
2026-05-05T17:12:59.719347,250,load,Indirect,"If we import under ASEAN-China FTA and re-export to Japan under RCEP with minimal repackaging in Singapore, can we use a back-to-back certificate, and what are the conditions and time limits?",,301045.75,10107.83,200,Stream interrupted – chunked stream closed early (server/proxy/load)
2026-05-05T17:13:02.725831,250,load,Indirect,I want to import semiconductor integrated circuits from South Korea to Singapore and intend to re-export them to Vietnam. The HS code is 8542.31. Am I eligible for any FTAs?,,301053.98,10362.08,200,Stream interrupted – chunked stream closed early (server/proxy/load)
2026-05-05T17:13:04.641563,250,load,Indirect,"We have an existing PCO but the importer says the HS code on the certificate does not match their customs declaration. How do we correct or reissue the certificate, and will it affect the validity per",,301035.71,10089.52,200,Stream interrupted – chunked stream closed early (server/proxy/load)
2026-05-05T17:13:06.327992,250,load,Direct,"If software classified as strategic goods technology is hosted on a server in Singapore for global download, what authorisations are required under Singapore's Strategic Goods (Control) regime?","I am unable to retrieve sufficient information regarding this subject matter. For further guidance, please click on the 'Email' button on the bottom right corner of the screen to arrange for a call or a one-to-one advisory session. Our specialists can offer tailored insights based on your product and trade needs, and help you address any related queries or challenges.",163091.26,10064.47,200,Success
2026-05-05T17:13:08.657040,250,load,Indirect,"We manufacture plastic containers (HS 3924) in Singapore using resin from Saudi Arabia and additives from Malaysia. How do we prove origin under ATIGA for export to Vietnam, and which FTA gives the be",,301034.47,10091.31,200,Stream interrupted – chunked stream closed early (server/proxy/load)
2026-05-05T17:13:09.469518,250,load,Indirect,"What are the steps and timelines to apply for a PCO under the Digital Economy Agreement between Singapore and Australia, and how does it differ from the standard goods FTA process?","I encountered technical difficulties accessing the knowledge base and glossary systems while attempting to retrieve information about PCO (Paperless Certificate of Origin) application procedures under the Digital Economy Agreement (DEA) between Singapore and Australia.

## Current Status

### What I attempted to retrieve:
- ✅ Current date/time confirmed (May 5, 2026)
- ❌ Glossary information on PCO terminology and procedures
- ❌ Knowledge base information on Singapore-Australia DEA PCO applicati",264462.43,10091.43,200,Success
2026-05-05T17:13:09.760202,250,load,Indirect,"We export organic fertiliser (HS 3101) from Singapore to New Zealand. Under CPTPP, what are the rules of origin and any product-specific requirements we must meet?",,301028.41,10065.35,200,Stream interrupted – chunked stream closed early (server/proxy/load)
2026-05-05T17:13:11.665791,250,load,Direct,Are there any tariffs for the import of fresh apples with HS code 0808.10.00.45 into the US from Canada?,"I am unable to retrieve sufficient information regarding this subject matter. For further guidance, please click on the 'Email' button on the bottom right corner of the screen to arrange for a call or a one-to-one advisory session. Our specialists can offer tailored insights based on your product and trade needs, and help you address any related queries or challenges.",165279.53,10069.69,200,Success
2026-05-05T17:13:11.694041,250,load,Indirect,Which Free Trade Agreements (FTAs) can I utilise when exporting compact disks (HS Code: 8523.41.10) from Singapore to Indonesia?,,301045.55,10073.61,200,Stream interrupted – chunked stream closed early (server/proxy/load)
2026-05-05T17:13:13.069061,250,load,Indirect,"Under which FTAs, if any, can India-origin goods use a back-to-back mechanism via Singapore?","## Back-to-Back Mechanism for India-Origin Goods via Singapore

I attempted to retrieve information about which FTAs allow India-origin goods to use a back-to-back mechanism via Singapore. Unfortunately, I encountered technical difficulties accessing the necessary databases and knowledge sources to provide you with accurate information.

### What I Attempted to Research:

**✓ Completed:**
- Identified the trade scenario: India (origin) → Singapore (intermediate) → final destination
- Attempted t",270069.09,10073.54,200,Success
2026-05-05T17:13:13.166641,250,load,Direct,How do I identify appropriate HS codes and market requirements for exporting headphones to the Philippines?,"I apologize, but I'm currently experiencing technical difficulties accessing the necessary information systems to provide you with comprehensive guidance on HS codes and market requirements for exporting headphones to the Philippines.

## What I Attempted to Retrieve

I attempted to gather the following information for you:

1. **HS Code Classification Guidelines** - To help you understand how to classify headphones correctly
2. **Sample HS Codes** - Specific HS code suggestions for headphones w",269178.36,10078.44,200,Success
2026-05-05T17:13:13.732893,250,load,Indirect,I would like to leverage the AKFTA FTA for my export of 1701.12.20 from Singapore to South Korea. What is a PCO and how do I apply for it?,,301042.43,10172.22,200,Stream interrupted – chunked stream closed early (server/proxy/load)
2026-05-05T17:13:18.803254,250,load,Indirect,I want to import semiconductor integrated circuits from South Korea to Singapore and intend to re-export them to Vietnam. The HS code is 8542.31. Am I eligible for any FTAs?,,301104.3,10075.07,200,Stream interrupted – chunked stream closed early (server/proxy/load)
2026-05-05T17:13:18.997583,250,load,Direct,What is SBF's role in trade documentation and FTA support for Singapore businesses?,"I apologize, but I encountered technical difficulties while attempting to retrieve information about SBF's role in trade documentation and FTA support for Singapore businesses. Both the CFOTI Knowledge Base and glossary systems experienced connection timeouts during my search.

Based on your request, you were looking for information about:
- Singapore Business Federation's role in trade documentation
- SBF's FTA support services for Singapore businesses

## What has been done and what's next

- ",271729.46,10066.16,200,Success
2026-05-05T17:13:23.473971,250,load,Indirect,"We manufacture plastic containers (HS 3924) in Singapore using resin from Saudi Arabia and additives from Malaysia. How do we prove origin under ATIGA for export to Vietnam, and which FTA gives the be","Thank you for your enquiry regarding plastic containers (HS 3924) manufactured in Singapore for export to Vietnam.

I notice you're asking about **two separate matters**:
1. How to prove origin under ATIGA for export to Vietnam
2. Which FTA gives the better tariff

To provide you with accurate and comprehensive guidance, **I can address one topic at a time** to ensure thoroughness and clarity.

Additionally, I should clarify that **I cannot recommend which FTA is ""better""** because the optimal c",266171.37,10077.12,200,Success
2026-05-05T17:13:24.055313,250,load,Indirect,"We import raw cocoa (HS 1801) from Ghana, process it into chocolate (HS 1806) in Singapore, and export to Japan. How do we prove substantial transformation and claim preference under RCEP?",,301264.61,10070.72,200,Stream interrupted – chunked stream closed early (server/proxy/load)
2026-05-05T17:13:24.802680,250,load,Indirect,"If we import under ASEAN-China FTA and re-export to Japan under RCEP with minimal repackaging in Singapore, can we use a back-to-back certificate, and what are the conditions and time limits?",,301035.19,10078.04,200,Stream interrupted – chunked stream closed early (server/proxy/load)
2026-05-05T17:13:25.779886,250,load,Indirect,How do I qualify for preferential treatment under the ATIGA for my export of water pumps with HS code 8413.20.90 from Singapore to Indonesia?,,301032.02,10076.03,200,Stream interrupted – chunked stream closed early (server/proxy/load)
2026-05-05T17:13:26.834526,250,load,Indirect,I import brooms with HS code 9603.10.20 from China to Singapore and would like to re-export to Malaysia. Am I eligible for any FTAs?,,301056.96,10142.96,200,Stream interrupted – chunked stream closed early (server/proxy/load)
2026-05-05T17:13:27.847773,250,load,Direct,Which FTA gives the best tariff for exporting solar panels (HS 8541.40) from Singapore to Japan?,,301032.85,10118.28,200,Stream interrupted – chunked stream closed early (server/proxy/load)
2026-05-05T17:13:28.835939,250,load,Indirect,I import meat with HS code 0201.30.01 from Australia to Singapore and re-export to Japan. Am I eligible for preferential tariffs?,,301037.16,10072.24,200,Stream interrupted – chunked stream closed early (server/proxy/load)
2026-05-05T17:13:30.860906,250,load,Indirect,"We import wine (HS 2204) from Australia under the Singapore-Australia FTA and store it in a bonded warehouse. When we re-export to Japan, can we claim preference under RCEP or CPTPP, and what evidence",,301044.69,10067.12,200,Stream interrupted – chunked stream closed early (server/proxy/load)
2026-05-05T17:13:32.859003,250,load,Indirect,"We manufacture plastic containers (HS 3924) in Singapore using resin from Saudi Arabia and additives from Malaysia. How do we prove origin under ATIGA for export to Vietnam, and which FTA gives the be",,301037.26,10065.19,200,Stream interrupted – chunked stream closed early (server/proxy/load)
2026-05-05T17:13:34.275821,250,load,Indirect,"For goods that qualify under both ATIGA and RCEP when exporting from Singapore to Thailand, how do we choose which FTA to use, and can we switch between them for different shipments of the same produc","I apologize, but I encountered technical difficulties while attempting to retrieve information from our knowledge base and glossary systems to answer your question about choosing between ATIGA and RCEP for exports from Singapore to Thailand.

## Your Question
You asked about:
1. How to choose which FTA (ATIGA or RCEP) to use when goods qualify under both agreements for Singapore to Thailand exports
2. Whether you can switch between these FTAs for different shipments of the same product

## Curre",286012.93,10087.19,200,Success
2026-05-05T17:13:34.505875,250,load,Direct,What is SBF's role in trade documentation and FTA support for Singapore businesses?,"I apologize, but I encountered technical difficulties while attempting to retrieve information about SBF's role in trade documentation and FTA support for Singapore businesses. The knowledge base and glossary tools experienced connection timeouts and were unable to return results.

Based on your request, you're seeking information about:
- Singapore Business Federation's (SBF) role in trade documentation
- SBF's FTA support services for Singapore businesses

Unfortunately, without access to the ",267160.48,10069.47,200,Success
2026-05-05T17:13:35.889801,250,load,Direct,I am exporting essential oils with HS code 3301.29.51.03 from France to the US. What tariffs apply?,,301044.79,10070.1,200,Stream interrupted – chunked stream closed early (server/proxy/load)
2026-05-05T17:13:37.183792,250,load,Direct,I am exporting t-shirts with HS code 6109.10.00.14 from Colombia to the US. What tariffs apply?,,301048.7,10067.81,200,Stream interrupted – chunked stream closed early (server/proxy/load)
2026-05-05T17:13:37.670957,250,load,Direct,"When forming a Japan–Singapore joint-venture apparel retailer, which FTAs, domestic laws, and compliance obligations need to be taken into account?","I am unable to retrieve sufficient information regarding this subject matter. For further guidance, please click on the 'Email' button on the bottom right corner of the screen to arrange for a call or a one-to-one advisory session. Our specialists can offer tailored insights based on your product and trade needs, and help you address any related queries or challenges.",175248.64,10061.19,200,Success
2026-05-05T17:13:39.046003,250,load,Indirect,"We export organic fertiliser (HS 3101) from Singapore to New Zealand. Under CPTPP, what are the rules of origin and any product-specific requirements we must meet?",,301027.81,10067.39,200,Stream interrupted – chunked stream closed early (server/proxy/load)
2026-05-05T17:13:41.095793,250,load,Direct,What is the difference between a Certificate of Origin and a Preferential Certificate of Origin?,"I encountered technical difficulties accessing both the CFOTI Knowledge Base and glossary systems to retrieve detailed information about the difference between a Certificate of Origin and a Preferential Certificate of Origin.

However, I can provide you with general guidance on this topic:

## General Overview

**Certificate of Origin (CO):**
- A standard document that certifies the country where goods were manufactured or produced
- Used primarily for customs clearance and trade statistics
- Do",291830.89,10072.91,200,Success
2026-05-05T17:13:41.255055,250,load,Indirect,"We have a back-to-back PCO under RCEP for goods from Japan. The buyer in Indonesia wants to split the shipment into two consignments over two months. Is the original PCO still valid, and what do we ne",,301045.05,10083.03,200,Stream interrupted – chunked stream closed early (server/proxy/load)
2026-05-05T17:13:42.005140,250,load,Direct,I want to export medicinal herbs (HS 1211.90) from Singapore to the EU. Which agreement applies?,,301039.96,10059.67,200,Stream interrupted – chunked stream closed early (server/proxy/load)
2026-05-05T17:13:45.019191,250,load,Direct,Where do I get help with FTA and Certificate of Origin queries in Singapore?,"I am unable to retrieve sufficient information regarding this subject matter. For further guidance, please click on the 'Email' button on the bottom right corner of the screen to arrange for a call or a one-to-one advisory session. Our specialists can offer tailored insights based on your product and trade needs, and help you address any related queries or challenges.",168490.91,10114.71,200,Success
2026-05-05T17:13:47.285111,250,load,Direct,I am exporting fruits with HS code 0811.10.00.50 from Thailand to the US. What tariffs apply?,,301038.95,10057.92,200,Stream interrupted – chunked stream closed early (server/proxy/load)
2026-05-05T17:13:50.925972,250,load,Direct,"Which Singapore FTA covers trade in services, not just goods?","# Singapore FTAs Covering Trade in Services

I apologize, but I encountered technical difficulties accessing the knowledge base and glossary systems to retrieve comprehensive information about which Singapore FTAs cover trade in services beyond just goods.

## Current Analysis

Based on the workflow I attempted to follow:

### Steps Completed:
✅ Received and analyzed your question about Singapore FTAs covering trade in services  
✅ Attempted to query the knowledge base for Singapore FTA services",271969.46,10095.3,200,Success
2026-05-05T17:13:51.274291,250,load,Indirect,"For machinery (HS 8479) assembled in Singapore from US and German parts, what are the rules of origin under the EU-Singapore FTA and UK-Singapore FTA, and how do we calculate and document RVC?",,301033.87,10066.41,200,Stream interrupted – chunked stream closed early (server/proxy/load)
2026-05-05T17:13:53.310656,250,load,Direct,I am exporting rubber gloves (HS 4015.19) from Singapore to Malaysia. Which FTA applies?,,301032.71,10063.3,200,Stream interrupted – chunked stream closed early (server/proxy/load)
2026-05-05T17:13:54.347366,250,load,Indirect,"For shipments from Singapore to Australia with goods sourced from Japan and Korea, what are the steps to claim AANZFTA or RCEP preferences?",,301045.28,10071.26,200,Stream interrupted – chunked stream closed early (server/proxy/load)
2026-05-05T17:13:55.352359,250,load,Indirect,"If our PCO application is rejected by Singapore Customs due to insufficient supporting documents, what can we do to rectify and reapply, and how long does the appeal or correction process take?",,301051.29,10086.28,200,Stream interrupted – chunked stream closed early (server/proxy/load)
2026-05-05T17:13:56.333973,250,load,Indirect,"We have a back-to-back PCO under RCEP for goods from Japan. The buyer in Indonesia wants to split the shipment into two consignments over two months. Is the original PCO still valid, and what do we ne",,301037.01,10459.2,200,Stream interrupted – chunked stream closed early (server/proxy/load)
2026-05-05T17:13:57.342425,250,load,Direct,I am exporting umbrella parts with HS code 6603.90.41 from Brazil to the US. What are the additional tariffs?,,301058.49,10072.56,200,Stream interrupted – chunked stream closed early (server/proxy/load)
2026-05-05T17:13:59.359123,250,load,Direct,What FTAs can I use to export coffee (HS 0901.21) from Singapore to Chile?,,301040.66,10078.46,200,Stream interrupted – chunked stream closed early (server/proxy/load)
2026-05-05T17:14:00.366772,250,load,Indirect,"If our PCO application is rejected by Singapore Customs due to insufficient supporting documents, what can we do to rectify and reapply, and how long does the appeal or correction process take?",,301030.43,10059.71,200,Stream interrupted – chunked stream closed early (server/proxy/load)
2026-05-05T17:14:01.357109,250,load,Direct,"I am exporting meat with HS code 0210.19.90 from Singapore to Indonesia. The export value is 10,000 SGD. Which FTAs can I leverage?",,301033.51,10082.74,200,Stream interrupted – chunked stream closed early (server/proxy/load)
2026-05-05T17:14:02.395071,250,load,Indirect,"Under which FTAs, if any, can India-origin goods use a back-to-back mechanism via Singapore?",,301047.08,10326.44,200,Stream interrupted – chunked stream closed early (server/proxy/load)
2026-05-05T17:14:03.768390,250,load,Indirect,"What are the steps and timelines to apply for a PCO under the Digital Economy Agreement between Singapore and Australia, and how does it differ from the standard goods FTA process?",,301035.07,10065.81,200,Stream interrupted – chunked stream closed early (server/proxy/load)
2026-05-05T17:14:04.418056,250,load,Direct,I have an energy product with HS code 2710.12.15.10 that is made in Canada and to be exported to the US. My goods do not meet the rules of origin under the USMCA. What is the tariff?,,301052.99,10102.88,200,Stream interrupted – chunked stream closed early (server/proxy/load)
2026-05-05T17:14:05.365752,250,load,Direct,What HS code should I use for LED light fixtures (ceiling type) for export to India?,,301032.5,10094.55,200,Stream interrupted – chunked stream closed early (server/proxy/load)
2026-05-05T17:14:06.426988,250,load,Direct,I export seafood (HS 0304) from Singapore to South Korea. What FTA and duty rate apply?,,301055.82,10082.97,200,Stream interrupted – chunked stream closed early (server/proxy/load)
2026-05-05T17:14:07.340001,250,load,Direct,What documents do I need to apply for a Preferential Certificate of Origin under RCEP for export to China?,,301037.49,10072.84,200,Stream interrupted – chunked stream closed early (server/proxy/load)
2026-05-05T17:14:08.303009,250,load,Indirect,"What is the PCO application process for the export of my product with HS code 3924.90.90 from Singapore to Vietnam with an estimated export value of 5,000 SGD under the ATIGA FTA?",,301031.04,10081.13,200,Stream interrupted – chunked stream closed early (server/proxy/load)
2026-05-05T17:14:08.790206,250,load,Indirect,"We ship from Singapore to multiple ASEAN countries (Indonesia, Philippines, Vietnam) under ATIGA. Do we need one PCO per destination or one for the whole order, and what are the declaration requiremen",,301039.7,10088.22,200,Stream interrupted – chunked stream closed early (server/proxy/load)
2026-05-05T17:14:09.425290,250,load,Direct,What documents do I need to apply for a Preferential Certificate of Origin under RCEP for export to China?,,301034.97,10075.86,200,Stream interrupted – chunked stream closed early (server/proxy/load)
2026-05-05T17:14:10.362961,250,load,Indirect,"We assemble vacuum cleaners (HS Code 8508.19.10) in Singapore from Chinese parts and export to Indonesia. Does simple assembly confer Singapore origin, or should we apply for a back-to-back PCO instea",,301027.69,10059.38,200,Stream interrupted – chunked stream closed early (server/proxy/load)
2026-05-05T17:14:11.397769,250,load,Indirect,"We manufacture plastic containers (HS 3924) in Singapore using resin from Saudi Arabia and additives from Malaysia. How do we prove origin under ATIGA for export to Vietnam, and which FTA gives the be",,301039.83,10069.84,200,Stream interrupted – chunked stream closed early (server/proxy/load)
2026-05-05T17:14:12.388878,250,load,Indirect,"We ship from Singapore to multiple ASEAN countries (Indonesia, Philippines, Vietnam) under ATIGA. Do we need one PCO per destination or one for the whole order, and what are the declaration requiremen",,301048.75,10077.39,200,Stream interrupted – chunked stream closed early (server/proxy/load)
2026-05-05T17:14:15.714862,250,load,Indirect,"We import headphones (HS 8518.30.10) from China and sell to Vietnam. Can CPTPP preferences ever apply, and what proof would be required?",,301038.18,10090.18,200,Stream interrupted – chunked stream closed early (server/proxy/load)
2026-05-05T17:14:17.009157,250,load,Direct,I am exporting T-Shirt with HS code 6109.10.10 from Singapore to Thailand. What FTAs would be beneficial for my export?,"Thank you for your questions. I notice you've asked about **two different scenarios**:

1. **ATIGA multi-destination shipments** (Singapore → Indonesia, Philippines, Vietnam) - PCO requirements and declarations
2. **T-shirt exports under FTAs** (HS 6109.10.10, Singapore → Thailand) - Which FTAs are beneficial

To provide you with the most accurate and detailed guidance, **I can address one scenario at a time thoroughly**. 

---

## Which Would You Like Me to Prioritize?

**Option A:** ATIGA mult",267785.82,10099.08,200,Success
2026-05-05T17:14:17.173643,250,load,Direct,I am exporting salmon with HS code 0303.11 from Norway to the US. What tariffs apply?,,301055.54,10077.67,200,Stream interrupted – chunked stream closed early (server/proxy/load)
2026-05-05T17:14:17.731369,250,load,Indirect,"If we import under ASEAN-China FTA and re-export to Japan under RCEP with minimal repackaging in Singapore, can we use a back-to-back certificate, and what are the conditions and time limits?",,301048.55,10084.36,200,Stream interrupted – chunked stream closed early (server/proxy/load)
2026-05-05T17:14:18.662065,250,load,Indirect,"We import raw cocoa (HS 1801) from Ghana, process it into chocolate (HS 1806) in Singapore, and export to Japan. How do we prove substantial transformation and claim preference under RCEP?",,301035.28,10068.81,200,Stream interrupted – chunked stream closed early (server/proxy/load)
2026-05-05T17:14:19.655716,250,load,Direct,I would like to export beet sugar with HS code 1701.12 from Singapore to either Laos or New Zealand. What FTAs can I leverage?,,301038.05,10069.54,200,Stream interrupted – chunked stream closed early (server/proxy/load)
2026-05-05T17:14:20.653957,250,load,Indirect,I import machinery parts from Japan to Singapore and would like to re-export to India. The HS code of the machinery parts are 8401.10. Am I eligible for any FTAs?,,301033.52,10076.08,200,Stream interrupted – chunked stream closed early (server/proxy/load)
2026-05-05T17:14:21.669652,250,load,Indirect,"We have an existing PCO but the importer says the HS code on the certificate does not match their customs declaration. How do we correct or reissue the certificate, and will it affect the validity per",,301044.82,10087.14,200,Stream interrupted – chunked stream closed early (server/proxy/load)
2026-05-05T17:14:22.708592,250,load,Indirect,"If I import products from South Korea into Singapore, store them in Singapore, and then export them to Vietnam. Is there any FTA I can use to obtain duty savings on import into Vietnam?",,301026.32,10071.35,200,Stream interrupted – chunked stream closed early (server/proxy/load)
2026-05-05T17:14:23.770603,250,load,Indirect,"We have a back-to-back PCO under RCEP for goods from Japan. The buyer in Indonesia wants to split the shipment into two consignments over two months. Is the original PCO still valid, and what do we ne",,301031.6,10067.3,200,Stream interrupted – chunked stream closed early (server/proxy/load)
2026-05-05T17:14:24.801751,250,load,Indirect,"We import headphones (HS 8518.30.10) from China and sell to Vietnam. Can CPTPP preferences ever apply, and what proof would be required?",,301048.58,10071.87,200,Stream interrupted – chunked stream closed early (server/proxy/load)
2026-05-05T17:14:25.857101,250,load,Indirect,I import brooms with HS code 9603.10.20 from China to Singapore and would like to re-export to Malaysia. Am I eligible for any FTAs?,,301037.72,10068.08,200,Stream interrupted – chunked stream closed early (server/proxy/load)
2026-05-05T17:14:26.797365,250,load,Direct,"Please provide guidance on enjoying FTA tariffs benefit for the export of S$100,000 worth of electric motors (HS code: 8501.10.10.30) from Singapore to the United Kingdom.",,301059.57,10078.1,200,Stream interrupted – chunked stream closed early (server/proxy/load)
2026-05-05T17:14:26.869421,250,load,Direct,What tariff will my aluminium rods with HS code 7604.29.10.10 be subject to if it was manufactured in Russia and exported to the US?,"I notice you've asked multiple questions at once. To provide you with the most accurate and thorough assistance, I can only address one request at a time. 

Let me clarify what I see in your message:

1. **Question about Singapore's FTAs**: How many FTAs Singapore has signed versus those in force, and where to verify the latest status
2. **Question about tariffs for aluminium rods**: Tariff information for HS code 7604.29.10.10 manufactured in Russia and exported to the US

Could you please conf",163086.51,10079.68,200,Success
2026-05-05T17:14:27.809573,250,load,Indirect,I import meat with HS code 0201.30.01 from Australia to Singapore and re-export to Japan. Am I eligible for preferential tariffs?,,301045.3,10069.94,200,Stream interrupted – chunked stream closed early (server/proxy/load)
2026-05-05T17:14:28.863307,250,load,Direct,What documents do I need to apply for a Preferential Certificate of Origin under RCEP for export to China?,,301061.86,10079.89,200,Stream interrupted – chunked stream closed early (server/proxy/load)
2026-05-05T17:14:29.831879,250,load,Direct,I would like to export beet sugar with HS code 1701.12 from Singapore to either Laos or New Zealand. What FTAs can I leverage?,,301032.61,10066.88,200,Stream interrupted – chunked stream closed early (server/proxy/load)
2026-05-05T17:14:30.827551,250,load,Indirect,We import Korean cosmetics (HS 3304) under RCEP into Singapore and re-export to Japan with no further processing. Can we apply for a back-to-back RCEP certificate?,,301029.82,10070.49,200,Stream interrupted – chunked stream closed early (server/proxy/load)
2026-05-05T17:14:31.834677,250,load,Direct,"Does Singapore have an FTA with Turkey? If yes, what is the tariff for exporting textiles (HS 5407)?",,301036.12,10066.59,200,Stream interrupted – chunked stream closed early (server/proxy/load)
2026-05-05T17:14:32.826054,250,load,Indirect,I import meat with HS code 0201.30.01 from Australia to Singapore and re-export to Japan. Am I eligible for preferential tariffs?,,301038.11,10070.23,200,Stream interrupted – chunked stream closed early (server/proxy/load)
2026-05-05T17:14:33.847036,250,load,Indirect,"We export organic fertiliser (HS 3101) from Singapore to New Zealand. Under CPTPP, what are the rules of origin and any product-specific requirements we must meet?",,301028.83,10061.8,200,Stream interrupted – chunked stream closed early (server/proxy/load)
2026-05-05T17:14:34.104461,250,load,Indirect,I import brooms with HS code 9603.10.20 from China to Singapore and would like to re-export to Malaysia. Am I eligible for any FTAs?,"I appreciate your questions. However, I can only address one request at a time to provide you with thorough and accurate guidance.

You've asked about:
1. **Headphones (HS 8518.30.10)** from China to Vietnam under CPTPP
2. **Brooms (HS 9603.10.20)** from China to Singapore, then re-exported to Malaysia for FTA eligibility

I've already provided a comprehensive answer to your first question about headphones and CPTPP in my previous response.

**Could you please confirm which question you'd like m",285372.16,10089.23,200,Success
2026-05-05T17:14:34.881398,250,load,Direct,What FTAs can I use to export coffee (HS 0901.21) from Singapore to Chile?,,301053.44,10071.68,200,Stream interrupted – chunked stream closed early (server/proxy/load)
2026-05-05T17:14:35.905786,250,load,Indirect,"If I import products from South Korea into Singapore, store them in Singapore, and then export them to Vietnam. Is there any FTA I can use to obtain duty savings on import into Vietnam?",,301041.39,10071.48,200,Stream interrupted – chunked stream closed early (server/proxy/load)
2026-05-05T17:14:36.875007,250,load,Indirect,"We import headphones (HS 8518.30.10) from China and sell to Vietnam. Can CPTPP preferences ever apply, and what proof would be required?",,301046.06,10066.5,200,Stream interrupted – chunked stream closed early (server/proxy/load)
2026-05-05T17:14:37.804494,250,load,Indirect,"We manufacture plastic containers (HS 3924) in Singapore using resin from Saudi Arabia and additives from Malaysia. How do we prove origin under ATIGA for export to Vietnam, and which FTA gives the be",,301042.45,10083.52,200,Stream interrupted – chunked stream closed early (server/proxy/load)
2026-05-05T17:14:37.862142,250,load,Direct,What's the practical difference between RVC build-up and build-down methods and when is each preferable?,,301036.7,10065.13,200,Stream interrupted – chunked stream closed early (server/proxy/load)
2026-05-05T17:14:38.880003,250,load,Direct,I export wooden furniture (HS 9403.60) from Singapore to Australia. What is the duty rate under the relevant FTA?,,301036.15,10099.11,200,Stream interrupted – chunked stream closed early (server/proxy/load)
2026-05-05T17:14:39.914154,250,load,Direct,I am importing ceramic tiles (HS 6908.90) from Vietnam to Singapore. What tariff applies under ATIGA?,,301051.04,10103.16,200,Stream interrupted – chunked stream closed early (server/proxy/load)
2026-05-05T17:14:41.028417,250,load,Indirect,"We consolidate shipments from multiple ASEAN countries in Singapore and then send them to Australia. Can we obtain a single certificate covering the whole consignment, or do we need separate origin do",,301048.5,10074.84,200,Stream interrupted – chunked stream closed early (server/proxy/load)
2026-05-05T17:14:41.892009,250,load,Indirect,We import fresh mangoes (HS 0804.50) from Indonesia into Singapore and plan to re-export them to the Philippines. Can we request a back-to-back PCO under ATIGA?,,301028.78,10063.53,200,Stream interrupted – chunked stream closed early (server/proxy/load)
2026-05-05T17:14:42.898866,250,load,Indirect,I import machinery parts from Japan to Singapore and would like to re-export to India. The HS code of the machinery parts are 8401.10. Am I eligible for any FTAs?,,301036.1,10070.48,200,Stream interrupted – chunked stream closed early (server/proxy/load)
2026-05-05T17:14:43.882695,250,load,Direct,How do I identify appropriate HS codes and market requirements for exporting headphones to the Philippines?,,301022.75,10057.25,200,Stream interrupted – chunked stream closed early (server/proxy/load)
2026-05-05T17:14:44.961740,250,load,Indirect,How do I qualify for preferential treatment under the ATIGA for my export of water pumps with HS code 8413.20.90 from Singapore to Indonesia?,,301039.38,10082.82,200,Stream interrupted – chunked stream closed early (server/proxy/load)
2026-05-05T17:14:46.009939,250,load,Indirect,"Our company sources components from China, Thailand, and Malaysia and assembles electronic switches (HS 8536.50) in Singapore for export to Australia. Can we claim Singapore origin under AANZFTA, and ",,301030.02,10061.64,200,Stream interrupted – chunked stream closed early (server/proxy/load)
2026-05-05T17:14:46.887826,250,load,Direct,How do I identify appropriate HS codes and market requirements for exporting headphones to the Philippines?,,301034.52,10073.94,200,Stream interrupted – chunked stream closed early (server/proxy/load)
2026-05-05T17:14:48.068655,250,load,Indirect,"We received a request from Indonesian customs to verify our ATIGA PCO. What is the process for Singapore exporters, what documents must we provide, and what is the typical timeline?",,301234.05,10283.9,200,Stream interrupted – chunked stream closed early (server/proxy/load)
2026-05-05T17:14:48.359878,250,load,Indirect,"If our PCO application is rejected by Singapore Customs due to insufficient supporting documents, what can we do to rectify and reapply, and how long does the appeal or correction process take?",,301052.73,10083.71,200,Stream interrupted – chunked stream closed early (server/proxy/load)
2026-05-05T17:14:48.871266,250,load,Indirect,We import fresh mangoes (HS 0804.50) from Indonesia into Singapore and plan to re-export them to the Philippines. Can we request a back-to-back PCO under ATIGA?,,301019.46,10059.53,200,Stream interrupted – chunked stream closed early (server/proxy/load)
2026-05-05T17:14:49.621936,250,load,Direct,"Which agreements used by Singapore allow exporter self-certification, and what are the eligibility conditions?",,301029.7,10069.81,200,Stream interrupted – chunked stream closed early (server/proxy/load)
2026-05-05T17:14:50.068476,250,load,Direct,I am exporting rubber gloves (HS 4015.19) from Singapore to Malaysia. Which FTA applies?,,301039.93,10075.42,200,Stream interrupted – chunked stream closed early (server/proxy/load)
2026-05-05T17:14:50.938756,250,load,Indirect,"We ship from Singapore to multiple ASEAN countries (Indonesia, Philippines, Vietnam) under ATIGA. Do we need one PCO per destination or one for the whole order, and what are the declaration requiremen",,301043.51,10087.11,200,Stream interrupted – chunked stream closed early (server/proxy/load)
2026-05-05T17:14:52.930504,250,load,Indirect,"We import headphones (HS 8518.30.10) from China and sell to Vietnam. Can CPTPP preferences ever apply, and what proof would be required?",,301029.93,10070.01,200,Stream interrupted – chunked stream closed early (server/proxy/load)
2026-05-05T17:14:53.983005,250,load,Indirect,"If we import under ASEAN-China FTA and re-export to Japan under RCEP with minimal repackaging in Singapore, can we use a back-to-back certificate, and what are the conditions and time limits?",,301037.03,10069.85,200,Stream interrupted – chunked stream closed early (server/proxy/load)
2026-05-05T17:14:54.964741,250,load,Indirect,Can we ship goods directly from China to Indonesia with a Singapore invoice and still claim ACFTA preference?,,301038.76,10069.38,200,Stream interrupted – chunked stream closed early (server/proxy/load)
2026-05-05T17:14:55.956803,250,load,Indirect,I import brooms with HS code 9603.10.20 from China to Singapore and would like to re-export to Malaysia. Am I eligible for any FTAs?,,301022.9,10066.82,200,Stream interrupted – chunked stream closed early (server/proxy/load)
2026-05-05T17:14:56.988764,250,load,Indirect,"For machinery (HS 8479) assembled in Singapore from US and German parts, what are the rules of origin under the EU-Singapore FTA and UK-Singapore FTA, and how do we calculate and document RVC?",,301048.65,10077.38,200,Stream interrupted – chunked stream closed early (server/proxy/load)
2026-05-05T17:14:58.233987,250,load,Indirect,"We manufacture plastic containers (HS 3924) in Singapore using resin from Saudi Arabia and additives from Malaysia. How do we prove origin under ATIGA for export to Vietnam, and which FTA gives the be",,301133.89,10098.21,200,Stream interrupted – chunked stream closed early (server/proxy/load)
2026-05-05T17:14:58.296683,250,load,Direct,Can I use the UK-Singapore FTA for exporting machinery parts (HS 8483.40) to the United Kingdom?,,301034.07,10067.3,200,Stream interrupted – chunked stream closed early (server/proxy/load)
2026-05-05T17:14:59.039862,250,load,Direct,I have an energy product with HS code 2710.12.15.10 that is made in Canada and to be exported to the US. My goods do not meet the rules of origin under the USMCA. What is the tariff?,,301053.26,10084.13,200,Stream interrupted – chunked stream closed early (server/proxy/load)
2026-05-05T17:15:00.060809,250,load,Direct,"In what ways do digital trade provisions in relevant agreements create sector-specific opportunities and advantages, and how do they improve market access and cross-border dealings?",,301054.62,10068.72,200,Stream interrupted – chunked stream closed early (server/proxy/load)
2026-05-05T17:15:00.978380,250,load,Indirect,I import brooms with HS code 9603.10.20 from China to Singapore and would like to re-export to Malaysia. Am I eligible for any FTAs?,,301030.75,10063.53,200,Stream interrupted – chunked stream closed early (server/proxy/load)
2026-05-05T17:15:01.117986,250,load,Indirect,"Our goods qualify under both RCEP and ATIGA for export to Thailand. Which agreement should we use for the PCO, and does it affect how we complete the origin declaration?",,260687.58,11191.33,200,Error - Empty Response
2026-05-05T17:15:01.282265,250,load,Indirect,"Our goods qualify under both RCEP and ATIGA for export to Thailand. Which agreement should we use for the PCO, and does it affect how we complete the origin declaration?",,277067.89,10067.81,200,Error - Empty Response
2026-05-05T17:15:02.006196,250,load,Direct,"I am exporting meat with HS code 0210.19.90 from Singapore to Indonesia. The export value is 10,000 SGD. Which FTAs can I leverage?",,301038.38,10074.33,200,Stream interrupted – chunked stream closed early (server/proxy/load)
2026-05-05T17:15:02.756488,250,load,Indirect,"If our PCO application is rejected by Singapore Customs due to insufficient supporting documents, what can we do to rectify and reapply, and how long does the appeal or correction process take?",,301046.91,10288.15,200,Stream interrupted – chunked stream closed early (server/proxy/load)
2026-05-05T17:15:03.355664,250,load,Indirect,"We import headphones (HS 8518.30.10) from China and sell to Vietnam. Can CPTPP preferences ever apply, and what proof would be required?",,301061.7,10277.44,200,Stream interrupted – chunked stream closed early (server/proxy/load)
2026-05-05T17:15:04.031609,250,load,Direct,"I am exporting meat with HS code 0210.19.90 from Singapore to Indonesia. The export value is 10,000 SGD. Which FTAs can I leverage?",,301029.59,10068.84,200,Stream interrupted – chunked stream closed early (server/proxy/load)
2026-05-05T17:15:04.595298,250,load,Indirect,"What is the PCO application process for the export of my product with HS code 3924.90.90 from Singapore to Vietnam with an estimated export value of 5,000 SGD under the ATIGA FTA?",,301040.14,10068.24,200,Stream interrupted – chunked stream closed early (server/proxy/load)
2026-05-05T17:15:05.005446,250,load,Indirect,"For machinery (HS 8479) assembled in Singapore from US and German parts, what are the rules of origin under the EU-Singapore FTA and UK-Singapore FTA, and how do we calculate and document RVC?",,301046.39,10097.64,200,Stream interrupted – chunked stream closed early (server/proxy/load)
2026-05-05T17:15:06.017856,250,load,Indirect,"We consolidate shipments from multiple ASEAN countries in Singapore and then send them to Australia. Can we obtain a single certificate covering the whole consignment, or do we need separate origin do",,301034.74,10069.25,200,Stream interrupted – chunked stream closed early (server/proxy/load)
2026-05-05T17:15:07.039526,250,load,Indirect,"We import cotton fabric (HS 5208) from India into Singapore, dye and cut it here, then export garments to the EU. How do we determine origin under RCEP and EU-Singapore FTA, and what documentation do ",,301082.51,10094.58,200,Stream interrupted – chunked stream closed early (server/proxy/load)
2026-05-05T17:15:08.028398,250,load,Direct,"I am exporting meat with HS code 0210.19.90 from Singapore to Indonesia. The export value is 10,000 SGD. Which FTAs can I leverage?",,301046.35,10079.79,200,Stream interrupted – chunked stream closed early (server/proxy/load)
2026-05-05T17:15:09.048589,250,load,Direct,What is the process to revise or correct a Manufacturing Cost Statement that has already been submitted?,,301057.06,10070.18,200,Stream interrupted – chunked stream closed early (server/proxy/load)
2026-05-05T17:15:10.083958,250,load,Indirect,"If I import products from South Korea into Singapore, store them in Singapore, and then export them to Vietnam. Is there any FTA I can use to obtain duty savings on import into Vietnam?",,301038.63,10080.01,200,Stream interrupted – chunked stream closed early (server/proxy/load)
2026-05-05T17:15:10.168598,250,load,Indirect,"Our goods qualify under both RCEP and ATIGA for export to Thailand. Which agreement should we use for the PCO, and does it affect how we complete the origin declaration?",,301031.97,10091.01,200,Stream interrupted – chunked stream closed early (server/proxy/load)
2026-05-05T17:15:10.174407,250,load,Direct,What is the validity period of a PCO issued under ATIGA?,,301035.8,10078.68,200,Stream interrupted – chunked stream closed early (server/proxy/load)
2026-05-05T17:15:10.462474,250,load,Indirect,"If we import under ASEAN-China FTA and re-export to Japan under RCEP with minimal repackaging in Singapore, can we use a back-to-back certificate, and what are the conditions and time limits?",,301042.16,10102.95,200,Stream interrupted – chunked stream closed early (server/proxy/load)
2026-05-05T17:15:11.085103,250,load,Indirect,"We import cotton fabric (HS 5208) from India into Singapore, dye and cut it here, then export garments to the EU. How do we determine origin under RCEP and EU-Singapore FTA, and what documentation do ",,301044.6,10075.78,200,Stream interrupted – chunked stream closed early (server/proxy/load)
2026-05-05T17:15:12.226402,250,load,Indirect,"We export organic fertiliser (HS 3101) from Singapore to New Zealand. Under CPTPP, what are the rules of origin and any product-specific requirements we must meet?",,301045.06,10080.44,200,Stream interrupted – chunked stream closed early (server/proxy/load)
2026-05-05T17:15:12.779705,250,load,Direct,Can I use the UK-Singapore FTA for exporting machinery parts (HS 8483.40) to the United Kingdom?,,301031.05,10080.69,200,Stream interrupted – chunked stream closed early (server/proxy/load)
2026-05-05T17:15:13.214699,250,load,Indirect,I want to import semiconductor integrated circuits from South Korea to Singapore and intend to re-export them to Vietnam. The HS code is 8542.31. Am I eligible for any FTAs?,,301033.21,10061.27,200,Stream interrupted – chunked stream closed early (server/proxy/load)
2026-05-05T17:15:13.688066,250,load,Indirect,"We consolidate shipments from multiple ASEAN countries in Singapore and then send them to Australia. Can we obtain a single certificate covering the whole consignment, or do we need separate origin do",,301056.12,10089.5,200,Stream interrupted – chunked stream closed early (server/proxy/load)
2026-05-05T17:15:14.239849,250,load,Direct,Are there any tariffs for the import of fresh apples with HS code 0808.10.00.45 into the US from Canada?,,301040.41,10073.23,200,Stream interrupted – chunked stream closed early (server/proxy/load)
2026-05-05T17:15:15.187429,250,load,Indirect,We import fresh mangoes (HS 0804.50) from Indonesia into Singapore and plan to re-export them to the Philippines. Can we request a back-to-back PCO under ATIGA?,,301022.49,10065.6,200,Stream interrupted – chunked stream closed early (server/proxy/load)
2026-05-05T17:15:16.216704,250,load,Direct,I have an energy product with HS code 2710.12.15.10 that is made in Canada and to be exported to the US. My goods do not meet the rules of origin under the USMCA. What is the tariff?,,301035.24,10071.64,200,Stream interrupted – chunked stream closed early (server/proxy/load)
2026-05-05T17:15:17.279355,250,load,Indirect,I import machinery parts from Japan to Singapore and would like to re-export to India. The HS code of the machinery parts are 8401.10. Am I eligible for any FTAs?,,301045.72,10080.61,200,Stream interrupted – chunked stream closed early (server/proxy/load)
2026-05-05T17:15:18.256849,250,load,Indirect,"We have a back-to-back PCO under RCEP for goods from Japan. The buyer in Indonesia wants to split the shipment into two consignments over two months. Is the original PCO still valid, and what do we ne",,301042.8,10076.83,200,Stream interrupted – chunked stream closed early (server/proxy/load)
2026-05-05T17:15:19.272132,250,load,Indirect,"We import cotton fabric (HS 5208) from India into Singapore, dye and cut it here, then export garments to the EU. How do we determine origin under RCEP and EU-Singapore FTA, and what documentation do ",,301038.54,10079.17,200,Stream interrupted – chunked stream closed early (server/proxy/load)
2026-05-05T17:15:20.264895,250,load,Direct,"Does Singapore have an FTA with Turkey? If yes, what is the tariff for exporting textiles (HS 5407)?",,301033.39,10074.14,200,Stream interrupted – chunked stream closed early (server/proxy/load)
2026-05-05T17:15:21.250726,250,load,Direct,I would like to export my product of HS 4819.60 from Singapore to India. What is the duty rate and what FTAs can I leverage?,,301028.57,10088.08,200,Stream interrupted – chunked stream closed early (server/proxy/load)
2026-05-05T17:15:22.264837,250,load,Indirect,"Can we use exporter self-certification under the UK-Singapore FTA for our exports of pharmaceutical products (HS 3004), and what are the exact conditions and record-keeping requirements?",,301034.62,10069.05,200,Stream interrupted – chunked stream closed early (server/proxy/load)
2026-05-05T17:15:22.496828,250,load,Direct,Where can I find the rules of origin for my product under the Singapore-Australia FTA?,,253588.84,10075.89,200,Error - Empty Response
2026-05-05T17:15:23.445096,250,load,Direct,What is the tariff for importing stainless steel sheets (HS 7219.13) from Indonesia into Singapore under ATIGA?,,301042.29,10083.53,200,Stream interrupted – chunked stream closed early (server/proxy/load)
2026-05-05T17:15:26.289304,250,load,Direct,I am exporting essential oils with HS code 3301.29.51.03 from France to the US. What tariffs apply?,,301042.8,10069.28,200,Stream interrupted – chunked stream closed early (server/proxy/load)
2026-05-05T17:15:28.350547,250,load,Indirect,We import Korean cosmetics (HS 3304) under RCEP into Singapore and re-export to Japan with no further processing. Can we apply for a back-to-back RCEP certificate?,,301043.79,10085.09,200,Stream interrupted – chunked stream closed early (server/proxy/load)
2026-05-05T17:15:29.282644,250,load,Indirect,I import brooms with HS code 9603.10.20 from China to Singapore and would like to re-export to Malaysia. Am I eligible for any FTAs?,,301028.84,10063.9,200,Stream interrupted – chunked stream closed early (server/proxy/load)
2026-05-05T17:15:30.293602,250,load,Indirect,We import Korean cosmetics (HS 3304) under RCEP into Singapore and re-export to Japan with no further processing. Can we apply for a back-to-back RCEP certificate?,,301038.73,10075.67,200,Stream interrupted – chunked stream closed early (server/proxy/load)
2026-05-05T17:15:31.628093,250,load,Direct,Where do I access certified lists or notices indicating country eligibility for Singapore public tenders under certain agreements?,,301033.2,10543.84,200,Stream interrupted – chunked stream closed early (server/proxy/load)
2026-05-05T17:15:32.508353,250,load,Indirect,"We have an existing PCO but the importer says the HS code on the certificate does not match their customs declaration. How do we correct or reissue the certificate, and will it affect the validity per",,301066.59,10075.47,200,Stream interrupted – chunked stream closed early (server/proxy/load)
2026-05-05T17:15:33.456670,250,load,Indirect,"We import headphones (HS 8518.30.10) from China and sell to Vietnam. Can CPTPP preferences ever apply, and what proof would be required?",,301073.57,10072.69,200,Stream interrupted – chunked stream closed early (server/proxy/load)
2026-05-05T17:15:34.417344,250,load,Indirect,"We have an existing PCO but the importer says the HS code on the certificate does not match their customs declaration. How do we correct or reissue the certificate, and will it affect the validity per",,301043.66,10060.77,200,Stream interrupted – chunked stream closed early (server/proxy/load)
2026-05-05T17:15:35.414639,250,load,Direct,I would like to know more about the import duties for export from Singapore to US. HS code for my product is 9404.21.00.10. Estimated export value for each mattress is $150.,,301042.11,10062.27,200,Stream interrupted – chunked stream closed early (server/proxy/load)
2026-05-05T17:15:36.186974,250,load,Indirect,"Can we use exporter self-certification under the UK-Singapore FTA for our exports of pharmaceutical products (HS 3004), and what are the exact conditions and record-keeping requirements?",,301100.42,10125.34,200,Stream interrupted – chunked stream closed early (server/proxy/load)
2026-05-05T17:15:36.458817,250,load,Indirect,"If we import under ASEAN-China FTA and re-export to Japan under RCEP with minimal repackaging in Singapore, can we use a back-to-back certificate, and what are the conditions and time limits?",,301060.68,10072.5,200,Stream interrupted – chunked stream closed early (server/proxy/load)
2026-05-05T17:15:37.440166,250,load,Indirect,"Can we use exporter self-certification under the UK-Singapore FTA for our exports of pharmaceutical products (HS 3004), and what are the exact conditions and record-keeping requirements?",,301028.75,10065.75,200,Stream interrupted – chunked stream closed early (server/proxy/load)
2026-05-05T17:15:38.418327,250,load,Indirect,"Under which FTAs, if any, can India-origin goods use a back-to-back mechanism via Singapore?",,301028.87,10073.86,200,Stream interrupted – chunked stream closed early (server/proxy/load)
2026-05-05T17:15:39.438657,250,load,Indirect,"We export organic fertiliser (HS 3101) from Singapore to New Zealand. Under CPTPP, what are the rules of origin and any product-specific requirements we must meet?",,301057.2,10080.81,200,Stream interrupted – chunked stream closed early (server/proxy/load)
2026-05-05T17:15:40.476075,250,load,Indirect,How do I qualify for preferential treatment under the ATIGA for my export of water pumps with HS code 8413.20.90 from Singapore to Indonesia?,,301055.83,10079.03,200,Stream interrupted – chunked stream closed early (server/proxy/load)
2026-05-05T17:15:40.537384,250,load,Indirect,"We have an existing PCO but the importer says the HS code on the certificate does not match their customs declaration. How do we correct or reissue the certificate, and will it affect the validity per",,301028.2,10079.53,200,Stream interrupted – chunked stream closed early (server/proxy/load)
2026-05-05T17:15:41.243445,250,load,Indirect,"We consolidate shipments from multiple ASEAN countries in Singapore and then send them to Australia. Can we obtain a single certificate covering the whole consignment, or do we need separate origin do",,301099.23,11476.95,200,Stream interrupted – chunked stream closed early (server/proxy/load)
2026-05-05T17:15:42.476997,250,load,Indirect,We import Korean cosmetics (HS 3304) under RCEP into Singapore and re-export to Japan with no further processing. Can we apply for a back-to-back RCEP certificate?,,301025.01,10171.62,200,Stream interrupted – chunked stream closed early (server/proxy/load)
2026-05-05T17:15:44.463228,250,load,Indirect,I import brooms with HS code 9603.10.20 from China to Singapore and would like to re-export to Malaysia. Am I eligible for any FTAs?,,301036.73,10061.38,200,Stream interrupted – chunked stream closed early (server/proxy/load)
2026-05-05T17:15:44.661704,250,load,Direct,What FTAs can I use to export coffee (HS 0901.21) from Singapore to Chile?,,301034.91,10130.41,200,Stream interrupted – chunked stream closed early (server/proxy/load)
2026-05-05T17:15:46.516582,250,load,Indirect,"We manufacture plastic containers (HS 3924) in Singapore using resin from Saudi Arabia and additives from Malaysia. How do we prove origin under ATIGA for export to Vietnam, and which FTA gives the be",,301034.71,10063.52,200,Stream interrupted – chunked stream closed early (server/proxy/load)
2026-05-05T17:15:46.519099,250,load,Indirect,"We import raw cocoa (HS 1801) from Ghana, process it into chocolate (HS 1806) in Singapore, and export to Japan. How do we prove substantial transformation and claim preference under RCEP?",,301034.11,10082.29,200,Stream interrupted – chunked stream closed early (server/proxy/load)
2026-05-05T17:15:47.512643,250,load,Indirect,"We import raw cocoa (HS 1801) from Ghana, process it into chocolate (HS 1806) in Singapore, and export to Japan. How do we prove substantial transformation and claim preference under RCEP?",,301052.02,10070.65,200,Stream interrupted – chunked stream closed early (server/proxy/load)
2026-05-05T17:15:48.477342,250,load,Indirect,Can we ship goods directly from China to Indonesia with a Singapore invoice and still claim ACFTA preference?,,301026.72,10064.63,200,Stream interrupted – chunked stream closed early (server/proxy/load)
2026-05-05T17:15:49.510566,250,load,Indirect,How do I qualify for preferential treatment under the ATIGA for my export of water pumps with HS code 8413.20.90 from Singapore to Indonesia?,,301042.5,10067.16,200,Stream interrupted – chunked stream closed early (server/proxy/load)
2026-05-05T17:15:49.512324,250,load,Indirect,I import brooms with HS code 9603.10.20 from China to Singapore and would like to re-export to Malaysia. Am I eligible for any FTAs?,,301043.02,10138.39,200,Stream interrupted – chunked stream closed early (server/proxy/load)
2026-05-05T17:15:50.521778,250,load,Indirect,I would like to leverage the AKFTA FTA for my export of 1701.12.20 from Singapore to South Korea. What is a PCO and how do I apply for it?,,301055.77,10076.06,200,Stream interrupted – chunked stream closed early (server/proxy/load)
2026-05-05T17:15:52.876044,250,load,Indirect,"We ship from Singapore to multiple ASEAN countries (Indonesia, Philippines, Vietnam) under ATIGA. Do we need one PCO per destination or one for the whole order, and what are the declaration requiremen",,301058.11,10069.74,200,Stream interrupted – chunked stream closed early (server/proxy/load)
2026-05-05T17:15:53.827180,250,load,Direct,I am exporting fruits with HS code 0811.10.00.50 from Thailand to the US. What tariffs apply?,,301046.22,10079.83,200,Stream interrupted – chunked stream closed early (server/proxy/load)
2026-05-05T17:15:54.833412,250,load,Direct,"Which Singapore FTA covers trade in services, not just goods?",,301029.4,10072.2,200,Stream interrupted – chunked stream closed early (server/proxy/load)
2026-05-05T17:15:55.683962,250,load,Indirect,"Under which FTAs, if any, can India-origin goods use a back-to-back mechanism via Singapore?",,301038.57,10111.43,200,Stream interrupted – chunked stream closed early (server/proxy/load)
2026-05-05T17:15:56.014055,250,load,Indirect,I want to import semiconductor integrated circuits from South Korea to Singapore and intend to re-export them to Vietnam. The HS code is 8542.31. Am I eligible for any FTAs?,,301035.53,10087.31,200,Stream interrupted – chunked stream closed early (server/proxy/load)
2026-05-05T17:15:57.116008,250,load,Indirect,I import meat with HS code 0201.30.01 from Australia to Singapore and re-export to Japan. Am I eligible for preferential tariffs?,,301146.27,10115.47,200,Stream interrupted – chunked stream closed early (server/proxy/load)
2026-05-05T17:15:57.859333,250,load,Indirect,Can we ship goods directly from China to Indonesia with a Singapore invoice and still claim ACFTA preference?,,301040.34,10084.35,200,Stream interrupted – chunked stream closed early (server/proxy/load)
2026-05-05T17:15:58.839426,250,load,Indirect,I would like to leverage the AKFTA FTA for my export of 1701.12.20 from Singapore to South Korea. What is a PCO and how do I apply for it?,,301027.67,10061.09,200,Stream interrupted – chunked stream closed early (server/proxy/load)
2026-05-05T17:15:59.807983,250,load,Indirect,We import Korean cosmetics (HS 3304) under RCEP into Singapore and re-export to Japan with no further processing. Can we apply for a back-to-back RCEP certificate?,,301040.08,10085.33,200,Stream interrupted – chunked stream closed early (server/proxy/load)
2026-05-05T17:15:59.872559,250,load,Indirect,"If we import under ASEAN-China FTA and re-export to Japan under RCEP with minimal repackaging in Singapore, can we use a back-to-back certificate, and what are the conditions and time limits?",,301049.35,10070.76,200,Stream interrupted – chunked stream closed early (server/proxy/load)
2026-05-05T17:16:00.887811,250,load,Indirect,I import machinery parts from Japan to Singapore and would like to re-export to India. The HS code of the machinery parts are 8401.10. Am I eligible for any FTAs?,,301057.54,10078.63,200,Stream interrupted – chunked stream closed early (server/proxy/load)
2026-05-05T17:16:01.399373,250,load,Direct,How long does it take to get a PCO from Singapore Customs for ATIGA export to Thailand?,,301048.35,10070.66,200,Stream interrupted – chunked stream closed early (server/proxy/load)
2026-05-05T17:16:01.884823,250,load,Direct,"How many FTAs has Singapore signed versus those currently in force, and where can I verify the latest status?",,301049.92,10106.85,200,Stream interrupted – chunked stream closed early (server/proxy/load)
2026-05-05T17:16:01.940242,250,load,Indirect,Which Free Trade Agreements (FTAs) can I utilise when exporting compact disks (HS Code: 8523.41.10) from Singapore to Indonesia?,,301047.26,10093.13,200,Stream interrupted – chunked stream closed early (server/proxy/load)
2026-05-05T17:16:03.083145,250,load,Indirect,"If I import products from South Korea into Singapore, store them in Singapore, and then export them to Vietnam. Is there any FTA I can use to obtain duty savings on import into Vietnam?",,301039.22,10074.97,200,Stream interrupted – chunked stream closed early (server/proxy/load)
2026-05-05T17:16:03.894816,250,load,Indirect,How do I qualify for preferential treatment under the ATIGA for my export of water pumps with HS code 8413.20.90 from Singapore to Indonesia?,,301039.15,10071.3,200,Stream interrupted – chunked stream closed early (server/proxy/load)
2026-05-05T17:16:04.897387,250,load,Indirect,"We consolidate shipments from multiple ASEAN countries in Singapore and then send them to Australia. Can we obtain a single certificate covering the whole consignment, or do we need separate origin do",,301026.01,10070.99,200,Stream interrupted – chunked stream closed early (server/proxy/load)
2026-05-05T17:16:05.920663,250,load,Indirect,"We plan to bring microprocessors (HS 8542.31) from Japan into Singapore for consolidation, then ship them to Indonesia. Can we claim preferential tariff treatment on the Indonesia leg?",,301024.39,10058.67,200,Stream interrupted – chunked stream closed early (server/proxy/load)
2026-05-05T17:16:06.995687,250,load,Indirect,"We import headphones (HS 8518.30.10) from China and sell to Vietnam. Can CPTPP preferences ever apply, and what proof would be required?",,301044.22,10080.98,200,Stream interrupted – chunked stream closed early (server/proxy/load)
2026-05-05T17:16:07.939200,250,load,Indirect,I want to import semiconductor integrated circuits from South Korea to Singapore and intend to re-export them to Vietnam. The HS code is 8542.31. Am I eligible for any FTAs?,,301039.84,10072.55,200,Stream interrupted – chunked stream closed early (server/proxy/load)
2026-05-05T17:16:08.885521,250,load,Indirect,I would like to leverage the AKFTA FTA for my export of 1701.12.20 from Singapore to South Korea. What is a PCO and how do I apply for it?,,301041.34,10085.21,200,Stream interrupted – chunked stream closed early (server/proxy/load)
2026-05-05T17:16:09.022050,250,load,Direct,I am exporting T-Shirt with HS code 6109.10.10 from Singapore to Thailand. What FTAs would be beneficial for my export?,,301031.29,10062.8,200,Stream interrupted – chunked stream closed early (server/proxy/load)
2026-05-05T17:16:10.072282,250,load,Direct,What is the difference between a Certificate of Origin and a Preferential Certificate of Origin?,,301039.48,10246.77,200,Stream interrupted – chunked stream closed early (server/proxy/load)
2026-05-05T17:16:10.971012,250,load,Indirect,"We have an existing PCO but the importer says the HS code on the certificate does not match their customs declaration. How do we correct or reissue the certificate, and will it affect the validity per",,301040.12,10068.9,200,Stream interrupted – chunked stream closed early (server/proxy/load)
2026-05-05T17:16:11.940359,250,load,Direct,How do I calculate RVC for a plastic household item under ATIGA and document it for possible verification?,,301030.43,10061.66,200,Stream interrupted – chunked stream closed early (server/proxy/load)
2026-05-05T17:16:12.870047,250,load,Direct,What FTAs can I use to export coffee (HS 0901.21) from Singapore to Chile?,,301054.22,10098.89,200,Stream interrupted – chunked stream closed early (server/proxy/load)
2026-05-05T17:16:12.990124,250,load,Indirect,"We assemble vacuum cleaners (HS Code 8508.19.10) in Singapore from Chinese parts and export to Indonesia. Does simple assembly confer Singapore origin, or should we apply for a back-to-back PCO instea",,301032.62,10093.8,200,Stream interrupted – chunked stream closed early (server/proxy/load)
2026-05-05T17:16:13.947393,250,load,Direct,I am exporting steel forgings of gear boxes with HS code 8708.40.75.70 from China to the US. What tariffs apply?,,301040.64,10072.54,200,Stream interrupted – chunked stream closed early (server/proxy/load)
2026-05-05T17:16:15.036244,250,load,Indirect,"We import raw cocoa (HS 1801) from Ghana, process it into chocolate (HS 1806) in Singapore, and export to Japan. How do we prove substantial transformation and claim preference under RCEP?",,301071.22,10058.5,200,Stream interrupted – chunked stream closed early (server/proxy/load)
2026-05-05T17:16:16.005237,250,load,Indirect,We import fresh mangoes (HS 0804.50) from Indonesia into Singapore and plan to re-export them to the Philippines. Can we request a back-to-back PCO under ATIGA?,,301045.2,10061.96,200,Stream interrupted – chunked stream closed early (server/proxy/load)
2026-05-05T17:16:17.016893,250,load,Indirect,"If our PCO application is rejected by Singapore Customs due to insufficient supporting documents, what can we do to rectify and reapply, and how long does the appeal or correction process take?",,301053.45,10417.4,200,Stream interrupted – chunked stream closed early (server/proxy/load)
2026-05-05T17:16:17.994654,250,load,Indirect,"What is the PCO application process for the export of my product with HS code 3924.90.90 from Singapore to Vietnam with an estimated export value of 5,000 SGD under the ATIGA FTA?",,301052.21,10069.12,200,Stream interrupted – chunked stream closed early (server/proxy/load)
2026-05-05T17:16:19.008566,250,load,Indirect,"We assemble vacuum cleaners (HS Code 8508.19.10) in Singapore from Chinese parts and export to Indonesia. Does simple assembly confer Singapore origin, or should we apply for a back-to-back PCO instea",,301048.79,10075.09,200,Stream interrupted – chunked stream closed early (server/proxy/load)
2026-05-05T17:16:19.982847,250,load,Direct,I am importing ceramic tiles (HS 6908.90) from Vietnam to Singapore. What tariff applies under ATIGA?,,301039.91,10074.62,200,Stream interrupted – chunked stream closed early (server/proxy/load)
2026-05-05T17:16:20.247164,250,load,Indirect,"Our goods qualify under both RCEP and ATIGA for export to Thailand. Which agreement should we use for the PCO, and does it affect how we complete the origin declaration?",,301037.64,10086.96,200,Stream interrupted – chunked stream closed early (server/proxy/load)
2026-05-05T17:16:21.053980,250,load,Indirect,"We plan to bring microprocessors (HS 8542.31) from Japan into Singapore for consolidation, then ship them to Indonesia. Can we claim preferential tariff treatment on the Indonesia leg?",,301034.67,10066.2,200,Stream interrupted – chunked stream closed early (server/proxy/load)
2026-05-05T17:16:22.101987,250,load,Direct,How long does it take to get a PCO from Singapore Customs for ATIGA export to Thailand?,,301043.23,10073.9,200,Stream interrupted – chunked stream closed early (server/proxy/load)
2026-05-05T17:16:23.127294,250,load,Indirect,"We have a back-to-back PCO under RCEP for goods from Japan. The buyer in Indonesia wants to split the shipment into two consignments over two months. Is the original PCO still valid, and what do we ne",,301094.84,10091.33,200,Stream interrupted – chunked stream closed early (server/proxy/load)
2026-05-05T17:16:27.755925,250,load,Indirect,"Can we use exporter self-certification under the UK-Singapore FTA for our exports of pharmaceutical products (HS 3004), and what are the exact conditions and record-keeping requirements?","I notice you've asked multiple questions. Let me address them one at a time for clarity and accuracy.

However, I see some inconsistencies in your information:
1. First question mentions exporting from **France to the US** (HS 3301.29.51.03 - essential oils)
2. Subsequent questions mention the **UK-Singapore FTA** with pharmaceutical products (HS 3004) from **France**
3. The UK-Singapore FTA would apply to goods originating in the **UK**, not France

**Could you please clarify:**
- Are you expor",168383.09,10141.43,200,Success
2026-05-05T17:16:27.758160,250,load,Indirect,"We import cotton fabric (HS 5208) from India into Singapore, dye and cut it here, then export garments to the EU. How do we determine origin under RCEP and EU-Singapore FTA, and what documentation do ","# Thought: (Reasoning & Planning)

The user is asking about a Back-to-Back PCO scenario involving:
- **First leg**: Import cotton fabric (HS 5208) from India to Singapore
- **Processing in Singapore**: Dyeing and cutting the fabric
- **Second leg**: Export garments (need to determine HS code for garments) to EU

This involves:
1. Understanding Rules of Origin (ROO) under RCEP (India and Singapore are members)
2. Understanding ROO under EU-Singapore FTA (EUSFTA)
3. Determining if the processing i",279885.94,10072.69,200,Success
2026-05-05T17:16:29.254050,250,load,Indirect,"What is the PCO application process for the export of my product with HS code 3924.90.90 from Singapore to Vietnam with an estimated export value of 5,000 SGD under the ATIGA FTA?",,301035.77,10094.47,200,Stream interrupted – chunked stream closed early (server/proxy/load)
2026-05-05T17:16:31.011769,250,load,Direct,What's the practical difference between RVC build-up and build-down methods and when is each preferable?,,301035.35,10077.39,200,Stream interrupted – chunked stream closed early (server/proxy/load)
2026-05-05T17:16:34.176277,250,load,Indirect,"We ship from Singapore to multiple ASEAN countries (Indonesia, Philippines, Vietnam) under ATIGA. Do we need one PCO per destination or one for the whole order, and what are the declaration requiremen",,301115.45,10147.43,200,Stream interrupted – chunked stream closed early (server/proxy/load)
2026-05-05T17:16:40.945324,250,load,Indirect,"We are considering moving some production from China to Singapore to benefit from FTAs. For electronics (HS 8517), what origin criteria apply under RCEP and CPTPP, and what percentage of value must be",,301042.16,10091.3,200,Stream interrupted – chunked stream closed early (server/proxy/load)
2026-05-05T17:16:41.650302,250,load,Indirect,"We plan to bring microprocessors (HS 8542.31) from Japan into Singapore for consolidation, then ship them to Indonesia. Can we claim preferential tariff treatment on the Indonesia leg?",,301046.14,10097.14,200,Stream interrupted – chunked stream closed early (server/proxy/load)
2026-05-05T17:16:44.022108,250,load,Indirect,I import machinery parts from Japan to Singapore and would like to re-export to India. The HS code of the machinery parts are 8401.10. Am I eligible for any FTAs?,,301040.55,10089.6,200,Stream interrupted – chunked stream closed early (server/proxy/load)
2026-05-05T17:16:45.300051,250,load,Direct,We are a manufacturing company looking to export plastic bottles to customers in other countries. Can you please advise the steps and processes we have to take?,"Thank you for your question. To better assist you, could you please clarify the following:

1. **Destination Country**: Which specific country or countries are you planning to export plastic bottles to?

2. **Processing/Transformation**: Are the plastic bottles being:
   - Shipped directly from your manufacturing facility to the destination country, OR
   - Processed, repacked, or undergo any transformation in a third country (such as Singapore) before reaching the final destination?

3. **Trade",208157.15,10088.28,200,Success
2026-05-05T17:16:50.959894,250,load,Direct,I would like to know more about the import duties for export from Singapore to US. HS code for my product is 9404.21.00.10. Estimated export value for each mattress is $150.,"Thank you for your enquiry. I notice you've now provided details for **a third trade scenario**:

### **Summary of Your Three Enquiries:**

| Scenario | Trade Route | Product | HS Code | Status |
|----------|-------------|---------|---------|--------|
| **1** | South Korea → Singapore → Vietnam | Not specified | Not provided | ⏸️ Pending HS code |
| **2** | Australia → Singapore → Japan | Meat | 0201.30.01 | ⏸️ Awaiting confirmation |
| **3** | Singapore → United States | Mattresses | 9404.21.00",297533.81,10084.59,200,Success
2026-05-05T17:16:53.448037,250,load,Indirect,I import machinery parts from Japan to Singapore and would like to re-export to India. The HS code of the machinery parts are 8401.10. Am I eligible for any FTAs?,,301030.29,10075.68,200,Stream interrupted – chunked stream closed early (server/proxy/load)
2026-05-05T17:17:01.168027,250,load,Indirect,"We import wine (HS 2204) from Australia under the Singapore-Australia FTA and store it in a bonded warehouse. When we re-export to Japan, can we claim preference under RCEP or CPTPP, and what evidence",,301033.09,10079.41,200,Stream interrupted – chunked stream closed early (server/proxy/load)
2026-05-05T17:17:05.903091,250,load,Indirect,How do I qualify for preferential treatment under the ATIGA for my export of water pumps with HS code 8413.20.90 from Singapore to Indonesia?,,301032.0,10088.69,200,Stream interrupted – chunked stream closed early (server/proxy/load)
