Timestamp,User Count,Type,Name,Requests/s,Failures/s,50%,66%,75%,80%,90%,95%,98%,99%,99.9%,99.99%,100%,Total Request Count,Total Failure Count,Total Median Response Time,Total Average Response Time,Total Min Response Time,Total Max Response Time,Total Average Content Size
1777972028,0,,Aggregated,0.000000,0.000000,N/A,N/A,N/A,N/A,N/A,N/A,N/A,N/A,N/A,N/A,N/A,0,0,0,0.0,0,0,0
1777972029,1,,Aggregated,0.000000,0.000000,240,240,240,240,240,240,240,240,240,240,240,2,0,63,149.3380000028992,62.62199999764562,236.0540000081528,172.0
1777972030,2,,Aggregated,0.000000,0.000000,240,240,250,250,250,250,250,250,250,250,250,4,0,85,158.95765000459505,62.62199999764562,252.3129000037443,172.0
1777972031,3,,Aggregated,0.000000,0.000000,100,100,240,240,250,250,250,250,250,250,250,6,0,85,132.23123333591502,57.00619998970069,252.3129000037443,172.0
1777972032,5,,Aggregated,1.000000,0.000000,100,100,240,240,250,250,250,250,250,250,250,8,0,85,117.62722499770462,46.53699998743832,252.3129000037443,172.0
1777972033,6,,Aggregated,1.333333,0.000000,100,100,120,240,250,250,250,250,250,250,250,10,0,85,111.52774999500252,46.53699998743832,252.3129000037443,172.0
1777972034,7,,Aggregated,1.500000,0.000000,100,100,150,150,240,250,250,250,250,250,250,12,0,85,109.6789999937755,46.53699998743832,252.3129000037443,172.0
1777972035,8,,Aggregated,1.600000,0.000000,100,120,150,170,240,250,250,250,250,250,250,14,0,85,112.04908570757003,46.53699998743832,252.3129000037443,172.0
1777972037,9,,Aggregated,1.666667,0.000000,100,120,150,150,240,250,250,250,250,250,250,16,0,87,111.2840374935331,46.53699998743832,252.3129000037443,172.0
1777972038,10,,Aggregated,1.714286,0.000000,100,130,150,170,250,400,400,400,400,400,400,18,0,100,128.78012221739885,46.53699998743832,401.6917000117246,172.0
1777972039,11,,Aggregated,1.750000,0.000000,100,130,150,170,250,400,400,400,400,400,400,20,0,100,125.08604499453213,46.53699998743832,401.6917000117246,172.0
1777972040,12,,Aggregated,1.750000,0.000000,100,130,150,170,250,400,400,400,400,400,400,20,0,100,125.08604499453213,46.53699998743832,401.6917000117246,172.0
1777972041,13,,Aggregated,2.000000,0.000000,100,130,170,240,400,990,1800,1800,1800,1800,1800,24,0,100,222.39204999520248,37.384399998700246,1757.0705999969505,165.91666666666666
1777972042,14,,Aggregated,2.000000,0.000000,100,130,170,240,400,990,1800,1800,1800,1800,1800,24,0,100,222.39204999520248,37.384399998700246,1757.0705999969505,165.91666666666666
1777972043,15,,Aggregated,1.800000,0.000000,100,140,240,250,990,1300,1800,1800,1800,1800,1800,28,0,100,249.45562499488005,37.384399998700246,1757.0705999969505,166.78571428571428
1777972044,16,,Aggregated,1.900000,0.000000,100,140,240,250,990,1800,2900,2900,2900,2900,2900,31,0,100,326.5583677369455,37.384399998700246,2948.017599992454,166.4516129032258
1777972045,17,,Aggregated,1.800000,0.000000,100,130,170,250,990,1800,2900,2900,2900,2900,2900,33,0,100,311.8122212075501,37.384399998700246,2948.017599992454,166.78787878787878
1777972046,18,,Aggregated,1.800000,0.000000,100,130,170,250,990,1800,2900,2900,2900,2900,2900,33,0,100,311.8122212075501,37.384399998700246,2948.017599992454,166.78787878787878
1777972047,19,,Aggregated,2.100000,0.000000,100,140,240,260,1300,1800,2900,2900,2900,2900,2900,37,0,100,351.2657216169582,37.384399998700246,2948.017599992454,167.35135135135135
1777972048,20,,Aggregated,2.100000,0.000000,100,130,240,260,1300,1800,2900,2900,2900,2900,2900,39,0,100,337.51769999537663,37.384399998700246,2948.017599992454,167.5897435897436
1777972049,21,,Aggregated,1.900000,0.000000,100,130,170,250,990,1800,2900,2900,2900,2900,2900,41,0,100,325.26059755657957,37.384399998700246,2948.017599992454,167.8048780487805
1777972050,22,,Aggregated,2.100000,0.000000,100,130,170,250,990,1800,2900,2900,2900,2900,2900,43,0,100,313.96658139081325,37.384399998700246,2948.017599992454,168.0
1777972051,23,,Aggregated,2.100000,0.000000,100,130,150,250,990,1800,2900,2900,2900,2900,2900,45,0,100,303.73854221802,37.384399998700246,2948.017599992454,168.17777777777778
1777972052,24,,Aggregated,2.100000,0.000000,100,130,150,240,990,1800,2900,2900,2900,2900,2900,47,0,100,294.07930212340597,37.384399998700246,2948.017599992454,168.3404255319149
1777972053,25,,Aggregated,2.300000,0.000000,100,130,150,240,990,1800,2900,2900,2900,2900,2900,49,0,100,286.30737550627936,37.384399998700246,2948.017599992454,168.48979591836735
1777972054,26,,Aggregated,2.200000,0.000000,100,130,150,170,790,1800,1800,2900,2900,2900,2900,51,0,100,278.29441372202433,37.384399998700246,2948.017599992454,168.62745098039215
1777972055,27,,Aggregated,2.300000,0.000000,100,120,140,170,790,1800,1800,2900,2900,2900,2900,53,0,100,270.9832698077113,37.384399998700246,2948.017599992454,168.75471698113208
1777972056,28,,Aggregated,2.100000,0.000000,100,120,140,170,790,1800,1800,2900,2900,2900,2900,55,0,100,264.236034541285,37.384399998700246,2948.017599992454,168.87272727272727
1777972057,29,,Aggregated,2.000000,0.000000,100,120,130,160,790,1800,1800,2900,2900,2900,2900,57,0,100,257.84304560970907,37.384399998700246,2948.017599992454,168.98245614035088
1777972058,30,,Aggregated,2.000000,0.000000,100,120,130,160,790,1800,1800,2900,2900,2900,2900,59,0,100,252.16089491091148,37.384399998700246,2948.017599992454,169.08474576271186
1777972059,31,,Aggregated,2.200000,0.000000,100,120,130,160,400,1300,1800,2900,2900,2900,2900,61,0,100,247.48461311072356,37.384399998700246,2948.017599992454,169.18032786885246
1777972060,32,,Aggregated,2.000000,0.000000,100,120,140,160,400,1300,1800,2900,2900,2900,2900,63,0,100,242.50011745653677,37.384399998700246,2948.017599992454,169.26984126984127
1777972061,33,,Aggregated,2.000000,0.000000,100,120,130,160,400,1300,1800,2900,2900,2900,2900,65,0,100,237.56840922735415,37.384399998700246,2948.017599992454,169.35384615384615
1777972062,34,,Aggregated,2.000000,0.000000,100,120,130,150,400,1300,1800,2900,2900,2900,2900,67,0,100,232.84000745946682,37.384399998700246,2948.017599992454,169.43283582089552
1777972063,35,,Aggregated,2.000000,0.000000,100,120,130,160,400,1300,1800,2900,2900,2900,2900,69,0,100,229.07906376539083,37.384399998700246,2948.017599992454,169.5072463768116
1777972064,36,,Aggregated,2.000000,0.000000,100,120,130,150,260,1300,1800,2900,2900,2900,2900,71,0,100,224.8832845042171,37.384399998700246,2948.017599992454,169.57746478873239
1777972065,37,,Aggregated,2.000000,0.000000,100,120,130,160,260,1300,1800,2900,2900,2900,2900,73,0,100,221.5379287647434,37.384399998700246,2948.017599992454,169.64383561643837
1777972066,38,,Aggregated,2.000000,0.000000,100,120,140,160,260,1300,1800,2900,2900,2900,2900,75,0,100,218.15464399793805,37.384399998700246,2948.017599992454,169.70666666666668
1777972067,39,,Aggregated,2.000000,0.000000,100,120,140,150,260,1300,1800,2900,2900,2900,2900,77,0,100,214.9801480499937,37.384399998700246,2948.017599992454,169.76623376623377
1777972068,40,,Aggregated,2.000000,0.000000,100,120,140,150,260,1300,1800,2900,2900,2900,2900,79,0,100,211.95272658030572,37.384399998700246,2948.017599992454,169.8227848101266
1777972069,41,,Aggregated,2.000000,0.000000,100,120,130,140,250,990,1800,2900,2900,2900,2900,81,0,100,208.75545678858612,37.384399998700246,2948.017599992454,169.87654320987653
1777972070,42,,Aggregated,2.000000,0.000000,100,120,130,140,250,990,1800,2900,2900,2900,2900,83,0,100,205.56610481777082,37.384399998700246,2948.017599992454,169.9277108433735
1777972071,43,,Aggregated,2.000000,0.000000,100,120,130,140,250,990,1800,2900,2900,2900,2900,85,0,100,202.91685411631238,37.384399998700246,2948.017599992454,169.9764705882353
1777972072,44,,Aggregated,2.000000,0.000000,100,120,130,140,250,990,1800,2900,2900,2900,2900,87,0,100,200.12577930893534,37.384399998700246,2948.017599992454,170.02298850574712
1777972073,45,,Aggregated,2.000000,0.000000,100,120,130,140,250,990,1800,2900,2900,2900,2900,89,0,100,197.72844943688827,37.384399998700246,2948.017599992454,170.06741573033707
1777972074,46,,Aggregated,2.000000,0.000000,100,120,130,140,240,990,1800,2900,2900,2900,2900,91,0,100,194.95247911942027,37.384399998700246,2948.017599992454,170.1098901098901
1777972075,47,,Aggregated,2.000000,0.000000,100,120,130,140,240,990,1800,2900,2900,2900,2900,93,0,100,193.10597204152614,37.384399998700246,2948.017599992454,170.1505376344086
1777972076,48,,Aggregated,2.000000,0.000000,100,120,130,140,240,990,1800,2900,2900,2900,2900,95,0,100,190.79521684080214,37.384399998700246,2948.017599992454,170.18947368421053
1777972077,49,,Aggregated,2.000000,0.000000,100,120,130,140,240,990,1800,2900,2900,2900,2900,97,0,100,188.59253092650948,37.384399998700246,2948.017599992454,170.22680412371133
1777972078,50,,Aggregated,2.000000,0.000000,100,110,130,140,240,990,1800,2900,2900,2900,2900,99,0,100,186.4761272715781,37.384399998700246,2948.017599992454,170.26262626262627
1777972079,51,,Aggregated,2.000000,0.000000,100,110,130,140,240,790,1800,1800,2900,2900,2900,101,0,100,185.67987920636872,37.384399998700246,2948.017599992454,170.2970297029703
1777972080,52,,Aggregated,2.000000,0.000000,100,120,130,140,240,790,1800,1800,2900,2900,2900,103,0,100,185.78290873635515,37.384399998700246,2948.017599992454,170.33009708737865
1777972081,53,,Aggregated,2.000000,0.000000,100,120,130,150,250,790,1800,1800,2900,2900,2900,105,0,100,186.28911904608165,37.384399998700246,2948.017599992454,170.36190476190475
1777972082,54,,Aggregated,2.000000,0.000000,100,120,130,150,250,790,1800,1800,2900,2900,2900,108,0,100,184.00479351651114,37.384399998700246,2948.017599992454,168.8148148148148
1777972083,55,,Aggregated,2.000000,0.000000,100,120,130,150,250,790,1800,1800,2900,2900,2900,110,0,100,182.20642999804113,37.384399998700246,2948.017599992454,168.87272727272727
1777972084,56,,Aggregated,2.000000,0.000000,100,120,130,140,240,790,1800,1800,2900,2900,2900,112,0,100,180.58744999845138,37.384399998700246,2948.017599992454,168.92857142857142
1777972085,57,,Aggregated,2.000000,0.000000,100,120,130,140,240,790,1800,1800,2900,2900,2900,114,0,100,178.96560263021425,37.384399998700246,2948.017599992454,168.98245614035088
1777972086,58,,Aggregated,2.100000,0.000000,100,120,130,140,240,790,1800,1800,2900,2900,2900,116,0,100,177.3143284467394,37.384399998700246,2948.017599992454,169.0344827586207
1777972087,59,,Aggregated,2.100000,0.000000,100,120,130,140,240,790,1800,1800,2900,2900,2900,118,0,100,176.02317881231764,37.384399998700246,2948.017599992454,169.08474576271186
1777972088,60,,Aggregated,2.100000,0.000000,100,120,130,140,240,790,1800,1800,2900,2900,2900,120,0,100,174.37441166572776,37.384399998700246,2948.017599992454,169.13333333333333
1777972089,61,,Aggregated,2.100000,0.000000,100,120,130,140,240,400,1800,1800,2900,2900,2900,122,0,100,173.65979016295702,37.384399998700246,2948.017599992454,169.18032786885246
1777972090,62,,Aggregated,2.100000,0.000000,100,120,130,140,240,400,1800,1800,2900,2900,2900,124,0,100,172.3991161282268,37.384399998700246,2948.017599992454,169.2258064516129
1777972091,63,,Aggregated,2.100000,0.000000,100,120,130,140,240,400,1800,1800,2900,2900,2900,126,0,100,170.96299285624391,37.384399998700246,2948.017599992454,169.26984126984127
1777972092,64,,Aggregated,2.100000,0.000000,100,120,130,140,240,400,1800,1800,2900,2900,2900,128,0,100,169.4899374990655,37.384399998700246,2948.017599992454,169.3125
1777972093,65,,Aggregated,2.100000,0.000000,100,120,130,140,240,400,1800,1800,2900,2900,2900,130,0,100,168.36212307590847,37.384399998700246,2948.017599992454,169.35384615384615
1777972094,66,,Aggregated,2.100000,0.000000,100,120,130,140,190,400,1800,1800,2900,2900,2900,132,0,100,167.2563780294061,37.384399998700246,2948.017599992454,169.3939393939394
1777972095,67,,Aggregated,2.100000,0.000000,100,120,130,140,190,400,1800,1800,2900,2900,2900,134,0,100,166.01022910378845,37.384399998700246,2948.017599992454,169.43283582089552
1777972096,68,,Aggregated,2.000000,0.000000,100,120,130,140,190,400,1800,1800,2900,2900,2900,136,0,100,165.11625514634514,37.384399998700246,2948.017599992454,169.47058823529412
1777972097,69,,Aggregated,2.000000,0.000000,100,120,130,140,190,400,1800,1800,2900,2900,2900,138,0,100,164.15971594139683,37.384399998700246,2948.017599992454,169.5072463768116
1777972098,70,,Aggregated,2.000000,0.000000,100,120,130,140,190,400,1800,1800,2900,2900,2900,140,0,100,162.9450864279144,37.384399998700246,2948.017599992454,169.54285714285714
1777972099,71,,Aggregated,2.000000,0.000000,100,120,130,140,170,270,1800,1800,2900,2900,2900,142,0,100,161.7665028160202,37.384399998700246,2948.017599992454,169.57746478873239
1777972100,72,,Aggregated,2.000000,0.000000,100,120,130,140,170,270,1800,1800,2900,2900,2900,144,0,100,161.51000486004503,37.384399998700246,2948.017599992454,169.61111111111111
1777972101,73,,Aggregated,2.000000,0.000000,100,120,130,140,170,270,1800,1800,2900,2900,2900,146,0,100,160.45729520436447,37.384399998700246,2948.017599992454,169.64383561643837
1777972102,74,,Aggregated,2.000000,0.000000,100,120,130,140,170,270,1800,1800,2900,2900,2900,148,0,100,159.48338716112335,37.384399998700246,2948.017599992454,169.67567567567568
1777972103,75,,Aggregated,2.000000,0.000000,100,120,130,140,170,270,1800,1800,2900,2900,2900,150,0,100,158.7457466655178,37.384399998700246,2948.017599992454,169.70666666666668
1777972104,76,,Aggregated,2.000000,0.000000,100,120,130,140,170,270,1300,1800,2900,2900,2900,152,0,100,157.8671368410333,37.384399998700246,2948.017599992454,169.73684210526315
1777972105,77,,Aggregated,2.000000,0.000000,100,120,130,140,170,270,1300,1800,2900,2900,2900,154,0,100,156.78941753130502,37.384399998700246,2948.017599992454,169.76623376623377
1777972106,78,,Aggregated,2.000000,0.000000,100,120,130,140,170,270,1300,1800,2900,2900,2900,156,0,100,155.93106858861387,37.384399998700246,2948.017599992454,169.7948717948718
1777972107,79,,Aggregated,2.000000,0.000000,100,120,130,140,170,270,1300,1800,2900,2900,2900,158,0,100,155.28639493553598,37.384399998700246,2948.017599992454,169.8227848101266
1777972108,80,,Aggregated,2.000000,0.000000,100,120,130,140,170,270,1300,1800,2900,2900,2900,160,0,100,154.56013562379667,37.384399998700246,2948.017599992454,169.85
1777972109,81,,Aggregated,2.000000,0.000000,100,120,130,140,170,260,1300,1800,2900,2900,2900,162,0,100,153.72258703580792,37.384399998700246,2948.017599992454,169.87654320987653
1777972110,82,,Aggregated,2.000000,0.000000,100,120,130,140,170,260,1300,1800,2900,2900,2900,164,0,100,153.0369445110143,37.384399998700246,2948.017599992454,169.90243902439025
1777972111,83,,Aggregated,2.000000,0.000000,100,120,130,140,170,260,1300,1800,2900,2900,2900,166,0,100,152.31234457726725,37.384399998700246,2948.017599992454,169.9277108433735
1777972112,84,,Aggregated,2.000000,0.000000,100,120,130,140,170,260,1300,1800,2900,2900,2900,168,0,100,151.5375785704583,37.384399998700246,2948.017599992454,169.95238095238096
1777972113,85,,Aggregated,2.000000,0.000000,100,120,130,140,170,260,1300,1800,2900,2900,2900,170,0,100,151.49343235175098,37.384399998700246,2948.017599992454,169.9764705882353
1777972114,86,,Aggregated,2.000000,0.000000,100,120,130,140,170,260,1300,1800,2900,2900,2900,172,0,100,150.81177616162296,37.384399998700246,2948.017599992454,170.0
1777972115,87,,Aggregated,2.000000,0.000000,100,120,130,140,170,260,1300,1800,2900,2900,2900,175,0,100,149.49732399894856,37.384399998700246,2948.017599992454,169.05142857142857
1777972116,88,,Aggregated,2.000000,0.000000,100,120,130,140,170,260,1300,1800,2900,2900,2900,177,0,100,149.28381016828504,37.384399998700246,2948.017599992454,169.08474576271186
1777972117,89,,Aggregated,2.000000,0.000000,100,120,130,140,170,260,1300,1800,2900,2900,2900,179,0,100,148.87511396524366,37.384399998700246,2948.017599992454,169.11731843575419
1777972118,90,,Aggregated,1.900000,0.000000,100,120,130,140,170,250,1300,1800,2900,2900,2900,181,0,100,148.41900883854794,37.384399998700246,2948.017599992454,169.14917127071823
1777972119,91,,Aggregated,1.900000,0.000000,100,120,130,140,170,250,1300,1800,2900,2900,2900,183,0,100,147.7246448075427,37.384399998700246,2948.017599992454,169.18032786885246
1777972120,92,,Aggregated,2.000000,0.000000,100,120,130,140,170,250,1300,1800,2900,2900,2900,185,0,100,147.0778232419901,37.384399998700246,2948.017599992454,169.2108108108108
1777972121,93,,Aggregated,2.000000,0.000000,100,120,130,140,170,250,1300,1800,2900,2900,2900,187,0,100,146.3065636352036,37.384399998700246,2948.017599992454,169.24064171122996
1777972122,94,,Aggregated,2.100000,0.000000,100,120,130,140,170,250,1300,1800,2900,2900,2900,189,0,100,145.6581756601014,37.384399998700246,2948.017599992454,169.26984126984127
1777972123,95,,Aggregated,2.100000,0.000000,100,120,130,140,170,250,1300,1800,2900,2900,2900,191,0,100,145.09399162184238,37.384399998700246,2948.017599992454,169.29842931937173
1777972124,96,,Aggregated,2.100000,0.000000,100,120,130,140,170,250,1300,1800,2900,2900,2900,193,0,100,144.461958548036,37.384399998700246,2948.017599992454,169.32642487046633
1777972126,97,,Aggregated,2.100000,0.000000,100,120,130,140,170,250,1300,1800,2900,2900,2900,195,0,100,143.9116861527929,37.384399998700246,2948.017599992454,169.35384615384615
1777972127,98,,Aggregated,2.100000,0.000000,100,120,130,130,170,250,1300,1800,2900,2900,2900,197,0,100,143.27976548128885,37.384399998700246,2948.017599992454,169.38071065989848
1777972128,99,,Aggregated,2.000000,0.000000,100,120,130,130,170,250,1300,1800,2900,2900,2900,199,0,100,142.73724472267207,37.384399998700246,2948.017599992454,169.4070351758794
1777972129,100,,Aggregated,2.000000,0.000000,100,120,130,130,160,250,990,1800,2900,2900,2900,201,0,100,142.1888179094496,37.384399998700246,2948.017599992454,169.43283582089552
1777972130,101,,Aggregated,1.900000,0.000000,100,120,130,130,160,250,990,1800,2900,2900,2900,203,0,100,141.6173886689541,37.384399998700246,2948.017599992454,169.45812807881774
1777972131,102,,Aggregated,1.900000,0.000000,100,120,130,130,160,250,990,1800,2900,2900,2900,205,0,100,140.93870829163325,37.384399998700246,2948.017599992454,169.48292682926828
1777972132,103,,Aggregated,1.800000,0.000000,100,120,130,130,160,250,990,1800,2900,2900,2900,207,0,100,140.2516323660561,37.384399998700246,2948.017599992454,169.5072463768116
1777972133,104,,Aggregated,1.800000,0.000000,100,120,130,130,160,250,990,1800,2900,2900,2900,209,0,100,139.75024019029888,37.384399998700246,2948.017599992454,169.5311004784689
1777972134,105,,Aggregated,1.800000,0.000000,100,120,130,130,160,250,990,1800,2900,2900,2900,211,0,100,139.31890616002514,37.384399998700246,2948.017599992454,169.55450236966826
1777972135,106,,Aggregated,1.800000,0.000000,100,120,130,130,160,250,990,1800,2900,2900,2900,213,0,100,138.89482816787296,37.384399998700246,2948.017599992454,169.57746478873239
1777972136,107,,Aggregated,1.800000,0.000000,100,120,130,130,160,250,990,1800,2900,2900,2900,215,0,100,138.44360185930572,37.384399998700246,2948.017599992454,169.6
1777972137,108,,Aggregated,1.800000,0.000000,100,120,130,130,160,250,990,1800,2900,2900,2900,217,0,100,137.9425728099189,37.384399998700246,2948.017599992454,169.6221198156682
1777972138,109,,Aggregated,1.900000,0.000000,100,120,130,130,160,250,990,1800,2900,2900,2900,219,0,100,137.50351780704457,37.384399998700246,2948.017599992454,169.64383561643837
1777972139,110,,Aggregated,2.000000,0.000000,100,120,130,130,160,240,990,1800,2900,2900,2900,221,0,100,137.1497190034605,37.384399998700246,2948.017599992454,169.66515837104072
1777972140,111,,Aggregated,2.000000,0.000000,100,120,130,130,160,240,990,1800,2900,2900,2900,223,0,100,136.8276022412217,37.384399998700246,2948.017599992454,169.68609865470853
1777972141,112,,Aggregated,2.000000,0.000000,100,120,130,130,160,240,990,1800,2900,2900,2900,225,0,100,136.46208577685886,37.384399998700246,2948.017599992454,169.70666666666668
1777972142,113,,Aggregated,2.000000,0.000000,100,120,130,130,160,240,990,1800,2900,2900,2900,227,0,100,136.18442114447203,37.384399998700246,2948.017599992454,169.72687224669605
1777972143,114,,Aggregated,2.000000,0.000000,100,120,130,130,160,250,990,1800,2900,2900,2900,229,0,100,137.55265240075562,37.384399998700246,2948.017599992454,169.74672489082968
1777972144,115,,Aggregated,2.000000,0.000000,100,120,130,130,160,250,990,1800,2900,2900,2900,232,1,100,136.8565418095637,36.332800023956224,2948.017599992454,169.0344827586207
1777972145,116,,Aggregated,2.000000,0.000000,100,120,130,130,160,250,990,1800,2900,2900,2900,235,1,100,136.13356085038407,36.332800023956224,2948.017599992454,168.3404255319149
1777972146,117,,Aggregated,2.000000,0.000000,100,120,130,130,160,250,990,1800,2900,2900,2900,237,1,100,135.90298101201827,36.332800023956224,2948.017599992454,168.37130801687763
1777972147,118,,Aggregated,2.100000,0.100000,100,120,130,130,160,250,990,1800,2900,2900,2900,239,1,100,135.3824610872317,36.332800023956224,2948.017599992454,168.40167364016736
1777972148,119,,Aggregated,2.100000,0.100000,100,120,130,130,160,240,990,1800,2900,2900,2900,241,1,100,135.00236348477017,36.332800023956224,2948.017599992454,168.43153526970954
1777972149,120,,Aggregated,2.200000,0.100000,100,120,130,130,160,240,990,1800,2900,2900,2900,243,1,100,134.81720946448925,36.332800023956224,2948.017599992454,168.46090534979425
1777972150,121,,Aggregated,2.200000,0.100000,100,120,130,130,160,240,990,1800,2900,2900,2900,245,1,100,134.391946121884,36.332800023956224,2948.017599992454,168.48979591836735
1777972151,122,,Aggregated,2.200000,0.100000,100,120,130,130,160,240,990,1800,2900,2900,2900,247,1,100,134.05459352155302,36.332800023956224,2948.017599992454,168.51821862348177
1777972152,123,,Aggregated,2.200000,0.100000,100,120,130,130,160,240,990,1800,2900,2900,2900,249,1,100,133.60232409558736,36.332800023956224,2948.017599992454,168.54618473895582
1777972153,124,,Aggregated,2.200000,0.100000,100,120,130,130,160,240,790,1800,2900,2900,2900,251,1,100,133.50638207101517,36.332800023956224,2948.017599992454,168.57370517928288
1777972154,125,,Aggregated,2.200000,0.100000,100,120,130,130,160,240,790,1800,2900,2900,2900,253,1,100,133.07466047375163,36.332800023956224,2948.017599992454,168.600790513834
1777972155,126,,Aggregated,2.200000,0.100000,100,120,130,130,160,240,790,1800,2900,2900,2900,255,1,100,132.9247098032604,36.332800023956224,2948.017599992454,168.62745098039215
1777972156,127,,Aggregated,2.100000,0.000000,100,120,130,130,160,250,790,1800,2900,2900,2900,257,1,100,134.48423424061633,36.332800023956224,2948.017599992454,168.65369649805447
1777972157,128,,Aggregated,2.100000,0.000000,100,120,130,130,160,250,790,1800,2900,2900,2900,260,1,100,133.961076153299,34.92750000441447,2948.017599992454,168.03076923076924
1777972158,129,,Aggregated,2.100000,0.000000,100,120,130,130,160,240,790,1800,2900,2900,2900,262,1,100,133.55544045743468,34.92750000441447,2948.017599992454,168.06106870229007
1777972159,130,,Aggregated,1.800000,0.000000,100,120,130,130,160,240,790,1800,2900,2900,2900,264,1,100,133.14804015096865,34.92750000441447,2948.017599992454,168.0909090909091
1777972160,131,,Aggregated,2.100000,0.000000,100,120,130,130,160,240,790,1800,2900,2900,2900,266,1,100,132.7288612776744,34.92750000441447,2948.017599992454,168.1203007518797
1777972161,132,,Aggregated,2.100000,0.000000,100,120,130,130,160,240,790,1800,2900,2900,2900,268,1,100,132.33137126816976,34.92750000441447,2948.017599992454,168.1492537313433
1777972162,133,,Aggregated,2.100000,0.000000,100,120,130,130,160,240,790,1800,2900,2900,2900,270,1,100,132.06845148093566,34.92750000441447,2948.017599992454,168.17777777777778
1777972163,134,,Aggregated,2.100000,0.000000,100,120,130,130,160,240,790,1800,2900,2900,2900,272,1,100,131.77585441125677,34.92750000441447,2948.017599992454,168.2058823529412
1777972164,135,,Aggregated,2.100000,0.000000,100,120,130,130,160,240,790,1800,2900,2900,2900,274,1,100,131.4886810213844,34.92750000441447,2948.017599992454,168.23357664233578
1777972165,136,,Aggregated,2.100000,0.000000,100,120,130,130,160,240,790,1800,2900,2900,2900,276,1,100,131.42491412999453,34.92750000441447,2948.017599992454,168.2608695652174
1777972166,137,,Aggregated,2.100000,0.000000,100,120,130,130,160,240,790,1800,2900,2900,2900,278,1,99,131.03547338069677,34.92750000441447,2948.017599992454,168.28776978417267
1777972167,138,,Aggregated,2.100000,0.000000,100,120,130,130,160,240,790,1800,2900,2900,2900,280,1,99,130.74182892804467,34.92750000441447,2948.017599992454,168.31428571428572
1777972168,139,,Aggregated,2.100000,0.000000,100,120,130,130,160,240,790,1800,2900,2900,2900,282,1,99,130.48143971588377,34.92750000441447,2948.017599992454,168.3404255319149
1777972169,140,,Aggregated,2.300000,0.000000,100,120,130,130,160,240,790,1800,2900,2900,2900,284,1,99,130.19939260522452,34.92750000441447,2948.017599992454,168.3661971830986
1777972170,141,,Aggregated,2.000000,0.000000,100,120,130,130,160,240,790,1800,2900,2900,2900,286,1,99,129.90307097860133,34.92750000441447,2948.017599992454,168.3916083916084
1777972171,142,,Aggregated,2.000000,0.000000,100,120,130,130,160,240,790,1800,2900,2900,2900,288,1,99,129.56109999959153,34.92750000441447,2948.017599992454,168.41666666666666
1777972172,143,,Aggregated,2.000000,0.000000,100,120,130,130,160,240,790,1800,2900,2900,2900,290,1,99,129.19687379265991,34.92750000441447,2948.017599992454,168.44137931034481
1777972173,144,,Aggregated,2.000000,0.000000,99,120,130,130,160,240,790,1800,2900,2900,2900,293,1,99,128.5778139926471,34.92750000441447,2948.017599992454,167.89078498293514
1777972174,145,,Aggregated,2.000000,0.000000,99,120,130,130,160,240,790,1800,2900,2900,2900,295,1,99,128.32700508425674,34.92750000441447,2948.017599992454,167.9186440677966
1777972175,146,,Aggregated,2.000000,0.000000,99,120,130,130,160,240,790,1800,2900,2900,2900,297,1,99,128.18109494900904,34.92750000441447,2948.017599992454,167.94612794612794
1777972176,147,,Aggregated,2.000000,0.000000,99,120,130,130,160,240,790,1800,2900,2900,2900,299,1,99,127.89575919687256,34.92750000441447,2948.017599992454,167.9732441471572
1777972177,148,,Aggregated,2.100000,0.000000,99,120,130,130,160,240,620,1300,2900,2900,2900,301,1,99,127.56490099620525,34.92750000441447,2948.017599992454,168.0
1777972178,149,,Aggregated,2.100000,0.000000,99,120,130,130,160,240,620,1300,2900,2900,2900,303,1,99,127.30092871238757,34.92750000441447,2948.017599992454,168.02640264026402
1777972179,150,,Aggregated,2.100000,0.000000,99,120,130,130,160,240,620,1300,2900,2900,2900,305,1,99,127.10573344212789,34.92750000441447,2948.017599992454,168.05245901639344
1777972180,151,,Aggregated,2.100000,0.000000,99,120,130,130,160,240,620,1300,2900,2900,2900,307,1,99,127.29519250768946,34.92750000441447,2948.017599992454,168.07817589576547
1777972181,152,,Aggregated,2.100000,0.000000,99,120,130,130,160,240,620,1300,2900,2900,2900,309,1,99,127.10033398011208,34.92750000441447,2948.017599992454,168.10355987055016
1777972182,153,,Aggregated,2.100000,0.000000,99,120,130,130,160,240,620,1300,2900,2900,2900,311,1,99,126.8996559481183,34.92750000441447,2948.017599992454,168.12861736334406
1777972183,154,,Aggregated,2.100000,0.000000,99,120,130,130,160,240,620,1300,2900,2900,2900,313,1,99,126.68341821044335,34.92750000441447,2948.017599992454,168.15335463258785
1777972184,155,,Aggregated,2.100000,0.000000,98,120,130,130,160,240,620,1300,2900,2900,2900,318,1,96,125.86445220084948,34.92750000441447,2948.017599992454,166.59119496855345
1777972185,156,,Aggregated,2.100000,0.000000,98,120,130,130,160,240,620,1300,2900,2900,2900,320,1,96,125.98385718711143,34.92750000441447,2948.017599992454,166.625
1777972186,157,,Aggregated,2.000000,0.000000,96,120,130,130,160,240,620,1300,2900,2900,2900,323,1,96,125.43182198106723,34.92750000441447,2948.017599992454,166.14241486068113
1777972187,158,,Aggregated,2.000000,0.000000,94,120,130,130,160,240,620,1300,2900,2900,2900,325,1,94,125.08416707663295,34.92750000441447,2948.017599992454,166.17846153846153
1777972188,159,,Aggregated,2.300000,0.000000,94,120,130,130,160,240,620,1300,2900,2900,2900,327,1,94,124.78479266030335,34.92750000441447,2948.017599992454,166.21406727828747
1777972189,160,,Aggregated,2.400000,0.000000,94,120,130,130,160,240,620,1300,2900,2900,2900,329,1,94,124.9389094222722,34.92750000441447,2948.017599992454,166.24924012158056
1777972190,161,,Aggregated,2.400000,0.000000,94,120,130,130,160,240,620,1300,2900,2900,2900,331,1,94,124.66647160106572,34.92750000441447,2948.017599992454,166.28398791540786
1777972191,162,,Aggregated,2.400000,0.000000,94,120,130,130,160,240,620,1300,2900,2900,2900,333,1,94,124.41375045026807,34.92750000441447,2948.017599992454,166.31831831831832
1777972192,163,,Aggregated,2.300000,0.000000,94,120,130,130,160,240,620,1300,2900,2900,2900,335,1,94,124.14658388041252,34.92750000441447,2948.017599992454,166.35223880597016
1777972193,164,,Aggregated,2.400000,0.000000,94,120,130,130,160,240,620,1300,2900,2900,2900,338,1,93,123.7570272187548,34.92750000441447,2948.017599992454,165.89349112426035
1777972194,165,,Aggregated,2.400000,0.000000,94,120,130,130,160,240,620,1300,2900,2900,2900,340,1,93,123.5235076468705,34.92750000441447,2948.017599992454,165.9294117647059
1777972195,166,,Aggregated,2.400000,0.000000,94,120,130,130,160,240,620,1300,2900,2900,2900,342,1,93,123.3044622805683,34.92750000441447,2948.017599992454,165.96491228070175
1777972196,167,,Aggregated,2.400000,0.000000,94,120,130,130,160,240,620,1300,2900,2900,2900,344,1,93,123.09350668595492,34.92750000441447,2948.017599992454,166.0
1777972197,168,,Aggregated,2.200000,0.000000,93,120,130,130,160,240,620,1300,2900,2900,2900,347,1,93,123.596161094988,34.92750000441447,2948.017599992454,165.55619596541786
1777972198,169,,Aggregated,2.200000,0.000000,93,120,130,130,160,240,620,1300,2900,2900,2900,350,1,87,123.27705914271064,34.92750000441447,2948.017599992454,165.12
1777972199,170,,Aggregated,1.900000,0.000000,93,120,130,130,160,240,540,1300,2900,2900,2900,352,1,87,123.2191758521863,34.92750000441447,2948.017599992454,165.1590909090909
1777972200,171,,Aggregated,1.900000,0.000000,93,120,130,130,160,240,540,1300,2900,2900,2900,354,1,87,122.98801355918943,34.92750000441447,2948.017599992454,165.19774011299435
1777972201,172,,Aggregated,2.200000,0.000000,93,120,130,130,160,240,540,1300,2900,2900,2900,356,1,87,122.80494241566159,34.92750000441447,2948.017599992454,165.23595505617976
1777972202,173,,Aggregated,2.300000,0.000000,94,120,130,130,160,240,540,1300,2900,2900,2900,358,1,93,123.49692122898892,34.92750000441447,2948.017599992454,165.27374301675977
1777972203,174,,Aggregated,2.300000,0.000000,94,120,130,130,160,240,540,1300,2900,2900,2900,360,1,93,123.36845777770375,34.92750000441447,2948.017599992454,165.3111111111111
1777972204,175,,Aggregated,2.300000,0.000000,94,120,130,130,160,240,540,1300,2900,2900,2900,362,1,93,123.12692845295227,34.92750000441447,2948.017599992454,165.34806629834253
1777972205,176,,Aggregated,2.200000,0.000000,93,120,130,130,160,240,540,1300,2900,2900,2900,365,1,93,122.71077315066303,34.92750000441447,2948.017599992454,164.93150684931507
1777972206,177,,Aggregated,2.200000,0.000000,93,120,130,130,160,240,540,1300,2900,2900,2900,368,1,87,122.22365380433115,34.92750000441447,2948.017599992454,164.52173913043478
1777972207,178,,Aggregated,2.200000,0.000000,87,120,130,130,160,240,540,1300,2900,2900,2900,371,1,87,121.78947493260428,34.92750000441447,2948.017599992454,164.11859838274933
1777972208,179,,Aggregated,2.300000,0.000000,86,120,130,130,160,240,540,1300,2900,2900,2900,375,1,86,121.2947656000033,34.92750000441447,2948.017599992454,163.28533333333334
1777972209,180,,Aggregated,2.600000,0.000000,86,110,130,130,160,240,540,1300,2900,2900,2900,377,1,86,121.1202610079514,34.92750000441447,2948.017599992454,163.3315649867374
1777972210,181,,Aggregated,2.400000,0.000000,86,110,130,130,160,240,540,1300,2900,2900,2900,379,1,86,120.93287176785236,34.92750000441447,2948.017599992454,163.377308707124
1777972211,182,,Aggregated,2.500000,0.000000,86,110,130,130,160,240,540,1300,2900,2900,2900,381,1,86,120.80695433076166,34.92750000441447,2948.017599992454,163.42257217847768
1777972212,183,,Aggregated,2.400000,0.000000,86,110,130,130,160,240,540,1300,2900,2900,2900,383,1,86,120.67568563967433,34.92750000441447,2948.017599992454,163.46736292428199
1777972214,184,,Aggregated,2.300000,0.000000,86,120,130,130,160,240,540,1300,2900,2900,2900,385,1,86,120.56305610382772,34.92750000441447,2948.017599992454,163.51168831168832
1777972215,185,,Aggregated,2.500000,0.000000,86,110,130,130,160,240,540,1300,2900,2900,2900,387,1,86,120.33408527122329,34.92750000441447,2948.017599992454,163.55555555555554
1777972216,186,,Aggregated,2.400000,0.000000,86,110,130,130,160,240,540,1300,2900,2900,2900,389,1,86,120.14577712076309,34.92750000441447,2948.017599992454,163.59897172236504
1777972217,187,,Aggregated,2.300000,0.000000,86,110,130,130,160,240,540,1300,2900,2900,2900,391,1,86,120.04120511498868,34.92750000441447,2948.017599992454,163.64194373401534
1777972218,188,,Aggregated,2.300000,0.000000,86,110,130,130,160,240,540,1300,2900,2900,2900,393,1,86,119.88236641213025,34.92750000441447,2948.017599992454,163.68447837150129
1777972219,189,,Aggregated,2.200000,0.000000,86,110,130,130,160,240,540,1300,2900,2900,2900,395,1,86,119.77956278479505,34.92750000441447,2948.017599992454,163.726582278481
1777972220,190,,Aggregated,2.100000,0.000000,86,120,130,130,160,240,540,1300,2900,2900,2900,397,1,86,119.66015768252953,34.92750000441447,2948.017599992454,163.76826196473553
1777972221,191,,Aggregated,2.000000,0.000000,86,120,130,130,160,240,540,1300,2900,2900,2900,399,1,86,119.50614837081146,34.92750000441447,2948.017599992454,163.8095238095238
1777972222,192,,Aggregated,1.900000,0.000000,86,120,130,130,160,240,450,990,2900,2900,2900,401,1,86,119.35142942631973,34.92750000441447,2948.017599992454,163.8503740648379
1777972223,193,,Aggregated,1.900000,0.000000,86,120,130,130,160,240,450,990,2900,2900,2900,403,1,86,119.62600446645015,34.92750000441447,2948.017599992454,163.8908188585608
1777972224,194,,Aggregated,2.000000,0.000000,86,120,130,130,160,240,450,990,2900,2900,2900,405,1,86,119.4844533332888,34.92750000441447,2948.017599992454,163.93086419753087
1777972225,195,,Aggregated,2.000000,0.000000,86,120,130,130,160,240,450,990,2900,2900,2900,407,1,86,119.28514791150573,34.92750000441447,2948.017599992454,163.97051597051598
1777972226,196,,Aggregated,2.000000,0.000000,86,120,130,130,160,240,450,990,2900,2900,2900,409,1,86,119.13338190708582,34.92750000441447,2948.017599992454,164.00977995110026
1777972227,197,,Aggregated,2.000000,0.000000,86,120,130,130,160,240,450,990,2900,2900,2900,411,1,86,119.30496301705928,34.92750000441447,2948.017599992454,164.04866180048663
1777972228,198,,Aggregated,2.000000,0.000000,86,120,130,130,160,240,450,990,2900,2900,2900,413,1,86,119.25612203396302,34.92750000441447,2948.017599992454,164.08716707021793
1777972229,199,,Aggregated,2.000000,0.000000,86,120,130,130,160,240,450,990,2900,2900,2900,415,1,86,119.06879180733743,34.92750000441447,2948.017599992454,164.12530120481927
1777972230,200,,Aggregated,2.000000,0.000000,86,120,130,130,160,240,450,990,2900,2900,2900,417,1,86,118.87632829743791,34.92750000441447,2948.017599992454,164.1630695443645
1777972231,201,,Aggregated,2.000000,0.000000,86,120,130,130,160,240,450,990,2900,2900,2900,419,1,86,119.28718997620386,34.92750000441447,2948.017599992454,164.20047732696898
1777972232,202,,Aggregated,2.000000,0.000000,86,120,130,130,160,240,450,990,2900,2900,2900,422,1,85,119.15442654027127,34.92750000441447,2948.017599992454,163.84834123222748
1777972233,203,,Aggregated,2.000000,0.000000,86,120,130,130,160,240,450,990,2900,2900,2900,424,1,85,119.01327735849574,34.92750000441447,2948.017599992454,163.88679245283018
1777972234,204,,Aggregated,2.000000,0.000000,86,120,130,130,160,240,450,990,2900,2900,2900,426,1,85,118.83782605637037,34.92750000441447,2948.017599992454,163.92488262910797
1777972235,205,,Aggregated,2.100000,0.000000,86,110,130,130,160,240,450,990,2900,2900,2900,428,1,85,118.65667313089536,34.92750000441447,2948.017599992454,163.9626168224299
1777972236,206,,Aggregated,2.100000,0.000000,86,110,130,130,160,240,450,990,2900,2900,2900,430,1,85,118.50394395350608,34.92750000441447,2948.017599992454,164.0
1777972237,207,,Aggregated,2.100000,0.000000,86,120,130,130,160,240,450,990,2900,2900,2900,432,1,85,118.39118009259066,34.92750000441447,2948.017599992454,164.03703703703704
1777972238,208,,Aggregated,2.100000,0.000000,85,110,130,130,160,240,450,990,2900,2900,2900,436,1,85,117.88354793579772,34.92750000441447,2948.017599992454,163.32110091743118
1777972239,209,,Aggregated,2.100000,0.000000,85,110,130,130,160,240,450,990,2900,2900,2900,438,1,85,117.65048630135857,34.92750000441447,2948.017599992454,163.36073059360731
1777972240,210,,Aggregated,2.300000,0.000000,85,110,130,130,160,240,450,990,2900,2900,2900,441,1,85,117.33252721083142,34.92750000441447,2948.017599992454,163.02947845804988
1777972241,211,,Aggregated,2.300000,0.000000,85,110,130,130,160,240,450,990,2900,2900,2900,443,1,85,117.18543498862522,34.92750000441447,2948.017599992454,163.06997742663657
1777972242,212,,Aggregated,2.300000,0.000000,85,110,130,130,160,240,450,990,2900,2900,2900,445,1,85,117.06832022461099,34.92750000441447,2948.017599992454,163.11011235955056
1777972243,213,,Aggregated,2.300000,0.000000,85,110,130,130,160,240,450,990,2900,2900,2900,447,1,85,116.86587069342194,34.92750000441447,2948.017599992454,163.14988814317672
1777972244,214,,Aggregated,2.400000,0.000000,85,110,130,130,160,240,450,990,2900,2900,2900,450,1,84,116.520198222198,34.92750000441447,2948.017599992454,162.82666666666665
1777972245,215,,Aggregated,2.400000,0.000000,85,110,130,130,160,240,450,990,2900,2900,2900,450,1,84,116.520198222198,34.92750000441447,2948.017599992454,162.82666666666665
1777972246,216,,Aggregated,2.300000,0.000000,85,110,130,130,160,240,450,1200,2900,2900,2900,454,1,84,118.58991409691937,34.92750000441447,2948.017599992454,162.90748898678413
1777972247,217,,Aggregated,2.400000,0.000000,85,110,130,130,160,240,450,1200,2900,2900,2900,456,1,84,118.44608135965117,34.92750000441447,2948.017599992454,162.94736842105263
1777972248,218,,Aggregated,2.200000,0.000000,85,110,130,130,160,240,450,1200,2900,2900,2900,458,1,84,118.2944622270404,34.92750000441447,2948.017599992454,162.9868995633188
1777972249,219,,Aggregated,2.400000,0.000000,85,110,130,130,160,240,450,1200,2900,2900,2900,460,1,84,118.17454021739135,34.92750000441447,2948.017599992454,163.02608695652174
1777972251,220,,Aggregated,2.400000,0.000000,85,110,130,130,160,240,450,1200,2900,2900,2900,462,1,84,118.03714025970267,34.92750000441447,2948.017599992454,163.06493506493507
1777972252,221,,Aggregated,2.200000,0.000000,84,110,130,130,160,240,450,1200,2900,2900,2900,466,1,77,117.63584678103275,34.92750000441447,2948.017599992454,162.40343347639484
1777972253,222,,Aggregated,2.200000,0.000000,84,110,130,130,160,240,450,1200,2900,2900,2900,468,1,77,117.44433760672358,34.92750000441447,2948.017599992454,162.44444444444446
1777972254,223,,Aggregated,1.900000,0.000000,84,110,130,130,160,240,450,1200,2900,2900,2900,470,1,77,117.26959999991294,34.92750000441447,2948.017599992454,162.48510638297873
1777972255,224,,Aggregated,2.100000,0.000000,84,110,130,130,160,240,450,1200,2900,2900,2900,473,1,84,117.3057835093792,34.92750000441447,2948.017599992454,162.1818181818182
1777972256,225,,Aggregated,2.100000,0.000000,85,110,130,130,160,240,450,1200,2900,2900,2900,475,1,85,117.39702652612897,34.92750000441447,2948.017599992454,162.22315789473683
1777972257,226,,Aggregated,2.000000,0.000000,85,110,130,130,160,240,450,1200,2900,2900,2900,477,1,85,117.24404758885767,34.92750000441447,2948.017599992454,162.26415094339623
1777972258,227,,Aggregated,2.100000,0.000000,84,110,130,130,160,240,450,1200,2900,2900,2900,481,1,84,116.77435696441603,34.92750000441447,2948.017599992454,161.62993762993764
1777972259,228,,Aggregated,2.100000,0.000000,84,110,130,130,160,240,450,1200,2900,2900,2900,483,1,84,116.62574699764356,34.92750000441447,2948.017599992454,161.6728778467909
1777972260,229,,Aggregated,2.100000,0.000000,84,110,130,130,160,240,450,1200,2900,2900,2900,485,1,84,116.47990536053915,34.92750000441447,2948.017599992454,161.71546391752577
1777972261,230,,Aggregated,2.100000,0.000000,84,110,130,130,160,240,450,1200,2900,2900,2900,487,1,84,116.45467987649087,34.92750000441447,2948.017599992454,161.7577002053388
1777972262,231,,Aggregated,2.300000,0.000000,85,110,130,130,160,240,450,1200,2900,2900,2900,489,1,85,116.72408711625852,34.92750000441447,2948.017599992454,161.799591002045
1777972263,232,,Aggregated,2.300000,0.000000,85,110,130,130,160,240,450,1200,2900,2900,2900,491,1,85,116.60656985713457,34.92750000441447,2948.017599992454,161.84114052953157
1777972264,233,,Aggregated,2.400000,0.000000,84,110,130,130,160,240,450,1200,2900,2900,2900,495,1,84,116.20811393908977,34.92750000441447,2948.017599992454,161.22828282828283
1777972265,234,,Aggregated,2.400000,0.000000,84,110,130,130,160,240,450,1200,2900,2900,2900,497,1,84,116.13878470792115,34.92750000441447,2948.017599992454,161.27162977867204
1777972266,235,,Aggregated,2.300000,0.000000,84,110,130,130,160,240,450,1200,2900,2900,2900,499,1,84,116.17642585134492,34.92750000441447,2948.017599992454,161.31462925851704
1777972267,236,,Aggregated,2.500000,0.000000,84,110,130,130,160,240,400,990,2900,2900,2900,502,2,77,116.00067290801887,34.92750000441447,2948.017599992454,161.0358565737052
1777972268,237,,Aggregated,2.500000,0.000000,84,110,130,130,160,240,400,990,2900,2900,2900,504,2,81,116.08462559490276,34.92750000441447,2948.017599992454,161.0793650793651
1777972269,238,,Aggregated,2.400000,0.000000,84,110,130,130,160,240,400,990,2900,2900,2900,506,2,81,115.97236403129054,34.92750000441447,2948.017599992454,161.12252964426878
1777972270,239,,Aggregated,2.400000,0.000000,84,110,130,130,160,240,400,990,2900,2900,2900,508,2,81,115.89126830674684,34.92750000441447,2948.017599992454,161.16535433070865
1777972271,240,,Aggregated,2.500000,0.100000,84,110,130,130,160,240,400,990,2900,2900,2900,510,2,81,115.74092137218709,34.92750000441447,2948.017599992454,161.2078431372549
1777972272,241,,Aggregated,2.300000,0.100000,85,110,130,130,160,240,400,990,2900,2900,2900,512,2,84,115.71319453082651,34.92750000441447,2948.017599992454,161.25
1777972273,242,,Aggregated,2.300000,0.100000,85,110,130,130,160,240,400,990,2900,2900,2900,514,2,84,115.58200486329591,34.92750000441447,2948.017599992454,161.29182879377433
1777972274,243,,Aggregated,2.300000,0.100000,85,110,130,130,160,240,400,990,2900,2900,2900,516,2,84,115.5518189917184,34.92750000441447,2948.017599992454,161.33333333333334
1777972275,244,,Aggregated,2.300000,0.100000,84,110,130,130,160,240,400,990,2900,2900,2900,519,3,84,115.38365472006963,34.92750000441447,2948.017599992454,161.0635838150289
1777972276,245,,Aggregated,2.300000,0.100000,84,110,130,130,160,220,400,990,2900,2900,2900,521,3,84,115.30379808011587,34.92750000441447,2948.017599992454,161.10556621880997
1777972277,246,,Aggregated,2.300000,0.100000,84,110,130,130,160,220,400,990,2900,2900,2900,523,3,84,115.19314665339547,34.92750000441447,2948.017599992454,161.1472275334608
1777972278,247,,Aggregated,2.100000,0.100000,84,110,130,130,160,220,400,990,2900,2900,2900,525,3,84,115.10575771376136,34.92750000441447,2948.017599992454,161.18857142857144
1777972279,248,,Aggregated,2.200000,0.200000,84,110,130,130,160,220,400,990,2900,2900,2900,527,3,84,114.97842447771036,34.92750000441447,2948.017599992454,161.22960151802656
1777972280,249,,Aggregated,2.100000,0.100000,84,110,130,130,160,220,400,990,2900,2900,2900,529,3,84,114.98357088796685,34.92750000441447,2948.017599992454,161.2703213610586
1777972281,250,,Aggregated,2.100000,0.100000,84,110,130,130,160,220,400,990,2900,2900,2900,531,3,84,115.02090433091557,34.92750000441447,2948.017599992454,161.31073446327684
1777972282,250,,Aggregated,2.000000,0.100000,84,110,130,130,160,220,400,990,2900,2900,2900,533,3,84,114.96562457730379,34.92750000441447,2948.017599992454,161.35084427767356
1777972283,250,,Aggregated,2.000000,0.100000,84,110,130,130,160,220,400,990,2900,2900,2900,533,3,84,114.96562457730379,34.92750000441447,2948.017599992454,161.35084427767356
1777972284,250,,Aggregated,2.000000,0.100000,84,110,130,130,160,220,400,990,2900,2900,2900,534,3,81,114.82838071106187,34.92750000441447,2948.017599992454,161.04868913857678
1777972286,250,,Aggregated,2.000000,0.100000,84,110,130,130,160,220,400,990,2900,2900,2900,534,3,81,114.82838071106187,34.92750000441447,2948.017599992454,161.04868913857678
1777972287,250,,Aggregated,1.800000,0.100000,81,110,130,130,160,220,400,990,2900,2900,2900,535,3,81,114.71192822372758,34.92750000441447,2948.017599992454,160.74766355140187
1777972288,250,,Aggregated,1.800000,0.100000,81,110,130,130,160,220,400,990,2900,2900,2900,535,3,81,114.71192822372758,34.92750000441447,2948.017599992454,160.74766355140187
1777972289,250,,Aggregated,1.800000,0.100000,81,110,130,130,160,220,400,990,2900,2900,2900,535,3,81,114.71192822372758,34.92750000441447,2948.017599992454,160.74766355140187
1777972290,250,,Aggregated,1.000000,0.000000,81,110,130,130,160,220,400,990,2900,2900,2900,536,3,77,114.57198152927606,34.92750000441447,2948.017599992454,160.44776119402985
1777972291,250,,Aggregated,1.000000,0.000000,81,110,130,130,160,220,400,990,2900,2900,2900,536,3,77,114.57198152927606,34.92750000441447,2948.017599992454,160.44776119402985
1777972292,250,,Aggregated,1.000000,0.000000,81,110,130,130,160,220,400,990,2900,2900,2900,536,3,77,114.57198152927606,34.92750000441447,2948.017599992454,160.44776119402985
1777972293,250,,Aggregated,1.000000,0.000000,81,110,130,130,160,220,400,990,2900,2900,2900,536,3,77,114.57198152927606,34.92750000441447,2948.017599992454,160.44776119402985
1777972294,250,,Aggregated,1.000000,0.000000,81,110,130,130,160,220,400,990,2900,2900,2900,536,3,77,114.57198152927606,34.92750000441447,2948.017599992454,160.44776119402985
1777972295,250,,Aggregated,1.000000,0.000000,81,110,130,130,160,220,400,990,2900,2900,2900,536,3,77,114.57198152927606,34.92750000441447,2948.017599992454,160.44776119402985
1777972296,250,,Aggregated,1.000000,0.000000,81,110,130,130,160,220,400,990,2900,2900,2900,536,3,77,114.57198152927606,34.92750000441447,2948.017599992454,160.44776119402985
1777972297,250,,Aggregated,0.200000,0.000000,77,110,130,130,160,220,400,990,2900,2900,2900,538,3,76,114.30500018533508,34.92750000441447,2948.017599992454,159.85130111524163
1777972298,250,,Aggregated,0.200000,0.000000,77,110,130,130,160,220,400,990,2900,2900,2900,538,3,76,114.30500018533508,34.92750000441447,2948.017599992454,159.85130111524163
1777972299,250,,Aggregated,0.200000,0.000000,77,110,130,130,160,220,400,990,2900,2900,2900,538,3,76,114.30500018533508,34.92750000441447,2948.017599992454,159.85130111524163
1777972300,250,,Aggregated,0.300000,0.000000,77,110,130,130,160,220,400,990,2900,2900,2900,539,4,77,114.28026196608192,34.92750000441447,2948.017599992454,159.55473098330242
1777972301,250,,Aggregated,0.300000,0.000000,77,110,130,130,160,220,400,990,2900,2900,2900,540,4,76,114.16282777726236,34.92750000441447,2948.017599992454,159.25925925925927
1777972302,250,,Aggregated,0.300000,0.000000,77,110,130,130,160,220,400,990,2900,2900,2900,540,4,76,114.16282777726236,34.92750000441447,2948.017599992454,159.25925925925927
1777972303,250,,Aggregated,0.400000,0.100000,76,110,130,130,160,220,400,990,2900,2900,2900,541,4,76,114.05905767045046,34.92750000441447,2948.017599992454,158.9648798521257
1777972304,250,,Aggregated,0.400000,0.100000,76,110,130,130,160,220,400,990,2900,2900,2900,541,4,76,114.05905767045046,34.92750000441447,2948.017599992454,158.9648798521257
1777972305,250,,Aggregated,0.400000,0.100000,76,110,130,130,160,220,400,990,2900,2900,2900,541,4,76,114.05905767045046,34.92750000441447,2948.017599992454,158.9648798521257
1777972306,250,,Aggregated,0.400000,0.100000,76,110,130,130,160,220,400,990,2900,2900,2900,541,4,76,114.05905767045046,34.92750000441447,2948.017599992454,158.9648798521257
1777972307,250,,Aggregated,0.400000,0.100000,76,110,130,130,160,220,400,990,2900,2900,2900,541,4,76,114.05905767045046,34.92750000441447,2948.017599992454,158.9648798521257
1777972308,250,,Aggregated,0.500000,0.100000,76,110,130,130,160,220,400,990,2900,2900,2900,542,4,75,113.93810350504168,34.92750000441447,2948.017599992454,158.67158671586716
1777972309,250,,Aggregated,0.500000,0.100000,76,110,130,130,160,220,400,990,2900,2900,2900,542,4,75,113.93810350504168,34.92750000441447,2948.017599992454,158.67158671586716
1777972310,250,,Aggregated,0.300000,0.100000,75,110,130,130,160,220,400,990,2900,2900,2900,543,4,75,113.83235745806664,34.92750000441447,2948.017599992454,158.37937384898711
1777972311,250,,Aggregated,0.300000,0.100000,75,110,130,130,160,220,400,990,2900,2900,2900,543,4,75,113.83235745806664,34.92750000441447,2948.017599992454,158.37937384898711
1777972312,250,,Aggregated,0.300000,0.100000,75,110,130,130,160,220,400,990,2900,2900,2900,543,4,75,113.83235745806664,34.92750000441447,2948.017599992454,158.37937384898711
1777972313,250,,Aggregated,0.300000,0.100000,75,110,130,130,160,220,400,990,2900,2900,2900,543,4,75,113.83235745806664,34.92750000441447,2948.017599992454,158.37937384898711
1777972314,250,,Aggregated,0.300000,0.100000,75,110,130,130,160,220,400,990,2900,2900,2900,543,4,75,113.83235745806664,34.92750000441447,2948.017599992454,158.37937384898711
1777972315,250,,Aggregated,0.300000,0.100000,75,110,130,130,160,220,400,990,2900,2900,2900,543,4,75,113.83235745806664,34.92750000441447,2948.017599992454,158.37937384898711
1777972316,250,,Aggregated,0.200000,0.000000,75,110,130,130,160,220,400,990,2900,2900,2900,544,4,74,113.71386801420158,34.92750000441447,2948.017599992454,158.08823529411765
1777972317,250,,Aggregated,0.200000,0.000000,75,110,130,130,160,220,400,990,2900,2900,2900,544,4,74,113.71386801420158,34.92750000441447,2948.017599992454,158.08823529411765
1777972318,250,,Aggregated,0.200000,0.000000,75,110,130,130,160,220,400,990,2900,2900,2900,544,4,74,113.71386801420158,34.92750000441447,2948.017599992454,158.08823529411765
1777972319,250,,Aggregated,0.200000,0.000000,75,110,130,130,160,220,400,990,2900,2900,2900,544,4,74,113.71386801420158,34.92750000441447,2948.017599992454,158.08823529411765
1777972320,250,,Aggregated,0.200000,0.000000,75,110,130,130,160,220,400,990,2900,2900,2900,544,4,74,113.71386801420158,34.92750000441447,2948.017599992454,158.08823529411765
1777972321,250,,Aggregated,0.200000,0.000000,75,110,130,130,160,220,400,990,2900,2900,2900,544,4,74,113.71386801420158,34.92750000441447,2948.017599992454,158.08823529411765
1777972322,250,,Aggregated,0.200000,0.000000,74,110,130,130,160,220,400,990,2900,2900,2900,545,4,74,113.57816201789569,34.92750000441447,2948.017599992454,157.7981651376147
1777972323,250,,Aggregated,0.200000,0.000000,74,110,130,130,160,220,400,990,2900,2900,2900,545,4,74,113.57816201789569,34.92750000441447,2948.017599992454,157.7981651376147
1777972324,250,,Aggregated,0.100000,0.000000,74,110,130,130,160,220,400,990,2900,2900,2900,547,4,74,113.34305301601692,34.92750000441447,2948.017599992454,157.22120658135285
1777972325,250,,Aggregated,0.100000,0.000000,74,110,130,130,160,220,400,990,2900,2900,2900,548,5,73,113.22320054697781,34.92750000441447,2948.017599992454,156.93430656934308
1777972326,250,,Aggregated,0.100000,0.000000,74,110,130,130,160,220,400,990,2900,2900,2900,548,5,73,113.22320054697781,34.92750000441447,2948.017599992454,156.93430656934308
1777972327,250,,Aggregated,0.500000,0.100000,73,110,130,130,160,220,400,990,2900,2900,2900,549,5,73,113.08362076451488,34.92750000441447,2948.017599992454,156.64845173041894
1777972328,250,,Aggregated,0.500000,0.100000,73,110,130,130,160,220,400,990,2900,2900,2900,549,5,73,113.08362076451488,34.92750000441447,2948.017599992454,156.64845173041894
1777972329,250,,Aggregated,0.500000,0.100000,73,110,130,130,160,220,400,990,2900,2900,2900,549,5,73,113.08362076451488,34.92750000441447,2948.017599992454,156.64845173041894
1777972330,250,,Aggregated,0.500000,0.100000,73,110,130,130,160,220,400,990,2900,2900,2900,550,6,73,112.99607145404231,34.92750000441447,2948.017599992454,156.36363636363637
1777972331,250,,Aggregated,0.500000,0.100000,73,110,130,130,160,220,400,990,2900,2900,2900,550,6,73,112.99607145404231,34.92750000441447,2948.017599992454,156.36363636363637
1777972333,250,,Aggregated,0.500000,0.100000,73,110,130,130,160,220,400,990,2900,2900,2900,550,6,73,112.99607145404231,34.92750000441447,2948.017599992454,156.36363636363637
1777972334,250,,Aggregated,0.500000,0.100000,73,110,130,130,160,220,400,990,2900,2900,2900,550,6,73,112.99607145404231,34.92750000441447,2948.017599992454,156.36363636363637
1777972335,250,,Aggregated,0.500000,0.100000,73,110,130,130,160,220,400,990,2900,2900,2900,550,6,73,112.99607145404231,34.92750000441447,2948.017599992454,156.36363636363637
1777972336,250,,Aggregated,0.500000,0.100000,73,110,130,130,160,220,400,990,2900,2900,2900,550,6,73,112.99607145404231,34.92750000441447,2948.017599992454,156.36363636363637
1777972337,250,,Aggregated,0.500000,0.200000,73,110,130,130,160,220,370,990,2900,2900,2900,551,6,73,112.87070762200413,34.92750000441447,2948.017599992454,156.0798548094374
1777972338,250,,Aggregated,0.500000,0.200000,73,110,130,130,160,220,370,990,2900,2900,2900,551,6,73,112.87070762200413,34.92750000441447,2948.017599992454,156.0798548094374
1777972339,250,,Aggregated,0.200000,0.100000,73,110,130,130,160,220,370,990,2900,2900,2900,552,7,72,112.77152445599431,34.92750000441447,2948.017599992454,155.79710144927537
1777972340,250,,Aggregated,0.200000,0.100000,73,110,130,130,160,220,370,990,2900,2900,2900,552,7,72,112.77152445599431,34.92750000441447,2948.017599992454,155.79710144927537
1777972341,250,,Aggregated,0.200000,0.100000,72,110,130,130,160,220,370,990,2900,2900,2900,553,7,72,112.64450325444088,34.92750000441447,2948.017599992454,155.51537070524412
1777972342,250,,Aggregated,0.200000,0.100000,72,110,130,130,160,220,370,990,2900,2900,2900,553,7,72,112.64450325444088,34.92750000441447,2948.017599992454,155.51537070524412
1777972343,250,,Aggregated,0.300000,0.100000,72,110,130,130,160,220,370,990,2900,2900,2900,554,7,71,112.52807942182305,34.92750000441447,2948.017599992454,155.23465703971118
1777972344,250,,Aggregated,0.300000,0.100000,72,110,130,130,160,220,370,990,2900,2900,2900,554,7,71,112.52807942182305,34.92750000441447,2948.017599992454,155.23465703971118
1777972345,250,,Aggregated,0.300000,0.100000,71,110,130,130,160,220,370,990,2900,2900,2900,556,8,71,112.28773165412545,34.92750000441447,2948.017599992454,154.67625899280574
1777972346,250,,Aggregated,0.300000,0.100000,71,110,130,130,160,220,370,990,2900,2900,2900,556,8,71,112.28773165412545,34.92750000441447,2948.017599992454,154.67625899280574
1777972347,250,,Aggregated,0.400000,0.100000,71,110,130,130,160,220,370,990,2900,2900,2900,558,8,71,112.08431630766296,34.92750000441447,2948.017599992454,154.12186379928315
1777972348,250,,Aggregated,0.400000,0.100000,71,110,130,130,160,220,370,990,2900,2900,2900,558,8,71,112.08431630766296,34.92750000441447,2948.017599992454,154.12186379928315
1777972349,250,,Aggregated,0.700000,0.200000,71,110,130,130,160,220,370,990,2900,2900,2900,559,9,71,111.96840787061727,34.92750000441447,2948.017599992454,153.84615384615384
1777972350,250,,Aggregated,0.700000,0.200000,71,110,130,130,160,220,370,990,2900,2900,2900,559,9,71,111.96840787061727,34.92750000441447,2948.017599992454,153.84615384615384
1777972351,250,,Aggregated,0.700000,0.200000,71,110,130,130,160,220,370,990,2900,2900,2900,559,9,71,111.96840787061727,34.92750000441447,2948.017599992454,153.84615384615384
1777972352,250,,Aggregated,0.600000,0.100000,71,110,130,130,160,220,370,990,2900,2900,2900,560,9,69,111.84726339228551,34.92750000441447,2948.017599992454,153.57142857142858
1777972353,250,,Aggregated,0.600000,0.100000,71,110,130,130,160,220,370,990,2900,2900,2900,560,9,69,111.84726339228551,34.92750000441447,2948.017599992454,153.57142857142858
1777972354,250,,Aggregated,0.700000,0.200000,69,110,120,130,150,210,370,990,2900,2900,2900,561,10,69,111.72159376054913,34.92750000441447,2948.017599992454,153.29768270944743
1777972355,250,,Aggregated,0.700000,0.200000,69,110,120,130,150,210,370,990,2900,2900,2900,561,10,69,111.72159376054913,34.92750000441447,2948.017599992454,153.29768270944743
1777972356,250,,Aggregated,0.700000,0.200000,69,110,120,130,150,210,370,990,2900,2900,2900,561,10,69,111.72159376054913,34.92750000441447,2948.017599992454,153.29768270944743
1777972357,250,,Aggregated,0.700000,0.200000,69,110,120,130,150,210,370,990,2900,2900,2900,561,10,69,111.72159376054913,34.92750000441447,2948.017599992454,153.29768270944743
1777972358,250,,Aggregated,0.500000,0.200000,69,110,120,130,150,210,370,990,2900,2900,2900,562,11,69,111.6110830954827,34.92750000441447,2948.017599992454,153.02491103202846
1777972359,250,,Aggregated,0.300000,0.200000,69,110,120,130,150,210,370,990,2900,2900,2900,564,12,68,111.38138351001132,34.92750000441447,2948.017599992454,152.4822695035461
1777972360,250,,Aggregated,0.300000,0.200000,69,110,120,130,150,210,370,990,2900,2900,2900,564,12,68,111.38138351001132,34.92750000441447,2948.017599992454,152.4822695035461
1777972361,250,,Aggregated,0.500000,0.300000,68,110,120,130,150,210,370,990,2900,2900,2900,565,13,68,111.26515150376167,34.92750000441447,2948.017599992454,152.21238938053096
1777972362,250,,Aggregated,0.500000,0.300000,68,110,120,130,150,210,370,990,2900,2900,2900,565,13,68,111.26515150376167,34.92750000441447,2948.017599992454,152.21238938053096
1777972363,250,,Aggregated,0.500000,0.300000,68,110,120,130,150,210,370,990,2900,2900,2900,567,15,68,111.04139999931635,34.92750000441447,2948.017599992454,151.67548500881836
1777972364,250,,Aggregated,0.500000,0.300000,68,110,120,130,150,210,370,990,2900,2900,2900,567,15,68,111.04139999931635,34.92750000441447,2948.017599992454,151.67548500881836
1777972365,250,,Aggregated,0.600000,0.500000,68,110,120,130,150,210,370,990,2900,2900,2900,568,16,68,110.92672059795136,34.92750000441447,2948.017599992454,151.40845070422534
1777972366,250,,Aggregated,0.700000,0.600000,68,110,120,130,150,210,370,990,2900,2900,2900,569,17,68,110.80893673045071,34.92750000441447,2948.017599992454,151.14235500878735
1777972367,250,,Aggregated,0.600000,0.500000,68,110,120,130,150,210,370,990,2900,2900,2900,570,18,67,110.68913491162995,34.92750000441447,2948.017599992454,150.87719298245614
1777972368,250,,Aggregated,0.600000,0.500000,68,110,120,130,150,210,370,990,2900,2900,2900,570,18,67,110.68913491162995,34.92750000441447,2948.017599992454,150.87719298245614
1777972369,250,,Aggregated,0.800000,0.700000,67,110,120,130,150,210,370,990,2900,2900,2900,571,19,67,110.57073047221311,34.92750000441447,2948.017599992454,150.61295971978984
1777972370,250,,Aggregated,0.800000,0.700000,67,110,120,130,150,210,370,990,2900,2900,2900,571,19,67,110.57073047221311,34.92750000441447,2948.017599992454,150.61295971978984
1777972371,250,,Aggregated,0.800000,0.700000,67,110,120,130,150,210,370,990,2900,2900,2900,571,19,67,110.57073047221311,34.92750000441447,2948.017599992454,150.61295971978984
1777972372,250,,Aggregated,0.700000,0.700000,67,110,120,130,150,210,370,990,2900,2900,2900,572,20,67,110.46529615316638,34.92750000441447,2948.017599992454,150.34965034965035
1777972373,250,,Aggregated,0.700000,0.700000,67,110,120,130,150,210,370,990,2900,2900,2900,573,21,67,110.3531698073402,34.92750000441447,2948.017599992454,150.087260034904
1777972374,250,,Aggregated,0.600000,0.600000,67,110,120,130,150,210,370,990,2900,2900,2900,574,22,67,110.25491167182948,34.92750000441447,2948.017599992454,149.82578397212544
1777972375,250,,Aggregated,0.600000,0.600000,67,110,120,130,150,210,370,990,2900,2900,2900,575,23,67,110.14861269504763,34.92750000441447,2948.017599992454,149.56521739130434
1777972376,250,,Aggregated,0.600000,0.600000,67,110,120,130,150,210,370,990,2900,2900,2900,576,24,67,110.02601492994775,34.92750000441447,2948.017599992454,149.30555555555554
1777972377,250,,Aggregated,0.700000,0.700000,67,110,120,130,150,210,370,990,2900,2900,2900,577,24,67,109.91018717442526,34.92750000441447,2948.017599992454,149.0467937608319
1777972378,250,,Aggregated,0.700000,0.700000,67,110,120,130,150,210,370,990,2900,2900,2900,579,25,67,109.71771813414361,34.92750000441447,2948.017599992454,148.53195164075993
1777972379,250,,Aggregated,0.700000,0.700000,67,110,120,130,150,210,370,990,2900,2900,2900,580,26,66,109.6409312063519,34.92750000441447,2948.017599992454,148.27586206896552
1777972380,250,,Aggregated,0.700000,0.700000,67,110,120,130,150,210,370,990,2900,2900,2900,580,26,66,109.6409312063519,34.92750000441447,2948.017599992454,148.27586206896552
1777972381,250,,Aggregated,0.700000,0.700000,67,110,120,130,150,210,370,990,2900,2900,2900,580,26,66,109.6409312063519,34.92750000441447,2948.017599992454,148.27586206896552
1777972382,250,,Aggregated,0.900000,0.700000,67,110,120,130,150,200,370,990,2900,2900,2900,581,27,67,109.72763080838763,34.92750000441447,2948.017599992454,148.02065404475044
1777972383,250,,Aggregated,0.900000,0.700000,67,110,120,130,150,200,370,990,2900,2900,2900,581,27,67,109.72763080838763,34.92750000441447,2948.017599992454,148.02065404475044
1777972384,250,,Aggregated,0.900000,0.700000,67,110,120,130,150,200,370,990,2900,2900,2900,582,28,66,109.61838848745855,34.92750000441447,2948.017599992454,147.76632302405497
1777972385,250,,Aggregated,0.900000,0.700000,67,110,120,130,150,200,370,990,2900,2900,2900,582,28,66,109.61838848745855,34.92750000441447,2948.017599992454,147.76632302405497
1777972386,250,,Aggregated,0.800000,0.600000,66,110,120,130,150,200,370,990,2900,2900,2900,583,28,66,109.50366089138079,34.92750000441447,2948.017599992454,147.51286449399657
1777972387,250,,Aggregated,0.800000,0.600000,66,110,120,130,150,200,370,990,2900,2900,2900,583,28,66,109.50366089138079,34.92750000441447,2948.017599992454,147.51286449399657
1777972388,250,,Aggregated,0.700000,0.500000,66,110,120,130,150,200,370,990,2900,2900,2900,584,29,65,109.41592808162007,34.92750000441447,2948.017599992454,147.26027397260273
1777972389,250,,Aggregated,0.700000,0.400000,65,110,120,130,150,200,370,990,2900,2900,2900,586,30,65,109.22694914618073,34.92750000441447,2948.017599992454,146.75767918088738
1777972390,250,,Aggregated,0.700000,0.400000,65,110,120,130,150,200,370,990,2900,2900,2900,586,30,65,109.22694914618073,34.92750000441447,2948.017599992454,146.75767918088738
1777972391,250,,Aggregated,0.500000,0.400000,65,110,120,130,150,200,370,990,2900,2900,2900,588,31,65,109.03696938718592,34.92750000441447,2948.017599992454,146.25850340136054
1777972392,250,,Aggregated,0.500000,0.400000,65,110,120,130,150,200,370,990,2900,2900,2900,588,31,65,109.03696938718592,34.92750000441447,2948.017599992454,146.25850340136054
1777972393,250,,Aggregated,0.600000,0.400000,65,110,120,130,150,200,370,990,2900,2900,2900,591,32,65,108.7797130282252,34.92750000441447,2948.017599992454,145.5160744500846
1777972394,250,,Aggregated,0.600000,0.400000,65,110,120,130,150,200,370,990,2900,2900,2900,591,32,65,108.7797130282252,34.92750000441447,2948.017599992454,145.5160744500846
1777972395,250,,Aggregated,0.600000,0.400000,65,110,120,130,150,200,370,990,2900,2900,2900,591,32,65,108.7797130282252,34.92750000441447,2948.017599992454,145.5160744500846
1777972396,250,,Aggregated,0.600000,0.400000,65,110,120,130,150,200,370,990,2900,2900,2900,591,32,65,108.7797130282252,34.92750000441447,2948.017599992454,145.5160744500846
1777972397,250,,Aggregated,0.600000,0.400000,65,110,120,130,150,200,370,990,2900,2900,2900,591,32,65,108.7797130282252,34.92750000441447,2948.017599992454,145.5160744500846
1777972398,250,,Aggregated,0.900000,0.400000,65,110,120,130,150,200,370,990,2900,2900,2900,592,33,65,108.68400185756548,34.92750000441447,2948.017599992454,145.27027027027026
1777972399,250,,Aggregated,0.900000,0.400000,65,110,120,130,150,200,370,990,2900,2900,2900,593,33,65,108.56946070774138,34.92750000441447,2948.017599992454,145.02529510961213
1777972400,250,,Aggregated,0.900000,0.400000,65,110,120,130,150,200,370,990,2900,2900,2900,593,33,65,108.56946070774138,34.92750000441447,2948.017599992454,145.02529510961213
1777972401,250,,Aggregated,0.900000,0.400000,65,110,120,130,150,200,370,990,2900,2900,2900,593,33,65,108.56946070774138,34.92750000441447,2948.017599992454,145.02529510961213
1777972402,250,,Aggregated,0.900000,0.400000,65,110,120,130,150,200,370,990,2900,2900,2900,593,33,65,108.56946070774138,34.92750000441447,2948.017599992454,145.02529510961213
1777972404,250,,Aggregated,0.700000,0.300000,65,110,120,130,150,200,370,990,2900,2900,2900,594,33,64,108.49070387156696,34.92750000441447,2948.017599992454,144.78114478114477
1777972405,250,,Aggregated,0.500000,0.200000,64,110,120,130,150,200,370,990,2900,2900,2900,596,35,63,108.30246241558726,34.92750000441447,2948.017599992454,144.29530201342283
1777972406,250,,Aggregated,0.500000,0.200000,63,110,120,130,150,200,370,990,2900,2900,2900,597,36,63,108.20506515863376,34.92750000441447,2948.017599992454,144.0536013400335
1777972407,250,,Aggregated,0.300000,0.100000,63,110,120,130,150,200,370,990,2900,2900,2900,598,37,63,108.10116053459407,34.92750000441447,2948.017599992454,143.81270903010034
1777972408,250,,Aggregated,0.500000,0.300000,63,110,120,130,150,200,370,990,2900,2900,2900,599,38,63,107.9857649410086,34.92750000441447,2948.017599992454,143.57262103505843
1777972409,250,,Aggregated,0.600000,0.400000,63,110,120,130,150,200,370,990,2900,2900,2900,600,39,63,107.8936648327605,34.92750000441447,2948.017599992454,143.33333333333334
1777972410,250,,Aggregated,0.600000,0.400000,63,110,120,130,150,200,370,990,2900,2900,2900,600,39,63,107.8936648327605,34.92750000441447,2948.017599992454,143.33333333333334
1777972411,250,,Aggregated,0.800000,0.600000,63,110,120,130,150,190,280,790,2900,2900,2900,601,40,63,107.7959900160654,34.92750000441447,2948.017599992454,143.09484193011647
1777972412,250,,Aggregated,0.800000,0.600000,63,110,120,130,150,190,280,790,2900,2900,2900,601,40,63,107.7959900160654,34.92750000441447,2948.017599992454,143.09484193011647
1777972413,250,,Aggregated,0.700000,0.600000,63,110,120,130,150,190,280,790,2900,2900,2900,602,41,63,107.68836727517656,34.92750000441447,2948.017599992454,142.85714285714286
1777972414,250,,Aggregated,0.700000,0.600000,63,110,120,130,150,190,280,790,2900,2900,2900,602,41,63,107.68836727517656,34.92750000441447,2948.017599992454,142.85714285714286
1777972415,250,,Aggregated,0.800000,0.700000,63,110,120,130,150,190,280,790,2900,2900,2900,604,41,63,107.51940711865522,34.92750000441447,2948.017599992454,142.3841059602649
1777972416,250,,Aggregated,0.900000,0.800000,63,110,120,130,150,190,280,790,2900,2900,2900,605,42,63,107.41891090850507,34.92750000441447,2948.017599992454,142.1487603305785
1777972417,250,,Aggregated,0.900000,0.800000,63,110,120,130,150,190,280,790,2900,2900,2900,605,42,63,107.41891090850507,34.92750000441447,2948.017599992454,142.1487603305785
1777972418,250,,Aggregated,0.800000,0.600000,62,110,120,130,150,190,280,790,2900,2900,2900,607,43,62,107.20570312955422,34.92750000441447,2948.017599992454,141.68039538714993
1777972419,250,,Aggregated,0.700000,0.500000,62,110,120,130,150,190,280,790,2900,2900,2900,608,44,62,107.10552944017668,34.92750000441447,2948.017599992454,141.44736842105263
1777972420,250,,Aggregated,0.700000,0.500000,62,110,120,130,150,190,280,790,2900,2900,2900,608,44,62,107.10552944017668,34.92750000441447,2948.017599992454,141.44736842105263
1777972421,250,,Aggregated,0.700000,0.400000,62,110,120,130,150,190,280,790,2900,2900,2900,609,44,62,107.01499868574099,34.92750000441447,2948.017599992454,141.21510673234812
1777972422,250,,Aggregated,0.800000,0.500000,62,110,120,130,150,190,280,790,2900,2900,2900,611,46,62,106.81287053944475,34.92750000441447,2948.017599992454,140.7528641571195
1777972423,250,,Aggregated,0.800000,0.500000,62,110,120,130,150,190,280,790,2900,2900,2900,611,46,62,106.81287053944475,34.92750000441447,2948.017599992454,140.7528641571195
1777972424,250,,Aggregated,0.800000,0.500000,62,110,120,130,150,190,280,790,2900,2900,2900,611,46,62,106.81287053944475,34.92750000441447,2948.017599992454,140.7528641571195
1777972425,250,,Aggregated,0.900000,0.500000,62,110,120,130,150,190,280,790,2900,2900,2900,612,46,62,106.70912532615012,34.92750000441447,2948.017599992454,140.52287581699346
1777972426,250,,Aggregated,0.900000,0.500000,62,110,120,130,150,190,280,790,2900,2900,2900,612,46,62,106.70912532615012,34.92750000441447,2948.017599992454,140.52287581699346
1777972427,250,,Aggregated,0.900000,0.500000,62,110,120,130,150,190,280,790,2900,2900,2900,612,46,62,106.70912532615012,34.92750000441447,2948.017599992454,140.52287581699346
1777972428,250,,Aggregated,0.700000,0.500000,62,110,120,130,150,190,280,790,2900,2900,2900,613,47,62,106.596901630677,34.92750000441447,2948.017599992454,140.2936378466558
1777972429,250,,Aggregated,0.700000,0.500000,62,110,120,130,150,190,280,790,2900,2900,2900,613,47,62,106.596901630677,34.92750000441447,2948.017599992454,140.2936378466558
1777972430,250,,Aggregated,0.700000,0.500000,62,110,120,130,150,190,280,790,2900,2900,2900,613,47,62,106.596901630677,34.92750000441447,2948.017599992454,140.2936378466558
1777972431,250,,Aggregated,0.600000,0.400000,62,110,120,130,150,190,280,790,2900,2900,2900,614,47,62,106.5299513022941,34.92750000441447,2948.017599992454,140.06514657980455
1777972432,250,,Aggregated,0.600000,0.400000,62,110,120,130,150,190,280,790,2900,2900,2900,615,48,62,106.42828211317035,34.92750000441447,2948.017599992454,139.83739837398375
1777972433,250,,Aggregated,0.600000,0.400000,62,110,120,130,150,190,280,790,2900,2900,2900,615,48,62,106.42828211317035,34.92750000441447,2948.017599992454,139.83739837398375
1777972434,250,,Aggregated,0.600000,0.300000,62,110,120,130,150,190,280,790,2900,2900,2900,616,49,62,106.31785633048314,34.92750000441447,2948.017599992454,139.6103896103896
1777972435,250,,Aggregated,0.500000,0.300000,62,110,120,130,150,190,280,790,2900,2900,2900,617,50,62,106.22938427810159,34.92750000441447,2948.017599992454,139.3841166936791
1777972436,250,,Aggregated,0.400000,0.200000,62,110,120,130,150,190,280,790,2900,2900,2900,618,51,62,106.15369045241731,34.92750000441447,2948.017599992454,139.15857605177993
1777972437,250,,Aggregated,0.500000,0.300000,62,110,120,130,150,190,280,790,2900,2900,2900,619,52,62,106.05294991853333,34.92750000441447,2948.017599992454,138.93376413570275
1777972438,250,,Aggregated,0.600000,0.400000,62,110,120,130,150,190,280,790,2900,2900,2900,620,53,62,105.96186499930018,34.92750000441447,2948.017599992454,138.70967741935485
1777972439,250,,Aggregated,0.600000,0.400000,62,110,120,130,150,190,280,790,2900,2900,2900,620,53,62,105.96186499930018,34.92750000441447,2948.017599992454,138.70967741935485
1777972440,250,,Aggregated,0.700000,0.600000,62,110,120,130,150,190,280,790,2900,2900,2900,621,54,62,105.87510547438343,34.92750000441447,2948.017599992454,138.48631239935588
1777972441,250,,Aggregated,0.700000,0.600000,62,110,120,130,150,190,280,790,2900,2900,2900,622,55,61,105.77567009583949,34.92750000441447,2948.017599992454,138.2636655948553
1777972442,250,,Aggregated,0.700000,0.600000,61,110,120,130,150,190,280,790,2900,2900,2900,623,56,61,105.67821139583916,34.92750000441447,2948.017599992454,138.04173354735153
1777972443,250,,Aggregated,0.800000,0.700000,62,110,120,130,150,190,280,790,2900,2900,2900,624,57,61,105.63011458268589,34.92750000441447,2948.017599992454,137.82051282051282
1777972444,250,,Aggregated,0.800000,0.800000,61,110,120,130,150,190,280,790,2900,2900,2900,625,58,61,105.53286719932221,34.92750000441447,2948.017599992454,137.6
1777972445,250,,Aggregated,0.900000,0.900000,61,110,120,130,150,190,280,790,2900,2900,2900,627,60,61,105.36547240759751,34.92750000441447,2948.017599992454,137.1610845295056
1777972446,250,,Aggregated,0.900000,0.900000,61,110,120,130,150,190,280,790,2900,2900,2900,627,60,61,105.36547240759751,34.92750000441447,2948.017599992454,137.1610845295056
1777972447,250,,Aggregated,0.900000,0.900000,61,110,120,130,150,190,280,790,2900,2900,2900,629,62,61,105.1720809213675,34.92750000441447,2948.017599992454,136.724960254372
1777972448,250,,Aggregated,0.900000,0.900000,61,110,120,130,150,190,280,790,2900,2900,2900,630,63,61,105.07169095166434,34.92750000441447,2948.017599992454,136.5079365079365
1777972449,250,,Aggregated,0.900000,0.900000,61,110,120,130,150,190,280,790,2900,2900,2900,631,64,61,104.9999047536403,34.92750000441447,2948.017599992454,136.2916006339144
1777972450,250,,Aggregated,0.900000,0.900000,61,110,120,130,150,190,280,790,2900,2900,2900,633,66,61,104.80527883025157,34.92750000441447,2948.017599992454,135.8609794628752
1777972451,250,,Aggregated,1.100000,1.100000,61,110,120,130,150,190,280,790,2900,2900,2900,634,67,61,104.7285723968002,34.92750000441447,2948.017599992454,135.64668769716087
1777972452,250,,Aggregated,1.100000,1.100000,61,110,120,130,150,190,280,790,2900,2900,2900,635,68,61,104.64833795205749,34.92750000441447,2948.017599992454,135.43307086614172
1777972453,250,,Aggregated,1.100000,1.100000,61,110,120,130,150,190,280,790,2900,2900,2900,635,68,61,104.64833795205749,34.92750000441447,2948.017599992454,135.43307086614172
1777972454,250,,Aggregated,1.100000,1.100000,61,110,120,130,150,190,280,790,2900,2900,2900,635,68,61,104.64833795205749,34.92750000441447,2948.017599992454,135.43307086614172
1777972455,250,,Aggregated,1.100000,1.100000,61,110,120,130,150,190,280,790,2900,2900,2900,635,68,61,104.64833795205749,34.92750000441447,2948.017599992454,135.43307086614172
1777972456,250,,Aggregated,1.100000,1.100000,61,110,120,130,150,190,280,790,2900,2900,2900,636,69,60,104.56705220058669,34.92750000441447,2948.017599992454,135.22012578616352
1777972457,250,,Aggregated,0.900000,0.900000,61,110,120,130,150,190,280,790,2900,2900,2900,638,70,61,104.44314890220173,34.92750000441447,2948.017599992454,134.79623824451411
1777972458,250,,Aggregated,0.900000,0.900000,61,110,120,130,150,190,280,790,2900,2900,2900,639,71,61,104.39102206510712,34.92750000441447,2948.017599992454,134.585289514867
1777972459,250,,Aggregated,0.900000,0.900000,61,110,120,130,150,190,280,790,2900,2900,2900,640,72,61,104.30187171814396,34.92750000441447,2948.017599992454,134.375
1777972460,250,,Aggregated,0.800000,0.800000,61,110,120,130,150,190,280,790,2900,2900,2900,641,73,61,104.21691450801447,34.92750000441447,2948.017599992454,134.16536661466458
1777972461,250,,Aggregated,1.000000,0.900000,61,110,120,130,150,190,280,790,2900,2900,2900,642,74,60,104.1321979745054,34.92750000441447,2948.017599992454,133.95638629283488
1777972462,250,,Aggregated,0.900000,0.800000,60,110,120,130,150,190,280,790,2900,2900,2900,643,75,60,104.06099502275144,34.92750000441447,2948.017599992454,133.74805598755833
1777972463,250,,Aggregated,0.900000,0.800000,60,110,120,130,150,190,280,790,2900,2900,2900,644,76,60,103.97542546526203,34.92750000441447,2948.017599992454,133.54037267080744
1777972464,250,,Aggregated,0.900000,0.800000,60,110,120,130,150,190,280,790,2900,2900,2900,645,77,60,103.8766658908684,34.92750000441447,2948.017599992454,133.33333333333334
1777972465,250,,Aggregated,0.900000,0.800000,60,110,120,130,150,190,280,790,2900,2900,2900,646,78,60,103.79361393130723,34.92750000441447,2948.017599992454,133.12693498452012
1777972466,250,,Aggregated,0.900000,0.800000,60,110,120,130,150,190,280,790,2900,2900,2900,647,79,60,103.7063344662082,34.92750000441447,2948.017599992454,132.92117465224112
1777972467,250,,Aggregated,1.000000,0.900000,60,110,120,130,150,190,280,790,2900,2900,2900,649,80,60,103.54134160191185,34.92750000441447,2948.017599992454,132.5115562403698
1777972468,250,,Aggregated,1.100000,1.000000,60,110,120,130,150,190,280,790,2900,2900,2900,650,81,60,103.46105399944533,34.92750000441447,2948.017599992454,132.30769230769232
1777972469,250,,Aggregated,1.100000,1.000000,60,110,120,130,150,190,270,790,2900,2900,2900,651,82,60,103.39764838655745,34.92750000441447,2948.017599992454,132.10445468509985
1777972470,250,,Aggregated,1.300000,1.100000,60,110,120,130,150,190,270,790,2900,2900,2900,652,83,60,103.31115091970888,34.92750000441447,2948.017599992454,131.90184049079755
1777972471,250,,Aggregated,1.100000,1.000000,60,110,120,130,150,190,270,790,2900,2900,2900,653,84,60,103.21643614034762,34.92750000441447,2948.017599992454,131.6998468606432
1777972472,250,,Aggregated,1.100000,1.000000,60,110,120,130,150,190,270,790,2900,2900,2900,654,85,60,103.12172874566403,34.92750000441447,2948.017599992454,131.49847094801223
1777972473,250,,Aggregated,1.100000,1.000000,60,110,120,130,150,190,270,790,2900,2900,2900,655,86,60,103.03075847279045,34.92750000441447,2948.017599992454,131.29770992366412
1777972474,250,,Aggregated,1.100000,1.000000,60,110,120,130,150,190,270,790,2900,2900,2900,657,87,60,102.87608097365326,34.92750000441447,2948.017599992454,130.89802130898022
1777972475,250,,Aggregated,1.100000,1.000000,60,110,120,130,150,190,270,790,2900,2900,2900,658,88,59,102.79907857097606,34.92750000441447,2948.017599992454,130.69908814589667
1777972476,250,,Aggregated,1.100000,1.000000,59,110,120,130,150,190,270,790,2900,2900,2900,659,89,59,102.71881062170696,34.92750000441447,2948.017599992454,130.50075872534143
1777972477,250,,Aggregated,1.100000,1.000000,59,110,120,130,150,190,270,790,2900,2900,2900,660,90,59,102.62160696927987,34.92750000441447,2948.017599992454,130.3030303030303
1777972478,250,,Aggregated,1.200000,1.000000,59,110,120,130,150,190,270,790,2900,2900,2900,662,92,59,102.4564747730083,34.92750000441447,2948.017599992454,129.90936555891238
1777972479,250,,Aggregated,1.200000,1.000000,59,110,120,130,150,190,270,790,2900,2900,2900,663,93,59,102.37772443397097,34.92750000441447,2948.017599992454,129.71342383107088
1777972480,250,,Aggregated,1.100000,1.000000,59,110,120,130,150,190,270,790,2900,2900,2900,664,94,58,102.2862299694855,34.92750000441447,2948.017599992454,129.51807228915663
1777972481,250,,Aggregated,1.200000,1.100000,58,110,120,130,150,190,270,790,2900,2900,2900,665,95,58,102.21570796951218,34.92750000441447,2948.017599992454,129.3233082706767
1777972482,250,,Aggregated,1.200000,1.100000,58,110,120,130,150,190,270,790,2900,2900,2900,666,96,58,102.12603798758396,34.92750000441447,2948.017599992454,129.12912912912913
1777972483,250,,Aggregated,1.200000,1.100000,58,110,120,130,150,190,270,790,2900,2900,2900,667,97,58,102.10428305806815,34.92750000441447,2948.017599992454,128.93553223388307
1777972484,250,,Aggregated,1.100000,1.000000,58,110,120,130,150,190,270,790,2900,2900,2900,668,98,58,102.01182215525783,34.92750000441447,2948.017599992454,128.7425149700599
1777972485,250,,Aggregated,1.200000,1.100000,58,110,120,130,150,190,270,790,2900,2900,2900,669,99,58,101.93583826563685,34.92750000441447,2948.017599992454,128.55007473841553
1777972486,250,,Aggregated,1.200000,1.100000,58,110,120,130,150,190,270,790,2900,2900,2900,670,100,58,101.84517074580506,34.92750000441447,2948.017599992454,128.3582089552239
1777972487,250,,Aggregated,1.200000,1.100000,58,110,120,130,150,190,270,790,2900,2900,2900,671,101,58,101.76637362098549,34.92750000441447,2948.017599992454,128.16691505216096
1777972488,250,,Aggregated,1.000000,1.000000,58,110,120,130,150,190,270,790,2900,2900,2900,673,103,58,101.60996953895894,34.92750000441447,2948.017599992454,127.78603268945022
1777972489,250,,Aggregated,1.100000,1.100000,58,110,120,130,150,190,270,790,2900,2900,2900,675,105,58,101.50584355509771,34.92750000441447,2948.017599992454,127.4074074074074
1777972490,250,,Aggregated,0.900000,0.900000,58,110,120,130,150,190,270,790,2900,2900,2900,676,106,58,101.43811065046125,34.92750000441447,2948.017599992454,127.2189349112426
1777972491,250,,Aggregated,0.900000,0.900000,58,110,120,130,150,190,270,790,2900,2900,2900,677,107,58,101.38303722259919,34.92750000441447,2948.017599992454,127.03101920236337
1777972492,250,,Aggregated,0.900000,0.900000,58,110,120,130,150,190,270,790,2900,2900,2900,677,107,58,101.38303722259919,34.92750000441447,2948.017599992454,127.03101920236337
1777972493,250,,Aggregated,1.100000,1.100000,58,110,120,130,150,190,270,790,2900,2900,2900,678,108,58,101.28896519129479,34.92750000441447,2948.017599992454,126.84365781710915
1777972494,250,,Aggregated,1.300000,1.300000,58,110,120,130,150,190,270,790,2900,2900,2900,679,109,58,101.20920500692682,34.92750000441447,2948.017599992454,126.65684830633285
1777972495,250,,Aggregated,1.100000,1.100000,58,110,120,130,150,190,270,790,2900,2900,2900,680,110,58,101.12477764662745,34.92750000441447,2948.017599992454,126.47058823529412
1777972496,250,,Aggregated,1.100000,1.100000,58,110,120,130,150,190,270,790,2900,2900,2900,681,111,58,101.0425484577442,34.92750000441447,2948.017599992454,126.2848751835536
1777972497,250,,Aggregated,1.100000,1.100000,58,110,120,130,150,190,270,790,2900,2900,2900,682,112,58,100.9751791784832,34.92750000441447,2948.017599992454,126.09970674486803
1777972498,250,,Aggregated,1.200000,1.200000,58,110,120,130,150,190,270,790,2900,2900,2900,684,114,58,100.83742470718609,34.92750000441447,2948.017599992454,125.73099415204679
1777972499,250,,Aggregated,1.100000,1.100000,58,110,120,130,150,190,270,790,2900,2900,2900,685,115,58,100.77601810177978,34.92750000441447,2948.017599992454,125.54744525547446
1777972500,250,,Aggregated,1.100000,1.100000,58,110,120,130,150,190,270,790,2900,2900,2900,686,116,58,100.6951148684273,34.92750000441447,2948.017599992454,125.36443148688046
1777972501,250,,Aggregated,1.000000,1.000000,58,100,120,130,150,190,270,790,2900,2900,2900,689,119,58,100.43308084145667,34.92750000441447,2948.017599992454,124.81857764876632
1777972502,250,,Aggregated,1.000000,1.000000,58,100,120,130,150,190,270,790,2900,2900,2900,691,121,58,100.3456010126715,34.92750000441447,2948.017599992454,124.45730824891461
1777972503,250,,Aggregated,1.000000,1.000000,58,100,120,130,150,190,270,790,2900,2900,2900,692,122,58,100.32355317883288,34.92750000441447,2948.017599992454,124.27745664739885
1777972504,250,,Aggregated,1.200000,1.200000,58,100,120,130,150,190,270,790,2900,2900,2900,694,124,58,100.1510276653826,34.92750000441447,2948.017599992454,123.9193083573487
1777972505,250,,Aggregated,1.300000,1.300000,58,100,120,130,150,190,270,790,2900,2900,2900,695,125,58,100.06221165435,34.92750000441447,2948.017599992454,123.7410071942446
1777972506,250,,Aggregated,1.300000,1.300000,58,100,120,130,150,190,270,790,2900,2900,2900,696,126,58,99.98692787322115,34.92750000441447,2948.017599992454,123.5632183908046
1777972507,250,,Aggregated,1.400000,1.400000,58,100,120,130,150,190,270,790,2900,2900,2900,697,127,58,99.92432783323893,34.92750000441447,2948.017599992454,123.38593974175036
1777972508,250,,Aggregated,1.400000,1.400000,58,100,120,130,150,190,270,790,2900,2900,2900,698,128,58,99.85788567301071,34.92750000441447,2948.017599992454,123.20916905444126
1777972509,250,,Aggregated,1.400000,1.400000,58,100,120,130,150,190,270,790,2900,2900,2900,699,129,58,99.78100429149977,34.92750000441447,2948.017599992454,123.03290414878397
1777972510,250,,Aggregated,1.500000,1.500000,58,100,120,130,150,180,270,620,2900,2900,2900,703,133,58,99.48982702664883,34.92750000441447,2948.017599992454,122.33285917496444
1777972511,250,,Aggregated,1.400000,1.400000,58,100,120,130,150,180,270,620,2900,2900,2900,704,134,58,99.42116945983963,34.92750000441447,2948.017599992454,122.1590909090909
1777972512,250,,Aggregated,1.400000,1.400000,58,100,120,120,150,180,270,620,2900,2900,2900,706,136,58,99.27630679850584,34.92750000441447,2948.017599992454,121.81303116147309
1777972513,250,,Aggregated,1.600000,1.600000,58,100,120,120,150,180,270,620,2900,2900,2900,708,138,58,99.14628545162373,34.92750000441447,2948.017599992454,121.46892655367232
1777972514,250,,Aggregated,1.500000,1.500000,58,100,120,120,150,180,270,620,2900,2900,2900,709,139,58,99.07289435789816,34.92750000441447,2948.017599992454,121.29760225669958
1777972515,250,,Aggregated,1.500000,1.500000,58,100,120,120,150,180,270,620,2900,2900,2900,710,140,58,98.9912888729161,34.92750000441447,2948.017599992454,121.12676056338029
1777972516,250,,Aggregated,1.600000,1.600000,58,100,120,120,150,180,270,620,2900,2900,2900,711,141,58,98.92159985901844,34.92750000441447,2948.017599992454,120.9563994374121
1777972517,250,,Aggregated,1.500000,1.500000,58,100,120,120,150,180,270,620,2900,2900,2900,712,142,57,98.85640716258034,34.92750000441447,2948.017599992454,120.78651685393258
1777972518,250,,Aggregated,1.500000,1.500000,57,100,110,120,150,180,270,620,2900,2900,2900,713,143,57,98.79273015391513,34.92750000441447,2948.017599992454,120.61711079943899
1777972519,250,,Aggregated,1.500000,1.500000,57,100,110,120,150,180,270,620,2900,2900,2900,714,144,57,98.73026764669738,34.92750000441447,2948.017599992454,120.44817927170868
1777972520,250,,Aggregated,1.500000,1.500000,57,100,110,120,150,180,270,620,2900,2900,2900,715,145,57,98.65626041920713,34.92750000441447,2948.017599992454,120.27972027972028
1777972521,250,,Aggregated,1.500000,1.500000,57,100,110,120,150,180,270,620,2900,2900,2900,716,146,57,98.59315544652509,34.92750000441447,2948.017599992454,120.11173184357541
1777972522,250,,Aggregated,1.500000,1.500000,57,100,110,120,150,180,270,620,2900,2900,2900,718,148,57,98.4601537600707,34.92750000441447,2948.017599992454,119.77715877437326
1777972523,250,,Aggregated,1.200000,1.200000,57,100,110,120,150,180,270,620,2900,2900,2900,719,149,57,98.40492865051918,34.92750000441447,2948.017599992454,119.6105702364395
1777972524,250,,Aggregated,1.200000,1.200000,57,100,110,120,150,180,270,620,2900,2900,2900,719,149,57,98.40492865051918,34.92750000441447,2948.017599992454,119.6105702364395
1777972525,250,,Aggregated,1.200000,1.200000,57,100,110,120,150,180,270,620,2900,2900,2900,719,149,57,98.40492865051918,34.92750000441447,2948.017599992454,119.6105702364395
1777972526,250,,Aggregated,1.100000,1.100000,57,100,110,120,150,180,270,620,2900,2900,2900,720,150,57,98.33706652736711,34.92750000441447,2948.017599992454,119.44444444444444
1777972527,250,,Aggregated,1.100000,1.100000,57,100,110,120,150,180,270,620,2900,2900,2900,720,150,57,98.33706652736711,34.92750000441447,2948.017599992454,119.44444444444444
1777972529,250,,Aggregated,0.900000,0.900000,57,100,110,120,140,180,270,620,2900,2900,2900,721,151,57,98.27962274578059,34.92750000441447,2948.017599992454,119.27877947295423
1777972530,250,,Aggregated,0.900000,0.900000,57,100,110,120,140,180,270,620,2900,2900,2900,722,152,57,98.21746662009019,34.92750000441447,2948.017599992454,119.11357340720221
1777972531,250,,Aggregated,0.800000,0.800000,57,100,110,120,140,180,270,620,2900,2900,2900,723,153,57,98.15073015173462,34.92750000441447,2948.017599992454,118.94882434301522
1777972532,250,,Aggregated,0.800000,0.800000,57,100,110,120,150,180,270,620,2900,2900,2900,724,154,57,98.73197016532781,34.92750000441447,2948.017599992454,118.78453038674033
1777972533,250,,Aggregated,0.800000,0.800000,57,100,110,120,150,180,270,620,2900,2900,2900,725,155,57,98.66979406853528,34.92750000441447,2948.017599992454,118.62068965517241
1777972534,250,,Aggregated,0.800000,0.800000,57,100,110,120,150,180,270,620,2900,2900,2900,726,156,57,98.60325633564555,34.92750000441447,2948.017599992454,118.4573002754821
1777972535,250,,Aggregated,0.800000,0.800000,57,100,110,120,150,180,270,620,2900,2900,2900,727,157,57,98.519542502991,34.92750000441447,2948.017599992454,118.29436038514443
1777972536,250,,Aggregated,0.700000,0.700000,57,100,110,120,150,180,270,620,2900,2900,2900,729,159,57,98.44749807910317,34.92750000441447,2948.017599992454,117.96982167352537
1777972537,250,,Aggregated,0.700000,0.700000,57,100,110,120,150,180,270,620,2900,2900,2900,730,160,57,98.37245178039741,34.92750000441447,2948.017599992454,117.8082191780822
1777972538,250,,Aggregated,0.800000,0.800000,57,100,110,120,140,180,270,620,2900,2900,2900,731,161,57,98.297971819036,34.92750000441447,2948.017599992454,117.6470588235294
1777972539,250,,Aggregated,0.900000,0.900000,57,100,110,120,140,180,270,620,2900,2900,2900,732,162,57,98.22034603787924,34.92750000441447,2948.017599992454,117.48633879781421
1777972540,250,,Aggregated,1.000000,1.000000,57,100,110,120,140,180,270,620,2900,2900,2900,733,163,57,98.15769890823724,34.92750000441447,2948.017599992454,117.32605729877217
1777972541,250,,Aggregated,1.100000,1.100000,57,100,110,120,140,180,270,620,2900,2900,2900,736,166,57,97.98389768983053,34.92750000441447,2948.017599992454,116.84782608695652
1777972542,250,,Aggregated,1.100000,1.100000,57,100,110,120,140,180,270,620,2900,2900,2900,736,166,57,97.98389768983053,34.92750000441447,2948.017599992454,116.84782608695652
1777972543,250,,Aggregated,1.100000,1.100000,57,100,110,120,140,180,270,620,2900,2900,2900,737,167,57,97.9313601081334,34.92750000441447,2948.017599992454,116.68928086838535
1777972544,250,,Aggregated,1.100000,1.100000,57,100,110,120,140,180,270,620,2900,2900,2900,737,167,57,97.9313601081334,34.92750000441447,2948.017599992454,116.68928086838535
1777972545,250,,Aggregated,1.200000,1.200000,57,100,110,120,140,180,270,620,2900,2900,2900,739,169,57,97.78653437037623,34.92750000441447,2948.017599992454,116.37347767253044
1777972546,250,,Aggregated,1.200000,1.200000,57,100,110,120,140,180,270,620,2900,2900,2900,739,169,57,97.78653437037623,34.92750000441447,2948.017599992454,116.37347767253044
1777972547,250,,Aggregated,1.100000,1.100000,57,100,110,120,140,180,270,620,2900,2900,2900,741,171,57,97.63230809674965,34.92750000441447,2948.017599992454,116.05937921727396
1777972548,250,,Aggregated,1.200000,1.200000,57,100,110,120,140,180,270,620,2900,2900,2900,742,172,57,97.56692937962652,34.92750000441447,2948.017599992454,115.90296495956873
1777972549,250,,Aggregated,1.100000,1.100000,57,100,110,120,140,180,270,620,2900,2900,2900,743,173,57,97.48888371424864,34.92750000441447,2948.017599992454,115.74697173620457
1777972550,250,,Aggregated,1.100000,1.100000,57,100,110,120,140,180,270,620,2900,2900,2900,745,175,57,97.3610171807958,34.92750000441447,2948.017599992454,115.43624161073825
1777972551,250,,Aggregated,1.100000,1.100000,57,100,110,120,140,180,270,620,2900,2900,2900,746,176,57,97.29911461087842,34.92750000441447,2948.017599992454,115.28150134048258
1777972552,250,,Aggregated,1.100000,1.100000,57,100,110,120,140,180,270,620,2900,2900,2900,746,176,57,97.29911461087842,34.92750000441447,2948.017599992454,115.28150134048258
1777972553,250,,Aggregated,1.200000,1.200000,57,100,110,120,140,180,270,620,2900,2900,2900,747,177,57,97.23040562211423,34.92750000441447,2948.017599992454,115.12717536813922
1777972554,250,,Aggregated,1.100000,1.100000,57,100,110,120,140,180,270,620,2900,2900,2900,748,178,57,97.17858422422759,34.92750000441447,2948.017599992454,114.97326203208556
1777972555,250,,Aggregated,1.000000,1.000000,57,100,110,120,140,180,270,620,2900,2900,2900,749,179,57,97.11247503297255,34.92750000441447,2948.017599992454,114.81975967957277
1777972556,250,,Aggregated,1.100000,1.100000,57,100,110,120,140,180,270,620,2900,2900,2900,751,181,57,96.999350865077,34.92750000441447,2948.017599992454,114.51398135818908
1777972557,250,,Aggregated,1.000000,1.000000,57,100,110,120,140,180,270,620,2900,2900,2900,752,182,57,96.9362780580652,34.92750000441447,2948.017599992454,114.36170212765957
1777972558,250,,Aggregated,1.000000,1.000000,57,100,110,120,140,180,270,620,2900,2900,2900,753,183,57,96.86727636076472,34.92750000441447,2948.017599992454,114.20982735723771
1777972559,250,,Aggregated,1.100000,1.100000,57,100,110,120,140,180,270,620,2900,2900,2900,754,184,57,96.78578262550995,34.92750000441447,2948.017599992454,114.05835543766578
1777972560,250,,Aggregated,1.000000,1.000000,57,100,110,120,140,180,270,620,2900,2900,2900,756,186,56,96.66041044927807,34.92750000441447,2948.017599992454,113.75661375661376
1777972561,250,,Aggregated,1.100000,1.100000,56,100,110,120,140,180,270,620,2900,2900,2900,758,188,56,96.53495989400018,34.92750000441447,2948.017599992454,113.45646437994723
1777972562,250,,Aggregated,1.100000,1.100000,56,100,110,120,140,180,270,620,2900,2900,2900,760,190,56,96.44590578900534,34.92750000441447,2948.017599992454,113.15789473684211
1777972563,250,,Aggregated,1.100000,1.100000,56,100,110,120,140,180,270,620,2900,2900,2900,761,191,56,96.39602575512173,34.92750000441447,2948.017599992454,113.00919842312746
1777972564,250,,Aggregated,1.100000,1.100000,56,99,110,120,140,180,270,620,2900,2900,2900,762,192,56,96.32472742735891,34.92750000441447,2948.017599992454,112.86089238845145
1777972565,250,,Aggregated,1.400000,1.400000,56,99,110,120,140,180,270,620,2900,2900,2900,763,193,56,96.25216998644466,34.92750000441447,2948.017599992454,112.7129750982962
1777972566,250,,Aggregated,1.300000,1.300000,56,99,110,120,140,180,270,620,2900,2900,2900,764,194,56,96.178688481252,34.92750000441447,2948.017599992454,112.56544502617801
1777972567,250,,Aggregated,1.400000,1.400000,56,99,110,120,140,180,270,620,2900,2900,2900,765,195,56,96.13802287540416,34.92750000441447,2948.017599992454,112.41830065359477
1777972568,250,,Aggregated,1.400000,1.400000,56,99,110,120,140,180,270,620,2900,2900,2900,766,196,56,96.09333576982404,34.92750000441447,2948.017599992454,112.27154046997389
1777972569,250,,Aggregated,1.400000,1.400000,56,98,110,120,140,180,270,620,2900,2900,2900,768,198,56,95.99076341104744,34.92750000441447,2948.017599992454,111.97916666666667
1777972570,250,,Aggregated,1.300000,1.300000,56,99,110,120,140,180,270,620,2900,2900,2900,769,199,56,96.07485474601403,34.92750000441447,2948.017599992454,111.83355006501951
1777972571,250,,Aggregated,1.300000,1.300000,56,99,110,120,140,180,270,620,2900,2900,2900,770,200,56,96.01874792167476,34.92750000441447,2948.017599992454,111.68831168831169
1777972572,250,,Aggregated,1.300000,1.300000,56,98,110,120,140,180,270,620,2900,2900,2900,771,201,56,95.94418443538594,34.92750000441447,2948.017599992454,111.54345006485084
1777972573,250,,Aggregated,1.200000,1.200000,56,98,110,120,140,180,270,620,2900,2900,2900,773,203,56,95.81987322081467,34.92750000441447,2948.017599992454,111.25485122897801
1777972574,250,,Aggregated,1.300000,1.300000,56,96,110,120,140,180,270,620,2900,2900,2900,774,204,56,95.7628967696112,34.92750000441447,2948.017599992454,111.11111111111111
1777972575,250,,Aggregated,1.300000,1.300000,56,96,110,120,140,180,270,620,2900,2900,2900,775,205,56,95.68676464473678,34.92750000441447,2948.017599992454,110.96774193548387
1777972576,250,,Aggregated,1.200000,1.200000,56,96,110,120,140,180,270,620,2900,2900,2900,776,206,56,95.61230940676772,34.92750000441447,2948.017599992454,110.82474226804123
1777972577,250,,Aggregated,1.100000,1.100000,56,94,110,120,140,180,270,620,2900,2900,2900,777,207,56,95.55298996095317,34.92750000441447,2948.017599992454,110.68211068211068
1777972578,250,,Aggregated,1.100000,1.100000,56,94,110,120,140,180,270,620,2900,2900,2900,778,208,56,95.49596118206544,34.92750000441447,2948.017599992454,110.53984575835476
1777972579,250,,Aggregated,1.100000,1.100000,56,94,110,120,140,180,270,620,2900,2900,2900,779,209,56,95.43541784291257,34.92750000441447,2948.017599992454,110.39794608472401
1777972580,250,,Aggregated,1.200000,1.200000,56,93,110,120,140,170,270,620,2900,2900,2900,781,211,56,95.32586568452999,34.92750000441447,2948.017599992454,110.11523687580025
1777972581,250,,Aggregated,1.100000,1.100000,56,93,110,120,140,170,270,620,2900,2900,2900,782,212,56,95.25826342662623,34.92750000441447,2948.017599992454,109.97442455242967
1777972582,250,,Aggregated,1.200000,1.200000,56,93,110,120,140,170,270,620,2900,2900,2900,783,213,56,95.20476781559447,34.92750000441447,2948.017599992454,109.83397190293742
1777972583,250,,Aggregated,1.100000,1.100000,56,93,110,120,140,170,270,620,2900,2900,2900,784,214,56,95.16990433621686,34.92750000441447,2948.017599992454,109.6938775510204
1777972584,250,,Aggregated,1.100000,1.100000,56,93,110,120,140,170,270,620,2900,2900,2900,784,214,56,95.16990433621686,34.92750000441447,2948.017599992454,109.6938775510204
1777972585,250,,Aggregated,1.100000,1.100000,56,93,110,120,140,170,270,620,2900,2900,2900,784,214,56,95.16990433621686,34.92750000441447,2948.017599992454,109.6938775510204
1777972586,250,,Aggregated,1.100000,1.100000,56,93,110,120,140,170,270,620,2900,2900,2900,784,214,56,95.16990433621686,34.92750000441447,2948.017599992454,109.6938775510204
1777972587,250,,Aggregated,1.000000,1.000000,56,93,110,120,140,170,270,620,2900,2900,2900,786,214,56,95.10961513943069,34.92750000441447,2948.017599992454,109.4147582697201
1777972588,250,,Aggregated,1.000000,1.000000,56,93,110,120,140,170,270,620,2900,2900,2900,786,214,56,95.10961513943069,34.92750000441447,2948.017599992454,109.4147582697201
1777972589,250,,Aggregated,0.800000,0.800000,56,93,110,120,140,170,270,620,2900,2900,2900,787,215,56,95.06879720406127,34.92750000441447,2948.017599992454,109.27573062261753
1777972590,250,,Aggregated,0.800000,0.800000,56,93,110,120,140,170,270,620,2900,2900,2900,787,215,56,95.06879720406127,34.92750000441447,2948.017599992454,109.27573062261753
1777972591,250,,Aggregated,0.800000,0.600000,56,93,110,120,140,170,270,620,2900,2900,2900,788,216,56,95.0028401010077,34.92750000441447,2948.017599992454,109.13705583756345
1777972592,250,,Aggregated,0.800000,0.600000,56,93,110,120,140,170,270,620,2900,2900,2900,788,216,56,95.0028401010077,34.92750000441447,2948.017599992454,109.13705583756345
1777972593,250,,Aggregated,0.800000,0.600000,56,93,110,120,140,170,270,620,2900,2900,2900,788,216,56,95.0028401010077,34.92750000441447,2948.017599992454,109.13705583756345
1777972594,250,,Aggregated,0.600000,0.400000,56,91,110,120,140,170,270,620,2900,2900,2900,789,217,56,94.95045006285801,34.92750000441447,2948.017599992454,108.99873257287706
1777972595,250,,Aggregated,0.600000,0.400000,56,91,110,120,140,170,270,620,2900,2900,2900,789,217,56,94.95045006285801,34.92750000441447,2948.017599992454,108.99873257287706
1777972596,250,,Aggregated,0.600000,0.400000,56,91,110,120,140,170,270,620,2900,2900,2900,789,217,56,94.95045006285801,34.92750000441447,2948.017599992454,108.99873257287706
1777972597,250,,Aggregated,0.600000,0.400000,56,91,110,120,140,170,270,620,2900,2900,2900,789,217,56,94.95045006285801,34.92750000441447,2948.017599992454,108.99873257287706
1777972598,250,,Aggregated,0.600000,0.400000,56,91,110,120,140,170,270,620,2900,2900,2900,789,217,56,94.95045006285801,34.92750000441447,2948.017599992454,108.99873257287706
1777972599,250,,Aggregated,0.600000,0.400000,56,91,110,120,140,170,270,620,2900,2900,2900,789,217,56,94.95045006285801,34.92750000441447,2948.017599992454,108.99873257287706
1777972600,250,,Aggregated,0.600000,0.400000,56,91,110,120,140,170,270,620,2900,2900,2900,789,217,56,94.95045006285801,34.92750000441447,2948.017599992454,108.99873257287706
1777972601,250,,Aggregated,0.300000,0.300000,56,91,110,120,140,170,270,620,2900,2900,2900,791,219,56,94.84823527132184,34.92750000441447,2948.017599992454,108.72313527180783
1777972602,250,,Aggregated,0.300000,0.300000,56,91,110,120,140,170,270,620,2900,2900,2900,791,219,56,94.84823527132184,34.92750000441447,2948.017599992454,108.72313527180783
1777972603,250,,Aggregated,0.300000,0.300000,56,91,110,120,140,170,270,620,2900,2900,2900,791,219,56,94.84823527132184,34.92750000441447,2948.017599992454,108.72313527180783
1777972604,250,,Aggregated,0.300000,0.300000,56,90,110,120,140,170,270,620,2900,2900,2900,792,220,56,94.7953137621531,34.92750000441447,2948.017599992454,108.58585858585859
1777972605,250,,Aggregated,0.300000,0.300000,56,90,110,120,140,170,270,620,2900,2900,2900,793,220,56,94.73517755314991,34.92750000441447,2948.017599992454,108.44892812105927
1777972606,250,,Aggregated,0.300000,0.300000,56,90,110,120,140,170,270,620,2900,2900,2900,793,220,56,94.73517755314991,34.92750000441447,2948.017599992454,108.44892812105927
1777972607,250,,Aggregated,0.300000,0.300000,56,90,110,120,140,170,270,620,2900,2900,2900,793,220,56,94.73517755314991,34.92750000441447,2948.017599992454,108.44892812105927
1777972608,250,,Aggregated,0.300000,0.300000,56,90,110,120,140,170,270,620,2900,2900,2900,793,220,56,94.73517755314991,34.92750000441447,2948.017599992454,108.44892812105927
1777972609,250,,Aggregated,0.300000,0.300000,56,90,110,120,140,170,270,620,2900,2900,2900,793,220,56,94.73517755314991,34.92750000441447,2948.017599992454,108.44892812105927
1777972610,250,,Aggregated,0.300000,0.300000,56,90,110,120,140,170,270,620,2900,2900,2900,793,220,56,94.73517755314991,34.92750000441447,2948.017599992454,108.44892812105927
1777972611,250,,Aggregated,0.400000,0.300000,56,90,110,120,140,170,270,620,2900,2900,2900,794,220,56,94.67694130938023,34.92750000441447,2948.017599992454,108.31234256926952
1777972612,250,,Aggregated,0.400000,0.300000,56,90,110,120,140,170,270,620,2900,2900,2900,794,220,56,94.67694130938023,34.92750000441447,2948.017599992454,108.31234256926952
1777972613,250,,Aggregated,0.400000,0.200000,56,88,110,120,140,170,270,620,2900,2900,2900,795,221,56,94.61039798696666,34.92750000441447,2948.017599992454,108.17610062893081
1777972614,250,,Aggregated,0.400000,0.200000,56,88,110,120,140,170,270,620,2900,2900,2900,795,221,56,94.61039798696666,34.92750000441447,2948.017599992454,108.17610062893081
1777972615,250,,Aggregated,0.400000,0.200000,56,88,110,120,140,170,270,620,2900,2900,2900,795,221,56,94.61039798696666,34.92750000441447,2948.017599992454,108.17610062893081
1777972616,250,,Aggregated,0.400000,0.200000,56,88,110,120,140,170,270,620,2900,2900,2900,795,221,56,94.61039798696666,34.92750000441447,2948.017599992454,108.17610062893081
1777972617,250,,Aggregated,0.400000,0.200000,56,88,110,120,140,170,270,620,2900,2900,2900,795,221,56,94.61039798696666,34.92750000441447,2948.017599992454,108.17610062893081
1777972618,250,,Aggregated,0.400000,0.200000,56,88,110,120,140,170,270,620,2900,2900,2900,795,221,56,94.61039798696666,34.92750000441447,2948.017599992454,108.17610062893081
1777972619,250,,Aggregated,0.400000,0.200000,56,88,110,120,140,170,270,620,2900,2900,2900,795,221,56,94.61039798696666,34.92750000441447,2948.017599992454,108.17610062893081
1777972621,250,,Aggregated,0.400000,0.200000,56,88,110,120,140,170,270,620,2900,2900,2900,795,221,56,94.61039798696666,34.92750000441447,2948.017599992454,108.17610062893081
1777972622,250,,Aggregated,0.200000,0.100000,56,88,110,120,140,170,270,620,2900,2900,2900,796,222,56,94.55033530107197,34.92750000441447,2948.017599992454,108.04020100502512
1777972623,250,,Aggregated,0.200000,0.100000,56,88,110,120,140,170,270,620,2900,2900,2900,796,222,56,94.55033530107197,34.92750000441447,2948.017599992454,108.04020100502512
1777972624,250,,Aggregated,0.200000,0.100000,56,88,110,120,140,170,270,620,2900,2900,2900,796,222,56,94.55033530107197,34.92750000441447,2948.017599992454,108.04020100502512
1777972625,250,,Aggregated,0.200000,0.100000,56,88,110,120,140,170,270,620,2900,2900,2900,796,222,56,94.55033530107197,34.92750000441447,2948.017599992454,108.04020100502512
1777972626,250,,Aggregated,0.200000,0.200000,56,88,110,120,140,170,270,620,2900,2900,2900,797,223,56,94.50937616015133,34.92750000441447,2948.017599992454,107.90464240903388
