Timestamp,User Count,Type,Name,Requests/s,Failures/s,50%,66%,75%,80%,90%,95%,98%,99%,99.9%,99.99%,100%,Total Request Count,Total Failure Count,Total Median Response Time,Total Average Response Time,Total Min Response Time,Total Max Response Time,Total Average Content Size
1776606850,0,,Aggregated,0.000000,0.000000,N/A,N/A,N/A,N/A,N/A,N/A,N/A,N/A,N/A,N/A,N/A,0,0,0,0.0,0,0,0
1776606851,1,,Aggregated,0.000000,0.000000,120,120,120,120,120,120,120,120,120,120,120,2,0,28,76.40005002031103,27.916899998672307,124.88320004194975,172.0
1776606852,2,,Aggregated,0.000000,0.000000,60,60,120,120,120,120,120,120,120,120,120,4,0,28,59.73462498513982,26.23479999601841,124.88320004194975,172.0
1776606853,4,,Aggregated,0.000000,0.000000,60,60,83,83,120,120,120,120,120,120,120,6,0,28,56.682783334205546,17.88749999832362,124.88320004194975,172.0
1776606854,5,,Aggregated,2.000000,0.000000,60,83,120,120,120,120,120,120,120,120,120,8,0,28,60.50900000263937,17.88749999832362,124.88320004194975,172.0
1776606855,6,,Aggregated,2.000000,0.000000,60,60,83,120,120,120,120,120,120,120,120,10,0,34,57.80546000460163,17.88749999832362,124.88320004194975,172.0
1776606856,7,,Aggregated,2.000000,0.000000,60,60,100,100,120,120,120,120,120,120,120,12,0,34,59.05640833467866,17.88749999832362,124.88320004194975,172.0
1776606857,8,,Aggregated,2.000000,0.000000,60,62,83,100,120,120,120,120,120,120,120,14,0,34,56.37687142838591,17.88749999832362,124.88320004194975,172.0
1776606858,9,,Aggregated,2.000000,0.000000,54,60,83,83,120,120,120,120,120,120,120,16,0,34,53.6448124985327,15.371400048024952,124.88320004194975,172.0
1776606859,10,,Aggregated,2.000000,0.000000,46,60,62,83,120,120,120,120,120,120,120,18,0,34,51.39326666378312,15.371400048024952,124.88320004194975,172.0
1776606860,11,,Aggregated,2.000000,0.000000,46,60,62,83,120,120,120,120,120,120,120,20,0,34,49.70601499080658,15.371400048024952,124.88320004194975,172.0
1776606861,12,,Aggregated,2.000000,0.000000,46,60,62,83,120,120,130,130,130,130,130,22,0,34,52.308463623789564,15.371400048024952,126.96379993576556,172.0
1776606862,13,,Aggregated,2.000000,0.000000,46,60,69,83,120,120,130,130,130,130,130,24,0,34,52.04722498698781,15.371400048024952,126.96379993576556,172.0
1776606863,14,,Aggregated,2.000000,0.000000,46,60,69,83,120,120,130,130,130,130,130,26,0,34,53.67134999071892,15.371400048024952,126.96379993576556,172.0
1776606864,15,,Aggregated,2.000000,0.000000,46,60,83,88,120,120,130,130,130,130,130,28,0,45,54.61529285197945,15.371400048024952,126.96379993576556,172.0
1776606865,16,,Aggregated,2.000000,0.000000,46,60,83,100,120,120,130,130,130,130,130,30,0,45,55.82083332895612,15.371400048024952,126.96379993576556,172.0
1776606866,17,,Aggregated,2.000000,0.000000,46,62,88,100,120,130,200,200,200,200,200,32,0,45,59.66310937219532,15.371400048024952,196.6889000032097,172.0
1776606867,18,,Aggregated,2.000000,0.000000,46,62,83,100,120,130,200,200,200,200,200,34,0,45,58.94580881987863,15.371400048024952,196.6889000032097,172.0
1776606868,19,,Aggregated,2.000000,0.000000,46,62,88,100,120,140,200,200,200,200,200,36,0,45,60.82353055373662,15.371400048024952,196.6889000032097,172.0
1776606869,20,,Aggregated,2.000000,0.000000,46,69,88,110,130,140,200,200,200,200,200,38,0,45,61.66778420906906,15.371400048024952,196.6889000032097,172.0
1776606870,21,,Aggregated,2.000000,0.000000,45,69,88,110,130,140,200,200,200,200,200,41,0,45,62.653704875762145,15.371400048024952,196.6889000032097,167.8048780487805
1776606871,22,,Aggregated,2.000000,0.000000,45,69,100,120,130,140,200,200,200,200,200,43,0,45,63.641579066359895,15.371400048024952,196.6889000032097,168.0
1776606872,23,,Aggregated,2.000000,0.000000,45,62,88,120,130,140,200,200,200,200,200,45,0,45,62.536195549182594,15.371400048024952,196.6889000032097,168.17777777777778
1776606873,24,,Aggregated,1.900000,0.000000,45,69,100,120,130,150,200,200,200,200,200,47,0,45,64.36668722791241,15.371400048024952,196.6889000032097,168.3404255319149
1776606874,25,,Aggregated,2.100000,0.000000,45,62,88,120,130,150,200,200,200,200,200,49,0,45,63.51409795484981,15.371400048024952,196.6889000032097,168.48979591836735
1776606875,26,,Aggregated,1.900000,0.000000,45,62,88,110,130,150,180,200,200,200,200,51,0,45,62.8023313668867,15.371400048024952,196.6889000032097,168.62745098039215
1776606876,27,,Aggregated,2.000000,0.000000,45,61,83,110,130,150,180,200,200,200,200,53,0,45,61.59128490088613,15.371400048024952,196.6889000032097,168.75471698113208
1776606877,28,,Aggregated,1.900000,0.000000,45,61,83,110,130,150,180,200,200,200,200,55,0,45,60.736292723396964,15.371400048024952,196.6889000032097,168.87272727272727
1776606878,29,,Aggregated,2.000000,0.000000,45,60,76,100,130,150,180,200,200,200,200,57,0,45,59.664264907488565,15.371400048024952,196.6889000032097,168.98245614035088
1776606879,30,,Aggregated,1.900000,0.000000,45,60,77,100,130,150,180,200,200,200,200,59,0,45,59.53387965811259,15.371400048024952,196.6889000032097,169.08474576271186
1776606880,31,,Aggregated,1.900000,0.000000,45,61,77,100,130,140,180,200,200,200,200,61,0,45,59.81502458873037,15.371400048024952,196.6889000032097,169.18032786885246
1776606881,32,,Aggregated,1.900000,0.000000,45,61,77,100,130,140,180,200,200,200,200,63,0,45,59.31128730021772,15.371400048024952,196.6889000032097,169.26984126984127
1776606882,33,,Aggregated,2.100000,0.000000,45,61,77,110,130,140,180,200,200,200,200,65,0,45,60.079835382146904,15.371400048024952,196.6889000032097,169.35384615384615
1776606884,34,,Aggregated,2.000000,0.000000,45,61,77,100,130,140,180,200,200,200,200,67,0,45,59.412014922613636,15.371400048024952,196.6889000032097,169.43283582089552
1776606885,35,,Aggregated,1.800000,0.000000,45,60,76,100,130,140,180,200,200,200,200,69,0,45,58.80443477982898,15.371400048024952,196.6889000032097,169.5072463768116
1776606886,36,,Aggregated,2.000000,0.000000,45,60,76,88,130,140,180,200,200,200,200,71,0,45,58.47329859011872,15.371400048024952,196.6889000032097,169.57746478873239
1776606887,37,,Aggregated,1.900000,0.000000,43,60,72,88,130,140,180,200,200,200,200,73,0,43,57.841557532561666,15.371400048024952,196.6889000032097,169.64383561643837
1776606888,38,,Aggregated,2.000000,0.000000,43,60,72,88,130,140,180,200,200,200,200,75,0,43,57.14285599688689,15.371400048024952,196.6889000032097,169.70666666666668
1776606889,39,,Aggregated,1.900000,0.000000,43,60,72,83,130,140,180,200,200,200,200,77,0,43,56.68207662113543,15.371400048024952,196.6889000032097,169.76623376623377
1776606890,40,,Aggregated,2.000000,0.000000,43,60,72,83,130,140,180,200,200,200,200,79,0,43,56.13864683310348,15.371400048024952,196.6889000032097,169.8227848101266
1776606891,41,,Aggregated,2.000000,0.000000,43,60,72,82,120,140,180,200,200,200,200,81,0,43,56.015806169145634,15.371400048024952,196.6889000032097,169.87654320987653
1776606892,42,,Aggregated,2.000000,0.000000,43,54,72,82,120,140,180,200,200,200,200,83,0,43,55.64845421390765,15.371400048024952,196.6889000032097,169.9277108433735
1776606893,43,,Aggregated,2.000000,0.000000,43,54,69,77,120,140,180,200,200,200,200,86,0,43,55.105123250626114,15.371400048024952,196.6889000032097,168.0
1776606894,44,,Aggregated,2.000000,0.000000,43,54,69,77,120,140,180,200,200,200,200,88,0,43,54.56795340366873,15.371400048024952,196.6889000032097,168.0909090909091
1776606895,45,,Aggregated,2.000000,0.000000,43,52,64,77,120,140,180,200,200,200,200,90,0,43,54.10523777180869,15.371400048024952,196.6889000032097,168.17777777777778
1776606896,46,,Aggregated,2.000000,0.000000,43,52,69,77,120,140,180,200,200,200,200,92,0,43,54.04010216791547,15.371400048024952,196.6889000032097,168.2608695652174
1776606897,47,,Aggregated,2.100000,0.000000,43,54,69,77,120,140,200,210,210,210,210,94,0,43,55.40344148299637,15.371400048024952,210.43979993555695,168.3404255319149
1776606898,48,,Aggregated,2.100000,0.000000,43,52,69,77,120,140,200,210,210,210,210,96,0,43,54.99573645162551,15.371400048024952,210.43979993555695,168.41666666666666
1776606899,49,,Aggregated,2.100000,0.000000,43,52,64,77,120,140,200,210,210,210,210,98,0,43,54.59761529999348,15.371400048024952,210.43979993555695,168.48979591836735
1776606900,50,,Aggregated,2.100000,0.000000,43,54,69,77,120,140,200,210,210,210,210,100,0,43,55.21490099374205,15.371400048024952,210.43979993555695,168.56
1776606901,51,,Aggregated,2.100000,0.000000,43,54,69,77,120,140,180,200,210,210,210,102,0,43,55.06621175856494,15.371400048024952,210.43979993555695,168.62745098039215
1776606902,52,,Aggregated,2.100000,0.000000,43,54,72,77,120,140,180,200,210,210,210,104,0,43,55.03910095565236,15.371400048024952,210.43979993555695,168.69230769230768
1776606903,53,,Aggregated,2.100000,0.000000,43,54,72,77,120,140,180,200,210,210,210,106,0,43,55.77440282444136,15.371400048024952,210.43979993555695,168.75471698113208
1776606904,54,,Aggregated,2.100000,0.000000,43,54,72,77,120,140,180,200,210,210,210,108,0,43,55.54622592063862,15.371400048024952,210.43979993555695,168.8148148148148
1776606905,55,,Aggregated,2.100000,0.000000,43,54,69,77,120,140,180,200,210,210,210,110,0,43,55.0368554498577,15.031200018711388,210.43979993555695,168.87272727272727
1776606906,56,,Aggregated,2.100000,0.000000,43,54,72,77,120,140,180,200,210,210,210,112,0,43,55.00076606715863,15.031200018711388,210.43979993555695,168.92857142857142
1776606907,57,,Aggregated,2.000000,0.000000,43,54,69,77,120,140,180,200,210,210,210,114,0,43,54.64104911835309,15.031200018711388,210.43979993555695,168.98245614035088
1776606908,58,,Aggregated,2.000000,0.000000,43,54,69,77,120,140,180,200,210,210,210,116,0,43,54.24685689223256,15.031200018711388,210.43979993555695,169.0344827586207
1776606909,59,,Aggregated,2.000000,0.000000,43,54,64,77,120,140,180,200,210,210,210,118,0,43,53.996599996580855,15.031200018711388,210.43979993555695,169.08474576271186
1776606910,60,,Aggregated,2.000000,0.000000,43,54,68,77,120,140,180,200,210,210,210,120,0,43,53.878280829909876,15.031200018711388,210.43979993555695,169.13333333333333
1776606911,61,,Aggregated,2.000000,0.000000,43,54,65,76,120,140,180,200,210,210,210,122,0,43,53.662972128759215,15.031200018711388,210.43979993555695,169.18032786885246
1776606912,62,,Aggregated,2.000000,0.000000,43,54,68,77,120,140,180,200,210,210,210,124,0,43,53.68428709334694,15.031200018711388,210.43979993555695,169.2258064516129
1776606913,63,,Aggregated,2.000000,0.000000,43,54,65,76,120,140,180,200,210,210,210,126,0,43,53.49139285381026,15.031200018711388,210.43979993555695,169.26984126984127
1776606914,64,,Aggregated,2.000000,0.000000,43,54,65,76,120,140,180,200,210,210,210,128,0,43,53.2366859342801,15.031200018711388,210.43979993555695,169.3125
1776606915,65,,Aggregated,2.000000,0.000000,43,54,64,76,120,140,180,200,210,210,210,130,0,43,53.02105230422547,15.031200018711388,210.43979993555695,169.35384615384615
1776606916,66,,Aggregated,2.000000,0.000000,43,55,65,76,110,140,180,200,210,210,210,132,0,43,53.041005299857,15.031200018711388,210.43979993555695,169.3939393939394
1776606917,67,,Aggregated,2.000000,0.000000,43,54,64,76,110,140,180,200,210,210,210,134,0,43,52.75415522115889,15.031200018711388,210.43979993555695,169.43283582089552
1776606918,68,,Aggregated,2.000000,0.000000,43,54,65,76,110,140,180,200,210,210,210,136,0,43,52.72875955544056,15.031200018711388,210.43979993555695,169.47058823529412
1776606919,69,,Aggregated,2.000000,0.000000,43,55,64,76,110,140,180,200,210,210,210,138,0,43,52.53702608372449,15.031200018711388,210.43979993555695,169.5072463768116
1776606920,70,,Aggregated,2.000000,0.000000,43,55,64,76,110,140,180,200,210,210,210,140,0,43,52.30835999744678,15.031200018711388,210.43979993555695,169.54285714285714
1776606921,71,,Aggregated,2.000000,0.000000,43,55,64,76,110,130,180,200,210,210,210,142,0,43,52.32873591217278,15.031200018711388,210.43979993555695,169.57746478873239
1776606922,72,,Aggregated,2.000000,0.000000,43,55,65,76,110,130,180,200,210,210,210,144,0,43,52.23532152417142,15.031200018711388,210.43979993555695,169.61111111111111
1776606923,73,,Aggregated,2.000000,0.000000,43,55,64,73,110,130,180,200,210,210,210,146,0,41,51.91604040757664,15.031200018711388,210.43979993555695,169.64383561643837
1776606924,74,,Aggregated,2.000000,0.000000,41,55,64,73,110,130,180,200,210,210,210,149,0,41,51.60163288339098,15.031200018711388,210.43979993555695,168.53691275167785
1776606925,75,,Aggregated,2.000000,0.000000,41,55,64,72,110,130,160,200,210,210,210,151,0,41,51.439613904896504,15.031200018711388,210.43979993555695,168.58278145695365
1776606926,76,,Aggregated,2.000000,0.000000,41,55,64,73,110,130,160,200,210,210,210,154,0,40,51.419977270302596,15.031200018711388,210.43979993555695,167.53246753246754
1776606927,77,,Aggregated,2.000000,0.000000,41,55,64,72,110,130,160,200,210,210,210,156,0,40,51.3460249975861,15.031200018711388,210.43979993555695,167.5897435897436
1776606928,78,,Aggregated,2.100000,0.000000,41,55,63,72,110,130,160,200,210,210,210,158,0,40,51.1234405036438,15.031200018711388,210.43979993555695,167.64556962025316
1776606929,79,,Aggregated,2.200000,0.000000,41,55,63,72,110,130,160,200,210,210,210,160,0,40,50.93063937238185,15.031200018711388,210.43979993555695,167.7
1776606930,80,,Aggregated,2.200000,0.000000,40,55,63,72,110,130,160,200,210,210,210,163,0,40,50.56965643928552,15.031200018711388,210.43979993555695,166.72392638036808
1776606931,81,,Aggregated,2.200000,0.000000,40,55,63,72,110,130,160,200,210,210,210,165,0,40,50.59811757369475,15.031200018711388,210.43979993555695,166.78787878787878
1776606932,82,,Aggregated,2.200000,0.000000,40,55,63,72,110,130,160,200,210,210,210,167,0,40,50.506879638289355,15.031200018711388,210.43979993555695,166.85029940119762
1776606933,83,,Aggregated,2.300000,0.000000,40,55,63,72,110,130,160,200,210,210,210,169,0,40,50.33106331165175,15.031200018711388,210.43979993555695,166.9112426035503
1776606934,84,,Aggregated,2.300000,0.000000,41,55,63,72,100,130,160,200,210,210,210,171,0,41,50.66036666492926,15.031200018711388,210.43979993555695,166.97076023391813
1776606935,85,,Aggregated,2.300000,0.000000,41,55,63,72,100,130,160,200,210,210,210,173,0,41,50.44768612584196,15.031200018711388,210.43979993555695,167.02890173410404
1776606936,86,,Aggregated,2.300000,0.000000,41,55,63,73,100,130,160,200,210,210,210,175,0,41,50.457871998660266,15.031200018711388,210.43979993555695,167.0857142857143
1776606937,87,,Aggregated,2.300000,0.000000,41,55,63,73,100,130,160,200,210,210,210,177,0,41,50.48409547909336,15.031200018711388,210.43979993555695,167.14124293785312
1776606938,88,,Aggregated,2.200000,0.000000,41,55,64,73,100,130,160,200,210,210,210,179,0,41,50.49667150619851,15.031200018711388,210.43979993555695,167.19553072625698
1776606939,89,,Aggregated,2.100000,0.000000,41,55,64,72,88,130,160,200,210,210,210,181,0,41,50.45610441805702,15.031200018711388,210.43979993555695,167.24861878453038
1776606940,90,,Aggregated,2.100000,0.000000,41,55,64,73,100,130,160,200,210,210,210,183,0,41,50.68219125479501,15.031200018711388,210.43979993555695,167.30054644808743
1776606941,91,,Aggregated,2.100000,0.000000,41,55,64,73,100,130,160,200,210,210,210,186,0,40,50.63786290170405,15.031200018711388,210.43979993555695,166.4516129032258
1776606942,92,,Aggregated,2.100000,0.000000,41,55,64,73,100,130,160,200,210,210,210,188,0,40,50.48735106197939,15.031200018711388,210.43979993555695,166.51063829787233
1776606943,93,,Aggregated,2.000000,0.000000,41,55,64,73,100,130,160,200,210,210,210,190,0,40,50.459169472053055,15.031200018711388,210.43979993555695,166.56842105263158
1776606944,94,,Aggregated,2.100000,0.000000,41,55,64,72,92,130,160,200,210,210,210,192,0,40,50.33117031113458,15.031200018711388,210.43979993555695,166.625
1776606945,95,,Aggregated,2.100000,0.000000,41,55,64,72,92,130,160,200,210,210,210,194,0,40,50.27158814302367,15.031200018711388,210.43979993555695,166.68041237113403
1776606946,96,,Aggregated,2.100000,0.000000,41,55,64,72,92,130,160,200,210,210,210,196,0,40,50.304274488720395,15.031200018711388,210.43979993555695,166.73469387755102
1776606947,97,,Aggregated,2.100000,0.000000,41,55,64,72,92,130,160,200,210,210,210,198,0,40,50.180735857922095,15.031200018711388,210.43979993555695,166.78787878787878
1776606948,98,,Aggregated,2.100000,0.000000,41,55,64,73,98,130,160,200,210,210,210,200,0,40,50.3069309995044,15.031200018711388,210.43979993555695,166.84
1776606949,99,,Aggregated,2.100000,0.000000,41,55,64,73,92,120,150,180,210,210,210,202,0,40,50.30702475151785,15.031200018711388,210.43979993555695,166.8910891089109
1776606950,100,,Aggregated,2.100000,0.000000,40,55,64,73,92,120,150,180,210,210,210,205,0,40,50.07823073055322,15.031200018711388,210.43979993555695,166.12682926829268
1776606951,101,,Aggregated,2.100000,0.000000,40,55,65,73,97,120,150,180,210,210,210,207,0,40,50.205601930982716,15.031200018711388,210.43979993555695,166.18357487922705
1776606952,102,,Aggregated,2.100000,0.000000,40,55,64,73,97,120,150,180,210,210,210,209,0,40,50.019152152227264,15.031200018711388,210.43979993555695,166.23923444976077
1776606953,103,,Aggregated,2.100000,0.000000,40,55,65,73,92,120,150,180,210,210,210,211,0,40,50.05357014202906,15.031200018711388,210.43979993555695,166.29383886255926
1776606954,104,,Aggregated,2.100000,0.000000,40,55,65,73,92,120,150,180,210,210,210,213,0,40,49.99760563316987,15.031200018711388,210.43979993555695,166.34741784037558
1776606955,105,,Aggregated,2.100000,0.000000,40,55,67,73,96,120,150,180,210,210,210,215,0,40,50.068585580583054,15.031200018711388,210.43979993555695,166.4
1776606956,106,,Aggregated,2.100000,0.000000,40,56,67,73,97,130,160,200,210,210,210,217,0,40,50.67432580584411,15.031200018711388,210.43979993555695,166.4516129032258
1776606957,107,,Aggregated,2.100000,0.000000,40,56,67,73,97,130,160,200,210,210,210,219,0,40,50.53768904037671,15.031200018711388,210.43979993555695,166.50228310502283
1776606958,108,,Aggregated,2.100000,0.000000,40,56,65,73,96,120,160,200,210,210,210,221,0,40,50.477205881558156,15.031200018711388,210.43979993555695,166.55203619909503
1776606959,109,,Aggregated,2.100000,0.000000,41,56,68,76,98,130,160,200,210,210,210,223,0,41,51.12761973075552,15.031200018711388,210.43979993555695,166.60089686098655
1776606960,110,,Aggregated,2.100000,0.000000,41,56,68,76,100,130,160,200,210,210,210,225,0,41,51.21300533362147,15.031200018711388,210.43979993555695,166.64888888888888
1776606961,111,,Aggregated,2.100000,0.000000,43,56,69,76,100,130,160,200,210,210,210,227,0,43,51.28282378889243,15.031200018711388,210.43979993555695,166.69603524229075
1776606962,112,,Aggregated,2.100000,0.000000,43,58,68,76,100,130,160,200,210,210,210,229,0,43,51.20596200874376,15.031200018711388,210.43979993555695,166.74235807860262
1776606963,113,,Aggregated,2.100000,0.000000,43,58,69,76,100,130,160,200,210,210,210,231,0,43,51.280479220012246,15.031200018711388,210.43979993555695,166.78787878787878
1776606964,114,,Aggregated,2.000000,0.000000,43,56,68,76,100,130,160,200,210,210,210,233,0,43,51.15212274559418,15.031200018711388,210.43979993555695,166.83261802575106
1776606965,115,,Aggregated,2.000000,0.000000,43,58,69,76,100,130,160,200,210,210,210,235,0,43,51.13379872215793,15.031200018711388,210.43979993555695,166.87659574468086
1776606966,116,,Aggregated,2.000000,0.000000,43,58,69,76,100,130,160,200,210,210,210,237,0,43,51.18624599039445,15.031200018711388,210.43979993555695,166.9198312236287
1776606967,117,,Aggregated,2.000000,0.000000,43,58,69,76,100,130,160,200,210,210,210,239,0,43,51.15191004030547,15.031200018711388,210.43979993555695,166.96234309623432
1776606968,118,,Aggregated,2.000000,0.000000,43,58,69,75,98,120,160,200,210,210,210,241,0,43,51.07367261268461,15.031200018711388,210.43979993555695,167.00414937759336
1776606969,119,,Aggregated,2.000000,0.000000,43,58,69,75,98,120,160,200,210,210,210,243,0,43,51.03790575979515,15.031200018711388,210.43979993555695,167.04526748971193
1776606970,120,,Aggregated,2.000000,0.000000,43,58,69,76,100,120,160,200,210,210,210,245,0,43,51.124842855509144,15.031200018711388,210.43979993555695,167.0857142857143
1776606971,121,,Aggregated,2.000000,0.000000,43,58,69,75,100,120,160,200,210,210,210,247,0,43,51.062751010433594,15.031200018711388,210.43979993555695,167.1255060728745
1776606972,122,,Aggregated,2.000000,0.000000,43,58,69,75,100,120,160,200,210,210,210,249,0,43,51.019437749024824,15.031200018711388,210.43979993555695,167.16465863453814
1776606973,123,,Aggregated,2.000000,0.000000,42,58,69,74,98,120,150,200,210,210,210,251,0,42,50.8598243006954,15.031200018711388,210.43979993555695,167.20318725099602
1776606974,124,,Aggregated,2.000000,0.000000,42,58,69,74,98,120,150,200,210,210,210,253,0,42,50.7406193648903,15.031200018711388,210.43979993555695,167.2411067193676
1776606975,125,,Aggregated,2.000000,0.000000,42,58,69,75,100,120,150,200,210,210,210,255,0,42,50.843035290930786,15.031200018711388,210.43979993555695,167.27843137254902
1776606976,126,,Aggregated,2.000000,0.000000,42,58,69,74,100,120,150,200,210,210,210,257,0,42,50.7557700358237,15.031200018711388,210.43979993555695,167.31517509727627
1776606977,127,,Aggregated,2.000000,0.000000,42,58,69,74,100,120,150,200,210,210,210,259,0,42,50.653620460340356,15.031200018711388,210.43979993555695,167.35135135135135
1776606978,128,,Aggregated,2.000000,0.000000,41,58,68,73,98,120,150,200,210,210,210,261,0,41,50.478339077498035,14.976099948398769,210.43979993555695,167.38697318007664
1776606979,129,,Aggregated,2.000000,0.000000,41,56,68,73,98,120,150,200,210,210,210,263,0,41,50.3360646358114,14.976099948398769,210.43979993555695,167.42205323193917
1776606980,130,,Aggregated,2.000000,0.000000,41,56,68,74,98,120,150,200,210,210,210,265,0,41,50.41024716711551,14.976099948398769,210.43979993555695,167.4566037735849
1776606981,131,,Aggregated,2.000000,0.000000,41,56,68,73,98,120,150,200,210,210,210,267,0,41,50.27331909851942,14.976099948398769,210.43979993555695,167.49063670411985
1776606982,132,,Aggregated,1.800000,0.000000,41,56,67,73,98,120,150,200,210,210,210,269,0,41,50.15262750628297,14.976099948398769,210.43979993555695,167.52416356877325
1776606983,133,,Aggregated,2.000000,0.000000,41,56,67,73,97,120,150,200,210,210,210,271,0,41,50.12826936927751,14.976099948398769,210.43979993555695,167.55719557195573
1776606984,134,,Aggregated,1.900000,0.000000,41,56,67,73,97,120,150,200,210,210,210,273,0,41,50.02084908104628,14.976099948398769,210.43979993555695,167.5897435897436
1776606985,135,,Aggregated,1.800000,0.000000,41,56,67,73,97,120,150,200,210,210,210,275,0,41,50.00221490648321,14.976099948398769,210.43979993555695,167.62181818181818
1776606986,136,,Aggregated,1.800000,0.000000,41,56,67,73,97,120,150,200,210,210,210,277,0,41,49.97956353560803,14.976099948398769,210.43979993555695,167.65342960288808
1776606987,137,,Aggregated,1.800000,0.000000,41,56,68,73,97,120,150,200,210,210,210,279,0,41,49.995214693368446,14.976099948398769,210.43979993555695,167.68458781362008
1776606989,138,,Aggregated,1.800000,0.000000,41,56,68,73,97,120,150,200,210,210,210,281,0,41,50.05908861020547,14.976099948398769,210.43979993555695,167.71530249110322
1776606990,139,,Aggregated,1.800000,0.000000,41,56,68,73,97,120,150,200,210,210,210,283,0,41,49.925836747225915,14.976099948398769,210.43979993555695,167.74558303886926
1776606991,140,,Aggregated,1.800000,0.000000,41,56,68,74,98,120,150,200,210,210,210,285,0,41,50.023475787275586,14.976099948398769,210.43979993555695,167.77543859649123
1776606992,141,,Aggregated,1.800000,0.000000,41,56,68,73,98,120,150,200,210,210,210,287,0,41,49.94426515417414,14.976099948398769,210.43979993555695,167.8048780487805
1776606993,142,,Aggregated,2.000000,0.000000,41,56,68,74,98,120,150,200,210,210,210,289,0,41,50.024713491892065,14.976099948398769,210.43979993555695,167.83391003460207
1776606994,143,,Aggregated,1.800000,0.000000,41,56,68,73,97,120,150,200,210,210,210,292,0,41,49.85713184697949,14.976099948398769,210.43979993555695,167.2876712328767
1776606995,144,,Aggregated,1.900000,0.000000,41,56,67,73,97,120,150,200,210,210,210,294,0,41,49.75778843255612,14.976099948398769,210.43979993555695,167.31972789115648
1776606996,145,,Aggregated,2.000000,0.000000,41,56,68,73,97,120,150,200,210,210,210,296,0,41,49.830679726673644,14.976099948398769,210.43979993555695,167.35135135135135
1776606997,146,,Aggregated,2.100000,0.000000,41,55,67,73,97,120,150,200,210,210,210,298,0,41,49.722973822581665,14.976099948398769,210.43979993555695,167.38255033557047
1776606998,147,,Aggregated,2.100000,0.000000,41,55,67,73,97,120,150,200,210,210,210,300,0,41,49.624828663654625,14.976099948398769,210.43979993555695,167.41333333333333
1776606999,148,,Aggregated,2.100000,0.000000,42,56,67,73,97,120,150,200,390,390,390,302,0,41,50.797290725337454,14.976099948398769,387.06350000575185,167.4437086092715
1776607000,149,,Aggregated,2.100000,0.000000,42,55,67,73,97,120,150,200,390,390,390,304,0,41,50.69270427338779,14.976099948398769,387.06350000575185,167.47368421052633
1776607001,150,,Aggregated,2.100000,0.000000,42,55,67,73,97,120,150,200,390,390,390,306,0,41,50.627851631230634,14.766500098630786,387.06350000575185,167.5032679738562
1776607002,151,,Aggregated,2.100000,0.000000,42,55,67,73,97,120,150,200,390,390,390,308,0,41,50.528672400199774,14.766500098630786,387.06350000575185,167.53246753246754
1776607003,152,,Aggregated,2.100000,0.000000,42,55,67,73,97,120,150,200,390,390,390,310,0,41,50.46732999767447,14.766500098630786,387.06350000575185,167.56129032258065
1776607004,153,,Aggregated,2.100000,0.000000,42,55,67,72,97,120,150,200,390,390,390,312,0,41,50.41351986941523,14.766500098630786,387.06350000575185,167.5897435897436
1776607005,154,,Aggregated,2.100000,0.000000,42,56,66,72,97,120,150,200,390,390,390,314,0,41,50.35875477475132,14.766500098630786,387.06350000575185,167.61783439490446
1776607006,155,,Aggregated,2.100000,0.000000,42,56,67,72,97,120,150,200,390,390,390,316,0,41,50.56006835237193,14.766500098630786,387.06350000575185,167.64556962025316
1776607007,156,,Aggregated,2.000000,0.000000,42,55,66,72,97,120,150,200,390,390,390,318,0,41,50.43687169592383,14.766500098630786,387.06350000575185,167.67295597484278
1776607008,157,,Aggregated,2.000000,0.000000,42,55,66,72,97,120,150,200,390,390,390,320,0,41,50.33757656055968,14.766500098630786,387.06350000575185,167.7
1776607009,158,,Aggregated,2.000000,0.000000,42,55,66,72,97,120,150,200,390,390,390,322,0,41,50.3433847807851,14.766500098630786,387.06350000575185,167.72670807453417
1776607010,159,,Aggregated,2.000000,0.000000,41,55,66,72,97,120,150,200,390,390,390,325,0,41,50.22158461336333,14.766500098630786,387.06350000575185,167.2369230769231
1776607011,160,,Aggregated,2.000000,0.000000,41,55,66,72,97,120,150,200,390,390,390,327,0,41,50.32673271925442,14.766500098630786,387.06350000575185,167.26605504587155
1776607012,161,,Aggregated,2.000000,0.000000,41,55,66,72,97,120,150,200,390,390,390,329,0,41,50.24052704903821,14.766500098630786,387.06350000575185,167.29483282674772
1776607013,162,,Aggregated,2.100000,0.000000,41,55,66,72,97,120,150,200,390,390,390,331,0,41,50.37786042018093,14.766500098630786,387.06350000575185,167.32326283987916
1776607014,163,,Aggregated,2.100000,0.000000,41,55,66,73,97,120,150,200,390,390,390,333,0,41,50.38337717455037,14.766500098630786,387.06350000575185,167.35135135135135
1776607015,164,,Aggregated,2.100000,0.000000,42,55,66,72,97,120,150,200,390,390,390,336,0,41,50.3086184495866,14.766500098630786,387.06350000575185,166.88095238095238
1776607016,165,,Aggregated,2.100000,0.000000,42,55,66,73,97,120,150,200,390,390,390,338,0,41,50.33478431662644,14.766500098630786,387.06350000575185,166.9112426035503
1776607017,166,,Aggregated,2.100000,0.000000,42,55,67,73,97,120,150,200,390,390,390,340,0,41,50.311268526403346,14.766500098630786,387.06350000575185,166.94117647058823
1776607018,167,,Aggregated,2.200000,0.000000,42,55,66,72,97,120,150,200,390,390,390,342,0,42,50.327297657856185,14.766500098630786,387.06350000575185,166.97076023391813
1776607019,168,,Aggregated,2.200000,0.000000,42,56,66,72,97,120,150,200,390,390,390,344,0,42,50.27051336946897,14.766500098630786,387.06350000575185,167.0
1776607020,169,,Aggregated,2.200000,0.000000,43,56,66,72,97,120,150,200,390,390,390,346,0,42,50.599697685593235,14.766500098630786,387.06350000575185,167.02890173410404
1776607021,170,,Aggregated,2.200000,0.000000,43,56,67,73,97,120,150,200,390,390,390,348,0,42,50.58779712430544,14.766500098630786,387.06350000575185,167.05747126436782
1776607022,171,,Aggregated,2.200000,0.000000,43,56,66,73,97,120,150,200,390,390,390,350,0,42,50.5286817122916,14.766500098630786,387.06350000575185,167.0857142857143
1776607023,172,,Aggregated,2.100000,0.000000,43,56,66,72,97,120,150,200,390,390,390,352,0,42,50.47576050922296,14.766500098630786,387.06350000575185,167.11363636363637
1776607024,173,,Aggregated,2.100000,0.000000,43,56,66,72,97,120,150,200,390,390,390,354,0,42,50.443825986444175,14.766500098630786,387.06350000575185,167.14124293785312
1776607025,174,,Aggregated,2.100000,0.000000,42,56,66,72,97,120,150,200,390,390,390,357,0,42,50.277680950369735,14.766500098630786,387.06350000575185,166.70028011204482
1776607026,175,,Aggregated,2.100000,0.000000,43,56,66,72,97,120,150,200,390,390,390,358,0,42,50.26676061247117,14.766500098630786,387.06350000575185,166.23463687150837
1776607027,176,,Aggregated,2.100000,0.000000,42,55,66,72,97,120,150,200,1100,1100,1100,363,0,42,52.86598622480782,14.766500098630786,1075.1705000875518,165.84022038567494
1776607028,177,,Aggregated,2.100000,0.000000,42,55,66,72,97,120,150,200,1100,1100,1100,365,0,42,52.782176985175745,14.766500098630786,1075.1705000875518,165.8739726027397
1776607029,178,,Aggregated,2.000000,0.000000,42,55,66,71,97,120,150,200,1100,1100,1100,367,0,42,52.72406784624714,14.766500098630786,1075.1705000875518,165.90735694822888
1776607030,179,,Aggregated,2.300000,0.000000,42,55,66,71,97,120,150,200,1100,1100,1100,369,0,42,52.61048400991654,14.766500098630786,1075.1705000875518,165.94037940379403
1776607031,180,,Aggregated,2.300000,0.000000,42,55,66,71,96,120,150,200,1100,1100,1100,371,0,42,52.59634312581161,14.766500098630786,1075.1705000875518,165.97304582210242
1776607032,181,,Aggregated,2.300000,0.000000,42,55,66,71,96,120,150,200,1100,1100,1100,373,0,42,52.51012734498269,14.766500098630786,1075.1705000875518,166.0053619302949
1776607033,182,,Aggregated,2.300000,0.000000,42,55,66,71,97,120,160,210,1100,1100,1100,376,0,42,53.643160371761276,14.766500098630786,1075.1705000875518,165.59574468085106
1776607034,183,,Aggregated,2.300000,0.000000,42,55,66,71,97,120,160,210,1100,1100,1100,378,0,42,53.54416719545418,14.766500098630786,1075.1705000875518,165.62962962962962
1776607035,184,,Aggregated,2.400000,0.000000,42,55,66,71,96,120,160,210,1100,1100,1100,381,0,42,53.43326430412112,14.766500098630786,1075.1705000875518,165.22834645669292
1776607036,185,,Aggregated,2.400000,0.000000,42,55,66,71,96,120,160,210,1100,1100,1100,383,0,42,53.38460887695952,14.766500098630786,1075.1705000875518,165.26370757180158
1776607037,186,,Aggregated,2.400000,0.000000,42,55,65,71,96,120,160,210,1100,1100,1100,385,0,42,53.3507524672049,14.766500098630786,1075.1705000875518,165.2987012987013
1776607038,187,,Aggregated,2.300000,0.000000,42,55,65,71,96,120,160,210,1100,1100,1100,388,0,41,53.2203092778068,14.766500098630786,1075.1705000875518,164.90721649484536
1776607039,188,,Aggregated,2.500000,0.000000,42,55,65,71,97,120,160,210,1100,1100,1100,390,0,41,53.275703076416484,14.766500098630786,1075.1705000875518,164.94358974358974
1776607040,189,,Aggregated,2.300000,0.000000,41,55,65,71,96,120,160,210,1100,1100,1100,393,0,41,53.09965801466749,14.766500098630786,1075.1705000875518,164.55979643765903
1776607041,190,,Aggregated,2.300000,0.000000,41,55,65,71,97,120,160,210,1100,1100,1100,396,0,41,53.08321742352681,14.766500098630786,1075.1705000875518,164.1818181818182
1776607042,191,,Aggregated,2.300000,0.000000,41,55,65,71,97,120,160,210,1100,1100,1100,398,0,41,53.04433844121285,14.766500098630786,1075.1705000875518,164.2211055276382
1776607043,192,,Aggregated,2.300000,0.000000,41,55,65,71,96,120,150,200,1100,1100,1100,401,0,41,52.9136815450347,14.766500098630786,1075.1705000875518,163.8503740648379
1776607044,193,,Aggregated,2.400000,0.000000,41,55,65,71,96,120,150,200,1100,1100,1100,403,0,41,52.915939700988496,14.766500098630786,1075.1705000875518,163.8908188585608
1776607045,194,,Aggregated,2.500000,0.000000,41,55,65,71,96,120,150,200,1100,1100,1100,405,0,41,52.83478197417463,14.766500098630786,1075.1705000875518,163.93086419753087
1776607046,195,,Aggregated,2.500000,0.000000,41,55,65,71,96,120,150,200,1100,1100,1100,408,0,40,52.708315439910315,14.766500098630786,1075.1705000875518,163.5686274509804
1776607047,196,,Aggregated,2.500000,0.000000,41,55,65,71,96,120,150,200,1100,1100,1100,410,0,40,52.64614170598911,14.766500098630786,1075.1705000875518,163.609756097561
1776607048,197,,Aggregated,2.500000,0.000000,41,55,65,70,95,120,150,200,1100,1100,1100,412,0,40,52.584625484175454,14.766500098630786,1075.1705000875518,163.6504854368932
1776607049,198,,Aggregated,2.500000,0.000000,41,55,65,71,95,120,150,200,1100,1100,1100,414,0,40,52.58298115827287,14.766500098630786,1075.1705000875518,163.69082125603865
1776607050,199,,Aggregated,2.400000,0.000000,40,55,65,70,95,120,150,200,1100,1100,1100,417,0,40,52.49998273246428,14.766500098630786,1075.1705000875518,163.33812949640287
1776607051,200,,Aggregated,2.400000,0.000000,40,55,65,71,95,120,150,200,1100,1100,1100,419,0,40,52.52223723009006,14.766500098630786,1075.1705000875518,163.37947494033412
1776607052,201,,Aggregated,2.400000,0.000000,40,55,65,70,94,120,150,200,1100,1100,1100,421,0,40,52.43635938100233,14.766500098630786,1075.1705000875518,163.42042755344417
1776607053,202,,Aggregated,2.400000,0.000000,40,55,65,70,94,120,150,200,1100,1100,1100,423,0,40,52.381344679544895,14.766500098630786,1075.1705000875518,163.46099290780143
1776607054,203,,Aggregated,2.300000,0.000000,40,55,64,70,94,120,150,200,1100,1100,1100,426,0,40,52.21889131295849,14.766500098630786,1075.1705000875518,163.11737089201878
1776607055,204,,Aggregated,2.300000,0.000000,40,55,64,70,94,120,150,200,1100,1100,1100,428,0,40,52.17445303553228,14.766500098630786,1075.1705000875518,163.15887850467288
1776607056,205,,Aggregated,2.200000,0.000000,40,55,64,70,94,120,150,200,1100,1100,1100,430,0,40,52.173516509762074,14.766500098630786,1075.1705000875518,163.2
1776607057,206,,Aggregated,2.200000,0.000000,40,55,64,70,92,120,150,200,1100,1100,1100,432,0,40,52.1043069427294,14.766500098630786,1075.1705000875518,163.24074074074073
1776607058,207,,Aggregated,2.300000,0.000000,40,55,64,70,92,120,150,200,1100,1100,1100,434,0,40,52.01860598915081,14.766500098630786,1075.1705000875518,163.2811059907834
1776607059,208,,Aggregated,2.200000,0.000000,40,55,64,70,92,120,150,200,1100,1100,1100,436,0,40,51.97680940202206,14.766500098630786,1075.1705000875518,163.32110091743118
1776607060,209,,Aggregated,2.200000,0.000000,40,55,64,70,92,120,150,200,1100,1100,1100,439,0,40,51.917580864074004,14.766500098630786,1075.1705000875518,162.9886104783599
1776607061,210,,Aggregated,2.200000,0.000000,40,55,64,70,92,110,150,200,1100,1100,1100,441,0,40,51.96054625671247,14.766500098630786,1075.1705000875518,163.02947845804988
1776607062,211,,Aggregated,2.200000,0.000000,40,55,64,70,92,110,150,200,1100,1100,1100,443,0,40,51.913878102061545,14.766500098630786,1075.1705000875518,163.06997742663657
1776607063,212,,Aggregated,2.200000,0.000000,40,55,64,70,92,110,150,200,1100,1100,1100,445,0,40,51.81761370616013,14.766500098630786,1075.1705000875518,163.11011235955056
1776607064,213,,Aggregated,2.200000,0.000000,40,55,64,70,92,110,150,200,1100,1100,1100,447,0,40,51.72876756006989,14.766500098630786,1075.1705000875518,163.14988814317672
1776607065,214,,Aggregated,2.200000,0.000000,40,54,63,70,92,110,150,200,1100,1100,1100,450,0,40,51.58916222112667,14.766500098630786,1075.1705000875518,162.82666666666665
1776607066,215,,Aggregated,2.200000,0.000000,40,54,64,70,89,110,150,200,1100,1100,1100,452,0,40,51.606230308462465,14.766500098630786,1075.1705000875518,162.86725663716814
1776607067,216,,Aggregated,2.200000,0.000000,40,54,64,70,89,110,150,200,1100,1100,1100,455,0,40,51.51201186696538,13.548100017942488,1075.1705000875518,162.54945054945054
1776607068,217,,Aggregated,2.200000,0.000000,39,54,63,70,89,110,150,200,1100,1100,1100,459,0,39,51.31683202510119,13.548100017942488,1075.1705000875518,161.88235294117646
1776607069,218,,Aggregated,2.200000,0.000000,39,54,63,69,89,110,150,200,1100,1100,1100,461,0,39,51.232277873273205,13.548100017942488,1075.1705000875518,161.92624728850325
1776607070,219,,Aggregated,2.300000,0.000000,39,54,63,69,89,110,150,200,1100,1100,1100,463,0,39,51.15551792550832,13.548100017942488,1075.1705000875518,161.96976241900649
1776607071,220,,Aggregated,2.500000,0.000000,39,54,63,70,89,110,150,200,1100,1100,1100,465,0,39,51.141354192539005,13.548100017942488,1075.1705000875518,162.01290322580644
1776607072,221,,Aggregated,2.500000,0.000000,39,54,63,69,89,110,150,200,1100,1100,1100,467,0,39,51.09127537358345,13.548100017942488,1075.1705000875518,162.05567451820127
1776607073,222,,Aggregated,2.500000,0.000000,39,54,63,70,89,110,150,200,1100,1100,1100,469,0,39,51.109614924265586,13.548100017942488,1075.1705000875518,162.09808102345417
1776607074,223,,Aggregated,2.400000,0.000000,39,54,63,70,89,110,150,200,1100,1100,1100,472,0,38,51.048396609060596,13.548100017942488,1075.1705000875518,161.79661016949152
1776607075,224,,Aggregated,2.400000,0.000000,39,54,63,70,89,110,150,200,1100,1100,1100,474,0,38,51.019218775103816,13.548100017942488,1075.1705000875518,161.83966244725738
1776607076,225,,Aggregated,2.400000,0.000000,39,54,64,70,89,110,150,200,1100,1100,1100,476,0,38,51.00056953643089,13.548100017942488,1075.1705000875518,161.88235294117646
1776607077,226,,Aggregated,2.500000,0.000000,39,54,64,70,89,110,150,200,1100,1100,1100,478,0,38,50.975166107274624,13.548100017942488,1075.1705000875518,161.9246861924686
1776607078,227,,Aggregated,2.400000,0.000000,39,54,64,70,89,110,150,200,1100,1100,1100,480,0,38,50.932931040006224,13.548100017942488,1075.1705000875518,161.96666666666667
1776607079,228,,Aggregated,2.300000,0.000000,39,55,64,70,90,110,160,250,1100,1100,1100,484,0,38,51.69456756037798,13.548100017942488,1075.1705000875518,161.3388429752066
1776607080,229,,Aggregated,2.300000,0.000000,40,55,64,70,90,110,160,250,1100,1100,1100,486,0,39,51.77561028639177,13.548100017942488,1075.1705000875518,161.3827160493827
1776607081,230,,Aggregated,2.100000,0.000000,40,55,64,70,90,110,160,250,1100,1100,1100,488,0,39,51.76428258042118,13.548100017942488,1075.1705000875518,161.4262295081967
1776607082,231,,Aggregated,1.900000,0.000000,40,55,64,70,90,110,160,250,1100,1100,1100,490,0,39,51.7458693860859,13.548100017942488,1075.1705000875518,161.46938775510205
1776607083,232,,Aggregated,2.300000,0.000000,40,55,64,70,90,120,160,250,1100,1100,1100,493,0,40,51.853880323054035,13.548100017942488,1075.1705000875518,161.184584178499
1776607084,233,,Aggregated,2.300000,0.000000,39,55,64,70,90,120,160,250,1100,1100,1100,497,0,39,51.71193420358557,13.548100017942488,1075.1705000875518,160.579476861167
1776607085,234,,Aggregated,2.300000,0.000000,39,55,64,70,90,120,160,250,1100,1100,1100,499,0,39,51.644328254917056,13.548100017942488,1075.1705000875518,160.625250501002
1776607086,235,,Aggregated,2.300000,0.000000,39,55,64,70,90,110,150,210,1100,1100,1100,501,0,39,51.625063670975734,13.548100017942488,1075.1705000875518,160.67065868263472
1776607087,236,,Aggregated,2.300000,0.000000,39,54,64,70,90,110,150,210,1100,1100,1100,503,0,39,51.57947614159487,13.548100017942488,1075.1705000875518,160.71570576540756
1776607088,237,,Aggregated,2.500000,0.000000,39,55,63,70,90,110,150,210,1100,1100,1100,505,0,39,51.54285722638084,13.548100017942488,1075.1705000875518,160.76039603960396
1776607089,238,,Aggregated,2.500000,0.000000,39,55,64,70,90,110,150,210,1100,1100,1100,507,0,39,51.532322878414796,13.548100017942488,1075.1705000875518,160.80473372781066
1776607090,239,,Aggregated,2.500000,0.000000,39,55,64,70,90,110,150,210,1100,1100,1100,509,0,39,51.53090785731413,13.548100017942488,1075.1705000875518,160.84872298624754
1776607091,240,,Aggregated,2.700000,0.000000,39,55,64,70,89,110,150,210,1100,1100,1100,511,0,39,51.52168453861495,13.548100017942488,1075.1705000875518,160.89236790606654
1776607092,241,,Aggregated,2.700000,0.000000,39,55,64,70,89,110,150,210,1100,1100,1100,513,0,39,51.45991169466305,13.548100017942488,1075.1705000875518,160.93567251461988
1776607093,242,,Aggregated,2.200000,0.000000,39,54,64,70,89,110,150,210,1100,1100,1100,516,0,38,51.32115910767376,13.548100017942488,1075.1705000875518,160.66666666666666
1776607094,243,,Aggregated,2.200000,0.000000,39,54,63,70,89,110,150,210,1100,1100,1100,518,0,38,51.24002123457419,13.548100017942488,1075.1705000875518,160.71042471042472
1776607095,244,,Aggregated,2.300000,0.000000,39,54,63,70,89,110,150,210,1100,1100,1100,520,0,38,51.17095923006463,13.548100017942488,1075.1705000875518,160.75384615384615
1776607096,245,,Aggregated,2.300000,0.000000,39,54,63,70,89,110,150,210,1100,1100,1100,522,0,38,51.17480689592809,13.548100017942488,1075.1705000875518,160.7969348659004
1776607097,246,,Aggregated,2.000000,0.000000,39,54,63,70,89,110,150,210,1100,1100,1100,524,0,38,51.106800381200856,13.548100017942488,1075.1705000875518,160.83969465648855
1776607098,247,,Aggregated,1.900000,0.000000,38,54,63,69,89,110,150,210,1100,1100,1100,527,0,38,50.984149145543846,13.548100017942488,1075.1705000875518,160.57685009487665
1776607100,248,,Aggregated,2.000000,0.000000,38,54,63,69,89,110,150,210,1100,1100,1100,529,0,38,50.92150907319159,13.548100017942488,1075.1705000875518,160.62003780718337
1776607101,249,,Aggregated,1.900000,0.000000,38,54,63,69,88,110,150,210,1100,1100,1100,531,0,38,50.85619472637212,13.548100017942488,1075.1705000875518,160.66290018832393
1776607102,250,,Aggregated,2.000000,0.000000,38,54,63,69,88,110,150,210,1100,1100,1100,534,0,37,50.76391160992159,13.548100017942488,1075.1705000875518,160.40449438202248
1776607103,251,,Aggregated,2.100000,0.000000,38,54,63,69,88,110,150,210,1100,1100,1100,536,0,37,50.71417182777772,13.548100017942488,1075.1705000875518,160.44776119402985
1776607104,252,,Aggregated,2.100000,0.000000,37,54,63,69,88,110,150,210,1100,1100,1100,539,0,37,50.60667959141246,13.548100017942488,1075.1705000875518,160.19294990723563
1776607105,253,,Aggregated,2.100000,0.000000,37,54,63,69,88,110,150,210,1100,1100,1100,542,0,37,50.47429999941445,13.548100017942488,1075.1705000875518,159.9409594095941
1776607106,254,,Aggregated,2.100000,0.000000,37,54,63,69,88,110,150,210,1100,1100,1100,544,0,37,50.47870422747698,13.548100017942488,1075.1705000875518,159.98529411764707
1776607107,255,,Aggregated,2.100000,0.000000,37,54,63,69,88,110,150,210,1100,1100,1100,546,0,37,50.458290658749625,13.548100017942488,1075.1705000875518,160.02930402930403
1776607108,256,,Aggregated,2.300000,0.000000,37,54,63,69,88,110,150,210,1100,1100,1100,548,0,37,50.386586130713965,13.548100017942488,1075.1705000875518,160.07299270072994
1776607109,257,,Aggregated,2.400000,0.000000,37,54,63,69,88,110,150,210,1100,1100,1100,550,0,37,50.34245854476467,13.548100017942488,1075.1705000875518,160.11636363636364
1776607110,258,,Aggregated,2.300000,0.000000,37,54,63,69,87,110,150,210,1100,1100,1100,552,0,37,50.295957064667746,13.548100017942488,1075.1705000875518,160.15942028985506
1776607111,259,,Aggregated,2.400000,0.000000,37,54,62,69,87,110,150,210,1100,1100,1100,554,0,37,50.263193501109114,13.548100017942488,1075.1705000875518,160.20216606498195
1776607112,260,,Aggregated,2.300000,0.000000,37,54,63,69,88,110,150,210,1100,1100,1100,556,0,37,50.28350539518045,13.548100017942488,1075.1705000875518,160.24460431654677
1776607113,261,,Aggregated,2.300000,0.000000,37,54,62,69,88,110,150,210,1100,1100,1100,558,0,37,50.25258404953826,13.548100017942488,1075.1705000875518,160.28673835125448
1776607114,262,,Aggregated,2.300000,0.000000,37,54,62,69,87,110,150,210,1100,1100,1100,561,0,37,50.16839714723336,13.548100017942488,1075.1705000875518,160.0427807486631
1776607115,263,,Aggregated,2.200000,0.000000,37,54,62,69,87,110,150,210,1100,1100,1100,564,0,35,50.03960336788049,13.548100017942488,1075.1705000875518,159.80141843971631
1776607116,264,,Aggregated,2.200000,0.000000,35,54,62,69,88,110,150,210,1100,1100,1100,567,0,35,50.06819065147764,13.548100017942488,1075.1705000875518,159.56261022927688
1776607117,265,,Aggregated,2.200000,0.000000,35,54,62,69,88,110,150,210,1100,1100,1100,569,0,35,50.08239015713432,13.548100017942488,1075.1705000875518,159.60632688927944
1776607118,266,,Aggregated,2.200000,0.000000,35,54,62,69,87,110,150,210,1100,1100,1100,571,0,35,50.04784728452602,13.548100017942488,1075.1705000875518,159.64973730297723
1776607119,267,,Aggregated,2.300000,0.000000,35,54,62,69,87,110,150,210,1100,1100,1100,573,0,35,50.04970296602989,13.548100017942488,1075.1705000875518,159.69284467713788
1776607120,268,,Aggregated,2.300000,0.000000,35,54,62,69,87,110,150,210,1100,1100,1100,575,0,35,50.026494781891614,13.548100017942488,1075.1705000875518,159.73565217391305
1776607121,269,,Aggregated,2.300000,0.000000,35,54,62,69,87,110,150,210,1100,1100,1100,577,0,35,50.032206064903626,13.548100017942488,1075.1705000875518,159.7781629116118
1776607122,270,,Aggregated,2.300000,0.000000,35,54,62,69,87,110,150,210,1100,1100,1100,579,0,35,50.048965111251,13.548100017942488,1075.1705000875518,159.82037996545768
1776607123,271,,Aggregated,2.300000,0.000000,35,54,62,69,87,110,150,210,1100,1100,1100,581,0,35,50.040176935356094,13.548100017942488,1075.1705000875518,159.86230636833045
1776607124,272,,Aggregated,2.300000,0.000000,35,54,63,69,87,110,150,210,1100,1100,1100,583,0,35,50.00119639690774,13.548100017942488,1075.1705000875518,159.90394511149228
1776607125,273,,Aggregated,2.300000,0.000000,35,54,63,69,87,110,150,210,1100,1100,1100,586,0,34,49.91677542552416,13.548100017942488,1075.1705000875518,159.67235494880546
1776607126,274,,Aggregated,2.300000,0.000000,35,54,63,69,87,110,150,210,1100,1100,1100,588,0,34,49.86859574719161,13.548100017942488,1075.1705000875518,159.71428571428572
1776607127,275,,Aggregated,2.200000,0.000000,34,54,63,69,87,110,150,210,1100,1100,1100,591,0,34,49.83451353545993,13.548100017942488,1075.1705000875518,159.48561759729273
1776607128,276,,Aggregated,2.200000,0.000000,34,54,62,69,87,110,150,210,1100,1100,1100,593,0,34,49.815479425704,13.548100017942488,1075.1705000875518,159.52782462057337
1776607129,277,,Aggregated,2.100000,0.000000,34,54,62,69,87,110,150,210,1100,1100,1100,595,0,34,49.78107344437422,13.548100017942488,1075.1705000875518,159.56974789915967
1776607130,278,,Aggregated,2.200000,0.000000,34,54,62,69,87,110,150,210,1100,1100,1100,597,0,34,49.78297102082539,13.548100017942488,1075.1705000875518,159.6113902847571
1776607131,279,,Aggregated,2.200000,0.000000,34,54,62,69,87,110,150,210,1100,1100,1100,599,0,34,49.74363622615559,13.548100017942488,1075.1705000875518,159.65275459098498
1776607132,280,,Aggregated,2.200000,0.000000,34,54,62,69,87,110,140,200,1100,1100,1100,601,0,34,49.732732777747195,13.548100017942488,1075.1705000875518,159.69384359401
1776607133,281,,Aggregated,2.200000,0.000000,34,54,62,69,87,110,140,200,1100,1100,1100,603,0,34,49.70833217160649,13.548100017942488,1075.1705000875518,159.7346600331675
1776607134,282,,Aggregated,2.200000,0.000000,34,54,62,69,87,110,140,200,1100,1100,1100,605,0,34,49.714978180887286,13.548100017942488,1075.1705000875518,159.77520661157024
1776607135,283,,Aggregated,2.200000,0.000000,34,54,62,69,87,110,140,200,1100,1100,1100,607,0,34,49.668411696076554,13.548100017942488,1075.1705000875518,159.81548599670512
1776607136,284,,Aggregated,2.200000,0.000000,34,54,62,69,87,110,140,200,1100,1100,1100,609,0,34,49.72098883331642,13.548100017942488,1075.1705000875518,159.85550082101807
1776607137,285,,Aggregated,2.200000,0.000000,34,54,63,69,87,110,140,200,1100,1100,1100,611,0,34,49.730259737262045,13.548100017942488,1075.1705000875518,159.89525368248772
1776607138,286,,Aggregated,2.100000,0.000000,34,54,63,69,87,110,140,200,1100,1100,1100,613,0,34,49.758585317092255,13.548100017942488,1075.1705000875518,159.9347471451876
1776607139,287,,Aggregated,2.100000,0.000000,35,54,63,69,87,110,140,200,1100,1100,1100,615,0,35,49.917085364847104,13.548100017942488,1075.1705000875518,159.9739837398374
1776607140,288,,Aggregated,2.000000,0.000000,37,55,63,70,88,110,140,200,1100,1100,1100,617,0,37,50.130011830244946,13.548100017942488,1075.1705000875518,160.0129659643436
1776607141,289,,Aggregated,2.000000,0.000000,37,55,63,70,88,110,140,200,1100,1100,1100,619,0,37,50.151189820959814,13.548100017942488,1075.1705000875518,160.05169628432955
1776607142,290,,Aggregated,2.000000,0.000000,38,55,63,70,88,110,140,200,1100,1100,1100,622,0,37,50.28774855165051,13.548100017942488,1075.1705000875518,159.83279742765274
1776607143,291,,Aggregated,2.000000,0.000000,37,55,63,70,88,110,140,200,1100,1100,1100,625,0,37,50.189353118650615,13.548100017942488,1075.1705000875518,159.616
1776607144,292,,Aggregated,2.000000,0.000000,37,55,63,70,88,110,140,200,1100,1100,1100,627,0,37,50.16819569259953,13.548100017942488,1075.1705000875518,159.6555023923445
1776607145,293,,Aggregated,2.100000,0.000000,37,55,63,70,88,110,140,200,1100,1100,1100,629,0,37,50.11095866336619,13.548100017942488,1075.1705000875518,159.69475357710652
1776607146,294,,Aggregated,2.200000,0.000000,37,55,63,70,88,110,140,200,1100,1100,1100,631,0,37,50.101134388651495,13.548100017942488,1075.1705000875518,159.7337559429477
1776607147,295,,Aggregated,2.200000,0.000000,37,55,63,70,88,110,140,200,1100,1100,1100,633,0,37,50.14698230532714,13.548100017942488,1075.1705000875518,159.77251184834122
1776607148,296,,Aggregated,2.200000,0.000000,37,55,63,70,89,110,140,200,1100,1100,1100,637,0,37,50.20291585434269,13.548100017942488,1075.1705000875518,159.30926216640503
1776607149,297,,Aggregated,2.200000,0.000000,37,55,63,70,89,110,140,200,1100,1100,1100,639,0,37,50.175160562207104,13.548100017942488,1075.1705000875518,159.34898278560252
1776607150,298,,Aggregated,2.200000,0.000000,37,55,63,70,88,110,140,200,1100,1100,1100,641,0,37,50.144495006451635,13.548100017942488,1075.1705000875518,159.38845553822154
1776607151,299,,Aggregated,2.300000,0.000000,37,55,63,70,89,110,140,200,1100,1100,1100,643,0,37,50.16580870784935,13.548100017942488,1075.1705000875518,159.4276827371695
1776607152,300,,Aggregated,2.400000,0.000000,38,55,63,70,89,110,140,200,1100,1100,1100,644,1,37,50.20122624093505,13.548100017942488,1075.1705000875518,159.3276397515528
1776607153,300,,Aggregated,2.400000,0.000000,38,55,63,70,89,110,140,200,1100,1100,1100,646,1,37,50.20261656214705,13.548100017942488,1075.1705000875518,159.36687306501548
1776607154,300,,Aggregated,2.400000,0.000000,38,55,63,70,89,110,140,200,1100,1100,1100,646,1,37,50.20261656214705,13.548100017942488,1075.1705000875518,159.36687306501548
1776607155,300,,Aggregated,2.400000,0.000000,38,55,63,70,89,110,140,200,1100,1100,1100,646,1,37,50.20261656214705,13.548100017942488,1075.1705000875518,159.36687306501548
1776607156,300,,Aggregated,1.900000,0.100000,37,55,63,70,89,110,140,200,1100,1100,1100,648,1,37,50.09992098644876,13.548100017942488,1075.1705000875518,158.875
1776607157,300,,Aggregated,1.900000,0.100000,37,55,63,70,89,110,140,200,1100,1100,1100,648,1,37,50.09992098644876,13.548100017942488,1075.1705000875518,158.875
1776607158,300,,Aggregated,1.900000,0.100000,37,55,63,70,89,110,140,200,1100,1100,1100,648,1,37,50.09992098644876,13.548100017942488,1075.1705000875518,158.875
1776607159,300,,Aggregated,1.900000,0.100000,37,55,63,70,89,110,140,200,1100,1100,1100,648,1,37,50.09992098644876,13.548100017942488,1075.1705000875518,158.875
1776607160,300,,Aggregated,1.900000,0.100000,37,55,63,70,89,110,140,200,1100,1100,1100,648,1,37,50.09992098644876,13.548100017942488,1075.1705000875518,158.875
1776607161,300,,Aggregated,1.900000,0.100000,37,55,63,70,89,110,140,200,1100,1100,1100,648,1,37,50.09992098644876,13.548100017942488,1075.1705000875518,158.875
1776607162,300,,Aggregated,1.900000,0.100000,37,55,63,70,89,110,140,200,1100,1100,1100,648,1,37,50.09992098644876,13.548100017942488,1075.1705000875518,158.875
1776607163,300,,Aggregated,1.900000,0.100000,37,55,63,70,89,110,140,200,1100,1100,1100,648,1,37,50.09992098644876,13.548100017942488,1075.1705000875518,158.875
1776607164,300,,Aggregated,1.900000,0.100000,37,55,63,70,89,110,140,200,1100,1100,1100,648,1,37,50.09992098644876,13.548100017942488,1075.1705000875518,158.875
1776607165,300,,Aggregated,1.900000,0.100000,37,55,63,70,89,110,140,200,1100,1100,1100,648,1,37,50.09992098644876,13.548100017942488,1075.1705000875518,158.875
1776607166,300,,Aggregated,1.900000,0.100000,37,55,63,70,89,110,140,200,1100,1100,1100,648,1,37,50.09992098644876,13.548100017942488,1075.1705000875518,158.875
1776607167,300,,Aggregated,1.900000,0.100000,37,55,63,70,89,110,140,200,1100,1100,1100,648,1,37,50.09992098644876,13.548100017942488,1075.1705000875518,158.875
1776607168,300,,Aggregated,1.900000,0.100000,37,55,63,70,89,110,140,200,1100,1100,1100,648,1,37,50.09992098644876,13.548100017942488,1075.1705000875518,158.875
1776607169,300,,Aggregated,1.900000,0.100000,37,55,63,70,89,110,140,200,1100,1100,1100,648,1,37,50.09992098644876,13.548100017942488,1075.1705000875518,158.875
1776607170,300,,Aggregated,1.900000,0.100000,37,55,63,70,89,110,140,200,1100,1100,1100,648,1,37,50.09992098644876,13.548100017942488,1075.1705000875518,158.875
1776607171,300,,Aggregated,1.900000,0.100000,37,55,63,70,89,110,140,200,1100,1100,1100,648,1,37,50.09992098644876,13.548100017942488,1075.1705000875518,158.875
1776607172,300,,Aggregated,1.900000,0.100000,37,55,63,70,89,110,140,200,1100,1100,1100,648,1,37,50.09992098644876,13.548100017942488,1075.1705000875518,158.875
1776607173,300,,Aggregated,1.900000,0.100000,37,55,63,70,89,110,140,200,1100,1100,1100,648,1,37,50.09992098644876,13.548100017942488,1075.1705000875518,158.875
1776607174,300,,Aggregated,0.000000,0.000000,37,55,63,70,89,110,140,200,1100,1100,1100,650,1,35,50.02798184501724,13.548100017942488,1075.1705000875518,158.38615384615386
1776607175,300,,Aggregated,0.000000,0.000000,37,55,63,70,89,110,140,200,1100,1100,1100,650,1,35,50.02798184501724,13.548100017942488,1075.1705000875518,158.38615384615386
1776607176,300,,Aggregated,0.000000,0.000000,37,55,63,70,89,110,140,200,1100,1100,1100,650,1,35,50.02798184501724,13.548100017942488,1075.1705000875518,158.38615384615386
1776607177,300,,Aggregated,0.000000,0.000000,37,55,63,70,89,110,140,200,1100,1100,1100,650,1,35,50.02798184501724,13.548100017942488,1075.1705000875518,158.38615384615386
1776607178,300,,Aggregated,0.000000,0.000000,37,55,63,70,89,110,140,200,1100,1100,1100,650,1,35,50.02798184501724,13.548100017942488,1075.1705000875518,158.38615384615386
1776607179,300,,Aggregated,0.000000,0.000000,37,55,63,70,89,110,140,200,1100,1100,1100,650,1,35,50.02798184501724,13.548100017942488,1075.1705000875518,158.38615384615386
1776607180,300,,Aggregated,0.000000,0.000000,37,55,63,70,89,110,140,200,1100,1100,1100,650,1,35,50.02798184501724,13.548100017942488,1075.1705000875518,158.38615384615386
1776607181,300,,Aggregated,0.000000,0.000000,37,55,63,70,89,110,140,200,1100,1100,1100,650,1,35,50.02798184501724,13.548100017942488,1075.1705000875518,158.38615384615386
1776607182,300,,Aggregated,0.200000,0.000000,35,55,63,70,88,110,140,200,1100,1100,1100,651,1,35,49.98880598966616,13.548100017942488,1075.1705000875518,158.14285714285714
1776607183,300,,Aggregated,0.200000,0.000000,35,55,63,70,88,110,140,200,1100,1100,1100,651,1,35,49.98880598966616,13.548100017942488,1075.1705000875518,158.14285714285714
1776607184,300,,Aggregated,0.200000,0.000000,35,55,63,70,88,110,140,200,1100,1100,1100,651,1,35,49.98880598966616,13.548100017942488,1075.1705000875518,158.14285714285714
1776607185,300,,Aggregated,0.200000,0.000000,35,55,63,70,88,110,140,200,1100,1100,1100,651,1,35,49.98880598966616,13.548100017942488,1075.1705000875518,158.14285714285714
1776607186,300,,Aggregated,0.200000,0.000000,35,55,63,70,88,110,140,200,1100,1100,1100,651,1,35,49.98880598966616,13.548100017942488,1075.1705000875518,158.14285714285714
1776607187,300,,Aggregated,0.200000,0.000000,35,55,63,70,88,110,140,200,1100,1100,1100,651,1,35,49.98880598966616,13.548100017942488,1075.1705000875518,158.14285714285714
1776607188,300,,Aggregated,0.200000,0.000000,35,55,63,70,88,110,140,200,1100,1100,1100,651,1,35,49.98880598966616,13.548100017942488,1075.1705000875518,158.14285714285714
1776607189,300,,Aggregated,0.200000,0.000000,35,55,63,70,88,110,140,200,1100,1100,1100,651,1,35,49.98880598966616,13.548100017942488,1075.1705000875518,158.14285714285714
1776607190,300,,Aggregated,0.200000,0.000000,35,55,63,70,88,110,140,200,1100,1100,1100,651,1,35,49.98880598966616,13.548100017942488,1075.1705000875518,158.14285714285714
1776607191,300,,Aggregated,0.200000,0.000000,35,55,63,70,88,110,140,200,1100,1100,1100,651,1,35,49.98880598966616,13.548100017942488,1075.1705000875518,158.14285714285714
1776607192,300,,Aggregated,0.200000,0.000000,35,55,63,70,88,110,140,200,1100,1100,1100,651,1,35,49.98880598966616,13.548100017942488,1075.1705000875518,158.14285714285714
1776607193,300,,Aggregated,0.200000,0.000000,35,55,63,70,88,110,140,200,1100,1100,1100,651,1,35,49.98880598966616,13.548100017942488,1075.1705000875518,158.14285714285714
1776607194,300,,Aggregated,0.200000,0.000000,35,55,63,70,88,110,140,200,1100,1100,1100,651,1,35,49.98880598966616,13.548100017942488,1075.1705000875518,158.14285714285714
1776607195,300,,Aggregated,0.200000,0.000000,35,55,63,70,88,110,140,200,1100,1100,1100,651,1,35,49.98880598966616,13.548100017942488,1075.1705000875518,158.14285714285714
1776607197,300,,Aggregated,0.200000,0.000000,35,55,63,70,88,110,140,200,1100,1100,1100,651,1,35,49.98880598966616,13.548100017942488,1075.1705000875518,158.14285714285714
1776607198,300,,Aggregated,0.200000,0.000000,35,55,63,70,88,110,140,200,1100,1100,1100,651,1,35,49.98880598966616,13.548100017942488,1075.1705000875518,158.14285714285714
1776607199,300,,Aggregated,0.000000,0.000000,35,55,63,70,88,110,140,200,1100,1100,1100,652,1,34,49.939905673778256,13.548100017942488,1075.1705000875518,157.90030674846625
1776607200,300,,Aggregated,0.000000,0.000000,35,55,63,70,88,110,140,200,1100,1100,1100,652,1,34,49.939905673778256,13.548100017942488,1075.1705000875518,157.90030674846625
1776607201,300,,Aggregated,0.000000,0.000000,35,55,63,70,88,110,140,200,1100,1100,1100,652,1,34,49.939905673778256,13.548100017942488,1075.1705000875518,157.90030674846625
1776607202,300,,Aggregated,0.000000,0.000000,35,55,63,70,88,110,140,200,1100,1100,1100,652,1,34,49.939905673778256,13.548100017942488,1075.1705000875518,157.90030674846625
1776607203,300,,Aggregated,0.000000,0.000000,35,55,63,70,88,110,140,200,1100,1100,1100,652,1,34,49.939905673778256,13.548100017942488,1075.1705000875518,157.90030674846625
1776607204,300,,Aggregated,0.000000,0.000000,35,55,63,70,88,110,140,200,1100,1100,1100,652,1,34,49.939905673778256,13.548100017942488,1075.1705000875518,157.90030674846625
1776607205,300,,Aggregated,0.000000,0.000000,35,55,63,70,88,110,140,200,1100,1100,1100,652,1,34,49.939905673778256,13.548100017942488,1075.1705000875518,157.90030674846625
1776607206,300,,Aggregated,0.000000,0.000000,35,55,63,70,88,110,140,200,1100,1100,1100,652,1,34,49.939905673778256,13.548100017942488,1075.1705000875518,157.90030674846625
1776607207,300,,Aggregated,0.000000,0.000000,35,55,63,70,88,110,140,200,1100,1100,1100,652,1,34,49.939905673778256,13.548100017942488,1075.1705000875518,157.90030674846625
1776607208,300,,Aggregated,0.100000,0.000000,34,54,63,70,88,110,140,200,1100,1100,1100,653,1,34,49.89688820722634,13.548100017942488,1075.1705000875518,157.6584992343032
1776607209,300,,Aggregated,0.100000,0.000000,35,54,63,70,88,110,140,200,1100,1100,1100,654,2,34,49.877822170224874,13.548100017942488,1075.1705000875518,157.41743119266056
1776607210,300,,Aggregated,0.100000,0.000000,35,54,63,70,88,110,140,200,1100,1100,1100,654,2,34,49.877822170224874,13.548100017942488,1075.1705000875518,157.41743119266056
1776607211,300,,Aggregated,0.100000,0.000000,35,54,63,70,88,110,140,200,1100,1100,1100,654,2,34,49.877822170224874,13.548100017942488,1075.1705000875518,157.41743119266056
1776607212,300,,Aggregated,0.100000,0.000000,35,54,63,70,88,110,140,200,1100,1100,1100,654,2,34,49.877822170224874,13.548100017942488,1075.1705000875518,157.41743119266056
1776607213,300,,Aggregated,0.100000,0.000000,35,54,63,70,88,110,140,200,1100,1100,1100,654,2,34,49.877822170224874,13.548100017942488,1075.1705000875518,157.41743119266056
1776607214,300,,Aggregated,0.100000,0.000000,35,54,63,70,88,110,140,200,1100,1100,1100,654,2,34,49.877822170224874,13.548100017942488,1075.1705000875518,157.41743119266056
1776607215,300,,Aggregated,0.100000,0.000000,35,54,63,70,88,110,140,200,1100,1100,1100,654,2,34,49.877822170224874,13.548100017942488,1075.1705000875518,157.41743119266056
1776607216,300,,Aggregated,0.200000,0.100000,34,54,63,70,88,110,140,200,1100,1100,1100,655,2,34,49.82461633484185,13.548100017942488,1075.1705000875518,157.17709923664123
1776607217,300,,Aggregated,0.200000,0.100000,34,54,63,70,88,110,140,200,1100,1100,1100,655,2,34,49.82461633484185,13.548100017942488,1075.1705000875518,157.17709923664123
1776607218,300,,Aggregated,0.200000,0.100000,34,54,63,70,88,110,140,200,1100,1100,1100,656,2,34,49.77515106612572,13.548100017942488,1075.1705000875518,156.9375
1776607219,300,,Aggregated,0.200000,0.100000,34,54,63,70,88,110,140,200,1100,1100,1100,656,2,34,49.77515106612572,13.548100017942488,1075.1705000875518,156.9375
1776607220,300,,Aggregated,0.300000,0.100000,34,54,63,70,88,110,140,200,1100,1100,1100,658,2,34,49.67184483192544,13.403199962340295,1075.1705000875518,156.46048632218844
1776607221,300,,Aggregated,0.300000,0.100000,34,54,63,70,88,110,140,200,1100,1100,1100,658,2,34,49.67184483192544,13.403199962340295,1075.1705000875518,156.46048632218844
1776607222,300,,Aggregated,0.300000,0.100000,34,54,63,70,88,110,140,200,1100,1100,1100,658,2,34,49.67184483192544,13.403199962340295,1075.1705000875518,156.46048632218844
1776607223,300,,Aggregated,0.300000,0.100000,34,54,63,70,88,110,140,200,1100,1100,1100,658,2,34,49.67184483192544,13.403199962340295,1075.1705000875518,156.46048632218844
1776607224,300,,Aggregated,0.300000,0.100000,34,54,63,70,88,110,140,200,1100,1100,1100,658,2,34,49.67184483192544,13.403199962340295,1075.1705000875518,156.46048632218844
1776607225,300,,Aggregated,0.400000,0.000000,34,54,63,70,88,110,140,200,1100,1100,1100,659,2,34,49.62108452109781,13.403199962340295,1075.1705000875518,156.22306525037936
1776607226,300,,Aggregated,0.400000,0.000000,34,54,63,70,88,110,140,200,1100,1100,1100,659,2,34,49.62108452109781,13.403199962340295,1075.1705000875518,156.22306525037936
1776607227,300,,Aggregated,0.400000,0.000000,34,54,63,70,88,110,140,200,1100,1100,1100,659,2,34,49.62108452109781,13.403199962340295,1075.1705000875518,156.22306525037936
1776607228,300,,Aggregated,0.400000,0.000000,34,54,63,70,88,110,140,200,1100,1100,1100,659,2,34,49.62108452109781,13.403199962340295,1075.1705000875518,156.22306525037936
1776607229,300,,Aggregated,0.400000,0.000000,34,54,63,70,88,110,140,200,1100,1100,1100,659,2,34,49.62108452109781,13.403199962340295,1075.1705000875518,156.22306525037936
1776607230,300,,Aggregated,0.400000,0.000000,34,54,63,70,88,110,140,200,1100,1100,1100,659,2,34,49.62108452109781,13.403199962340295,1075.1705000875518,156.22306525037936
1776607231,300,,Aggregated,0.400000,0.000000,34,54,63,70,88,110,140,200,1100,1100,1100,659,2,34,49.62108452109781,13.403199962340295,1075.1705000875518,156.22306525037936
1776607232,300,,Aggregated,0.400000,0.000000,34,54,63,70,88,110,140,200,1100,1100,1100,659,2,34,49.62108452109781,13.403199962340295,1075.1705000875518,156.22306525037936
1776607233,300,,Aggregated,0.400000,0.000000,34,54,63,70,88,110,140,200,1100,1100,1100,659,2,34,49.62108452109781,13.403199962340295,1075.1705000875518,156.22306525037936
1776607234,300,,Aggregated,0.400000,0.000000,34,54,63,70,88,110,140,200,1100,1100,1100,659,2,34,49.62108452109781,13.403199962340295,1075.1705000875518,156.22306525037936
1776607235,300,,Aggregated,0.400000,0.000000,34,54,63,70,88,110,140,200,1100,1100,1100,659,2,34,49.62108452109781,13.403199962340295,1075.1705000875518,156.22306525037936
1776607236,300,,Aggregated,0.400000,0.000000,34,54,63,70,88,110,140,200,1100,1100,1100,659,2,34,49.62108452109781,13.403199962340295,1075.1705000875518,156.22306525037936
1776607237,300,,Aggregated,0.400000,0.000000,34,54,63,70,88,110,140,200,1100,1100,1100,659,2,34,49.62108452109781,13.403199962340295,1075.1705000875518,156.22306525037936
1776607238,300,,Aggregated,0.400000,0.000000,34,54,63,70,88,110,140,200,1100,1100,1100,659,2,34,49.62108452109781,13.403199962340295,1075.1705000875518,156.22306525037936
1776607239,300,,Aggregated,0.400000,0.000000,34,54,63,70,88,110,140,200,1100,1100,1100,659,2,34,49.62108452109781,13.403199962340295,1075.1705000875518,156.22306525037936
1776607240,300,,Aggregated,0.400000,0.000000,34,54,63,70,88,110,140,200,1100,1100,1100,659,2,34,49.62108452109781,13.403199962340295,1075.1705000875518,156.22306525037936
1776607241,300,,Aggregated,0.400000,0.000000,34,54,63,70,88,110,140,200,1100,1100,1100,659,2,34,49.62108452109781,13.403199962340295,1075.1705000875518,156.22306525037936
1776607242,300,,Aggregated,0.000000,0.000000,34,54,63,70,88,110,140,200,1100,1100,1100,660,2,34,49.57625409006141,13.403199962340295,1075.1705000875518,155.98636363636365
1776607243,300,,Aggregated,0.000000,0.000000,34,54,63,70,88,110,140,200,1100,1100,1100,660,2,34,49.57625409006141,13.403199962340295,1075.1705000875518,155.98636363636365
1776607244,300,,Aggregated,0.100000,0.000000,34,54,63,70,88,110,140,200,1100,1100,1100,661,2,34,49.519864144332075,12.302499962970614,1075.1705000875518,155.75037821482601
1776607245,300,,Aggregated,0.100000,0.000000,34,54,63,70,88,110,140,200,1100,1100,1100,661,2,34,49.519864144332075,12.302499962970614,1075.1705000875518,155.75037821482601
1776607246,300,,Aggregated,0.100000,0.000000,34,54,63,70,88,110,140,200,1100,1100,1100,662,2,33,49.473357249896836,12.302499962970614,1075.1705000875518,155.51510574018127
1776607247,300,,Aggregated,0.100000,0.000000,34,54,63,70,88,110,140,200,1100,1100,1100,662,2,33,49.473357249896836,12.302499962970614,1075.1705000875518,155.51510574018127
1776607248,300,,Aggregated,0.200000,0.000000,33,54,63,70,88,110,140,200,1100,1100,1100,663,2,33,49.42586410159967,12.302499962970614,1075.1705000875518,155.28054298642533
1776607249,300,,Aggregated,0.200000,0.000000,33,54,63,70,88,110,140,200,1100,1100,1100,663,2,33,49.42586410159967,12.302499962970614,1075.1705000875518,155.28054298642533
1776607250,300,,Aggregated,0.200000,0.000000,33,54,63,70,88,110,140,200,1100,1100,1100,663,2,33,49.42586410159967,12.302499962970614,1075.1705000875518,155.28054298642533
1776607251,300,,Aggregated,0.200000,0.000000,33,54,63,70,88,110,140,200,1100,1100,1100,663,2,33,49.42586410159967,12.302499962970614,1075.1705000875518,155.28054298642533
1776607252,300,,Aggregated,0.200000,0.000000,33,54,63,70,88,110,140,200,1100,1100,1100,663,2,33,49.42586410159967,12.302499962970614,1075.1705000875518,155.28054298642533
1776607253,300,,Aggregated,0.200000,0.000000,33,54,63,70,88,110,140,200,1100,1100,1100,663,2,33,49.42586410159967,12.302499962970614,1075.1705000875518,155.28054298642533
1776607254,300,,Aggregated,0.200000,0.000000,33,54,63,70,88,110,140,200,1100,1100,1100,663,2,33,49.42586410159967,12.302499962970614,1075.1705000875518,155.28054298642533
1776607255,300,,Aggregated,0.200000,0.000000,33,54,63,70,88,110,140,200,1100,1100,1100,663,2,33,49.42586410159967,12.302499962970614,1075.1705000875518,155.28054298642533
1776607256,300,,Aggregated,0.200000,0.000000,33,54,63,70,88,110,140,200,1100,1100,1100,663,2,33,49.42586410159967,12.302499962970614,1075.1705000875518,155.28054298642533
1776607257,300,,Aggregated,0.200000,0.000000,33,54,63,70,88,110,140,200,1100,1100,1100,663,2,33,49.42586410159967,12.302499962970614,1075.1705000875518,155.28054298642533
1776607258,300,,Aggregated,0.200000,0.000000,33,54,63,70,88,110,140,200,1100,1100,1100,663,2,33,49.42586410159967,12.302499962970614,1075.1705000875518,155.28054298642533
1776607259,300,,Aggregated,0.200000,0.000000,33,54,63,70,88,110,140,200,1100,1100,1100,663,2,33,49.42586410159967,12.302499962970614,1075.1705000875518,155.28054298642533
1776607260,300,,Aggregated,0.000000,0.000000,33,54,63,70,88,110,140,200,1100,1100,1100,664,2,33,49.37721159539174,12.302499962970614,1075.1705000875518,155.04668674698794
1776607261,300,,Aggregated,0.000000,0.000000,33,54,63,70,88,110,140,200,1100,1100,1100,664,2,33,49.37721159539174,12.302499962970614,1075.1705000875518,155.04668674698794
1776607262,300,,Aggregated,0.000000,0.000000,33,54,63,70,88,110,140,200,1100,1100,1100,664,2,33,49.37721159539174,12.302499962970614,1075.1705000875518,155.04668674698794
1776607263,300,,Aggregated,0.000000,0.000000,33,54,63,70,88,110,140,200,1100,1100,1100,665,2,33,49.328212179348604,12.302499962970614,1075.1705000875518,154.81353383458648
1776607264,300,,Aggregated,0.000000,0.000000,33,54,63,70,88,110,140,200,1100,1100,1100,665,2,33,49.328212179348604,12.302499962970614,1075.1705000875518,154.81353383458648
1776607265,300,,Aggregated,0.000000,0.000000,33,54,63,70,88,110,140,200,1100,1100,1100,665,2,33,49.328212179348604,12.302499962970614,1075.1705000875518,154.81353383458648
1776607266,300,,Aggregated,0.000000,0.000000,33,54,63,70,88,110,140,200,1100,1100,1100,665,2,33,49.328212179348604,12.302499962970614,1075.1705000875518,154.81353383458648
1776607267,300,,Aggregated,0.000000,0.000000,33,54,63,70,88,110,140,200,1100,1100,1100,665,2,33,49.328212179348604,12.302499962970614,1075.1705000875518,154.81353383458648
1776607268,300,,Aggregated,0.000000,0.000000,33,54,63,70,88,110,140,200,1100,1100,1100,665,2,33,49.328212179348604,12.302499962970614,1075.1705000875518,154.81353383458648
1776607269,300,,Aggregated,0.000000,0.000000,33,54,63,70,88,110,140,200,1100,1100,1100,665,2,33,49.328212179348604,12.302499962970614,1075.1705000875518,154.81353383458648
1776607270,300,,Aggregated,0.000000,0.000000,33,54,63,70,88,110,140,200,1100,1100,1100,665,2,33,49.328212179348604,12.302499962970614,1075.1705000875518,154.81353383458648
1776607271,300,,Aggregated,0.000000,0.000000,33,54,63,70,88,110,140,200,1100,1100,1100,665,2,33,49.328212179348604,12.302499962970614,1075.1705000875518,154.81353383458648
1776607272,300,,Aggregated,0.000000,0.000000,33,54,63,70,88,110,140,200,1100,1100,1100,665,2,33,49.328212179348604,12.302499962970614,1075.1705000875518,154.81353383458648
1776607273,300,,Aggregated,0.000000,0.000000,33,54,63,70,88,110,140,200,1100,1100,1100,665,2,33,49.328212179348604,12.302499962970614,1075.1705000875518,154.81353383458648
1776607274,300,,Aggregated,0.000000,0.000000,33,54,63,70,88,110,140,200,1100,1100,1100,665,2,33,49.328212179348604,12.302499962970614,1075.1705000875518,154.81353383458648
1776607275,300,,Aggregated,0.000000,0.000000,33,54,63,70,88,110,140,200,1100,1100,1100,665,2,33,49.328212179348604,12.302499962970614,1075.1705000875518,154.81353383458648
1776607276,300,,Aggregated,0.000000,0.000000,33,54,63,70,88,110,140,200,1100,1100,1100,665,2,33,49.328212179348604,12.302499962970614,1075.1705000875518,154.81353383458648
1776607277,300,,Aggregated,0.000000,0.000000,33,54,63,70,88,110,140,200,1100,1100,1100,665,2,33,49.328212179348604,12.302499962970614,1075.1705000875518,154.81353383458648
1776607278,300,,Aggregated,0.000000,0.000000,33,54,63,70,88,110,140,200,1100,1100,1100,665,2,33,49.328212179348604,12.302499962970614,1075.1705000875518,154.81353383458648
1776607279,300,,Aggregated,0.000000,0.000000,33,54,63,70,88,110,140,200,1100,1100,1100,665,2,33,49.328212179348604,12.302499962970614,1075.1705000875518,154.81353383458648
1776607280,300,,Aggregated,0.000000,0.000000,33,54,63,70,88,110,140,200,1100,1100,1100,665,2,33,49.328212179348604,12.302499962970614,1075.1705000875518,154.81353383458648
1776607281,300,,Aggregated,0.000000,0.000000,33,54,63,69,88,110,140,200,1100,1100,1100,666,2,33,49.27970345241127,12.302499962970614,1075.1705000875518,154.5810810810811
1776607282,300,,Aggregated,0.000000,0.000000,33,54,63,69,88,110,140,200,1100,1100,1100,666,2,33,49.27970345241127,12.302499962970614,1075.1705000875518,154.5810810810811
1776607283,300,,Aggregated,0.000000,0.000000,33,54,63,69,88,110,140,200,1100,1100,1100,666,2,33,49.27970345241127,12.302499962970614,1075.1705000875518,154.5810810810811
1776607284,300,,Aggregated,0.000000,0.000000,33,54,63,69,88,110,140,200,1100,1100,1100,666,2,33,49.27970345241127,12.302499962970614,1075.1705000875518,154.5810810810811
1776607285,300,,Aggregated,0.000000,0.000000,33,54,63,69,88,110,140,200,1100,1100,1100,666,2,33,49.27970345241127,12.302499962970614,1075.1705000875518,154.5810810810811
1776607286,300,,Aggregated,0.000000,0.000000,33,54,63,69,88,110,140,200,1100,1100,1100,666,2,33,49.27970345241127,12.302499962970614,1075.1705000875518,154.5810810810811
1776607287,300,,Aggregated,0.000000,0.000000,33,54,63,69,88,110,140,200,1100,1100,1100,666,2,33,49.27970345241127,12.302499962970614,1075.1705000875518,154.5810810810811
1776607288,300,,Aggregated,0.000000,0.000000,33,54,63,69,88,110,140,200,1100,1100,1100,666,2,33,49.27970345241127,12.302499962970614,1075.1705000875518,154.5810810810811
1776607289,300,,Aggregated,0.000000,0.000000,33,54,63,69,88,110,140,200,1100,1100,1100,666,2,33,49.27970345241127,12.302499962970614,1075.1705000875518,154.5810810810811
1776607290,300,,Aggregated,0.100000,0.000000,33,54,63,69,88,110,140,200,1100,1100,1100,667,2,33,49.236256970445915,12.302499962970614,1075.1705000875518,154.34932533733132
1776607291,300,,Aggregated,0.100000,0.000000,33,54,63,69,88,110,140,200,1100,1100,1100,667,2,33,49.236256970445915,12.302499962970614,1075.1705000875518,154.34932533733132
1776607292,300,,Aggregated,0.100000,0.000000,33,54,63,69,88,110,140,200,1100,1100,1100,667,2,33,49.236256970445915,12.302499962970614,1075.1705000875518,154.34932533733132
1776607293,300,,Aggregated,0.100000,0.000000,33,54,63,69,88,110,140,200,1100,1100,1100,667,2,33,49.236256970445915,12.302499962970614,1075.1705000875518,154.34932533733132
1776607294,300,,Aggregated,0.100000,0.000000,33,54,63,69,88,110,140,200,1100,1100,1100,667,2,33,49.236256970445915,12.302499962970614,1075.1705000875518,154.34932533733132
1776607295,300,,Aggregated,0.100000,0.000000,33,54,63,69,88,110,140,200,1100,1100,1100,667,2,33,49.236256970445915,12.302499962970614,1075.1705000875518,154.34932533733132
1776607296,300,,Aggregated,0.100000,0.000000,33,54,63,69,88,110,140,200,1100,1100,1100,667,2,33,49.236256970445915,12.302499962970614,1075.1705000875518,154.34932533733132
1776607297,300,,Aggregated,0.100000,0.000000,33,54,63,69,88,110,140,200,1100,1100,1100,667,2,33,49.236256970445915,12.302499962970614,1075.1705000875518,154.34932533733132
1776607299,300,,Aggregated,0.100000,0.000000,33,54,63,69,88,110,140,200,1100,1100,1100,667,2,33,49.236256970445915,12.302499962970614,1075.1705000875518,154.34932533733132
1776607300,300,,Aggregated,0.100000,0.000000,33,54,63,69,88,110,140,200,1100,1100,1100,667,2,33,49.236256970445915,12.302499962970614,1075.1705000875518,154.34932533733132
1776607301,300,,Aggregated,0.100000,0.000000,33,54,63,69,88,110,140,200,1100,1100,1100,667,2,33,49.236256970445915,12.302499962970614,1075.1705000875518,154.34932533733132
1776607302,300,,Aggregated,0.100000,0.000000,33,54,63,69,88,110,140,200,1100,1100,1100,667,2,33,49.236256970445915,12.302499962970614,1075.1705000875518,154.34932533733132
1776607303,300,,Aggregated,0.100000,0.000000,33,54,63,69,88,110,140,200,1100,1100,1100,667,2,33,49.236256970445915,12.302499962970614,1075.1705000875518,154.34932533733132
1776607304,300,,Aggregated,0.100000,0.000000,33,54,63,69,88,110,140,200,1100,1100,1100,667,2,33,49.236256970445915,12.302499962970614,1075.1705000875518,154.34932533733132
1776607305,300,,Aggregated,0.100000,0.000000,33,54,63,69,88,110,140,200,1100,1100,1100,667,2,33,49.236256970445915,12.302499962970614,1075.1705000875518,154.34932533733132
1776607306,300,,Aggregated,0.000000,0.000000,33,54,63,69,88,110,140,200,1100,1100,1100,668,2,33,49.20116661574474,12.302499962970614,1075.1705000875518,154.1182634730539
1776607307,300,,Aggregated,0.000000,0.000000,33,54,63,69,88,110,140,200,1100,1100,1100,668,2,33,49.20116661574474,12.302499962970614,1075.1705000875518,154.1182634730539
1776607308,300,,Aggregated,0.000000,0.000000,33,54,63,69,88,110,140,200,1100,1100,1100,668,2,33,49.20116661574474,12.302499962970614,1075.1705000875518,154.1182634730539
1776607309,300,,Aggregated,0.000000,0.000000,33,54,63,69,88,110,140,200,1100,1100,1100,668,2,33,49.20116661574474,12.302499962970614,1075.1705000875518,154.1182634730539
1776607310,300,,Aggregated,0.000000,0.000000,33,54,63,69,88,110,140,200,1100,1100,1100,668,2,33,49.20116661574474,12.302499962970614,1075.1705000875518,154.1182634730539
1776607311,300,,Aggregated,0.000000,0.000000,33,54,63,69,88,110,140,200,1100,1100,1100,668,2,33,49.20116661574474,12.302499962970614,1075.1705000875518,154.1182634730539
1776607312,300,,Aggregated,0.000000,0.000000,33,54,63,69,88,110,140,200,1100,1100,1100,668,2,33,49.20116661574474,12.302499962970614,1075.1705000875518,154.1182634730539
1776607313,300,,Aggregated,0.000000,0.000000,33,54,63,69,88,110,140,200,1100,1100,1100,668,2,33,49.20116661574474,12.302499962970614,1075.1705000875518,154.1182634730539
1776607314,300,,Aggregated,0.000000,0.000000,33,54,63,69,88,110,140,200,1100,1100,1100,668,2,33,49.20116661574474,12.302499962970614,1075.1705000875518,154.1182634730539
1776607315,300,,Aggregated,0.000000,0.000000,33,54,63,69,88,110,140,200,1100,1100,1100,668,2,33,49.20116661574474,12.302499962970614,1075.1705000875518,154.1182634730539
1776607316,300,,Aggregated,0.000000,0.000000,33,54,63,69,88,110,140,200,1100,1100,1100,668,2,33,49.20116661574474,12.302499962970614,1075.1705000875518,154.1182634730539
1776607317,300,,Aggregated,0.000000,0.000000,33,54,63,69,88,110,140,200,1100,1100,1100,668,2,33,49.20116661574474,12.302499962970614,1075.1705000875518,154.1182634730539
1776607318,300,,Aggregated,0.000000,0.000000,33,54,63,69,88,110,140,200,1100,1100,1100,668,2,33,49.20116661574474,12.302499962970614,1075.1705000875518,154.1182634730539
1776607319,300,,Aggregated,0.000000,0.000000,33,54,63,69,88,110,140,200,1100,1100,1100,668,2,33,49.20116661574474,12.302499962970614,1075.1705000875518,154.1182634730539
1776607320,300,,Aggregated,0.000000,0.000000,33,54,63,69,88,110,140,200,1100,1100,1100,668,2,33,49.20116661574474,12.302499962970614,1075.1705000875518,154.1182634730539
1776607321,300,,Aggregated,0.000000,0.000000,33,54,63,69,88,110,140,200,1100,1100,1100,668,2,33,49.20116661574474,12.302499962970614,1075.1705000875518,154.1182634730539
1776607322,300,,Aggregated,0.000000,0.000000,33,54,62,69,88,110,140,200,1100,1100,1100,669,2,33,49.153902091646934,12.302499962970614,1075.1705000875518,153.8878923766816
1776607323,300,,Aggregated,0.000000,0.000000,33,54,62,69,88,110,140,200,1100,1100,1100,669,2,33,49.153902091646934,12.302499962970614,1075.1705000875518,153.8878923766816
1776607324,300,,Aggregated,0.000000,0.000000,33,54,62,69,88,110,140,200,1100,1100,1100,669,2,33,49.153902091646934,12.302499962970614,1075.1705000875518,153.8878923766816
1776607325,300,,Aggregated,0.000000,0.000000,33,54,62,69,88,110,140,200,1100,1100,1100,669,2,33,49.153902091646934,12.302499962970614,1075.1705000875518,153.8878923766816
1776607326,300,,Aggregated,0.000000,0.000000,33,54,62,69,88,110,140,200,1100,1100,1100,669,2,33,49.153902091646934,12.302499962970614,1075.1705000875518,153.8878923766816
1776607327,300,,Aggregated,0.000000,0.000000,33,54,62,69,88,110,140,200,1100,1100,1100,669,2,33,49.153902091646934,12.302499962970614,1075.1705000875518,153.8878923766816
1776607328,300,,Aggregated,0.000000,0.000000,33,54,62,69,88,110,140,200,1100,1100,1100,669,2,33,49.153902091646934,12.302499962970614,1075.1705000875518,153.8878923766816
1776607329,300,,Aggregated,0.000000,0.000000,33,54,62,69,88,110,140,200,1100,1100,1100,669,2,33,49.153902091646934,12.302499962970614,1075.1705000875518,153.8878923766816
1776607330,300,,Aggregated,0.000000,0.000000,33,54,62,69,88,110,140,200,1100,1100,1100,669,2,33,49.153902091646934,12.302499962970614,1075.1705000875518,153.8878923766816
1776607331,300,,Aggregated,0.000000,0.000000,33,54,62,69,88,110,140,200,1100,1100,1100,669,2,33,49.153902091646934,12.302499962970614,1075.1705000875518,153.8878923766816
1776607332,300,,Aggregated,0.000000,0.000000,33,54,62,69,88,110,140,200,1100,1100,1100,669,2,33,49.153902091646934,12.302499962970614,1075.1705000875518,153.8878923766816
1776607333,300,,Aggregated,0.000000,0.000000,33,54,62,69,88,110,140,200,1100,1100,1100,669,2,33,49.153902091646934,12.302499962970614,1075.1705000875518,153.8878923766816
1776607334,300,,Aggregated,0.000000,0.000000,33,54,62,69,88,110,140,200,1100,1100,1100,669,2,33,49.153902091646934,12.302499962970614,1075.1705000875518,153.8878923766816
1776607335,300,,Aggregated,0.000000,0.000000,33,54,62,69,88,110,140,200,1100,1100,1100,669,2,33,49.153902091646934,12.302499962970614,1075.1705000875518,153.8878923766816
1776607336,300,,Aggregated,0.000000,0.000000,33,54,62,69,88,110,140,200,1100,1100,1100,669,2,33,49.153902091646934,12.302499962970614,1075.1705000875518,153.8878923766816
1776607337,300,,Aggregated,0.000000,0.000000,33,54,62,69,88,110,140,200,1100,1100,1100,669,2,33,49.153902091646934,12.302499962970614,1075.1705000875518,153.8878923766816
1776607338,300,,Aggregated,0.000000,0.000000,33,54,62,69,88,110,140,200,1100,1100,1100,669,2,33,49.153902091646934,12.302499962970614,1075.1705000875518,153.8878923766816
1776607339,300,,Aggregated,0.000000,0.000000,33,54,62,69,88,110,140,200,1100,1100,1100,669,2,33,49.153902091646934,12.302499962970614,1075.1705000875518,153.8878923766816
1776607340,300,,Aggregated,0.000000,0.000000,33,54,62,69,88,110,140,200,1100,1100,1100,669,2,33,49.153902091646934,12.302499962970614,1075.1705000875518,153.8878923766816
1776607341,300,,Aggregated,0.000000,0.000000,33,54,62,69,88,110,140,200,1100,1100,1100,669,2,33,49.153902091646934,12.302499962970614,1075.1705000875518,153.8878923766816
1776607342,300,,Aggregated,0.000000,0.000000,33,54,62,69,88,110,140,200,1100,1100,1100,669,2,33,49.153902091646934,12.302499962970614,1075.1705000875518,153.8878923766816
1776607343,300,,Aggregated,0.000000,0.000000,33,54,62,69,88,110,140,200,1100,1100,1100,669,2,33,49.153902091646934,12.302499962970614,1075.1705000875518,153.8878923766816
1776607344,300,,Aggregated,0.000000,0.000000,33,54,62,69,88,110,140,200,1100,1100,1100,669,2,33,49.153902091646934,12.302499962970614,1075.1705000875518,153.8878923766816
1776607345,300,,Aggregated,0.000000,0.000000,33,54,62,69,88,110,140,200,1100,1100,1100,669,2,33,49.153902091646934,12.302499962970614,1075.1705000875518,153.8878923766816
1776607346,300,,Aggregated,0.000000,0.000000,33,54,62,69,88,110,140,200,1100,1100,1100,669,2,33,49.153902091646934,12.302499962970614,1075.1705000875518,153.8878923766816
1776607347,300,,Aggregated,0.000000,0.000000,33,54,62,69,88,110,140,200,1100,1100,1100,669,2,33,49.153902091646934,12.302499962970614,1075.1705000875518,153.8878923766816
1776607348,300,,Aggregated,0.000000,0.000000,33,54,62,69,88,110,140,200,1100,1100,1100,669,2,33,49.153902091646934,12.302499962970614,1075.1705000875518,153.8878923766816
1776607349,300,,Aggregated,0.000000,0.000000,33,54,62,69,88,110,140,200,1100,1100,1100,669,2,33,49.153902091646934,12.302499962970614,1075.1705000875518,153.8878923766816
1776607350,300,,Aggregated,0.000000,0.000000,33,54,62,69,88,110,140,200,1100,1100,1100,669,2,33,49.153902091646934,12.302499962970614,1075.1705000875518,153.8878923766816
1776607351,300,,Aggregated,0.000000,0.000000,33,54,62,69,88,110,140,200,1100,1100,1100,669,2,33,49.153902091646934,12.302499962970614,1075.1705000875518,153.8878923766816
1776607352,300,,Aggregated,0.000000,0.000000,33,54,62,69,88,110,140,200,1100,1100,1100,669,2,33,49.153902091646934,12.302499962970614,1075.1705000875518,153.8878923766816
1776607353,300,,Aggregated,0.000000,0.000000,33,54,62,69,88,110,140,200,1100,1100,1100,669,2,33,49.153902091646934,12.302499962970614,1075.1705000875518,153.8878923766816
1776607354,300,,Aggregated,0.000000,0.000000,33,54,62,69,88,110,140,200,1100,1100,1100,669,2,33,49.153902091646934,12.302499962970614,1075.1705000875518,153.8878923766816
1776607355,300,,Aggregated,0.000000,0.000000,33,54,62,69,88,110,140,200,1100,1100,1100,669,2,33,49.153902091646934,12.302499962970614,1075.1705000875518,153.8878923766816
1776607356,300,,Aggregated,0.000000,0.000000,33,54,62,69,88,110,140,200,1100,1100,1100,669,2,33,49.153902091646934,12.302499962970614,1075.1705000875518,153.8878923766816
1776607357,300,,Aggregated,0.000000,0.000000,33,54,62,69,88,110,140,200,1100,1100,1100,669,2,33,49.153902091646934,12.302499962970614,1075.1705000875518,153.8878923766816
1776607358,300,,Aggregated,0.000000,0.000000,33,54,62,69,88,110,140,200,1100,1100,1100,669,2,33,49.153902091646934,12.302499962970614,1075.1705000875518,153.8878923766816
1776607359,300,,Aggregated,0.000000,0.000000,33,54,62,69,88,110,140,200,1100,1100,1100,669,2,33,49.153902091646934,12.302499962970614,1075.1705000875518,153.8878923766816
1776607360,300,,Aggregated,0.000000,0.000000,33,54,62,69,88,110,140,200,1100,1100,1100,669,2,33,49.153902091646934,12.302499962970614,1075.1705000875518,153.8878923766816
1776607361,300,,Aggregated,0.000000,0.000000,33,54,62,69,88,110,140,200,1100,1100,1100,669,2,33,49.153902091646934,12.302499962970614,1075.1705000875518,153.8878923766816
1776607362,300,,Aggregated,0.000000,0.000000,33,54,62,69,88,110,140,200,1100,1100,1100,669,2,33,49.153902091646934,12.302499962970614,1075.1705000875518,153.8878923766816
1776607363,300,,Aggregated,0.000000,0.000000,33,54,62,69,88,110,140,200,1100,1100,1100,669,2,33,49.153902091646934,12.302499962970614,1075.1705000875518,153.8878923766816
1776607364,300,,Aggregated,0.000000,0.000000,33,54,62,69,88,110,140,200,1100,1100,1100,669,2,33,49.153902091646934,12.302499962970614,1075.1705000875518,153.8878923766816
1776607365,300,,Aggregated,0.000000,0.000000,33,54,62,69,88,110,140,200,1100,1100,1100,669,2,33,49.153902091646934,12.302499962970614,1075.1705000875518,153.8878923766816
1776607366,300,,Aggregated,0.000000,0.000000,33,54,62,69,88,110,140,200,1100,1100,1100,669,2,33,49.153902091646934,12.302499962970614,1075.1705000875518,153.8878923766816
1776607367,300,,Aggregated,0.000000,0.000000,33,54,62,69,88,110,140,200,1100,1100,1100,669,2,33,49.153902091646934,12.302499962970614,1075.1705000875518,153.8878923766816
1776607368,300,,Aggregated,0.000000,0.000000,33,54,62,69,88,110,140,200,1100,1100,1100,669,2,33,49.153902091646934,12.302499962970614,1075.1705000875518,153.8878923766816
1776607369,300,,Aggregated,0.000000,0.000000,33,54,62,69,88,110,140,200,1100,1100,1100,669,2,33,49.153902091646934,12.302499962970614,1075.1705000875518,153.8878923766816
1776607370,300,,Aggregated,0.000000,0.000000,33,54,62,69,88,110,140,200,1100,1100,1100,669,2,33,49.153902091646934,12.302499962970614,1075.1705000875518,153.8878923766816
1776607371,300,,Aggregated,0.000000,0.000000,33,54,62,69,88,110,140,200,1100,1100,1100,669,2,33,49.153902091646934,12.302499962970614,1075.1705000875518,153.8878923766816
1776607372,300,,Aggregated,0.000000,0.000000,33,54,62,69,88,110,140,200,1100,1100,1100,669,2,33,49.153902091646934,12.302499962970614,1075.1705000875518,153.8878923766816
1776607373,300,,Aggregated,0.000000,0.000000,33,54,62,69,88,110,140,200,1100,1100,1100,669,2,33,49.153902091646934,12.302499962970614,1075.1705000875518,153.8878923766816
1776607374,300,,Aggregated,0.000000,0.000000,33,54,62,69,88,110,140,200,1100,1100,1100,669,2,33,49.153902091646934,12.302499962970614,1075.1705000875518,153.8878923766816
1776607375,300,,Aggregated,0.000000,0.000000,33,54,62,69,88,110,140,200,1100,1100,1100,669,2,33,49.153902091646934,12.302499962970614,1075.1705000875518,153.8878923766816
1776607376,300,,Aggregated,0.000000,0.000000,33,54,62,69,88,110,140,200,1100,1100,1100,669,2,33,49.153902091646934,12.302499962970614,1075.1705000875518,153.8878923766816
1776607377,300,,Aggregated,0.000000,0.000000,33,54,62,69,88,110,140,200,1100,1100,1100,669,2,33,49.153902091646934,12.302499962970614,1075.1705000875518,153.8878923766816
1776607378,300,,Aggregated,0.000000,0.000000,33,54,62,69,88,110,140,200,1100,1100,1100,669,2,33,49.153902091646934,12.302499962970614,1075.1705000875518,153.8878923766816
1776607379,300,,Aggregated,0.000000,0.000000,33,54,62,69,88,110,140,200,1100,1100,1100,669,2,33,49.153902091646934,12.302499962970614,1075.1705000875518,153.8878923766816
1776607380,300,,Aggregated,0.000000,0.000000,33,54,62,69,88,110,140,200,1100,1100,1100,669,2,33,49.153902091646934,12.302499962970614,1075.1705000875518,153.8878923766816
1776607381,300,,Aggregated,0.000000,0.000000,33,54,62,69,88,110,140,200,1100,1100,1100,669,2,33,49.153902091646934,12.302499962970614,1075.1705000875518,153.8878923766816
1776607382,300,,Aggregated,0.000000,0.000000,33,54,62,69,88,110,140,200,1100,1100,1100,669,2,33,49.153902091646934,12.302499962970614,1075.1705000875518,153.8878923766816
1776607383,300,,Aggregated,0.000000,0.000000,33,54,62,69,88,110,140,200,1100,1100,1100,669,2,33,49.153902091646934,12.302499962970614,1075.1705000875518,153.8878923766816
1776607385,300,,Aggregated,0.000000,0.000000,33,54,62,69,88,110,140,200,1100,1100,1100,669,2,33,49.153902091646934,12.302499962970614,1075.1705000875518,153.8878923766816
1776607386,300,,Aggregated,0.000000,0.000000,33,54,62,69,88,110,140,200,1100,1100,1100,669,2,33,49.153902091646934,12.302499962970614,1075.1705000875518,153.8878923766816
1776607387,300,,Aggregated,0.000000,0.000000,33,54,62,69,88,110,140,200,1100,1100,1100,669,2,33,49.153902091646934,12.302499962970614,1075.1705000875518,153.8878923766816
1776607388,300,,Aggregated,0.000000,0.000000,33,54,62,69,88,110,140,200,1100,1100,1100,669,2,33,49.153902091646934,12.302499962970614,1075.1705000875518,153.8878923766816
1776607389,300,,Aggregated,0.000000,0.000000,33,54,62,69,88,110,140,200,1100,1100,1100,669,2,33,49.153902091646934,12.302499962970614,1075.1705000875518,153.8878923766816
1776607390,300,,Aggregated,0.000000,0.000000,33,54,62,69,88,110,140,200,1100,1100,1100,669,2,33,49.153902091646934,12.302499962970614,1075.1705000875518,153.8878923766816
1776607391,300,,Aggregated,0.000000,0.000000,33,54,62,69,88,110,140,200,1100,1100,1100,669,2,33,49.153902091646934,12.302499962970614,1075.1705000875518,153.8878923766816
1776607392,300,,Aggregated,0.000000,0.000000,33,54,62,69,88,110,140,200,1100,1100,1100,669,2,33,49.153902091646934,12.302499962970614,1075.1705000875518,153.8878923766816
1776607393,300,,Aggregated,0.000000,0.000000,33,54,62,69,88,110,140,200,1100,1100,1100,669,2,33,49.153902091646934,12.302499962970614,1075.1705000875518,153.8878923766816
1776607394,300,,Aggregated,0.000000,0.000000,33,54,62,69,88,110,140,200,1100,1100,1100,669,2,33,49.153902091646934,12.302499962970614,1075.1705000875518,153.8878923766816
1776607395,300,,Aggregated,0.000000,0.000000,33,54,62,69,88,110,140,200,1100,1100,1100,669,2,33,49.153902091646934,12.302499962970614,1075.1705000875518,153.8878923766816
1776607396,300,,Aggregated,0.000000,0.000000,33,54,62,69,88,110,140,200,1100,1100,1100,669,2,33,49.153902091646934,12.302499962970614,1075.1705000875518,153.8878923766816
1776607397,300,,Aggregated,0.000000,0.000000,33,54,62,69,88,110,140,200,1100,1100,1100,669,2,33,49.153902091646934,12.302499962970614,1075.1705000875518,153.8878923766816
1776607398,300,,Aggregated,0.000000,0.000000,33,54,62,69,88,110,140,200,1100,1100,1100,669,2,33,49.153902091646934,12.302499962970614,1075.1705000875518,153.8878923766816
1776607399,300,,Aggregated,0.000000,0.000000,33,54,63,70,88,110,140,200,1100,1100,1100,670,2,33,49.189994625795855,12.302499962970614,1075.1705000875518,153.65820895522387
1776607400,300,,Aggregated,0.000000,0.000000,33,54,63,70,88,110,140,200,1100,1100,1100,670,2,33,49.189994625795855,12.302499962970614,1075.1705000875518,153.65820895522387
1776607401,300,,Aggregated,0.000000,0.000000,33,54,63,70,88,110,140,200,1100,1100,1100,670,2,33,49.189994625795855,12.302499962970614,1075.1705000875518,153.65820895522387
1776607402,300,,Aggregated,0.000000,0.000000,33,54,63,70,88,110,140,200,1100,1100,1100,670,2,33,49.189994625795855,12.302499962970614,1075.1705000875518,153.65820895522387
1776607403,300,,Aggregated,0.000000,0.000000,33,54,63,70,88,110,140,200,1100,1100,1100,670,2,33,49.189994625795855,12.302499962970614,1075.1705000875518,153.65820895522387
1776607404,300,,Aggregated,0.000000,0.000000,33,54,63,70,88,110,140,200,1100,1100,1100,670,2,33,49.189994625795855,12.302499962970614,1075.1705000875518,153.65820895522387
1776607405,300,,Aggregated,0.000000,0.000000,33,54,63,70,88,110,140,200,1100,1100,1100,670,2,33,49.189994625795855,12.302499962970614,1075.1705000875518,153.65820895522387
1776607406,300,,Aggregated,0.000000,0.000000,33,54,63,70,88,110,140,200,1100,1100,1100,670,2,33,49.189994625795855,12.302499962970614,1075.1705000875518,153.65820895522387
1776607407,300,,Aggregated,0.000000,0.000000,33,54,63,70,88,110,140,200,1100,1100,1100,670,2,33,49.189994625795855,12.302499962970614,1075.1705000875518,153.65820895522387
1776607408,300,,Aggregated,0.000000,0.000000,33,54,63,70,88,110,140,200,1100,1100,1100,670,2,33,49.189994625795855,12.302499962970614,1075.1705000875518,153.65820895522387
1776607409,300,,Aggregated,0.000000,0.000000,33,54,63,70,88,110,140,200,1100,1100,1100,670,2,33,49.189994625795855,12.302499962970614,1075.1705000875518,153.65820895522387
1776607410,300,,Aggregated,0.000000,0.000000,33,54,63,70,88,110,140,200,1100,1100,1100,670,2,33,49.189994625795855,12.302499962970614,1075.1705000875518,153.65820895522387
1776607411,300,,Aggregated,0.000000,0.000000,33,54,63,70,88,110,140,200,1100,1100,1100,670,2,33,49.189994625795855,12.302499962970614,1075.1705000875518,153.65820895522387
1776607412,300,,Aggregated,0.000000,0.000000,33,54,63,70,88,110,140,200,1100,1100,1100,670,2,33,49.189994625795855,12.302499962970614,1075.1705000875518,153.65820895522387
1776607413,300,,Aggregated,0.000000,0.000000,33,54,63,70,88,110,140,200,1100,1100,1100,670,2,33,49.189994625795855,12.302499962970614,1075.1705000875518,153.65820895522387
1776607414,300,,Aggregated,0.000000,0.000000,33,54,63,70,88,110,140,200,1100,1100,1100,670,2,33,49.189994625795855,12.302499962970614,1075.1705000875518,153.65820895522387
1776607415,300,,Aggregated,0.000000,0.000000,33,54,63,70,88,110,140,200,1100,1100,1100,670,2,33,49.189994625795855,12.302499962970614,1075.1705000875518,153.65820895522387
1776607416,300,,Aggregated,0.000000,0.000000,33,54,63,70,88,110,140,200,1100,1100,1100,670,2,33,49.189994625795855,12.302499962970614,1075.1705000875518,153.65820895522387
1776607417,300,,Aggregated,0.000000,0.000000,33,54,63,70,88,110,140,200,1100,1100,1100,670,2,33,49.189994625795855,12.302499962970614,1075.1705000875518,153.65820895522387
1776607418,300,,Aggregated,0.000000,0.000000,33,54,63,70,88,110,140,200,1100,1100,1100,670,2,33,49.189994625795855,12.302499962970614,1075.1705000875518,153.65820895522387
1776607419,300,,Aggregated,0.000000,0.000000,33,54,63,70,88,110,140,200,1100,1100,1100,670,2,33,49.189994625795855,12.302499962970614,1075.1705000875518,153.65820895522387
1776607420,300,,Aggregated,0.000000,0.000000,33,54,63,70,88,110,140,200,1100,1100,1100,670,2,33,49.189994625795855,12.302499962970614,1075.1705000875518,153.65820895522387
1776607421,300,,Aggregated,0.000000,0.000000,33,54,63,70,88,110,140,200,1100,1100,1100,670,2,33,49.189994625795855,12.302499962970614,1075.1705000875518,153.65820895522387
1776607422,300,,Aggregated,0.000000,0.000000,33,54,63,70,88,110,140,200,1100,1100,1100,670,2,33,49.189994625795855,12.302499962970614,1075.1705000875518,153.65820895522387
1776607423,300,,Aggregated,0.000000,0.000000,33,54,63,70,88,110,140,200,1100,1100,1100,670,2,33,49.189994625795855,12.302499962970614,1075.1705000875518,153.65820895522387
1776607424,300,,Aggregated,0.000000,0.000000,33,54,63,70,88,110,140,200,1100,1100,1100,670,2,33,49.189994625795855,12.302499962970614,1075.1705000875518,153.65820895522387
1776607425,300,,Aggregated,0.000000,0.000000,33,54,63,70,88,110,140,200,1100,1100,1100,670,2,33,49.189994625795855,12.302499962970614,1075.1705000875518,153.65820895522387
1776607426,300,,Aggregated,0.000000,0.000000,33,54,63,70,88,110,140,200,1100,1100,1100,670,2,33,49.189994625795855,12.302499962970614,1075.1705000875518,153.65820895522387
1776607427,300,,Aggregated,0.000000,0.000000,33,54,63,70,88,110,140,200,1100,1100,1100,670,2,33,49.189994625795855,12.302499962970614,1075.1705000875518,153.65820895522387
1776607428,300,,Aggregated,0.000000,0.000000,33,54,63,70,88,110,140,200,1100,1100,1100,670,2,33,49.189994625795855,12.302499962970614,1075.1705000875518,153.65820895522387
1776607429,300,,Aggregated,0.000000,0.000000,33,54,63,70,88,110,140,200,1100,1100,1100,670,2,33,49.189994625795855,12.302499962970614,1075.1705000875518,153.65820895522387
1776607430,300,,Aggregated,0.000000,0.000000,33,54,63,70,88,110,140,200,1100,1100,1100,670,2,33,49.189994625795855,12.302499962970614,1075.1705000875518,153.65820895522387
1776607431,300,,Aggregated,0.000000,0.000000,33,54,63,70,88,110,140,200,1100,1100,1100,670,2,33,49.189994625795855,12.302499962970614,1075.1705000875518,153.65820895522387
1776607432,300,,Aggregated,0.000000,0.000000,33,54,63,70,88,110,140,200,1100,1100,1100,670,2,33,49.189994625795855,12.302499962970614,1075.1705000875518,153.65820895522387
1776607433,300,,Aggregated,0.000000,0.000000,33,54,63,70,88,110,140,200,1100,1100,1100,670,2,33,49.189994625795855,12.302499962970614,1075.1705000875518,153.65820895522387
1776607434,300,,Aggregated,0.000000,0.000000,33,54,63,70,88,110,140,200,1100,1100,1100,670,2,33,49.189994625795855,12.302499962970614,1075.1705000875518,153.65820895522387
1776607435,300,,Aggregated,0.000000,0.000000,33,54,63,70,88,110,140,200,1100,1100,1100,670,2,33,49.189994625795855,12.302499962970614,1075.1705000875518,153.65820895522387
1776607436,300,,Aggregated,0.000000,0.000000,33,54,63,70,88,110,140,200,1100,1100,1100,670,2,33,49.189994625795855,12.302499962970614,1075.1705000875518,153.65820895522387
1776607437,300,,Aggregated,0.000000,0.000000,33,54,63,70,88,110,140,200,1100,1100,1100,670,2,33,49.189994625795855,12.302499962970614,1075.1705000875518,153.65820895522387
1776607438,300,,Aggregated,0.000000,0.000000,33,54,63,70,88,110,140,200,1100,1100,1100,670,2,33,49.189994625795855,12.302499962970614,1075.1705000875518,153.65820895522387
1776607439,300,,Aggregated,0.000000,0.000000,33,54,63,70,88,110,140,200,1100,1100,1100,670,2,33,49.189994625795855,12.302499962970614,1075.1705000875518,153.65820895522387
1776607440,300,,Aggregated,0.000000,0.000000,33,54,63,70,88,110,140,200,1100,1100,1100,670,2,33,49.189994625795855,12.302499962970614,1075.1705000875518,153.65820895522387
1776607441,300,,Aggregated,0.000000,0.000000,33,54,63,70,88,110,140,200,1100,1100,1100,670,2,33,49.189994625795855,12.302499962970614,1075.1705000875518,153.65820895522387
1776607442,300,,Aggregated,0.000000,0.000000,33,54,63,70,88,110,140,200,1100,1100,1100,670,2,33,49.189994625795855,12.302499962970614,1075.1705000875518,153.65820895522387
1776607443,300,,Aggregated,0.000000,0.000000,33,54,63,70,88,110,140,200,1100,1100,1100,670,2,33,49.189994625795855,12.302499962970614,1075.1705000875518,153.65820895522387
1776607444,300,,Aggregated,0.000000,0.000000,33,54,63,70,88,110,140,200,1100,1100,1100,670,2,33,49.189994625795855,12.302499962970614,1075.1705000875518,153.65820895522387
1776607445,300,,Aggregated,0.000000,0.000000,33,54,63,70,88,110,140,200,1100,1100,1100,670,2,33,49.189994625795855,12.302499962970614,1075.1705000875518,153.65820895522387
1776607446,300,,Aggregated,0.000000,0.000000,33,54,63,70,88,110,140,200,1100,1100,1100,670,2,33,49.189994625795855,12.302499962970614,1075.1705000875518,153.65820895522387
1776607447,300,,Aggregated,0.000000,0.000000,33,54,63,70,88,110,140,200,1100,1100,1100,670,2,33,49.189994625795855,12.302499962970614,1075.1705000875518,153.65820895522387
1776607448,300,,Aggregated,0.000000,0.000000,33,54,63,70,88,110,140,200,1100,1100,1100,670,2,33,49.189994625795855,12.302499962970614,1075.1705000875518,153.65820895522387
1776607449,300,,Aggregated,0.000000,0.000000,33,54,63,70,88,110,140,200,1100,1100,1100,670,2,33,49.189994625795855,12.302499962970614,1075.1705000875518,153.65820895522387
1776607450,300,,Aggregated,0.000000,0.000000,33,54,63,70,88,110,140,200,1100,1100,1100,670,2,33,49.189994625795855,12.302499962970614,1075.1705000875518,153.65820895522387
1776607451,300,,Aggregated,0.000000,0.000000,33,54,63,70,88,110,140,200,1100,1100,1100,670,2,33,49.189994625795855,12.302499962970614,1075.1705000875518,153.65820895522387
1776607452,300,,Aggregated,0.000000,0.000000,33,54,63,70,88,110,140,200,1100,1100,1100,670,2,33,49.189994625795855,12.302499962970614,1075.1705000875518,153.65820895522387
1776607453,300,,Aggregated,0.000000,0.000000,33,54,63,70,88,110,140,200,1100,1100,1100,670,2,33,49.189994625795855,12.302499962970614,1075.1705000875518,153.65820895522387
1776607454,300,,Aggregated,0.000000,0.000000,33,54,63,70,88,110,140,200,1100,1100,1100,670,2,33,49.189994625795855,12.302499962970614,1075.1705000875518,153.65820895522387
1776607455,300,,Aggregated,0.000000,0.000000,33,54,63,70,88,110,140,200,1100,1100,1100,670,2,33,49.189994625795855,12.302499962970614,1075.1705000875518,153.65820895522387
1776607456,300,,Aggregated,0.000000,0.000000,33,54,63,70,88,110,140,200,1100,1100,1100,670,2,33,49.189994625795855,12.302499962970614,1075.1705000875518,153.65820895522387
1776607457,300,,Aggregated,0.000000,0.000000,33,54,63,70,88,110,140,200,1100,1100,1100,670,2,33,49.189994625795855,12.302499962970614,1075.1705000875518,153.65820895522387
1776607458,300,,Aggregated,0.000000,0.000000,33,54,63,70,88,110,140,200,1100,1100,1100,670,2,33,49.189994625795855,12.302499962970614,1075.1705000875518,153.65820895522387
1776607459,300,,Aggregated,0.000000,0.000000,33,54,63,70,88,110,140,200,1100,1100,1100,670,2,33,49.189994625795855,12.302499962970614,1075.1705000875518,153.65820895522387
1776607460,300,,Aggregated,0.000000,0.000000,33,54,63,70,88,110,140,200,1100,1100,1100,670,2,33,49.189994625795855,12.302499962970614,1075.1705000875518,153.65820895522387
1776607461,300,,Aggregated,0.000000,0.000000,33,54,63,70,88,110,140,200,1100,1100,1100,670,2,33,49.189994625795855,12.302499962970614,1075.1705000875518,153.65820895522387
1776607462,300,,Aggregated,0.000000,0.000000,33,54,63,70,88,110,140,200,1100,1100,1100,670,2,33,49.189994625795855,12.302499962970614,1075.1705000875518,153.65820895522387
1776607463,300,,Aggregated,0.000000,0.000000,33,54,63,70,88,110,140,200,1100,1100,1100,670,2,33,49.189994625795855,12.302499962970614,1075.1705000875518,153.65820895522387
1776607464,300,,Aggregated,0.000000,0.000000,33,54,63,70,88,110,140,200,1100,1100,1100,670,2,33,49.189994625795855,12.302499962970614,1075.1705000875518,153.65820895522387
1776607465,300,,Aggregated,0.000000,0.000000,33,54,63,70,88,110,140,200,1100,1100,1100,670,2,33,49.189994625795855,12.302499962970614,1075.1705000875518,153.65820895522387
1776607466,300,,Aggregated,0.000000,0.000000,33,54,63,70,88,110,140,200,1100,1100,1100,670,2,33,49.189994625795855,12.302499962970614,1075.1705000875518,153.65820895522387
1776607467,300,,Aggregated,0.000000,0.000000,33,54,63,70,88,110,140,200,1100,1100,1100,670,2,33,49.189994625795855,12.302499962970614,1075.1705000875518,153.65820895522387
1776607468,300,,Aggregated,0.000000,0.000000,33,54,63,70,88,110,140,200,1100,1100,1100,670,2,33,49.189994625795855,12.302499962970614,1075.1705000875518,153.65820895522387
1776607469,300,,Aggregated,0.000000,0.000000,33,54,63,70,88,110,140,200,1100,1100,1100,670,2,33,49.189994625795855,12.302499962970614,1075.1705000875518,153.65820895522387
1776607470,300,,Aggregated,0.000000,0.000000,33,54,63,70,88,110,140,200,1100,1100,1100,670,2,33,49.189994625795855,12.302499962970614,1075.1705000875518,153.65820895522387
1776607471,300,,Aggregated,0.000000,0.000000,33,54,63,70,88,110,140,200,1100,1100,1100,670,2,33,49.189994625795855,12.302499962970614,1075.1705000875518,153.65820895522387
1776607472,300,,Aggregated,0.000000,0.000000,33,54,63,70,88,110,140,200,1100,1100,1100,670,2,33,49.189994625795855,12.302499962970614,1075.1705000875518,153.65820895522387
1776607473,300,,Aggregated,0.000000,0.000000,33,54,63,69,87,110,140,200,1100,1100,1100,671,2,33,49.1965698946098,12.302499962970614,1075.1705000875518,153.42921013412817
1776607474,300,,Aggregated,0.000000,0.000000,33,54,63,69,87,110,140,200,1100,1100,1100,671,2,33,49.1965698946098,12.302499962970614,1075.1705000875518,153.42921013412817
1776607475,300,,Aggregated,0.000000,0.000000,33,54,63,69,87,110,140,200,1100,1100,1100,671,2,33,49.1965698946098,12.302499962970614,1075.1705000875518,153.42921013412817
1776607476,300,,Aggregated,0.000000,0.000000,33,54,63,69,87,110,140,200,1100,1100,1100,671,2,33,49.1965698946098,12.302499962970614,1075.1705000875518,153.42921013412817
1776607477,300,,Aggregated,0.000000,0.000000,33,54,63,69,87,110,140,200,1100,1100,1100,671,2,33,49.1965698946098,12.302499962970614,1075.1705000875518,153.42921013412817
1776607478,300,,Aggregated,0.000000,0.000000,33,54,63,69,87,110,140,200,1100,1100,1100,671,2,33,49.1965698946098,12.302499962970614,1075.1705000875518,153.42921013412817
1776607479,300,,Aggregated,0.000000,0.000000,33,54,63,69,87,110,140,200,1100,1100,1100,671,2,33,49.1965698946098,12.302499962970614,1075.1705000875518,153.42921013412817
1776607480,300,,Aggregated,0.000000,0.000000,33,54,63,69,87,110,140,200,1100,1100,1100,671,2,33,49.1965698946098,12.302499962970614,1075.1705000875518,153.42921013412817
1776607481,300,,Aggregated,0.000000,0.000000,33,54,63,69,87,110,140,200,1100,1100,1100,671,2,33,49.1965698946098,12.302499962970614,1075.1705000875518,153.42921013412817
1776607482,300,,Aggregated,0.000000,0.000000,33,54,63,69,87,110,140,200,1100,1100,1100,671,2,33,49.1965698946098,12.302499962970614,1075.1705000875518,153.42921013412817
1776607483,300,,Aggregated,0.000000,0.000000,33,54,63,69,87,110,140,200,1100,1100,1100,671,2,33,49.1965698946098,12.302499962970614,1075.1705000875518,153.42921013412817
1776607484,300,,Aggregated,0.000000,0.000000,33,54,63,69,87,110,140,200,1100,1100,1100,671,2,33,49.1965698946098,12.302499962970614,1075.1705000875518,153.42921013412817
1776607485,300,,Aggregated,0.000000,0.000000,33,54,63,69,87,110,140,200,1100,1100,1100,671,2,33,49.1965698946098,12.302499962970614,1075.1705000875518,153.42921013412817
1776607486,300,,Aggregated,0.000000,0.000000,33,54,63,69,87,110,140,200,1100,1100,1100,671,2,33,49.1965698946098,12.302499962970614,1075.1705000875518,153.42921013412817
1776607487,300,,Aggregated,0.000000,0.000000,33,54,63,69,87,110,140,200,1100,1100,1100,671,2,33,49.1965698946098,12.302499962970614,1075.1705000875518,153.42921013412817
1776607488,300,,Aggregated,0.000000,0.000000,33,54,63,69,87,110,140,200,1100,1100,1100,671,2,33,49.1965698946098,12.302499962970614,1075.1705000875518,153.42921013412817
1776607489,300,,Aggregated,0.000000,0.000000,33,54,63,69,87,110,140,200,1100,1100,1100,671,2,33,49.1965698946098,12.302499962970614,1075.1705000875518,153.42921013412817
1776607490,300,,Aggregated,0.000000,0.000000,33,54,63,69,87,110,140,200,1100,1100,1100,671,2,33,49.1965698946098,12.302499962970614,1075.1705000875518,153.42921013412817
1776607491,300,,Aggregated,0.000000,0.000000,33,54,63,69,87,110,140,200,1100,1100,1100,671,2,33,49.1965698946098,12.302499962970614,1075.1705000875518,153.42921013412817
1776607492,300,,Aggregated,0.000000,0.000000,33,54,63,69,87,110,140,200,1100,1100,1100,671,2,33,49.1965698946098,12.302499962970614,1075.1705000875518,153.42921013412817
1776607494,300,,Aggregated,0.000000,0.000000,33,54,63,69,87,110,140,200,1100,1100,1100,671,2,33,49.1965698946098,12.302499962970614,1075.1705000875518,153.42921013412817
1776607495,300,,Aggregated,0.000000,0.000000,33,54,63,69,87,110,140,200,1100,1100,1100,671,2,33,49.1965698946098,12.302499962970614,1075.1705000875518,153.42921013412817
1776607496,300,,Aggregated,0.000000,0.000000,33,54,63,69,87,110,140,200,1100,1100,1100,671,2,33,49.1965698946098,12.302499962970614,1075.1705000875518,153.42921013412817
1776607497,300,,Aggregated,0.000000,0.000000,33,54,63,69,87,110,140,200,1100,1100,1100,671,2,33,49.1965698946098,12.302499962970614,1075.1705000875518,153.42921013412817
1776607498,300,,Aggregated,0.000000,0.000000,33,54,63,69,87,110,140,200,1100,1100,1100,671,2,33,49.1965698946098,12.302499962970614,1075.1705000875518,153.42921013412817
1776607499,300,,Aggregated,0.000000,0.000000,33,54,63,69,87,110,140,200,1100,1100,1100,671,2,33,49.1965698946098,12.302499962970614,1075.1705000875518,153.42921013412817
1776607500,300,,Aggregated,0.000000,0.000000,33,54,63,69,87,110,140,200,1100,1100,1100,672,2,33,49.195095088223404,12.302499962970614,1075.1705000875518,153.20089285714286
1776607501,300,,Aggregated,0.000000,0.000000,33,54,62,69,87,110,140,200,1100,1100,1100,673,2,33,49.19512154441742,12.302499962970614,1075.1705000875518,152.97325408618127
1776607502,300,,Aggregated,0.000000,0.000000,33,54,62,69,87,110,140,200,1100,1100,1100,673,2,33,49.19512154441742,12.302499962970614,1075.1705000875518,152.97325408618127
1776607503,300,,Aggregated,0.000000,0.000000,33,54,62,69,87,110,140,200,1100,1100,1100,673,2,33,49.19512154441742,12.302499962970614,1075.1705000875518,152.97325408618127
1776607504,300,,Aggregated,0.000000,0.000000,33,54,62,69,87,110,140,200,1100,1100,1100,673,2,33,49.19512154441742,12.302499962970614,1075.1705000875518,152.97325408618127
1776607505,300,,Aggregated,0.000000,0.000000,33,54,62,69,87,110,140,200,1100,1100,1100,673,2,33,49.19512154441742,12.302499962970614,1075.1705000875518,152.97325408618127
1776607506,300,,Aggregated,0.000000,0.000000,33,54,62,69,87,110,140,200,1100,1100,1100,673,2,33,49.19512154441742,12.302499962970614,1075.1705000875518,152.97325408618127
1776607507,300,,Aggregated,0.000000,0.000000,33,54,62,69,87,110,140,200,1100,1100,1100,673,2,33,49.19512154441742,12.302499962970614,1075.1705000875518,152.97325408618127
1776607508,300,,Aggregated,0.000000,0.000000,33,54,62,69,87,110,140,200,1100,1100,1100,673,2,33,49.19512154441742,12.302499962970614,1075.1705000875518,152.97325408618127
1776607509,300,,Aggregated,0.000000,0.000000,33,54,62,69,87,110,140,200,1100,1100,1100,673,2,33,49.19512154441742,12.302499962970614,1075.1705000875518,152.97325408618127
1776607510,300,,Aggregated,0.000000,0.000000,33,54,62,69,87,110,140,200,1100,1100,1100,673,2,33,49.19512154441742,12.302499962970614,1075.1705000875518,152.97325408618127
1776607511,300,,Aggregated,0.000000,0.000000,33,54,62,69,87,110,140,200,1100,1100,1100,673,2,33,49.19512154441742,12.302499962970614,1075.1705000875518,152.97325408618127
1776607512,300,,Aggregated,0.000000,0.000000,33,54,62,69,87,110,140,200,1100,1100,1100,673,2,33,49.19512154441742,12.302499962970614,1075.1705000875518,152.97325408618127
1776607513,300,,Aggregated,0.000000,0.000000,33,54,62,69,87,110,140,200,1100,1100,1100,673,2,33,49.19512154441742,12.302499962970614,1075.1705000875518,152.97325408618127
1776607514,300,,Aggregated,0.000000,0.000000,33,54,62,69,87,110,140,200,1100,1100,1100,673,2,33,49.19512154441742,12.302499962970614,1075.1705000875518,152.97325408618127
1776607515,300,,Aggregated,0.000000,0.000000,33,54,62,69,87,110,140,200,1100,1100,1100,673,2,33,49.19512154441742,12.302499962970614,1075.1705000875518,152.97325408618127
1776607516,300,,Aggregated,0.000000,0.000000,33,54,62,69,87,110,140,200,1100,1100,1100,673,2,33,49.19512154441742,12.302499962970614,1075.1705000875518,152.97325408618127
1776607517,300,,Aggregated,0.000000,0.000000,33,54,62,69,87,110,140,200,1100,1100,1100,673,2,33,49.19512154441742,12.302499962970614,1075.1705000875518,152.97325408618127
1776607518,300,,Aggregated,0.000000,0.000000,33,54,62,69,87,110,140,200,1100,1100,1100,673,2,33,49.19512154441742,12.302499962970614,1075.1705000875518,152.97325408618127
1776607519,300,,Aggregated,0.000000,0.000000,33,54,62,69,87,110,140,200,1100,1100,1100,673,2,33,49.19512154441742,12.302499962970614,1075.1705000875518,152.97325408618127
1776607520,300,,Aggregated,0.000000,0.000000,33,54,62,69,87,110,140,200,1100,1100,1100,673,2,33,49.19512154441742,12.302499962970614,1075.1705000875518,152.97325408618127
1776607521,300,,Aggregated,0.000000,0.000000,33,54,62,69,87,110,140,200,1100,1100,1100,673,2,33,49.19512154441742,12.302499962970614,1075.1705000875518,152.97325408618127
1776607522,300,,Aggregated,0.000000,0.000000,33,54,62,69,87,110,140,200,1100,1100,1100,673,2,33,49.19512154441742,12.302499962970614,1075.1705000875518,152.97325408618127
1776607523,300,,Aggregated,0.000000,0.000000,33,54,62,69,87,110,140,200,1100,1100,1100,673,2,33,49.19512154441742,12.302499962970614,1075.1705000875518,152.97325408618127
1776607524,300,,Aggregated,0.000000,0.000000,33,54,62,69,87,110,140,200,1100,1100,1100,673,2,33,49.19512154441742,12.302499962970614,1075.1705000875518,152.97325408618127
1776607525,300,,Aggregated,0.000000,0.000000,33,54,62,69,87,110,140,200,1100,1100,1100,673,2,33,49.19512154441742,12.302499962970614,1075.1705000875518,152.97325408618127
1776607526,300,,Aggregated,0.000000,0.000000,33,54,62,69,87,110,140,200,1100,1100,1100,673,2,33,49.19512154441742,12.302499962970614,1075.1705000875518,152.97325408618127
1776607527,300,,Aggregated,0.000000,0.000000,33,54,62,69,87,110,140,200,1100,1100,1100,673,2,33,49.19512154441742,12.302499962970614,1075.1705000875518,152.97325408618127
1776607528,300,,Aggregated,0.000000,0.000000,33,54,62,69,87,110,140,200,1100,1100,1100,673,2,33,49.19512154441742,12.302499962970614,1075.1705000875518,152.97325408618127
1776607529,300,,Aggregated,0.000000,0.000000,33,54,62,69,87,110,140,200,1100,1100,1100,673,2,33,49.19512154441742,12.302499962970614,1075.1705000875518,152.97325408618127
1776607530,300,,Aggregated,0.000000,0.000000,33,54,62,69,87,110,140,200,1100,1100,1100,673,2,33,49.19512154441742,12.302499962970614,1075.1705000875518,152.97325408618127
1776607531,300,,Aggregated,0.000000,0.000000,33,54,62,69,87,110,140,200,1100,1100,1100,673,2,33,49.19512154441742,12.302499962970614,1075.1705000875518,152.97325408618127
1776607532,300,,Aggregated,0.000000,0.000000,33,54,62,69,87,110,140,200,1100,1100,1100,673,2,33,49.19512154441742,12.302499962970614,1075.1705000875518,152.97325408618127
1776607533,300,,Aggregated,0.000000,0.000000,33,54,63,70,88,110,140,200,1100,1100,1100,674,2,33,49.256731304706236,12.302499962970614,1075.1705000875518,152.74629080118694
1776607534,300,,Aggregated,0.000000,0.000000,33,54,63,70,88,110,140,200,1100,1100,1100,675,2,33,49.27880622136096,12.302499962970614,1075.1705000875518,152.52
1776607535,300,,Aggregated,0.000000,0.000000,33,54,63,70,88,110,140,200,1100,1100,1100,675,2,33,49.27880622136096,12.302499962970614,1075.1705000875518,152.52
1776607536,300,,Aggregated,0.000000,0.000000,33,54,63,70,88,110,140,200,1100,1100,1100,675,2,33,49.27880622136096,12.302499962970614,1075.1705000875518,152.52
1776607537,300,,Aggregated,0.000000,0.000000,33,54,63,70,88,110,140,200,1100,1100,1100,675,2,33,49.27880622136096,12.302499962970614,1075.1705000875518,152.52
1776607538,300,,Aggregated,0.000000,0.000000,33,54,63,70,88,110,140,200,1100,1100,1100,675,2,33,49.27880622136096,12.302499962970614,1075.1705000875518,152.52
1776607539,300,,Aggregated,0.000000,0.000000,33,54,63,70,88,110,140,200,1100,1100,1100,675,2,33,49.27880622136096,12.302499962970614,1075.1705000875518,152.52
1776607540,300,,Aggregated,0.000000,0.000000,33,54,63,70,88,110,140,200,1100,1100,1100,675,2,33,49.27880622136096,12.302499962970614,1075.1705000875518,152.52
1776607541,300,,Aggregated,0.200000,0.000000,34,54,63,70,88,110,140,200,1100,1100,1100,676,2,33,49.3856161233856,12.302499962970614,1075.1705000875518,152.29437869822485
1776607542,300,,Aggregated,0.200000,0.000000,34,54,63,70,88,110,140,200,1100,1100,1100,676,2,33,49.3856161233856,12.302499962970614,1075.1705000875518,152.29437869822485
1776607543,300,,Aggregated,0.200000,0.000000,34,54,63,70,88,110,140,200,1100,1100,1100,676,2,33,49.3856161233856,12.302499962970614,1075.1705000875518,152.29437869822485
1776607544,300,,Aggregated,0.200000,0.000000,34,54,63,70,88,110,140,200,1100,1100,1100,677,2,34,49.378515360980096,12.302499962970614,1075.1705000875518,152.06942392909897
1776607545,300,,Aggregated,0.200000,0.000000,34,54,63,70,88,110,140,200,1100,1100,1100,677,2,34,49.378515360980096,12.302499962970614,1075.1705000875518,152.06942392909897
1776607546,300,,Aggregated,0.200000,0.000000,34,54,63,70,88,110,140,200,1100,1100,1100,677,2,34,49.378515360980096,12.302499962970614,1075.1705000875518,152.06942392909897
1776607547,300,,Aggregated,0.200000,0.000000,34,54,63,70,88,110,140,200,1100,1100,1100,677,2,34,49.378515360980096,12.302499962970614,1075.1705000875518,152.06942392909897
1776607548,300,,Aggregated,0.200000,0.000000,34,54,63,70,88,110,140,200,1100,1100,1100,677,2,34,49.378515360980096,12.302499962970614,1075.1705000875518,152.06942392909897
1776607549,300,,Aggregated,0.200000,0.000000,34,54,63,70,88,110,140,200,1100,1100,1100,677,2,34,49.378515360980096,12.302499962970614,1075.1705000875518,152.06942392909897
1776607550,300,,Aggregated,0.200000,0.000000,34,54,63,70,88,110,140,200,1100,1100,1100,677,2,34,49.378515360980096,12.302499962970614,1075.1705000875518,152.06942392909897
1776607551,300,,Aggregated,0.200000,0.000000,34,54,63,70,88,110,140,200,1100,1100,1100,677,2,34,49.378515360980096,12.302499962970614,1075.1705000875518,152.06942392909897
1776607552,300,,Aggregated,0.200000,0.000000,34,54,63,70,88,110,140,200,1100,1100,1100,677,2,34,49.378515360980096,12.302499962970614,1075.1705000875518,152.06942392909897
1776607553,300,,Aggregated,0.200000,0.000000,34,54,63,70,88,110,140,200,1100,1100,1100,677,2,34,49.378515360980096,12.302499962970614,1075.1705000875518,152.06942392909897
1776607554,300,,Aggregated,0.200000,0.000000,34,54,63,70,88,110,140,200,1100,1100,1100,677,2,34,49.378515360980096,12.302499962970614,1075.1705000875518,152.06942392909897
1776607555,300,,Aggregated,0.200000,0.000000,34,54,63,70,88,110,140,200,1100,1100,1100,677,2,34,49.378515360980096,12.302499962970614,1075.1705000875518,152.06942392909897
1776607556,300,,Aggregated,0.200000,0.000000,34,54,63,70,88,110,140,200,1100,1100,1100,677,2,34,49.378515360980096,12.302499962970614,1075.1705000875518,152.06942392909897
1776607557,300,,Aggregated,0.200000,0.000000,34,54,63,70,88,110,140,200,1100,1100,1100,677,2,34,49.378515360980096,12.302499962970614,1075.1705000875518,152.06942392909897
1776607558,300,,Aggregated,0.200000,0.000000,34,54,63,70,88,110,140,200,1100,1100,1100,677,2,34,49.378515360980096,12.302499962970614,1075.1705000875518,152.06942392909897
1776607559,300,,Aggregated,0.200000,0.000000,34,54,63,70,88,110,140,200,1100,1100,1100,677,2,34,49.378515360980096,12.302499962970614,1075.1705000875518,152.06942392909897
1776607560,300,,Aggregated,0.200000,0.000000,34,54,63,70,88,110,140,200,1100,1100,1100,677,2,34,49.378515360980096,12.302499962970614,1075.1705000875518,152.06942392909897
1776607561,300,,Aggregated,0.200000,0.000000,34,54,63,70,88,110,140,200,1100,1100,1100,677,2,34,49.378515360980096,12.302499962970614,1075.1705000875518,152.06942392909897
1776607562,300,,Aggregated,0.000000,0.000000,34,54,63,70,88,110,140,200,1100,1100,1100,678,2,34,49.36933465979191,12.302499962970614,1075.1705000875518,151.84513274336283
1776607563,300,,Aggregated,0.000000,0.000000,34,54,63,70,88,110,140,200,1100,1100,1100,678,2,34,49.36933465979191,12.302499962970614,1075.1705000875518,151.84513274336283
1776607564,300,,Aggregated,0.000000,0.000000,34,54,63,70,88,110,140,200,1100,1100,1100,678,2,34,49.36933465979191,12.302499962970614,1075.1705000875518,151.84513274336283
1776607565,300,,Aggregated,0.000000,0.000000,34,54,63,70,88,110,140,200,1100,1100,1100,678,2,34,49.36933465979191,12.302499962970614,1075.1705000875518,151.84513274336283
1776607566,300,,Aggregated,0.000000,0.000000,34,54,63,70,88,110,140,200,1100,1100,1100,678,2,34,49.36933465979191,12.302499962970614,1075.1705000875518,151.84513274336283
1776607567,300,,Aggregated,0.000000,0.000000,34,54,63,70,88,110,140,200,1100,1100,1100,678,2,34,49.36933465979191,12.302499962970614,1075.1705000875518,151.84513274336283
1776607568,300,,Aggregated,0.000000,0.000000,34,54,63,70,88,110,140,200,1100,1100,1100,678,2,34,49.36933465979191,12.302499962970614,1075.1705000875518,151.84513274336283
1776607569,300,,Aggregated,0.000000,0.000000,34,54,63,70,88,110,140,200,1100,1100,1100,678,2,34,49.36933465979191,12.302499962970614,1075.1705000875518,151.84513274336283
1776607570,300,,Aggregated,0.100000,0.000000,34,54,63,70,88,110,140,200,1100,1100,1100,679,2,34,49.39834182514139,12.302499962970614,1075.1705000875518,151.62150220913108
1776607571,300,,Aggregated,0.100000,0.000000,34,54,63,70,88,110,140,200,1100,1100,1100,679,2,34,49.39834182514139,12.302499962970614,1075.1705000875518,151.62150220913108
1776607572,300,,Aggregated,0.100000,0.000000,34,54,63,70,88,110,140,200,1100,1100,1100,679,2,34,49.39834182514139,12.302499962970614,1075.1705000875518,151.62150220913108
1776607573,300,,Aggregated,0.100000,0.000000,34,54,63,70,88,110,140,200,1100,1100,1100,679,2,34,49.39834182514139,12.302499962970614,1075.1705000875518,151.62150220913108
1776607574,300,,Aggregated,0.100000,0.000000,34,54,63,70,88,110,140,200,1100,1100,1100,679,2,34,49.39834182514139,12.302499962970614,1075.1705000875518,151.62150220913108
1776607575,300,,Aggregated,0.100000,0.000000,34,54,63,70,88,110,140,200,1100,1100,1100,679,2,34,49.39834182514139,12.302499962970614,1075.1705000875518,151.62150220913108
1776607576,300,,Aggregated,0.100000,0.000000,34,54,63,70,88,110,140,200,1100,1100,1100,679,2,34,49.39834182514139,12.302499962970614,1075.1705000875518,151.62150220913108
1776607577,300,,Aggregated,0.100000,0.000000,34,54,63,70,88,110,140,200,1100,1100,1100,679,2,34,49.39834182514139,12.302499962970614,1075.1705000875518,151.62150220913108
1776607578,300,,Aggregated,0.100000,0.000000,34,54,63,70,88,110,140,200,1100,1100,1100,679,2,34,49.39834182514139,12.302499962970614,1075.1705000875518,151.62150220913108
1776607579,300,,Aggregated,0.100000,0.000000,34,54,63,70,88,110,140,200,1100,1100,1100,679,2,34,49.39834182514139,12.302499962970614,1075.1705000875518,151.62150220913108
1776607580,300,,Aggregated,0.100000,0.000000,34,54,63,70,88,110,140,200,1100,1100,1100,679,2,34,49.39834182514139,12.302499962970614,1075.1705000875518,151.62150220913108
1776607581,300,,Aggregated,0.100000,0.000000,34,54,63,70,88,110,140,200,1100,1100,1100,679,2,34,49.39834182514139,12.302499962970614,1075.1705000875518,151.62150220913108
1776607582,300,,Aggregated,0.100000,0.000000,34,54,63,70,88,110,140,200,1100,1100,1100,679,2,34,49.39834182514139,12.302499962970614,1075.1705000875518,151.62150220913108
1776607583,300,,Aggregated,0.100000,0.000000,34,54,63,70,88,110,140,200,1100,1100,1100,679,2,34,49.39834182514139,12.302499962970614,1075.1705000875518,151.62150220913108
1776607584,300,,Aggregated,0.100000,0.000000,34,54,63,70,88,110,140,200,1100,1100,1100,679,2,34,49.39834182514139,12.302499962970614,1075.1705000875518,151.62150220913108
1776607585,300,,Aggregated,0.100000,0.000000,34,54,63,70,88,110,140,200,1100,1100,1100,679,2,34,49.39834182514139,12.302499962970614,1075.1705000875518,151.62150220913108
1776607586,300,,Aggregated,0.100000,0.000000,34,54,63,70,88,110,140,200,1100,1100,1100,679,2,34,49.39834182514139,12.302499962970614,1075.1705000875518,151.62150220913108
1776607587,300,,Aggregated,0.100000,0.000000,34,54,63,70,88,110,140,200,1100,1100,1100,679,2,34,49.39834182514139,12.302499962970614,1075.1705000875518,151.62150220913108
1776607588,300,,Aggregated,0.100000,0.000000,34,54,63,70,88,110,140,200,1100,1100,1100,679,2,34,49.39834182514139,12.302499962970614,1075.1705000875518,151.62150220913108
1776607589,300,,Aggregated,0.100000,0.000000,34,54,63,70,88,110,140,200,1100,1100,1100,679,2,34,49.39834182514139,12.302499962970614,1075.1705000875518,151.62150220913108
1776607590,300,,Aggregated,0.000000,0.000000,34,54,63,70,88,110,140,200,1100,1100,1100,680,2,34,49.40049867539475,12.302499962970614,1075.1705000875518,151.3985294117647
1776607591,300,,Aggregated,0.000000,0.000000,34,54,63,70,88,110,140,200,1100,1100,1100,680,2,34,49.40049867539475,12.302499962970614,1075.1705000875518,151.3985294117647
1776607592,300,,Aggregated,0.000000,0.000000,34,54,63,70,88,110,140,200,1100,1100,1100,680,2,34,49.40049867539475,12.302499962970614,1075.1705000875518,151.3985294117647
1776607593,300,,Aggregated,0.000000,0.000000,34,54,63,70,88,110,140,200,1100,1100,1100,680,2,34,49.40049867539475,12.302499962970614,1075.1705000875518,151.3985294117647
1776607594,300,,Aggregated,0.000000,0.000000,34,54,63,70,88,110,140,200,1100,1100,1100,680,2,34,49.40049867539475,12.302499962970614,1075.1705000875518,151.3985294117647
1776607595,300,,Aggregated,0.000000,0.000000,34,54,63,70,88,110,140,200,1100,1100,1100,680,2,34,49.40049867539475,12.302499962970614,1075.1705000875518,151.3985294117647
1776607596,300,,Aggregated,0.000000,0.000000,34,54,63,70,88,110,140,200,1100,1100,1100,680,2,34,49.40049867539475,12.302499962970614,1075.1705000875518,151.3985294117647
1776607597,300,,Aggregated,0.000000,0.000000,34,54,63,70,88,110,140,200,1100,1100,1100,680,2,34,49.40049867539475,12.302499962970614,1075.1705000875518,151.3985294117647
1776607598,300,,Aggregated,0.000000,0.000000,34,54,63,70,88,110,140,200,1100,1100,1100,680,2,34,49.40049867539475,12.302499962970614,1075.1705000875518,151.3985294117647
1776607599,300,,Aggregated,0.000000,0.000000,34,54,63,70,88,110,140,200,1100,1100,1100,680,2,34,49.40049867539475,12.302499962970614,1075.1705000875518,151.3985294117647
1776607600,300,,Aggregated,0.000000,0.000000,34,54,63,70,88,110,140,200,1100,1100,1100,680,2,34,49.40049867539475,12.302499962970614,1075.1705000875518,151.3985294117647
1776607601,300,,Aggregated,0.000000,0.000000,34,54,63,70,88,110,140,200,1100,1100,1100,680,2,34,49.40049867539475,12.302499962970614,1075.1705000875518,151.3985294117647
1776607602,300,,Aggregated,0.000000,0.000000,34,54,63,70,88,110,140,200,1100,1100,1100,680,2,34,49.40049867539475,12.302499962970614,1075.1705000875518,151.3985294117647
1776607603,300,,Aggregated,0.000000,0.000000,34,54,63,70,88,110,140,200,1100,1100,1100,681,2,34,49.61394889758169,12.302499962970614,1075.1705000875518,151.1762114537445
1776607605,300,,Aggregated,0.000000,0.000000,34,54,63,70,88,110,140,200,1100,1100,1100,681,2,34,49.61394889758169,12.302499962970614,1075.1705000875518,151.1762114537445
1776607606,300,,Aggregated,0.000000,0.000000,34,54,63,70,88,110,140,200,1100,1100,1100,681,2,34,49.61394889758169,12.302499962970614,1075.1705000875518,151.1762114537445
1776607607,300,,Aggregated,0.000000,0.000000,34,54,63,70,88,110,140,200,1100,1100,1100,681,2,34,49.61394889758169,12.302499962970614,1075.1705000875518,151.1762114537445
1776607608,300,,Aggregated,0.000000,0.000000,34,54,63,70,88,110,140,200,1100,1100,1100,681,2,34,49.61394889758169,12.302499962970614,1075.1705000875518,151.1762114537445
1776607609,300,,Aggregated,0.000000,0.000000,34,54,63,70,88,110,140,200,1100,1100,1100,681,2,34,49.61394889758169,12.302499962970614,1075.1705000875518,151.1762114537445
1776607610,300,,Aggregated,0.000000,0.000000,34,54,63,70,88,110,140,200,1100,1100,1100,681,2,34,49.61394889758169,12.302499962970614,1075.1705000875518,151.1762114537445
1776607611,300,,Aggregated,0.000000,0.000000,34,54,63,70,88,110,140,200,1100,1100,1100,681,2,34,49.61394889758169,12.302499962970614,1075.1705000875518,151.1762114537445
1776607612,300,,Aggregated,0.000000,0.000000,34,54,63,70,88,110,140,200,1100,1100,1100,681,2,34,49.61394889758169,12.302499962970614,1075.1705000875518,151.1762114537445
1776607613,300,,Aggregated,0.000000,0.000000,34,54,63,70,88,110,140,200,1100,1100,1100,681,2,34,49.61394889758169,12.302499962970614,1075.1705000875518,151.1762114537445
1776607614,300,,Aggregated,0.000000,0.000000,34,54,63,70,88,110,140,200,1100,1100,1100,681,2,34,49.61394889758169,12.302499962970614,1075.1705000875518,151.1762114537445
1776607615,300,,Aggregated,0.000000,0.000000,34,54,63,70,88,110,140,200,1100,1100,1100,681,2,34,49.61394889758169,12.302499962970614,1075.1705000875518,151.1762114537445
1776607616,300,,Aggregated,0.000000,0.000000,34,54,63,70,88,110,140,200,1100,1100,1100,681,2,34,49.61394889758169,12.302499962970614,1075.1705000875518,151.1762114537445
1776607617,300,,Aggregated,0.000000,0.000000,34,54,63,70,88,110,140,200,1100,1100,1100,682,2,34,49.597263048727974,12.302499962970614,1075.1705000875518,150.95454545454547
1776607618,300,,Aggregated,0.000000,0.000000,34,54,63,70,88,110,140,200,1100,1100,1100,682,2,34,49.597263048727974,12.302499962970614,1075.1705000875518,150.95454545454547
1776607619,300,,Aggregated,0.000000,0.000000,34,54,63,70,88,110,140,200,1100,1100,1100,682,2,34,49.597263048727974,12.302499962970614,1075.1705000875518,150.95454545454547
1776607620,300,,Aggregated,0.000000,0.000000,34,54,63,70,88,110,140,200,1100,1100,1100,682,2,34,49.597263048727974,12.302499962970614,1075.1705000875518,150.95454545454547
1776607621,300,,Aggregated,0.000000,0.000000,34,54,63,70,88,110,140,200,1100,1100,1100,682,2,34,49.597263048727974,12.302499962970614,1075.1705000875518,150.95454545454547
1776607622,300,,Aggregated,0.000000,0.000000,34,54,63,70,88,110,140,200,1100,1100,1100,682,2,34,49.597263048727974,12.302499962970614,1075.1705000875518,150.95454545454547
1776607623,300,,Aggregated,0.000000,0.000000,34,54,63,70,88,110,140,200,1100,1100,1100,682,2,34,49.597263048727974,12.302499962970614,1075.1705000875518,150.95454545454547
1776607624,300,,Aggregated,0.000000,0.000000,34,54,63,70,88,110,140,200,1100,1100,1100,682,2,34,49.597263048727974,12.302499962970614,1075.1705000875518,150.95454545454547
1776607625,300,,Aggregated,0.000000,0.000000,34,54,63,70,88,110,140,200,1100,1100,1100,682,2,34,49.597263048727974,12.302499962970614,1075.1705000875518,150.95454545454547
1776607626,300,,Aggregated,0.000000,0.000000,34,54,63,70,88,110,140,200,1100,1100,1100,682,2,34,49.597263048727974,12.302499962970614,1075.1705000875518,150.95454545454547
1776607627,300,,Aggregated,0.000000,0.000000,34,54,63,70,88,110,140,200,1100,1100,1100,682,2,34,49.597263048727974,12.302499962970614,1075.1705000875518,150.95454545454547
1776607628,300,,Aggregated,0.000000,0.000000,34,54,63,70,88,110,140,200,1100,1100,1100,682,2,34,49.597263048727974,12.302499962970614,1075.1705000875518,150.95454545454547
1776607629,300,,Aggregated,0.000000,0.000000,34,54,63,70,88,110,140,200,1100,1100,1100,682,2,34,49.597263048727974,12.302499962970614,1075.1705000875518,150.95454545454547
1776607630,300,,Aggregated,0.000000,0.000000,34,54,63,70,88,110,140,200,1100,1100,1100,682,2,34,49.597263048727974,12.302499962970614,1075.1705000875518,150.95454545454547
1776607631,300,,Aggregated,0.000000,0.000000,34,54,63,70,88,110,140,200,1100,1100,1100,682,2,34,49.597263048727974,12.302499962970614,1075.1705000875518,150.95454545454547
1776607632,300,,Aggregated,0.000000,0.000000,34,54,63,70,88,110,140,200,1100,1100,1100,682,2,34,49.597263048727974,12.302499962970614,1075.1705000875518,150.95454545454547
1776607633,300,,Aggregated,0.000000,0.000000,34,54,63,70,88,110,140,200,1100,1100,1100,682,2,34,49.597263048727974,12.302499962970614,1075.1705000875518,150.95454545454547
1776607634,300,,Aggregated,0.000000,0.000000,34,54,63,70,88,110,140,200,1100,1100,1100,682,2,34,49.597263048727974,12.302499962970614,1075.1705000875518,150.95454545454547
1776607635,300,,Aggregated,0.000000,0.000000,34,54,63,70,88,110,140,200,1100,1100,1100,682,2,34,49.597263048727974,12.302499962970614,1075.1705000875518,150.95454545454547
1776607636,300,,Aggregated,0.000000,0.000000,34,54,63,70,88,110,140,200,1100,1100,1100,682,2,34,49.597263048727974,12.302499962970614,1075.1705000875518,150.95454545454547
1776607637,300,,Aggregated,0.000000,0.000000,34,54,63,70,88,110,140,200,1100,1100,1100,682,2,34,49.597263048727974,12.302499962970614,1075.1705000875518,150.95454545454547
1776607638,300,,Aggregated,0.000000,0.000000,34,54,63,70,88,110,140,200,1100,1100,1100,682,2,34,49.597263048727974,12.302499962970614,1075.1705000875518,150.95454545454547
1776607639,300,,Aggregated,0.000000,0.000000,34,54,63,70,88,110,140,200,1100,1100,1100,682,2,34,49.597263048727974,12.302499962970614,1075.1705000875518,150.95454545454547
1776607640,300,,Aggregated,0.000000,0.000000,34,54,63,70,88,110,140,200,1100,1100,1100,682,2,34,49.597263048727974,12.302499962970614,1075.1705000875518,150.95454545454547
1776607641,300,,Aggregated,0.000000,0.000000,34,54,63,70,88,110,140,200,1100,1100,1100,682,2,34,49.597263048727974,12.302499962970614,1075.1705000875518,150.95454545454547
1776607642,300,,Aggregated,0.000000,0.000000,34,54,63,70,88,110,140,200,1100,1100,1100,682,2,34,49.597263048727974,12.302499962970614,1075.1705000875518,150.95454545454547
1776607643,300,,Aggregated,0.000000,0.000000,34,54,63,70,88,110,140,200,1100,1100,1100,682,2,34,49.597263048727974,12.302499962970614,1075.1705000875518,150.95454545454547
1776607644,300,,Aggregated,0.000000,0.000000,34,54,63,70,88,110,140,200,1100,1100,1100,682,2,34,49.597263048727974,12.302499962970614,1075.1705000875518,150.95454545454547
1776607645,300,,Aggregated,0.000000,0.000000,34,54,63,70,88,110,140,200,1100,1100,1100,682,2,34,49.597263048727974,12.302499962970614,1075.1705000875518,150.95454545454547
1776607646,300,,Aggregated,0.000000,0.000000,34,54,63,70,88,110,140,200,1100,1100,1100,682,2,34,49.597263048727974,12.302499962970614,1075.1705000875518,150.95454545454547
1776607647,300,,Aggregated,0.000000,0.000000,34,54,63,70,88,110,140,200,1100,1100,1100,682,2,34,49.597263048727974,12.302499962970614,1075.1705000875518,150.95454545454547
1776607648,300,,Aggregated,0.000000,0.000000,34,54,63,70,88,110,140,200,1100,1100,1100,682,2,34,49.597263048727974,12.302499962970614,1075.1705000875518,150.95454545454547
1776607649,300,,Aggregated,0.000000,0.000000,34,54,63,70,88,110,140,200,1100,1100,1100,682,2,34,49.597263048727974,12.302499962970614,1075.1705000875518,150.95454545454547
1776607650,300,,Aggregated,0.000000,0.000000,34,54,63,70,88,110,140,200,1100,1100,1100,682,2,34,49.597263048727974,12.302499962970614,1075.1705000875518,150.95454545454547
1776607651,300,,Aggregated,0.000000,0.000000,34,54,63,70,88,110,140,200,1100,1100,1100,682,2,34,49.597263048727974,12.302499962970614,1075.1705000875518,150.95454545454547
1776607652,300,,Aggregated,0.000000,0.000000,34,54,63,70,88,110,140,200,1100,1100,1100,682,2,34,49.597263048727974,12.302499962970614,1075.1705000875518,150.95454545454547
1776607653,300,,Aggregated,0.000000,0.000000,34,54,63,70,88,110,140,200,1100,1100,1100,682,2,34,49.597263048727974,12.302499962970614,1075.1705000875518,150.95454545454547
1776607654,300,,Aggregated,0.000000,0.000000,34,54,63,70,88,110,140,200,1100,1100,1100,682,2,34,49.597263048727974,12.302499962970614,1075.1705000875518,150.95454545454547
1776607655,300,,Aggregated,0.000000,0.000000,34,54,63,70,88,110,140,200,1100,1100,1100,682,2,34,49.597263048727974,12.302499962970614,1075.1705000875518,150.95454545454547
1776607656,300,,Aggregated,0.000000,0.000000,34,54,63,70,88,110,140,200,1100,1100,1100,682,2,34,49.597263048727974,12.302499962970614,1075.1705000875518,150.95454545454547
1776607657,300,,Aggregated,0.000000,0.000000,34,54,63,70,88,110,140,200,1100,1100,1100,682,2,34,49.597263048727974,12.302499962970614,1075.1705000875518,150.95454545454547
1776607658,300,,Aggregated,0.000000,0.000000,34,54,63,70,88,110,140,200,1100,1100,1100,682,2,34,49.597263048727974,12.302499962970614,1075.1705000875518,150.95454545454547
1776607659,300,,Aggregated,0.000000,0.000000,34,54,63,70,88,110,140,200,1100,1100,1100,682,2,34,49.597263048727974,12.302499962970614,1075.1705000875518,150.95454545454547
1776607660,300,,Aggregated,0.000000,0.000000,34,54,63,70,88,110,140,200,1100,1100,1100,682,2,34,49.597263048727974,12.302499962970614,1075.1705000875518,150.95454545454547
1776607661,300,,Aggregated,0.000000,0.000000,34,54,63,70,88,110,140,200,1100,1100,1100,682,2,34,49.597263048727974,12.302499962970614,1075.1705000875518,150.95454545454547
1776607662,300,,Aggregated,0.000000,0.000000,34,54,63,70,88,110,140,200,1100,1100,1100,682,2,34,49.597263048727974,12.302499962970614,1075.1705000875518,150.95454545454547
1776607663,300,,Aggregated,0.000000,0.000000,34,54,63,70,88,110,140,200,1100,1100,1100,682,2,34,49.597263048727974,12.302499962970614,1075.1705000875518,150.95454545454547
1776607664,300,,Aggregated,0.000000,0.000000,34,54,63,70,88,110,140,200,1100,1100,1100,682,2,34,49.597263048727974,12.302499962970614,1075.1705000875518,150.95454545454547
1776607665,300,,Aggregated,0.000000,0.000000,34,54,63,70,88,110,140,200,1100,1100,1100,682,2,34,49.597263048727974,12.302499962970614,1075.1705000875518,150.95454545454547
1776607666,300,,Aggregated,0.000000,0.000000,34,54,63,70,88,110,140,200,1100,1100,1100,682,2,34,49.597263048727974,12.302499962970614,1075.1705000875518,150.95454545454547
1776607667,300,,Aggregated,0.000000,0.000000,34,54,63,70,88,110,140,200,1100,1100,1100,682,2,34,49.597263048727974,12.302499962970614,1075.1705000875518,150.95454545454547
1776607668,300,,Aggregated,0.000000,0.000000,34,54,63,70,88,110,140,200,1100,1100,1100,682,2,34,49.597263048727974,12.302499962970614,1075.1705000875518,150.95454545454547
1776607669,300,,Aggregated,0.000000,0.000000,34,54,63,70,88,110,140,200,1100,1100,1100,682,2,34,49.597263048727974,12.302499962970614,1075.1705000875518,150.95454545454547
1776607670,300,,Aggregated,0.000000,0.000000,34,54,63,70,88,110,140,200,1100,1100,1100,682,2,34,49.597263048727974,12.302499962970614,1075.1705000875518,150.95454545454547
1776607671,300,,Aggregated,0.000000,0.000000,34,54,63,70,88,110,140,200,1100,1100,1100,682,2,34,49.597263048727974,12.302499962970614,1075.1705000875518,150.95454545454547
1776607672,300,,Aggregated,0.000000,0.000000,34,54,63,70,88,110,140,200,1100,1100,1100,682,2,34,49.597263048727974,12.302499962970614,1075.1705000875518,150.95454545454547
1776607673,300,,Aggregated,0.000000,0.000000,34,54,63,70,88,110,140,200,1100,1100,1100,682,2,34,49.597263048727974,12.302499962970614,1075.1705000875518,150.95454545454547
1776607674,300,,Aggregated,0.000000,0.000000,34,54,63,70,88,110,140,200,1100,1100,1100,682,2,34,49.597263048727974,12.302499962970614,1075.1705000875518,150.95454545454547
1776607675,300,,Aggregated,0.000000,0.000000,34,54,63,70,88,110,140,200,1100,1100,1100,682,2,34,49.597263048727974,12.302499962970614,1075.1705000875518,150.95454545454547
1776607676,300,,Aggregated,0.000000,0.000000,34,54,63,70,88,110,140,200,1100,1100,1100,682,2,34,49.597263048727974,12.302499962970614,1075.1705000875518,150.95454545454547
1776607677,300,,Aggregated,0.000000,0.000000,34,54,63,70,88,110,140,200,1100,1100,1100,682,2,34,49.597263048727974,12.302499962970614,1075.1705000875518,150.95454545454547
1776607678,300,,Aggregated,0.000000,0.000000,34,54,63,70,88,110,140,200,1100,1100,1100,682,2,34,49.597263048727974,12.302499962970614,1075.1705000875518,150.95454545454547
1776607679,300,,Aggregated,0.000000,0.000000,34,54,63,70,88,110,140,200,1100,1100,1100,682,2,34,49.597263048727974,12.302499962970614,1075.1705000875518,150.95454545454547
1776607680,300,,Aggregated,0.000000,0.000000,34,54,63,70,88,110,140,200,1100,1100,1100,682,2,34,49.597263048727974,12.302499962970614,1075.1705000875518,150.95454545454547
1776607681,300,,Aggregated,0.000000,0.000000,34,54,63,70,88,110,140,200,1100,1100,1100,682,2,34,49.597263048727974,12.302499962970614,1075.1705000875518,150.95454545454547
1776607682,300,,Aggregated,0.000000,0.000000,34,54,63,70,88,110,140,200,1100,1100,1100,682,2,34,49.597263048727974,12.302499962970614,1075.1705000875518,150.95454545454547
1776607683,300,,Aggregated,0.000000,0.000000,34,54,63,70,88,110,140,200,1100,1100,1100,682,2,34,49.597263048727974,12.302499962970614,1075.1705000875518,150.95454545454547
1776607684,300,,Aggregated,0.000000,0.000000,34,54,63,70,88,110,140,200,1100,1100,1100,682,2,34,49.597263048727974,12.302499962970614,1075.1705000875518,150.95454545454547
1776607685,300,,Aggregated,0.000000,0.000000,34,54,63,70,88,110,140,200,1100,1100,1100,682,2,34,49.597263048727974,12.302499962970614,1075.1705000875518,150.95454545454547
1776607686,300,,Aggregated,0.000000,0.000000,34,54,63,70,88,110,140,200,1100,1100,1100,682,2,34,49.597263048727974,12.302499962970614,1075.1705000875518,150.95454545454547
1776607687,300,,Aggregated,0.000000,0.000000,34,54,63,70,88,110,140,200,1100,1100,1100,682,2,34,49.597263048727974,12.302499962970614,1075.1705000875518,150.95454545454547
1776607688,300,,Aggregated,0.000000,0.000000,34,54,63,70,88,110,140,200,1100,1100,1100,682,2,34,49.597263048727974,12.302499962970614,1075.1705000875518,150.95454545454547
1776607689,300,,Aggregated,0.000000,0.000000,34,54,63,70,88,110,140,200,1100,1100,1100,682,2,34,49.597263048727974,12.302499962970614,1075.1705000875518,150.95454545454547
1776607690,300,,Aggregated,0.000000,0.000000,34,54,63,70,88,110,140,200,1100,1100,1100,682,2,34,49.597263048727974,12.302499962970614,1075.1705000875518,150.95454545454547
1776607691,300,,Aggregated,0.000000,0.000000,34,54,63,70,88,110,140,200,1100,1100,1100,682,2,34,49.597263048727974,12.302499962970614,1075.1705000875518,150.95454545454547
1776607692,300,,Aggregated,0.000000,0.000000,34,54,63,70,88,110,140,200,1100,1100,1100,682,2,34,49.597263048727974,12.302499962970614,1075.1705000875518,150.95454545454547
1776607693,300,,Aggregated,0.000000,0.000000,34,54,63,70,88,110,140,200,1100,1100,1100,682,2,34,49.597263048727974,12.302499962970614,1075.1705000875518,150.95454545454547
1776607694,300,,Aggregated,0.000000,0.000000,34,54,63,70,88,110,140,200,1100,1100,1100,682,2,34,49.597263048727974,12.302499962970614,1075.1705000875518,150.95454545454547
1776607695,300,,Aggregated,0.000000,0.000000,34,54,63,70,88,110,140,200,1100,1100,1100,682,2,34,49.597263048727974,12.302499962970614,1075.1705000875518,150.95454545454547
1776607696,300,,Aggregated,0.000000,0.000000,34,54,63,70,88,110,140,200,1100,1100,1100,682,2,34,49.597263048727974,12.302499962970614,1075.1705000875518,150.95454545454547
1776607697,300,,Aggregated,0.000000,0.000000,34,54,63,70,88,110,140,200,1100,1100,1100,682,2,34,49.597263048727974,12.302499962970614,1075.1705000875518,150.95454545454547
1776607698,300,,Aggregated,0.000000,0.000000,34,54,63,70,88,110,140,200,1100,1100,1100,682,2,34,49.597263048727974,12.302499962970614,1075.1705000875518,150.95454545454547
1776607699,300,,Aggregated,0.000000,0.000000,34,54,63,70,88,110,140,200,1100,1100,1100,682,2,34,49.597263048727974,12.302499962970614,1075.1705000875518,150.95454545454547
1776607700,300,,Aggregated,0.000000,0.000000,34,54,63,70,88,110,140,200,1100,1100,1100,682,2,34,49.597263048727974,12.302499962970614,1075.1705000875518,150.95454545454547
1776607701,300,,Aggregated,0.000000,0.000000,34,54,63,70,88,110,140,200,1100,1100,1100,682,2,34,49.597263048727974,12.302499962970614,1075.1705000875518,150.95454545454547
1776607702,300,,Aggregated,0.000000,0.000000,34,54,63,70,88,110,140,200,1100,1100,1100,682,2,34,49.597263048727974,12.302499962970614,1075.1705000875518,150.95454545454547
1776607703,300,,Aggregated,0.000000,0.000000,34,54,63,70,88,110,140,200,1100,1100,1100,682,2,34,49.597263048727974,12.302499962970614,1075.1705000875518,150.95454545454547
1776607704,300,,Aggregated,0.000000,0.000000,34,54,63,70,88,110,140,200,1100,1100,1100,682,2,34,49.597263048727974,12.302499962970614,1075.1705000875518,150.95454545454547
1776607705,300,,Aggregated,0.000000,0.000000,34,54,63,70,88,110,140,200,1100,1100,1100,682,2,34,49.597263048727974,12.302499962970614,1075.1705000875518,150.95454545454547
1776607706,300,,Aggregated,0.000000,0.000000,34,54,63,70,88,110,140,200,1100,1100,1100,682,2,34,49.597263048727974,12.302499962970614,1075.1705000875518,150.95454545454547
1776607707,300,,Aggregated,0.000000,0.000000,34,54,63,70,88,110,140,200,1100,1100,1100,682,2,34,49.597263048727974,12.302499962970614,1075.1705000875518,150.95454545454547
1776607708,300,,Aggregated,0.000000,0.000000,34,54,63,70,88,110,140,200,1100,1100,1100,682,2,34,49.597263048727974,12.302499962970614,1075.1705000875518,150.95454545454547
1776607709,300,,Aggregated,0.000000,0.000000,34,54,63,70,88,110,140,200,1100,1100,1100,682,2,34,49.597263048727974,12.302499962970614,1075.1705000875518,150.95454545454547
1776607710,300,,Aggregated,0.000000,0.000000,34,54,63,70,88,110,140,200,1100,1100,1100,682,2,34,49.597263048727974,12.302499962970614,1075.1705000875518,150.95454545454547
1776607711,300,,Aggregated,0.000000,0.000000,34,54,63,70,88,110,140,200,1100,1100,1100,682,2,34,49.597263048727974,12.302499962970614,1075.1705000875518,150.95454545454547
1776607712,300,,Aggregated,0.000000,0.000000,34,54,63,70,88,110,140,200,1100,1100,1100,682,2,34,49.597263048727974,12.302499962970614,1075.1705000875518,150.95454545454547
1776607713,300,,Aggregated,0.000000,0.000000,34,54,63,70,88,110,140,200,1100,1100,1100,682,2,34,49.597263048727974,12.302499962970614,1075.1705000875518,150.95454545454547
1776607714,300,,Aggregated,0.000000,0.000000,34,54,63,70,88,110,140,200,1100,1100,1100,682,2,34,49.597263048727974,12.302499962970614,1075.1705000875518,150.95454545454547
1776607715,300,,Aggregated,0.000000,0.000000,34,54,63,70,88,110,140,200,1100,1100,1100,682,2,34,49.597263048727974,12.302499962970614,1075.1705000875518,150.95454545454547
1776607716,300,,Aggregated,0.000000,0.000000,34,54,63,70,88,110,140,200,1100,1100,1100,682,2,34,49.597263048727974,12.302499962970614,1075.1705000875518,150.95454545454547
1776607717,300,,Aggregated,0.000000,0.000000,34,54,63,70,88,110,140,200,1100,1100,1100,682,2,34,49.597263048727974,12.302499962970614,1075.1705000875518,150.95454545454547
1776607719,300,,Aggregated,0.000000,0.000000,34,54,63,70,88,110,140,200,1100,1100,1100,682,2,34,49.597263048727974,12.302499962970614,1075.1705000875518,150.95454545454547
1776607720,300,,Aggregated,0.000000,0.000000,34,54,63,70,88,110,140,200,1100,1100,1100,682,2,34,49.597263048727974,12.302499962970614,1075.1705000875518,150.95454545454547
1776607721,300,,Aggregated,0.000000,0.000000,34,54,63,70,88,110,140,200,1100,1100,1100,682,2,34,49.597263048727974,12.302499962970614,1075.1705000875518,150.95454545454547
1776607722,300,,Aggregated,0.000000,0.000000,34,54,63,70,88,110,140,200,1100,1100,1100,682,2,34,49.597263048727974,12.302499962970614,1075.1705000875518,150.95454545454547
1776607723,300,,Aggregated,0.000000,0.000000,34,54,63,70,88,110,140,200,1100,1100,1100,682,2,34,49.597263048727974,12.302499962970614,1075.1705000875518,150.95454545454547
1776607724,300,,Aggregated,0.000000,0.000000,34,54,63,70,88,110,140,200,1100,1100,1100,682,2,34,49.597263048727974,12.302499962970614,1075.1705000875518,150.95454545454547
1776607725,300,,Aggregated,0.000000,0.000000,34,54,63,70,88,110,140,200,1100,1100,1100,682,2,34,49.597263048727974,12.302499962970614,1075.1705000875518,150.95454545454547
1776607726,300,,Aggregated,0.000000,0.000000,34,54,63,70,88,110,140,200,1100,1100,1100,682,2,34,49.597263048727974,12.302499962970614,1075.1705000875518,150.95454545454547
1776607727,300,,Aggregated,0.000000,0.000000,34,54,63,70,88,110,140,200,1100,1100,1100,682,2,34,49.597263048727974,12.302499962970614,1075.1705000875518,150.95454545454547
1776607728,300,,Aggregated,0.000000,0.000000,34,54,63,70,88,110,140,200,1100,1100,1100,682,2,34,49.597263048727974,12.302499962970614,1075.1705000875518,150.95454545454547
1776607729,300,,Aggregated,0.000000,0.000000,34,54,63,70,88,110,140,200,1100,1100,1100,682,2,34,49.597263048727974,12.302499962970614,1075.1705000875518,150.95454545454547
1776607730,300,,Aggregated,0.000000,0.000000,34,54,63,70,88,110,140,200,1100,1100,1100,682,2,34,49.597263048727974,12.302499962970614,1075.1705000875518,150.95454545454547
1776607731,300,,Aggregated,0.000000,0.000000,34,54,63,70,88,110,140,200,1100,1100,1100,682,2,34,49.597263048727974,12.302499962970614,1075.1705000875518,150.95454545454547
1776607732,300,,Aggregated,0.000000,0.000000,34,54,63,70,88,110,140,200,1100,1100,1100,682,2,34,49.597263048727974,12.302499962970614,1075.1705000875518,150.95454545454547
1776607733,300,,Aggregated,0.000000,0.000000,34,54,63,70,88,110,140,200,1100,1100,1100,682,2,34,49.597263048727974,12.302499962970614,1075.1705000875518,150.95454545454547
1776607734,300,,Aggregated,0.000000,0.000000,34,54,63,70,88,110,140,200,1100,1100,1100,682,2,34,49.597263048727974,12.302499962970614,1075.1705000875518,150.95454545454547
1776607735,300,,Aggregated,0.000000,0.000000,34,54,63,70,88,110,140,200,1100,1100,1100,682,2,34,49.597263048727974,12.302499962970614,1075.1705000875518,150.95454545454547
1776607736,300,,Aggregated,0.000000,0.000000,34,54,63,70,88,110,140,200,1100,1100,1100,682,2,34,49.597263048727974,12.302499962970614,1075.1705000875518,150.95454545454547
1776607737,300,,Aggregated,0.000000,0.000000,34,54,63,70,88,110,140,200,1100,1100,1100,682,2,34,49.597263048727974,12.302499962970614,1075.1705000875518,150.95454545454547
1776607738,300,,Aggregated,0.000000,0.000000,34,54,63,70,88,110,140,200,1100,1100,1100,682,2,34,49.597263048727974,12.302499962970614,1075.1705000875518,150.95454545454547
1776607739,300,,Aggregated,0.000000,0.000000,34,54,63,70,88,110,140,200,1100,1100,1100,682,2,34,49.597263048727974,12.302499962970614,1075.1705000875518,150.95454545454547
1776607740,300,,Aggregated,0.000000,0.000000,34,54,63,70,88,110,140,200,1100,1100,1100,682,2,34,49.597263048727974,12.302499962970614,1075.1705000875518,150.95454545454547
1776607741,300,,Aggregated,0.000000,0.000000,34,54,63,70,88,110,140,200,1100,1100,1100,682,2,34,49.597263048727974,12.302499962970614,1075.1705000875518,150.95454545454547
1776607742,300,,Aggregated,0.000000,0.000000,34,54,63,70,88,110,140,200,1100,1100,1100,682,2,34,49.597263048727974,12.302499962970614,1075.1705000875518,150.95454545454547
1776607743,300,,Aggregated,0.000000,0.000000,34,54,63,70,88,110,140,200,1100,1100,1100,682,2,34,49.597263048727974,12.302499962970614,1075.1705000875518,150.95454545454547
1776607744,300,,Aggregated,0.000000,0.000000,34,54,63,70,88,110,140,200,1100,1100,1100,682,2,34,49.597263048727974,12.302499962970614,1075.1705000875518,150.95454545454547
1776607745,300,,Aggregated,0.000000,0.000000,34,54,63,70,88,110,140,200,1100,1100,1100,682,2,34,49.597263048727974,12.302499962970614,1075.1705000875518,150.95454545454547
1776607746,300,,Aggregated,0.000000,0.000000,34,54,63,70,88,110,140,200,1100,1100,1100,682,2,34,49.597263048727974,12.302499962970614,1075.1705000875518,150.95454545454547
1776607747,300,,Aggregated,0.000000,0.000000,34,54,63,70,88,110,140,200,1100,1100,1100,682,2,34,49.597263048727974,12.302499962970614,1075.1705000875518,150.95454545454547
1776607748,300,,Aggregated,0.000000,0.000000,34,54,63,70,88,110,140,200,1100,1100,1100,682,2,34,49.597263048727974,12.302499962970614,1075.1705000875518,150.95454545454547
1776607749,300,,Aggregated,0.000000,0.000000,34,54,63,70,88,110,140,200,1100,1100,1100,682,2,34,49.597263048727974,12.302499962970614,1075.1705000875518,150.95454545454547
1776607750,300,,Aggregated,0.000000,0.000000,34,54,63,70,88,110,140,200,1100,1100,1100,682,2,34,49.597263048727974,12.302499962970614,1075.1705000875518,150.95454545454547
1776607751,300,,Aggregated,0.000000,0.000000,34,54,63,70,88,110,140,200,1100,1100,1100,682,2,34,49.597263048727974,12.302499962970614,1075.1705000875518,150.95454545454547
1776607752,300,,Aggregated,0.000000,0.000000,34,54,63,70,88,110,140,200,1100,1100,1100,682,2,34,49.597263048727974,12.302499962970614,1075.1705000875518,150.95454545454547
1776607753,300,,Aggregated,0.000000,0.000000,34,54,63,70,88,110,140,200,1100,1100,1100,682,2,34,49.597263048727974,12.302499962970614,1075.1705000875518,150.95454545454547
1776607754,300,,Aggregated,0.000000,0.000000,34,54,63,70,88,110,140,200,1100,1100,1100,682,2,34,49.597263048727974,12.302499962970614,1075.1705000875518,150.95454545454547
1776607755,300,,Aggregated,0.000000,0.000000,34,54,63,70,88,110,140,200,1100,1100,1100,682,2,34,49.597263048727974,12.302499962970614,1075.1705000875518,150.95454545454547
1776607756,300,,Aggregated,0.000000,0.000000,34,54,63,70,88,110,140,200,1100,1100,1100,682,2,34,49.597263048727974,12.302499962970614,1075.1705000875518,150.95454545454547
1776607757,300,,Aggregated,0.000000,0.000000,34,54,63,70,88,110,140,200,1100,1100,1100,682,2,34,49.597263048727974,12.302499962970614,1075.1705000875518,150.95454545454547
1776607758,300,,Aggregated,0.000000,0.000000,34,54,63,70,88,110,140,200,1100,1100,1100,682,2,34,49.597263048727974,12.302499962970614,1075.1705000875518,150.95454545454547
1776607759,300,,Aggregated,0.000000,0.000000,34,54,63,70,88,110,140,200,1100,1100,1100,682,2,34,49.597263048727974,12.302499962970614,1075.1705000875518,150.95454545454547
1776607760,300,,Aggregated,0.000000,0.000000,34,54,63,70,88,110,140,200,1100,1100,1100,682,2,34,49.597263048727974,12.302499962970614,1075.1705000875518,150.95454545454547
1776607761,300,,Aggregated,0.000000,0.000000,34,54,63,70,88,110,140,200,1100,1100,1100,682,2,34,49.597263048727974,12.302499962970614,1075.1705000875518,150.95454545454547
1776607762,300,,Aggregated,0.000000,0.000000,34,54,63,70,88,110,140,200,1100,1100,1100,682,2,34,49.597263048727974,12.302499962970614,1075.1705000875518,150.95454545454547
1776607763,300,,Aggregated,0.000000,0.000000,34,54,63,70,88,110,140,200,1100,1100,1100,682,2,34,49.597263048727974,12.302499962970614,1075.1705000875518,150.95454545454547
1776607764,300,,Aggregated,0.000000,0.000000,34,54,63,70,88,110,140,200,1100,1100,1100,682,2,34,49.597263048727974,12.302499962970614,1075.1705000875518,150.95454545454547
1776607765,300,,Aggregated,0.000000,0.000000,34,54,63,70,88,110,140,200,1100,1100,1100,682,2,34,49.597263048727974,12.302499962970614,1075.1705000875518,150.95454545454547
1776607766,300,,Aggregated,0.000000,0.000000,34,54,63,70,88,110,140,200,1100,1100,1100,682,2,34,49.597263048727974,12.302499962970614,1075.1705000875518,150.95454545454547
1776607767,300,,Aggregated,0.000000,0.000000,34,54,63,70,88,110,140,200,1100,1100,1100,682,2,34,49.597263048727974,12.302499962970614,1075.1705000875518,150.95454545454547
1776607768,300,,Aggregated,0.000000,0.000000,34,54,63,70,88,110,140,200,1100,1100,1100,682,2,34,49.597263048727974,12.302499962970614,1075.1705000875518,150.95454545454547
1776607769,300,,Aggregated,0.000000,0.000000,34,54,63,70,88,110,140,200,1100,1100,1100,682,2,34,49.597263048727974,12.302499962970614,1075.1705000875518,150.95454545454547
1776607770,300,,Aggregated,0.000000,0.000000,34,54,63,70,88,110,140,200,1100,1100,1100,682,2,34,49.597263048727974,12.302499962970614,1075.1705000875518,150.95454545454547
1776607771,300,,Aggregated,0.000000,0.000000,34,54,63,70,88,110,140,200,1100,1100,1100,682,2,34,49.597263048727974,12.302499962970614,1075.1705000875518,150.95454545454547
1776607772,300,,Aggregated,0.000000,0.000000,34,54,63,70,88,110,140,200,1100,1100,1100,682,2,34,49.597263048727974,12.302499962970614,1075.1705000875518,150.95454545454547
1776607773,300,,Aggregated,0.000000,0.000000,34,54,63,70,88,110,140,200,1100,1100,1100,682,2,34,49.597263048727974,12.302499962970614,1075.1705000875518,150.95454545454547
1776607774,300,,Aggregated,0.000000,0.000000,34,54,63,70,88,110,140,200,1100,1100,1100,682,2,34,49.597263048727974,12.302499962970614,1075.1705000875518,150.95454545454547
1776607775,300,,Aggregated,0.000000,0.000000,34,54,63,70,88,110,140,200,1100,1100,1100,682,2,34,49.597263048727974,12.302499962970614,1075.1705000875518,150.95454545454547
1776607776,300,,Aggregated,0.000000,0.000000,34,54,63,70,88,110,140,200,1100,1100,1100,682,2,34,49.597263048727974,12.302499962970614,1075.1705000875518,150.95454545454547
1776607777,300,,Aggregated,0.000000,0.000000,34,54,63,70,88,110,140,200,1100,1100,1100,682,2,34,49.597263048727974,12.302499962970614,1075.1705000875518,150.95454545454547
1776607778,300,,Aggregated,0.000000,0.000000,34,54,63,70,88,110,140,200,1100,1100,1100,682,2,34,49.597263048727974,12.302499962970614,1075.1705000875518,150.95454545454547
1776607779,300,,Aggregated,0.000000,0.000000,34,54,63,70,88,110,140,200,1100,1100,1100,682,2,34,49.597263048727974,12.302499962970614,1075.1705000875518,150.95454545454547
1776607780,300,,Aggregated,0.000000,0.000000,34,54,63,70,88,110,140,200,1100,1100,1100,682,2,34,49.597263048727974,12.302499962970614,1075.1705000875518,150.95454545454547
1776607781,300,,Aggregated,0.000000,0.000000,34,54,63,70,88,110,140,200,1100,1100,1100,682,2,34,49.597263048727974,12.302499962970614,1075.1705000875518,150.95454545454547
1776607782,300,,Aggregated,0.000000,0.000000,34,54,63,70,88,110,140,200,1100,1100,1100,682,2,34,49.597263048727974,12.302499962970614,1075.1705000875518,150.95454545454547
1776607783,300,,Aggregated,0.000000,0.000000,34,54,63,70,88,110,140,200,1100,1100,1100,682,2,34,49.597263048727974,12.302499962970614,1075.1705000875518,150.95454545454547
1776607784,300,,Aggregated,0.000000,0.000000,34,54,63,70,88,110,140,200,1100,1100,1100,682,2,34,49.597263048727974,12.302499962970614,1075.1705000875518,150.95454545454547
1776607785,300,,Aggregated,0.000000,0.000000,34,54,63,70,88,110,140,200,1100,1100,1100,682,2,34,49.597263048727974,12.302499962970614,1075.1705000875518,150.95454545454547
1776607786,300,,Aggregated,0.000000,0.000000,34,54,63,70,88,110,140,200,1100,1100,1100,682,2,34,49.597263048727974,12.302499962970614,1075.1705000875518,150.95454545454547
1776607787,300,,Aggregated,0.000000,0.000000,34,54,63,70,88,110,140,200,1100,1100,1100,682,2,34,49.597263048727974,12.302499962970614,1075.1705000875518,150.95454545454547
1776607788,300,,Aggregated,0.000000,0.000000,34,54,63,70,88,110,140,200,1100,1100,1100,682,2,34,49.597263048727974,12.302499962970614,1075.1705000875518,150.95454545454547
1776607789,300,,Aggregated,0.000000,0.000000,34,54,63,70,88,110,140,200,1100,1100,1100,682,2,34,49.597263048727974,12.302499962970614,1075.1705000875518,150.95454545454547
1776607790,300,,Aggregated,0.000000,0.000000,34,54,63,70,88,110,140,200,1100,1100,1100,682,2,34,49.597263048727974,12.302499962970614,1075.1705000875518,150.95454545454547
1776607791,300,,Aggregated,0.000000,0.000000,34,54,63,70,88,110,140,200,1100,1100,1100,682,2,34,49.597263048727974,12.302499962970614,1075.1705000875518,150.95454545454547
1776607792,300,,Aggregated,0.000000,0.000000,34,54,63,70,88,110,140,200,1100,1100,1100,682,2,34,49.597263048727974,12.302499962970614,1075.1705000875518,150.95454545454547
1776607793,300,,Aggregated,0.000000,0.000000,34,54,63,70,88,110,140,200,1100,1100,1100,682,2,34,49.597263048727974,12.302499962970614,1075.1705000875518,150.95454545454547
1776607794,300,,Aggregated,0.000000,0.000000,34,54,63,70,89,110,140,200,1100,1100,1100,683,2,34,49.65879399592594,12.302499962970614,1075.1705000875518,150.73352855051243
1776607795,300,,Aggregated,0.000000,0.000000,34,54,63,70,89,110,140,200,1100,1100,1100,683,2,34,49.65879399592594,12.302499962970614,1075.1705000875518,150.73352855051243
1776607796,300,,Aggregated,0.000000,0.000000,34,54,63,70,89,110,140,200,1100,1100,1100,683,2,34,49.65879399592594,12.302499962970614,1075.1705000875518,150.73352855051243
1776607797,300,,Aggregated,0.000000,0.000000,34,54,63,70,89,110,140,200,1100,1100,1100,683,2,34,49.65879399592594,12.302499962970614,1075.1705000875518,150.73352855051243
1776607798,300,,Aggregated,0.000000,0.000000,34,54,63,70,89,110,140,200,1100,1100,1100,683,2,34,49.65879399592594,12.302499962970614,1075.1705000875518,150.73352855051243
1776607799,300,,Aggregated,0.000000,0.000000,34,54,63,70,89,110,140,200,1100,1100,1100,683,2,34,49.65879399592594,12.302499962970614,1075.1705000875518,150.73352855051243
1776607800,300,,Aggregated,0.000000,0.000000,34,54,63,70,89,110,140,200,1100,1100,1100,683,2,34,49.65879399592594,12.302499962970614,1075.1705000875518,150.73352855051243
1776607801,300,,Aggregated,0.000000,0.000000,34,54,63,70,89,110,140,200,1100,1100,1100,683,2,34,49.65879399592594,12.302499962970614,1075.1705000875518,150.73352855051243
1776607802,300,,Aggregated,0.000000,0.000000,34,54,63,70,89,110,140,200,1100,1100,1100,683,2,34,49.65879399592594,12.302499962970614,1075.1705000875518,150.73352855051243
1776607803,300,,Aggregated,0.100000,0.000000,35,54,63,70,89,110,140,200,1100,1100,1100,684,2,34,49.68338420942061,12.302499962970614,1075.1705000875518,150.51315789473685
1776607804,300,,Aggregated,0.100000,0.000000,35,54,63,70,89,110,140,200,1100,1100,1100,684,2,34,49.68338420942061,12.302499962970614,1075.1705000875518,150.51315789473685
1776607805,300,,Aggregated,0.100000,0.000000,35,54,63,70,89,110,140,200,1100,1100,1100,684,2,34,49.68338420942061,12.302499962970614,1075.1705000875518,150.51315789473685
1776607806,300,,Aggregated,0.100000,0.000000,36,54,63,70,89,110,140,200,1100,1100,1100,686,2,35,49.69995393490408,12.302499962970614,1075.1705000875518,150.07434402332362
1776607807,300,,Aggregated,0.100000,0.000000,36,54,63,70,89,110,140,200,1100,1100,1100,686,2,35,49.69995393490408,12.302499962970614,1075.1705000875518,150.07434402332362
1776607808,300,,Aggregated,0.100000,0.000000,36,54,63,70,89,110,140,200,1100,1100,1100,686,2,35,49.69995393490408,12.302499962970614,1075.1705000875518,150.07434402332362
1776607809,300,,Aggregated,0.100000,0.000000,36,54,63,70,89,110,140,200,1100,1100,1100,686,2,35,49.69995393490408,12.302499962970614,1075.1705000875518,150.07434402332362
1776607810,300,,Aggregated,0.100000,0.000000,36,54,63,70,89,110,140,200,1100,1100,1100,686,2,35,49.69995393490408,12.302499962970614,1075.1705000875518,150.07434402332362
1776607811,300,,Aggregated,0.100000,0.000000,36,54,63,70,89,110,140,200,1100,1100,1100,686,2,35,49.69995393490408,12.302499962970614,1075.1705000875518,150.07434402332362
1776607812,300,,Aggregated,0.100000,0.000000,36,54,63,70,89,110,140,200,1100,1100,1100,686,2,35,49.69995393490408,12.302499962970614,1075.1705000875518,150.07434402332362
1776607813,300,,Aggregated,0.100000,0.000000,36,54,63,70,89,110,140,200,1100,1100,1100,686,2,35,49.69995393490408,12.302499962970614,1075.1705000875518,150.07434402332362
1776607814,300,,Aggregated,0.300000,0.000000,36,54,63,70,89,110,140,200,1100,1100,1100,687,2,36,49.69011528300206,12.302499962970614,1075.1705000875518,149.85589519650654
1776607815,300,,Aggregated,0.300000,0.000000,36,54,63,70,89,110,140,200,1100,1100,1100,687,2,36,49.69011528300206,12.302499962970614,1075.1705000875518,149.85589519650654
1776607816,300,,Aggregated,0.300000,0.000000,36,54,63,70,89,110,140,200,1100,1100,1100,687,2,36,49.69011528300206,12.302499962970614,1075.1705000875518,149.85589519650654
1776607817,300,,Aggregated,0.300000,0.000000,36,54,63,70,89,110,140,200,1100,1100,1100,687,2,36,49.69011528300206,12.302499962970614,1075.1705000875518,149.85589519650654
1776607818,300,,Aggregated,0.300000,0.000000,37,54,63,70,89,110,140,200,1100,1100,1100,688,2,36,49.703086481692246,12.302499962970614,1075.1705000875518,149.63808139534885
1776607819,300,,Aggregated,0.300000,0.000000,37,54,63,70,89,110,140,200,1100,1100,1100,688,2,36,49.703086481692246,12.302499962970614,1075.1705000875518,149.63808139534885
1776607820,300,,Aggregated,0.300000,0.000000,37,54,63,70,89,110,140,200,1100,1100,1100,688,2,36,49.703086481692246,12.302499962970614,1075.1705000875518,149.63808139534885
1776607821,300,,Aggregated,0.300000,0.000000,37,54,63,70,89,110,140,200,1100,1100,1100,688,2,36,49.703086481692246,12.302499962970614,1075.1705000875518,149.63808139534885
1776607822,300,,Aggregated,0.300000,0.000000,37,54,63,70,89,110,140,200,1100,1100,1100,688,2,36,49.703086481692246,12.302499962970614,1075.1705000875518,149.63808139534885
1776607823,300,,Aggregated,0.300000,0.000000,37,54,63,70,89,110,140,200,1100,1100,1100,688,2,36,49.703086481692246,12.302499962970614,1075.1705000875518,149.63808139534885
1776607824,300,,Aggregated,0.300000,0.000000,37,54,63,70,89,110,140,200,1100,1100,1100,688,2,36,49.703086481692246,12.302499962970614,1075.1705000875518,149.63808139534885
1776607825,300,,Aggregated,0.300000,0.000000,37,54,63,70,89,110,140,200,1100,1100,1100,688,2,36,49.703086481692246,12.302499962970614,1075.1705000875518,149.63808139534885
1776607826,300,,Aggregated,0.300000,0.000000,37,54,63,70,89,110,140,200,1100,1100,1100,688,2,36,49.703086481692246,12.302499962970614,1075.1705000875518,149.63808139534885
1776607827,300,,Aggregated,0.300000,0.000000,37,54,63,70,89,110,140,200,1100,1100,1100,688,2,36,49.703086481692246,12.302499962970614,1075.1705000875518,149.63808139534885
1776607828,300,,Aggregated,0.300000,0.000000,37,54,63,70,89,110,140,200,1100,1100,1100,688,2,36,49.703086481692246,12.302499962970614,1075.1705000875518,149.63808139534885
1776607829,300,,Aggregated,0.300000,0.000000,37,54,63,70,89,110,140,200,1100,1100,1100,688,2,36,49.703086481692246,12.302499962970614,1075.1705000875518,149.63808139534885
1776607830,300,,Aggregated,0.300000,0.000000,37,54,63,70,89,110,140,200,1100,1100,1100,688,2,36,49.703086481692246,12.302499962970614,1075.1705000875518,149.63808139534885
1776607831,300,,Aggregated,0.300000,0.000000,37,54,63,70,89,110,140,200,1100,1100,1100,688,2,36,49.703086481692246,12.302499962970614,1075.1705000875518,149.63808139534885
1776607833,300,,Aggregated,0.300000,0.000000,37,54,63,70,89,110,140,200,1100,1100,1100,688,2,36,49.703086481692246,12.302499962970614,1075.1705000875518,149.63808139534885
1776607834,300,,Aggregated,0.300000,0.000000,37,54,63,70,89,110,140,200,1100,1100,1100,688,2,36,49.703086481692246,12.302499962970614,1075.1705000875518,149.63808139534885
1776607835,300,,Aggregated,0.300000,0.000000,37,54,63,70,89,110,140,200,1100,1100,1100,688,2,36,49.703086481692246,12.302499962970614,1075.1705000875518,149.63808139534885
1776607836,300,,Aggregated,0.300000,0.000000,37,54,63,70,89,110,140,200,1100,1100,1100,688,2,36,49.703086481692246,12.302499962970614,1075.1705000875518,149.63808139534885
1776607837,300,,Aggregated,0.300000,0.000000,37,54,63,70,89,110,140,200,1100,1100,1100,688,2,36,49.703086481692246,12.302499962970614,1075.1705000875518,149.63808139534885
1776607838,300,,Aggregated,0.300000,0.000000,37,54,63,70,89,110,140,200,1100,1100,1100,688,2,36,49.703086481692246,12.302499962970614,1075.1705000875518,149.63808139534885
1776607839,300,,Aggregated,0.300000,0.000000,37,54,63,70,89,110,140,200,1100,1100,1100,688,2,36,49.703086481692246,12.302499962970614,1075.1705000875518,149.63808139534885
1776607840,300,,Aggregated,0.300000,0.000000,37,54,63,70,89,110,140,200,1100,1100,1100,688,2,36,49.703086481692246,12.302499962970614,1075.1705000875518,149.63808139534885
1776607841,300,,Aggregated,0.300000,0.000000,37,54,63,70,89,110,140,200,1100,1100,1100,688,2,36,49.703086481692246,12.302499962970614,1075.1705000875518,149.63808139534885
1776607842,300,,Aggregated,0.300000,0.000000,37,54,63,70,89,110,140,200,1100,1100,1100,688,2,36,49.703086481692246,12.302499962970614,1075.1705000875518,149.63808139534885
1776607843,300,,Aggregated,0.300000,0.000000,37,54,63,70,89,110,140,200,1100,1100,1100,688,2,36,49.703086481692246,12.302499962970614,1075.1705000875518,149.63808139534885
1776607844,300,,Aggregated,0.300000,0.000000,37,54,63,70,89,110,140,200,1100,1100,1100,688,2,36,49.703086481692246,12.302499962970614,1075.1705000875518,149.63808139534885
1776607845,300,,Aggregated,0.300000,0.000000,37,54,63,70,89,110,140,200,1100,1100,1100,688,2,36,49.703086481692246,12.302499962970614,1075.1705000875518,149.63808139534885
1776607846,300,,Aggregated,0.300000,0.000000,37,54,63,70,89,110,140,200,1100,1100,1100,688,2,36,49.703086481692246,12.302499962970614,1075.1705000875518,149.63808139534885
1776607847,300,,Aggregated,0.300000,0.000000,37,54,63,70,89,110,140,200,1100,1100,1100,688,2,36,49.703086481692246,12.302499962970614,1075.1705000875518,149.63808139534885
1776607848,300,,Aggregated,0.300000,0.000000,37,54,63,70,89,110,140,200,1100,1100,1100,688,2,36,49.703086481692246,12.302499962970614,1075.1705000875518,149.63808139534885
1776607849,300,,Aggregated,0.300000,0.000000,37,54,63,70,89,110,140,200,1100,1100,1100,688,2,36,49.703086481692246,12.302499962970614,1075.1705000875518,149.63808139534885
1776607850,300,,Aggregated,0.300000,0.000000,37,54,63,70,89,110,140,200,1100,1100,1100,688,2,36,49.703086481692246,12.302499962970614,1075.1705000875518,149.63808139534885
1776607851,300,,Aggregated,0.300000,0.000000,37,54,63,70,89,110,140,200,1100,1100,1100,688,2,36,49.703086481692246,12.302499962970614,1075.1705000875518,149.63808139534885
1776607852,300,,Aggregated,0.300000,0.000000,37,54,63,70,89,110,140,200,1100,1100,1100,688,2,36,49.703086481692246,12.302499962970614,1075.1705000875518,149.63808139534885
1776607853,300,,Aggregated,0.300000,0.000000,37,54,63,70,89,110,140,200,1100,1100,1100,688,2,36,49.703086481692246,12.302499962970614,1075.1705000875518,149.63808139534885
1776607854,300,,Aggregated,0.300000,0.000000,37,54,63,70,89,110,140,200,1100,1100,1100,688,2,36,49.703086481692246,12.302499962970614,1075.1705000875518,149.63808139534885
1776607855,300,,Aggregated,0.300000,0.000000,37,54,63,70,89,110,140,200,1100,1100,1100,688,2,36,49.703086481692246,12.302499962970614,1075.1705000875518,149.63808139534885
1776607856,300,,Aggregated,0.300000,0.000000,37,54,63,70,89,110,140,200,1100,1100,1100,688,2,36,49.703086481692246,12.302499962970614,1075.1705000875518,149.63808139534885
1776607857,300,,Aggregated,0.300000,0.000000,37,54,63,70,89,110,140,200,1100,1100,1100,688,2,36,49.703086481692246,12.302499962970614,1075.1705000875518,149.63808139534885
1776607858,300,,Aggregated,0.300000,0.000000,37,54,63,70,89,110,140,200,1100,1100,1100,688,2,36,49.703086481692246,12.302499962970614,1075.1705000875518,149.63808139534885
1776607859,300,,Aggregated,0.300000,0.000000,37,54,63,70,89,110,140,200,1100,1100,1100,688,2,36,49.703086481692246,12.302499962970614,1075.1705000875518,149.63808139534885
1776607860,300,,Aggregated,0.300000,0.000000,37,54,63,70,89,110,140,200,1100,1100,1100,688,2,36,49.703086481692246,12.302499962970614,1075.1705000875518,149.63808139534885
1776607861,300,,Aggregated,0.300000,0.000000,37,54,63,70,89,110,140,200,1100,1100,1100,688,2,36,49.703086481692246,12.302499962970614,1075.1705000875518,149.63808139534885
1776607862,300,,Aggregated,0.300000,0.000000,37,54,63,70,89,110,140,200,1100,1100,1100,688,2,36,49.703086481692246,12.302499962970614,1075.1705000875518,149.63808139534885
1776607863,300,,Aggregated,0.300000,0.000000,37,54,63,70,89,110,140,200,1100,1100,1100,688,2,36,49.703086481692246,12.302499962970614,1075.1705000875518,149.63808139534885
1776607864,300,,Aggregated,0.300000,0.000000,37,54,63,70,89,110,140,200,1100,1100,1100,688,2,36,49.703086481692246,12.302499962970614,1075.1705000875518,149.63808139534885
1776607865,300,,Aggregated,0.300000,0.000000,37,54,63,70,89,110,140,200,1100,1100,1100,688,2,36,49.703086481692246,12.302499962970614,1075.1705000875518,149.63808139534885
1776607866,300,,Aggregated,0.300000,0.000000,37,54,63,70,89,110,140,200,1100,1100,1100,688,2,36,49.703086481692246,12.302499962970614,1075.1705000875518,149.63808139534885
1776607867,300,,Aggregated,0.300000,0.000000,37,54,63,70,89,110,140,200,1100,1100,1100,688,2,36,49.703086481692246,12.302499962970614,1075.1705000875518,149.63808139534885
1776607868,300,,Aggregated,0.300000,0.000000,37,54,63,70,89,110,140,200,1100,1100,1100,688,2,36,49.703086481692246,12.302499962970614,1075.1705000875518,149.63808139534885
1776607869,300,,Aggregated,0.300000,0.000000,37,54,63,70,89,110,140,200,1100,1100,1100,688,2,36,49.703086481692246,12.302499962970614,1075.1705000875518,149.63808139534885
1776607870,300,,Aggregated,0.300000,0.000000,37,54,63,70,89,110,140,200,1100,1100,1100,688,2,36,49.703086481692246,12.302499962970614,1075.1705000875518,149.63808139534885
1776607871,300,,Aggregated,0.300000,0.000000,37,54,63,70,89,110,140,200,1100,1100,1100,688,2,36,49.703086481692246,12.302499962970614,1075.1705000875518,149.63808139534885
1776607872,300,,Aggregated,0.300000,0.000000,37,54,63,70,89,110,140,200,1100,1100,1100,688,2,36,49.703086481692246,12.302499962970614,1075.1705000875518,149.63808139534885
1776607873,300,,Aggregated,0.300000,0.000000,37,54,63,70,89,110,140,200,1100,1100,1100,688,2,36,49.703086481692246,12.302499962970614,1075.1705000875518,149.63808139534885
1776607874,300,,Aggregated,0.300000,0.000000,37,54,63,70,89,110,140,200,1100,1100,1100,688,2,36,49.703086481692246,12.302499962970614,1075.1705000875518,149.63808139534885
1776607875,300,,Aggregated,0.300000,0.000000,37,54,63,70,89,110,140,200,1100,1100,1100,688,2,36,49.703086481692246,12.302499962970614,1075.1705000875518,149.63808139534885
1776607876,300,,Aggregated,0.300000,0.000000,37,54,63,70,89,110,140,200,1100,1100,1100,688,2,36,49.703086481692246,12.302499962970614,1075.1705000875518,149.63808139534885
1776607877,300,,Aggregated,0.300000,0.000000,37,54,63,70,89,110,140,200,1100,1100,1100,688,2,36,49.703086481692246,12.302499962970614,1075.1705000875518,149.63808139534885
1776607878,300,,Aggregated,0.300000,0.000000,37,54,63,70,89,110,140,200,1100,1100,1100,688,2,36,49.703086481692246,12.302499962970614,1075.1705000875518,149.63808139534885
1776607879,300,,Aggregated,0.300000,0.000000,37,54,63,70,89,110,140,200,1100,1100,1100,688,2,36,49.703086481692246,12.302499962970614,1075.1705000875518,149.63808139534885
1776607880,300,,Aggregated,0.300000,0.000000,37,54,63,70,89,110,140,200,1100,1100,1100,688,2,36,49.703086481692246,12.302499962970614,1075.1705000875518,149.63808139534885
1776607881,300,,Aggregated,0.300000,0.000000,37,54,63,70,89,110,140,200,1100,1100,1100,688,2,36,49.703086481692246,12.302499962970614,1075.1705000875518,149.63808139534885
1776607882,300,,Aggregated,0.000000,0.000000,37,54,63,70,89,110,140,200,1100,1100,1100,689,2,37,49.74701465817144,12.302499962970614,1075.1705000875518,149.4208998548621
1776607883,300,,Aggregated,0.000000,0.000000,37,54,63,70,89,110,140,200,1100,1100,1100,689,2,37,49.74701465817144,12.302499962970614,1075.1705000875518,149.4208998548621
1776607884,300,,Aggregated,0.000000,0.000000,37,54,63,70,89,110,140,200,1100,1100,1100,689,2,37,49.74701465817144,12.302499962970614,1075.1705000875518,149.4208998548621
1776607885,300,,Aggregated,0.000000,0.000000,37,54,63,70,89,110,140,200,1100,1100,1100,689,2,37,49.74701465817144,12.302499962970614,1075.1705000875518,149.4208998548621
1776607886,300,,Aggregated,0.000000,0.000000,37,54,63,70,89,110,140,200,1100,1100,1100,689,2,37,49.74701465817144,12.302499962970614,1075.1705000875518,149.4208998548621
1776607887,300,,Aggregated,0.000000,0.000000,37,54,63,70,89,110,140,200,1100,1100,1100,689,2,37,49.74701465817144,12.302499962970614,1075.1705000875518,149.4208998548621
1776607888,300,,Aggregated,0.000000,0.000000,37,54,63,70,89,110,140,200,1100,1100,1100,689,2,37,49.74701465817144,12.302499962970614,1075.1705000875518,149.4208998548621
1776607889,300,,Aggregated,0.000000,0.000000,37,54,63,70,89,110,140,200,1100,1100,1100,689,2,37,49.74701465817144,12.302499962970614,1075.1705000875518,149.4208998548621
1776607890,300,,Aggregated,0.000000,0.000000,37,54,63,70,89,110,140,200,1100,1100,1100,689,2,37,49.74701465817144,12.302499962970614,1075.1705000875518,149.4208998548621
1776607891,300,,Aggregated,0.000000,0.000000,37,54,63,70,89,110,140,200,1100,1100,1100,689,2,37,49.74701465817144,12.302499962970614,1075.1705000875518,149.4208998548621
1776607892,300,,Aggregated,0.000000,0.000000,37,54,63,70,89,110,140,200,1100,1100,1100,689,2,37,49.74701465817144,12.302499962970614,1075.1705000875518,149.4208998548621
1776607893,300,,Aggregated,0.000000,0.000000,37,54,63,70,89,110,140,200,1100,1100,1100,689,2,37,49.74701465817144,12.302499962970614,1075.1705000875518,149.4208998548621
1776607894,300,,Aggregated,0.000000,0.000000,37,54,63,70,89,110,140,200,1100,1100,1100,689,2,37,49.74701465817144,12.302499962970614,1075.1705000875518,149.4208998548621
1776607895,300,,Aggregated,0.000000,0.000000,37,54,63,70,89,110,140,200,1100,1100,1100,689,2,37,49.74701465817144,12.302499962970614,1075.1705000875518,149.4208998548621
1776607896,300,,Aggregated,0.000000,0.000000,37,54,63,70,89,110,140,200,1100,1100,1100,689,2,37,49.74701465817144,12.302499962970614,1075.1705000875518,149.4208998548621
1776607897,300,,Aggregated,0.000000,0.000000,37,54,63,70,89,110,140,200,1100,1100,1100,689,2,37,49.74701465817144,12.302499962970614,1075.1705000875518,149.4208998548621
1776607898,300,,Aggregated,0.000000,0.000000,37,54,63,70,89,110,140,200,1100,1100,1100,689,2,37,49.74701465817144,12.302499962970614,1075.1705000875518,149.4208998548621
1776607899,300,,Aggregated,0.000000,0.000000,37,54,63,70,89,110,140,200,1100,1100,1100,689,2,37,49.74701465817144,12.302499962970614,1075.1705000875518,149.4208998548621
1776607900,300,,Aggregated,0.000000,0.000000,37,54,63,70,89,110,140,200,1100,1100,1100,689,2,37,49.74701465817144,12.302499962970614,1075.1705000875518,149.4208998548621
1776607901,300,,Aggregated,0.000000,0.000000,37,54,63,70,89,110,140,200,1100,1100,1100,689,2,37,49.74701465817144,12.302499962970614,1075.1705000875518,149.4208998548621
1776607902,300,,Aggregated,0.000000,0.000000,37,54,63,70,89,110,140,200,1100,1100,1100,690,3,37,49.737545941362455,12.302499962970614,1075.1705000875518,149.20434782608694
1776607903,300,,Aggregated,0.000000,0.000000,37,54,63,70,89,110,140,200,1100,1100,1100,690,3,37,49.737545941362455,12.302499962970614,1075.1705000875518,149.20434782608694
1776607904,300,,Aggregated,0.000000,0.000000,37,54,63,70,89,110,140,200,1100,1100,1100,690,3,37,49.737545941362455,12.302499962970614,1075.1705000875518,149.20434782608694
1776607905,300,,Aggregated,0.000000,0.000000,37,54,63,70,89,110,140,200,1100,1100,1100,690,3,37,49.737545941362455,12.302499962970614,1075.1705000875518,149.20434782608694
1776607906,300,,Aggregated,0.100000,0.100000,37,54,63,70,89,110,140,200,1100,1100,1100,691,3,37,49.810931403102295,12.302499962970614,1075.1705000875518,148.98842257597684
1776607907,300,,Aggregated,0.100000,0.100000,37,54,63,70,89,110,140,200,1100,1100,1100,691,3,37,49.810931403102295,12.302499962970614,1075.1705000875518,148.98842257597684
1776607908,300,,Aggregated,0.100000,0.100000,37,54,63,70,89,110,140,200,1100,1100,1100,691,3,37,49.810931403102295,12.302499962970614,1075.1705000875518,148.98842257597684
1776607909,300,,Aggregated,0.100000,0.100000,37,54,63,70,89,110,140,200,1100,1100,1100,691,3,37,49.810931403102295,12.302499962970614,1075.1705000875518,148.98842257597684
1776607910,300,,Aggregated,0.100000,0.100000,37,54,63,70,89,110,140,200,1100,1100,1100,691,3,37,49.810931403102295,12.302499962970614,1075.1705000875518,148.98842257597684
1776607911,300,,Aggregated,0.100000,0.100000,37,54,63,70,89,110,140,200,1100,1100,1100,691,3,37,49.810931403102295,12.302499962970614,1075.1705000875518,148.98842257597684
1776607912,300,,Aggregated,0.100000,0.100000,37,54,63,70,89,110,140,200,1100,1100,1100,691,3,37,49.810931403102295,12.302499962970614,1075.1705000875518,148.98842257597684
1776607913,300,,Aggregated,0.100000,0.100000,37,54,63,70,89,110,140,200,1100,1100,1100,691,3,37,49.810931403102295,12.302499962970614,1075.1705000875518,148.98842257597684
1776607914,300,,Aggregated,0.100000,0.100000,37,54,63,70,89,110,140,200,1100,1100,1100,691,3,37,49.810931403102295,12.302499962970614,1075.1705000875518,148.98842257597684
1776607915,300,,Aggregated,0.100000,0.100000,37,54,63,70,89,110,140,200,1100,1100,1100,691,3,37,49.810931403102295,12.302499962970614,1075.1705000875518,148.98842257597684
1776607916,300,,Aggregated,0.100000,0.100000,37,54,63,70,89,110,140,200,1100,1100,1100,691,3,37,49.810931403102295,12.302499962970614,1075.1705000875518,148.98842257597684
1776607917,300,,Aggregated,0.100000,0.100000,37,54,63,70,89,110,140,200,1100,1100,1100,691,3,37,49.810931403102295,12.302499962970614,1075.1705000875518,148.98842257597684
1776607918,300,,Aggregated,0.100000,0.000000,37,54,63,70,89,110,140,200,1100,1100,1100,692,3,37,49.80540173340217,12.302499962970614,1075.1705000875518,148.77312138728323
1776607919,300,,Aggregated,0.100000,0.000000,37,54,63,70,89,110,140,200,1100,1100,1100,692,3,37,49.80540173340217,12.302499962970614,1075.1705000875518,148.77312138728323
1776607920,300,,Aggregated,0.100000,0.000000,37,54,63,70,89,110,140,200,1100,1100,1100,692,3,37,49.80540173340217,12.302499962970614,1075.1705000875518,148.77312138728323
1776607921,300,,Aggregated,0.100000,0.000000,37,54,63,70,89,110,140,200,1100,1100,1100,692,3,37,49.80540173340217,12.302499962970614,1075.1705000875518,148.77312138728323
1776607922,300,,Aggregated,0.100000,0.000000,37,54,63,70,89,110,140,200,1100,1100,1100,692,3,37,49.80540173340217,12.302499962970614,1075.1705000875518,148.77312138728323
1776607923,300,,Aggregated,0.100000,0.000000,37,54,63,70,89,110,140,200,1100,1100,1100,692,3,37,49.80540173340217,12.302499962970614,1075.1705000875518,148.77312138728323
1776607924,300,,Aggregated,0.100000,0.000000,37,54,63,70,89,110,140,200,1100,1100,1100,692,3,37,49.80540173340217,12.302499962970614,1075.1705000875518,148.77312138728323
1776607925,300,,Aggregated,0.100000,0.000000,37,54,63,70,89,110,140,200,1100,1100,1100,693,3,37,49.825311687467206,12.302499962970614,1075.1705000875518,148.55844155844156
1776607926,300,,Aggregated,0.100000,0.000000,37,54,63,70,89,110,140,200,1100,1100,1100,693,3,37,49.825311687467206,12.302499962970614,1075.1705000875518,148.55844155844156
1776607927,300,,Aggregated,0.100000,0.000000,37,54,63,70,89,110,140,200,1100,1100,1100,693,3,37,49.825311687467206,12.302499962970614,1075.1705000875518,148.55844155844156
1776607928,300,,Aggregated,0.100000,0.000000,37,54,63,70,89,110,140,200,1100,1100,1100,693,3,37,49.825311687467206,12.302499962970614,1075.1705000875518,148.55844155844156
1776607929,300,,Aggregated,0.100000,0.000000,37,54,63,70,89,110,140,200,1100,1100,1100,693,3,37,49.825311687467206,12.302499962970614,1075.1705000875518,148.55844155844156
1776607930,300,,Aggregated,0.100000,0.000000,37,54,63,70,89,110,140,200,1100,1100,1100,693,3,37,49.825311687467206,12.302499962970614,1075.1705000875518,148.55844155844156
1776607931,300,,Aggregated,0.100000,0.000000,38,55,63,70,89,110,140,200,1100,1100,1100,694,3,37,49.92206469654597,12.302499962970614,1075.1705000875518,148.34438040345822
1776607932,300,,Aggregated,0.100000,0.000000,38,55,63,70,89,110,140,200,1100,1100,1100,694,3,37,49.92206469654597,12.302499962970614,1075.1705000875518,148.34438040345822
1776607933,300,,Aggregated,0.100000,0.000000,38,55,63,70,89,110,140,200,1100,1100,1100,694,3,37,49.92206469654597,12.302499962970614,1075.1705000875518,148.34438040345822
1776607934,300,,Aggregated,0.200000,0.000000,38,55,64,70,89,110,140,200,1100,1100,1100,695,3,38,49.942864747315966,12.302499962970614,1075.1705000875518,148.13093525179855
1776607935,300,,Aggregated,0.200000,0.000000,38,55,64,70,89,110,140,200,1100,1100,1100,695,3,38,49.942864747315966,12.302499962970614,1075.1705000875518,148.13093525179855
1776607937,300,,Aggregated,0.200000,0.000000,38,55,64,70,89,110,140,200,1100,1100,1100,695,3,38,49.942864747315966,12.302499962970614,1075.1705000875518,148.13093525179855
1776607938,300,,Aggregated,0.200000,0.000000,38,55,64,70,89,110,140,200,1100,1100,1100,695,3,38,49.942864747315966,12.302499962970614,1075.1705000875518,148.13093525179855
1776607939,300,,Aggregated,0.200000,0.000000,38,55,64,70,89,110,140,200,1100,1100,1100,695,3,38,49.942864747315966,12.302499962970614,1075.1705000875518,148.13093525179855
1776607940,300,,Aggregated,0.200000,0.000000,38,55,64,70,89,110,140,200,1100,1100,1100,695,3,38,49.942864747315966,12.302499962970614,1075.1705000875518,148.13093525179855
1776607941,300,,Aggregated,0.200000,0.000000,38,55,64,70,89,110,140,200,1100,1100,1100,696,3,38,49.96750474039026,12.302499962970614,1075.1705000875518,147.91810344827587
1776607942,300,,Aggregated,0.200000,0.000000,38,55,64,70,89,110,140,200,1100,1100,1100,696,3,38,49.96750474039026,12.302499962970614,1075.1705000875518,147.91810344827587
1776607943,300,,Aggregated,0.200000,0.000000,38,55,64,70,89,110,140,200,1100,1100,1100,696,3,38,49.96750474039026,12.302499962970614,1075.1705000875518,147.91810344827587
1776607944,300,,Aggregated,0.200000,0.000000,38,55,64,70,89,110,140,200,1100,1100,1100,696,3,38,49.96750474039026,12.302499962970614,1075.1705000875518,147.91810344827587
1776607945,300,,Aggregated,0.200000,0.000000,38,55,64,70,89,110,140,200,1100,1100,1100,696,3,38,49.96750474039026,12.302499962970614,1075.1705000875518,147.91810344827587
1776607946,300,,Aggregated,0.200000,0.000000,38,55,64,70,89,110,140,200,1100,1100,1100,696,3,38,49.96750474039026,12.302499962970614,1075.1705000875518,147.91810344827587
1776607947,300,,Aggregated,0.200000,0.000000,38,55,64,70,89,110,140,200,1100,1100,1100,696,3,38,49.96750474039026,12.302499962970614,1075.1705000875518,147.91810344827587
1776607948,300,,Aggregated,0.200000,0.000000,38,55,64,70,89,110,140,200,1100,1100,1100,696,3,38,49.96750474039026,12.302499962970614,1075.1705000875518,147.91810344827587
1776607949,300,,Aggregated,0.200000,0.000000,38,55,64,70,89,110,140,200,1100,1100,1100,696,3,38,49.96750474039026,12.302499962970614,1075.1705000875518,147.91810344827587
1776607950,300,,Aggregated,0.200000,0.000000,38,55,64,70,89,110,140,200,1100,1100,1100,696,3,38,49.96750474039026,12.302499962970614,1075.1705000875518,147.91810344827587
1776607951,300,,Aggregated,0.200000,0.000000,38,55,64,70,89,110,140,200,1100,1100,1100,696,3,38,49.96750474039026,12.302499962970614,1075.1705000875518,147.91810344827587
1776607952,300,,Aggregated,0.200000,0.000000,38,55,64,70,89,110,140,200,1100,1100,1100,696,3,38,49.96750474039026,12.302499962970614,1075.1705000875518,147.91810344827587
1776607953,300,,Aggregated,0.200000,0.000000,38,55,64,70,89,110,140,200,1100,1100,1100,696,3,38,49.96750474039026,12.302499962970614,1075.1705000875518,147.91810344827587
1776607954,300,,Aggregated,0.200000,0.000000,38,55,64,70,89,110,140,200,1100,1100,1100,696,3,38,49.96750474039026,12.302499962970614,1075.1705000875518,147.91810344827587
1776607955,300,,Aggregated,0.200000,0.000000,38,55,64,70,89,110,140,200,1100,1100,1100,696,3,38,49.96750474039026,12.302499962970614,1075.1705000875518,147.91810344827587
1776607956,300,,Aggregated,0.200000,0.000000,38,55,64,70,89,110,140,200,1100,1100,1100,696,3,38,49.96750474039026,12.302499962970614,1075.1705000875518,147.91810344827587
1776607957,300,,Aggregated,0.200000,0.000000,38,55,64,70,89,110,140,200,1100,1100,1100,696,3,38,49.96750474039026,12.302499962970614,1075.1705000875518,147.91810344827587
1776607958,300,,Aggregated,0.200000,0.000000,38,55,64,70,89,110,140,200,1100,1100,1100,696,3,38,49.96750474039026,12.302499962970614,1075.1705000875518,147.91810344827587
1776607959,300,,Aggregated,0.200000,0.000000,38,55,64,70,89,110,140,200,1100,1100,1100,696,3,38,49.96750474039026,12.302499962970614,1075.1705000875518,147.91810344827587
1776607960,300,,Aggregated,0.200000,0.000000,38,55,64,70,89,110,140,200,1100,1100,1100,696,3,38,49.96750474039026,12.302499962970614,1075.1705000875518,147.91810344827587
1776607961,300,,Aggregated,0.200000,0.000000,38,55,64,70,89,110,140,200,1100,1100,1100,696,3,38,49.96750474039026,12.302499962970614,1075.1705000875518,147.91810344827587
1776607962,300,,Aggregated,0.200000,0.000000,38,55,64,70,89,110,140,200,1100,1100,1100,696,3,38,49.96750474039026,12.302499962970614,1075.1705000875518,147.91810344827587
1776607963,300,,Aggregated,0.200000,0.000000,38,55,64,70,89,110,140,200,1100,1100,1100,696,3,38,49.96750474039026,12.302499962970614,1075.1705000875518,147.91810344827587
1776607964,300,,Aggregated,0.200000,0.000000,38,55,64,70,89,110,140,200,1100,1100,1100,696,3,38,49.96750474039026,12.302499962970614,1075.1705000875518,147.91810344827587
1776607965,300,,Aggregated,0.200000,0.000000,38,55,64,70,89,110,140,200,1100,1100,1100,696,3,38,49.96750474039026,12.302499962970614,1075.1705000875518,147.91810344827587
1776607966,300,,Aggregated,0.200000,0.000000,38,55,64,70,89,110,140,200,1100,1100,1100,696,3,38,49.96750474039026,12.302499962970614,1075.1705000875518,147.91810344827587
1776607967,300,,Aggregated,0.200000,0.000000,38,55,64,70,89,110,140,200,1100,1100,1100,696,3,38,49.96750474039026,12.302499962970614,1075.1705000875518,147.91810344827587
1776607968,300,,Aggregated,0.200000,0.000000,38,55,64,70,89,110,140,200,1100,1100,1100,696,3,38,49.96750474039026,12.302499962970614,1075.1705000875518,147.91810344827587
1776607969,300,,Aggregated,0.200000,0.000000,38,55,64,70,89,110,140,200,1100,1100,1100,696,3,38,49.96750474039026,12.302499962970614,1075.1705000875518,147.91810344827587
1776607970,300,,Aggregated,0.200000,0.000000,38,55,64,70,89,110,140,200,1100,1100,1100,696,3,38,49.96750474039026,12.302499962970614,1075.1705000875518,147.91810344827587
1776607971,300,,Aggregated,0.200000,0.000000,38,55,64,70,89,110,140,200,1100,1100,1100,696,3,38,49.96750474039026,12.302499962970614,1075.1705000875518,147.91810344827587
1776607972,300,,Aggregated,0.200000,0.000000,38,55,64,70,89,110,140,200,1100,1100,1100,696,3,38,49.96750474039026,12.302499962970614,1075.1705000875518,147.91810344827587
1776607973,300,,Aggregated,0.200000,0.000000,38,55,64,70,89,110,140,200,1100,1100,1100,696,3,38,49.96750474039026,12.302499962970614,1075.1705000875518,147.91810344827587
1776607974,300,,Aggregated,0.200000,0.000000,38,55,64,70,89,110,140,200,1100,1100,1100,696,3,38,49.96750474039026,12.302499962970614,1075.1705000875518,147.91810344827587
1776607975,300,,Aggregated,0.200000,0.000000,38,55,64,70,89,110,140,200,1100,1100,1100,696,3,38,49.96750474039026,12.302499962970614,1075.1705000875518,147.91810344827587
1776607976,300,,Aggregated,0.200000,0.000000,38,55,64,70,89,110,140,200,1100,1100,1100,696,3,38,49.96750474039026,12.302499962970614,1075.1705000875518,147.91810344827587
1776607977,300,,Aggregated,0.200000,0.000000,38,55,64,70,89,110,140,200,1100,1100,1100,696,3,38,49.96750474039026,12.302499962970614,1075.1705000875518,147.91810344827587
1776607978,300,,Aggregated,0.200000,0.000000,38,55,64,70,89,110,140,200,1100,1100,1100,696,3,38,49.96750474039026,12.302499962970614,1075.1705000875518,147.91810344827587
1776607979,300,,Aggregated,0.200000,0.000000,38,55,64,70,89,110,140,200,1100,1100,1100,696,3,38,49.96750474039026,12.302499962970614,1075.1705000875518,147.91810344827587
1776607980,300,,Aggregated,0.200000,0.000000,38,55,64,70,89,110,140,200,1100,1100,1100,696,3,38,49.96750474039026,12.302499962970614,1075.1705000875518,147.91810344827587
1776607981,300,,Aggregated,0.200000,0.000000,38,55,64,70,89,110,140,200,1100,1100,1100,696,3,38,49.96750474039026,12.302499962970614,1075.1705000875518,147.91810344827587
1776607982,300,,Aggregated,0.200000,0.000000,38,55,64,70,89,110,140,200,1100,1100,1100,696,3,38,49.96750474039026,12.302499962970614,1075.1705000875518,147.91810344827587
1776607983,300,,Aggregated,0.200000,0.000000,38,55,64,70,89,110,140,200,1100,1100,1100,696,3,38,49.96750474039026,12.302499962970614,1075.1705000875518,147.91810344827587
1776607984,300,,Aggregated,0.200000,0.000000,38,55,64,70,89,110,140,200,1100,1100,1100,696,3,38,49.96750474039026,12.302499962970614,1075.1705000875518,147.91810344827587
1776607985,300,,Aggregated,0.200000,0.000000,38,55,64,70,89,110,140,200,1100,1100,1100,696,3,38,49.96750474039026,12.302499962970614,1075.1705000875518,147.91810344827587
1776607986,300,,Aggregated,0.200000,0.000000,38,55,64,70,89,110,140,200,1100,1100,1100,696,3,38,49.96750474039026,12.302499962970614,1075.1705000875518,147.91810344827587
1776607987,300,,Aggregated,0.200000,0.000000,38,55,64,70,89,110,140,200,1100,1100,1100,696,3,38,49.96750474039026,12.302499962970614,1075.1705000875518,147.91810344827587
1776607988,300,,Aggregated,0.200000,0.000000,38,55,64,70,89,110,140,200,1100,1100,1100,696,3,38,49.96750474039026,12.302499962970614,1075.1705000875518,147.91810344827587
1776607989,300,,Aggregated,0.200000,0.000000,38,55,64,70,89,110,140,200,1100,1100,1100,696,3,38,49.96750474039026,12.302499962970614,1075.1705000875518,147.91810344827587
1776607990,300,,Aggregated,0.200000,0.000000,38,55,64,70,89,110,140,200,1100,1100,1100,696,3,38,49.96750474039026,12.302499962970614,1075.1705000875518,147.91810344827587
1776607991,300,,Aggregated,0.200000,0.000000,38,55,64,70,89,110,140,200,1100,1100,1100,696,3,38,49.96750474039026,12.302499962970614,1075.1705000875518,147.91810344827587
1776607992,300,,Aggregated,0.200000,0.000000,38,55,64,70,89,110,140,200,1100,1100,1100,696,3,38,49.96750474039026,12.302499962970614,1075.1705000875518,147.91810344827587
1776607993,300,,Aggregated,0.000000,0.000000,38,55,64,70,89,110,140,200,1100,1100,1100,697,3,38,49.965099998952894,12.302499962970614,1075.1705000875518,147.7058823529412
1776607994,300,,Aggregated,0.000000,0.000000,38,55,64,70,89,110,140,200,1100,1100,1100,697,3,38,49.965099998952894,12.302499962970614,1075.1705000875518,147.7058823529412
1776607995,300,,Aggregated,0.000000,0.000000,38,55,64,70,89,110,140,200,1100,1100,1100,697,3,38,49.965099998952894,12.302499962970614,1075.1705000875518,147.7058823529412
1776607996,300,,Aggregated,0.000000,0.000000,38,55,64,70,89,110,140,200,1100,1100,1100,697,3,38,49.965099998952894,12.302499962970614,1075.1705000875518,147.7058823529412
1776607997,300,,Aggregated,0.000000,0.000000,38,55,64,70,89,110,140,200,1100,1100,1100,697,3,38,49.965099998952894,12.302499962970614,1075.1705000875518,147.7058823529412
1776607998,300,,Aggregated,0.000000,0.000000,38,55,64,70,89,110,140,200,1100,1100,1100,697,3,38,49.965099998952894,12.302499962970614,1075.1705000875518,147.7058823529412
1776607999,300,,Aggregated,0.000000,0.000000,38,55,64,70,89,110,140,200,1100,1100,1100,697,3,38,49.965099998952894,12.302499962970614,1075.1705000875518,147.7058823529412
1776608000,300,,Aggregated,0.000000,0.000000,38,55,64,70,89,110,140,200,1100,1100,1100,697,3,38,49.965099998952894,12.302499962970614,1075.1705000875518,147.7058823529412
1776608001,300,,Aggregated,0.000000,0.000000,38,55,64,70,89,110,140,200,1100,1100,1100,697,3,38,49.965099998952894,12.302499962970614,1075.1705000875518,147.7058823529412
1776608002,300,,Aggregated,0.000000,0.000000,38,55,64,70,89,110,140,200,1100,1100,1100,697,3,38,49.965099998952894,12.302499962970614,1075.1705000875518,147.7058823529412
1776608003,300,,Aggregated,0.000000,0.000000,38,55,64,70,89,110,140,200,1100,1100,1100,697,3,38,49.965099998952894,12.302499962970614,1075.1705000875518,147.7058823529412
1776608004,300,,Aggregated,0.000000,0.000000,38,55,64,70,89,110,140,200,1100,1100,1100,697,3,38,49.965099998952894,12.302499962970614,1075.1705000875518,147.7058823529412
1776608005,300,,Aggregated,0.000000,0.000000,38,55,64,70,89,110,140,200,1100,1100,1100,697,3,38,49.965099998952894,12.302499962970614,1075.1705000875518,147.7058823529412
1776608006,300,,Aggregated,0.000000,0.000000,38,55,64,70,89,110,140,200,1100,1100,1100,697,3,38,49.965099998952894,12.302499962970614,1075.1705000875518,147.7058823529412
1776608007,300,,Aggregated,0.000000,0.000000,38,55,64,70,89,110,140,200,1100,1100,1100,698,3,38,49.95503137438534,12.302499962970614,1075.1705000875518,147.4942693409742
1776608008,300,,Aggregated,0.000000,0.000000,38,55,64,70,89,110,140,200,1100,1100,1100,698,3,38,49.95503137438534,12.302499962970614,1075.1705000875518,147.4942693409742
1776608009,300,,Aggregated,0.000000,0.000000,38,55,64,70,89,110,140,200,1100,1100,1100,698,3,38,49.95503137438534,12.302499962970614,1075.1705000875518,147.4942693409742
1776608010,300,,Aggregated,0.000000,0.000000,38,55,64,70,89,110,140,200,1100,1100,1100,698,3,38,49.95503137438534,12.302499962970614,1075.1705000875518,147.4942693409742
1776608011,300,,Aggregated,0.000000,0.000000,38,55,64,70,89,110,140,200,1100,1100,1100,698,3,38,49.95503137438534,12.302499962970614,1075.1705000875518,147.4942693409742
1776608012,300,,Aggregated,0.000000,0.000000,38,55,64,70,89,110,140,200,1100,1100,1100,698,3,38,49.95503137438534,12.302499962970614,1075.1705000875518,147.4942693409742
1776608013,300,,Aggregated,0.000000,0.000000,38,55,64,70,89,110,140,200,1100,1100,1100,698,3,38,49.95503137438534,12.302499962970614,1075.1705000875518,147.4942693409742
1776608014,300,,Aggregated,0.000000,0.000000,38,55,64,70,89,110,140,200,1100,1100,1100,698,3,38,49.95503137438534,12.302499962970614,1075.1705000875518,147.4942693409742
1776608015,300,,Aggregated,0.000000,0.000000,38,55,64,70,89,110,140,200,1100,1100,1100,698,3,38,49.95503137438534,12.302499962970614,1075.1705000875518,147.4942693409742
1776608016,300,,Aggregated,0.000000,0.000000,38,55,64,70,89,110,140,200,1100,1100,1100,698,3,38,49.95503137438534,12.302499962970614,1075.1705000875518,147.4942693409742
1776608017,300,,Aggregated,0.000000,0.000000,38,55,64,70,89,110,140,200,1100,1100,1100,698,3,38,49.95503137438534,12.302499962970614,1075.1705000875518,147.4942693409742
1776608018,300,,Aggregated,0.100000,0.000000,38,55,64,70,89,110,140,200,1100,1100,1100,699,4,38,49.916031186333,12.302499962970614,1075.1705000875518,147.2832618025751
1776608019,300,,Aggregated,0.100000,0.000000,38,55,64,70,89,110,140,200,1100,1100,1100,699,4,38,49.916031186333,12.302499962970614,1075.1705000875518,147.2832618025751
1776608020,300,,Aggregated,0.100000,0.000000,38,55,64,70,89,110,140,200,1100,1100,1100,699,4,38,49.916031186333,12.302499962970614,1075.1705000875518,147.2832618025751
1776608021,300,,Aggregated,0.100000,0.000000,38,55,64,70,89,110,140,200,1100,1100,1100,699,4,38,49.916031186333,12.302499962970614,1075.1705000875518,147.2832618025751
1776608022,300,,Aggregated,0.100000,0.000000,38,55,64,70,89,110,140,200,1100,1100,1100,699,4,38,49.916031186333,12.302499962970614,1075.1705000875518,147.2832618025751
1776608023,300,,Aggregated,0.100000,0.000000,38,55,64,70,89,110,140,200,1100,1100,1100,699,4,38,49.916031186333,12.302499962970614,1075.1705000875518,147.2832618025751
1776608024,300,,Aggregated,0.100000,0.000000,38,55,64,70,89,110,140,200,1100,1100,1100,699,4,38,49.916031186333,12.302499962970614,1075.1705000875518,147.2832618025751
1776608025,300,,Aggregated,0.100000,0.000000,38,55,64,70,89,110,140,200,1100,1100,1100,699,4,38,49.916031186333,12.302499962970614,1075.1705000875518,147.2832618025751
1776608026,300,,Aggregated,0.100000,0.000000,38,55,64,70,89,110,140,200,1100,1100,1100,699,4,38,49.916031186333,12.302499962970614,1075.1705000875518,147.2832618025751
1776608027,300,,Aggregated,0.100000,0.000000,38,55,64,70,89,110,140,200,1100,1100,1100,699,4,38,49.916031186333,12.302499962970614,1075.1705000875518,147.2832618025751
1776608028,300,,Aggregated,0.100000,0.000000,38,55,64,70,89,110,140,200,1100,1100,1100,699,4,38,49.916031186333,12.302499962970614,1075.1705000875518,147.2832618025751
1776608029,300,,Aggregated,0.100000,0.000000,38,55,64,70,89,110,140,200,1100,1100,1100,699,4,38,49.916031186333,12.302499962970614,1075.1705000875518,147.2832618025751
1776608030,300,,Aggregated,0.100000,0.000000,38,55,64,70,89,110,140,200,1100,1100,1100,699,4,38,49.916031186333,12.302499962970614,1075.1705000875518,147.2832618025751
1776608031,300,,Aggregated,0.100000,0.000000,38,55,64,70,89,110,140,200,1100,1100,1100,699,4,38,49.916031186333,12.302499962970614,1075.1705000875518,147.2832618025751
1776608032,300,,Aggregated,0.100000,0.000000,38,55,64,70,89,110,140,200,1100,1100,1100,699,4,38,49.916031186333,12.302499962970614,1075.1705000875518,147.2832618025751
1776608033,300,,Aggregated,0.100000,0.000000,38,55,64,70,89,110,140,200,1100,1100,1100,699,4,38,49.916031186333,12.302499962970614,1075.1705000875518,147.2832618025751
1776608034,300,,Aggregated,0.100000,0.000000,38,55,64,70,89,110,140,200,1100,1100,1100,699,4,38,49.916031186333,12.302499962970614,1075.1705000875518,147.2832618025751
1776608035,300,,Aggregated,0.100000,0.000000,38,55,64,70,89,110,140,200,1100,1100,1100,699,4,38,49.916031186333,12.302499962970614,1075.1705000875518,147.2832618025751
1776608036,300,,Aggregated,0.100000,0.000000,38,55,64,70,89,110,140,200,1100,1100,1100,699,4,38,49.916031186333,12.302499962970614,1075.1705000875518,147.2832618025751
1776608037,300,,Aggregated,0.100000,0.000000,38,55,64,70,89,110,140,200,1100,1100,1100,699,4,38,49.916031186333,12.302499962970614,1075.1705000875518,147.2832618025751
1776608038,300,,Aggregated,0.100000,0.000000,38,55,64,70,89,110,140,200,1100,1100,1100,699,4,38,49.916031186333,12.302499962970614,1075.1705000875518,147.2832618025751
1776608039,300,,Aggregated,0.100000,0.000000,38,55,64,70,89,110,140,200,1100,1100,1100,699,4,38,49.916031186333,12.302499962970614,1075.1705000875518,147.2832618025751
1776608040,300,,Aggregated,0.100000,0.000000,38,55,64,70,89,110,140,200,1100,1100,1100,699,4,38,49.916031186333,12.302499962970614,1075.1705000875518,147.2832618025751
1776608041,300,,Aggregated,0.100000,0.000000,38,55,64,70,89,110,140,200,1100,1100,1100,699,4,38,49.916031186333,12.302499962970614,1075.1705000875518,147.2832618025751
1776608042,300,,Aggregated,0.100000,0.000000,38,55,64,70,89,110,140,200,1100,1100,1100,699,4,38,49.916031186333,12.302499962970614,1075.1705000875518,147.2832618025751
1776608043,300,,Aggregated,0.100000,0.000000,38,55,64,70,89,110,140,200,1100,1100,1100,699,4,38,49.916031186333,12.302499962970614,1075.1705000875518,147.2832618025751
1776608044,300,,Aggregated,0.100000,0.000000,38,55,64,70,89,110,140,200,1100,1100,1100,699,4,38,49.916031186333,12.302499962970614,1075.1705000875518,147.2832618025751
1776608045,300,,Aggregated,0.100000,0.000000,38,55,64,70,89,110,140,200,1100,1100,1100,699,4,38,49.916031186333,12.302499962970614,1075.1705000875518,147.2832618025751
1776608046,300,,Aggregated,0.100000,0.000000,38,55,64,70,89,110,140,200,1100,1100,1100,699,4,38,49.916031186333,12.302499962970614,1075.1705000875518,147.2832618025751
