Timestamp,User Count,Type,Name,Requests/s,Failures/s,50%,66%,75%,80%,90%,95%,98%,99%,99.9%,99.99%,100%,Total Request Count,Total Failure Count,Total Median Response Time,Total Average Response Time,Total Min Response Time,Total Max Response Time,Total Average Content Size
1778661533,0,,Aggregated,0.000000,0.000000,N/A,N/A,N/A,N/A,N/A,N/A,N/A,N/A,N/A,N/A,N/A,0,0,0,0.0,0,0,0
1778661534,1,,Aggregated,0.000000,0.000000,190,190,190,190,190,190,190,190,190,190,190,2,0,36.24419999687234,114.10344999967492,36.24419999687234,191.9627000024775,172.0
1778661535,2,,Aggregated,0.000000,0.000000,46,46,190,190,190,190,190,190,190,190,190,4,0,36,73.6425999984931,20.407199997862335,191.9627000024775,172.0
1778661536,3,,Aggregated,0.000000,0.000000,46,46,58,58,190,190,190,190,190,190,190,6,0,36,64.82196666668945,20.407199997862335,191.9627000024775,172.0
1778661537,5,,Aggregated,2.000000,0.000000,41,46,58,58,190,190,190,190,190,190,190,8,0,36,56.03626249921945,18.324899996514432,191.9627000024775,172.0
1778661538,6,,Aggregated,2.000000,0.000000,46,56,58,76,190,190,190,190,190,190,190,10,0,41,58.089839999593096,18.324899996514432,191.9627000024775,172.0
1778661539,7,,Aggregated,2.000000,0.000000,46,56,76,76,76,190,190,190,190,190,190,12,0,41,57.204858333231336,18.324899996514432,191.9627000024775,172.0
1778661540,8,,Aggregated,2.000000,0.000000,46,58,61,76,76,190,190,190,190,190,190,14,0,41,55.12640714264957,18.324899996514432,191.9627000024775,172.0
1778661541,9,,Aggregated,2.000000,0.000000,41,56,58,61,76,190,190,190,190,190,190,17,0,41,51.50648823516402,18.324899996514432,191.9627000024775,161.88235294117646
1778661542,10,,Aggregated,2.000000,0.000000,37,47,58,61,76,190,190,190,190,190,190,19,0,37,49.31563684199079,18.324899996514432,191.9627000024775,162.94736842105263
1778661543,11,,Aggregated,2.000000,0.000000,37,47,58,61,76,99,190,190,190,190,190,21,0,37,50.75831428534695,18.324899996514432,191.9627000024775,163.8095238095238
1778661544,12,,Aggregated,2.000000,0.000000,37,56,61,76,99,170,190,190,190,190,190,23,0,37,54.87112608661055,18.324899996514432,191.9627000024775,164.52173913043478
1778661545,13,,Aggregated,2.111111,0.000000,37,47,58,76,99,170,190,190,190,190,190,25,0,37,53.32914799975697,18.324899996514432,191.9627000024775,165.12
1778661546,14,,Aggregated,2.100000,0.000000,37,46,58,61,99,170,190,190,190,190,190,27,0,37,51.822218518214804,18.324899996514432,191.9627000024775,165.62962962962962
1778661547,15,,Aggregated,2.100000,0.000000,37,46,56,61,99,170,190,190,190,190,190,29,0,37,50.66413793071567,18.324899996514432,191.9627000024775,166.06896551724137
1778661548,16,,Aggregated,2.100000,0.000000,37,46,58,61,99,170,190,190,190,190,190,31,0,37,51.30623548381752,18.324899996514432,191.9627000024775,166.4516129032258
1778661549,17,,Aggregated,2.100000,0.000000,37,46,56,61,99,170,190,190,190,190,190,33,0,37,50.47384545468958,18.324899996514432,191.9627000024775,166.78787878787878
1778661550,18,,Aggregated,2.100000,0.000000,37,47,58,76,100,170,190,190,190,190,190,35,0,37,52.35079714309125,18.324899996514432,191.9627000024775,167.0857142857143
1778661551,19,,Aggregated,2.100000,0.000000,37,47,56,61,100,170,190,190,190,190,190,37,0,37,51.33391081117962,18.324899996514432,191.9627000024775,167.35135135135135
1778661552,20,,Aggregated,2.100000,0.000000,37,47,58,76,140,170,190,190,190,190,190,39,0,37,52.679441025807485,18.324899996514432,191.9627000024775,167.5897435897436
1778661553,21,,Aggregated,2.100000,0.000000,39,54,61,76,150,170,720,720,720,720,720,41,0,39,71.90566585365848,18.324899996514432,719.0392999982578,167.8048780487805
1778661554,22,,Aggregated,2.100000,0.000000,41,56,76,99,150,170,720,720,720,720,720,43,0,41,72.97854186042461,18.324899996514432,719.0392999982578,168.0
1778661555,23,,Aggregated,2.000000,0.000000,43,58,70,99,150,170,720,720,720,720,720,45,0,43,72.45251777769428,18.324899996514432,719.0392999982578,168.17777777777778
1778661556,24,,Aggregated,2.000000,0.000000,45,61,76,99,170,190,790,790,790,790,790,47,0,45,87.72199787214979,18.324899996514432,792.678400001023,168.3404255319149
1778661557,25,,Aggregated,2.000000,0.000000,45,59,70,99,170,190,790,790,790,790,790,49,0,45,85.74810204062283,18.324899996514432,792.678400001023,168.48979591836735
1778661558,26,,Aggregated,2.000000,0.000000,45,59,76,99,150,190,720,790,790,790,790,51,0,45,85.46835294106916,18.324899996514432,792.678400001023,168.62745098039215
1778661559,27,,Aggregated,1.800000,0.000000,45,59,76,100,170,300,720,790,790,790,790,53,0,45,88.25407358477297,18.30619999964256,792.678400001023,168.75471698113208
1778661560,28,,Aggregated,2.000000,0.000000,45,61,76,120,170,350,720,790,790,790,790,55,0,45,91.78891818168763,18.30619999964256,792.678400001023,168.87272727272727
1778661561,29,,Aggregated,2.000000,0.000000,45,61,76,120,190,500,720,790,790,790,790,57,0,45,97.58465087706051,18.30619999964256,792.678400001023,168.98245614035088
1778661562,30,,Aggregated,1.800000,0.000000,45,61,99,130,300,500,720,790,790,790,790,59,0,45,100.06247966089562,18.30619999964256,792.678400001023,169.08474576271186
1778661563,31,,Aggregated,1.800000,0.000000,46,70,100,140,310,370,720,790,790,790,790,61,0,46,108.81962295066752,18.30619999964256,792.678400001023,169.18032786885246
1778661564,32,,Aggregated,1.800000,0.000000,46,70,120,150,310,370,720,790,790,790,790,63,0,46,108.43991269824087,18.30619999964256,792.678400001023,169.26984126984127
1778661565,33,,Aggregated,1.900000,0.000000,46,70,120,170,310,370,720,790,790,790,790,65,0,46,109.53348461525121,18.30619999964256,792.678400001023,169.35384615384615
1778661566,34,,Aggregated,1.800000,0.000000,46,69,120,150,310,370,720,790,790,790,790,68,0,45,106.25242647042529,16.485399995872285,792.678400001023,166.94117647058823
1778661567,35,,Aggregated,1.800000,0.000000,46,70,120,170,310,370,720,790,790,790,790,70,0,45,106.40991999981841,16.485399995872285,792.678400001023,167.0857142857143
1778661568,36,,Aggregated,2.200000,0.000000,46,70,130,170,300,370,720,790,790,790,790,72,0,45,107.2364944441991,16.485399995872285,792.678400001023,167.22222222222223
1778661569,37,,Aggregated,2.200000,0.000000,45,69,120,170,300,370,720,790,790,790,790,74,0,43,105.14714999973532,16.485399995872285,792.678400001023,167.35135135135135
1778661570,38,,Aggregated,1.900000,0.000000,46,69,120,150,300,370,720,790,790,790,790,76,0,45,103.95136447339992,16.485399995872285,792.678400001023,167.47368421052633
1778661571,39,,Aggregated,2.100000,0.000000,46,69,110,150,300,370,720,790,790,790,790,78,0,45,103.05494999976453,16.485399995872285,792.678400001023,167.5897435897436
1778661573,40,,Aggregated,2.100000,0.000000,46,66,110,150,300,370,720,790,790,790,790,80,0,45,101.43340499980695,16.485399995872285,792.678400001023,167.7
1778661574,41,,Aggregated,2.100000,0.000000,46,69,110,140,260,360,720,790,790,790,790,82,0,45,100.64382560963944,16.485399995872285,792.678400001023,167.8048780487805
1778661575,42,,Aggregated,2.100000,0.000000,46,69,120,150,260,360,720,790,790,790,790,84,0,45,100.86082142853618,16.485399995872285,792.678400001023,167.9047619047619
1778661576,43,,Aggregated,2.100000,0.000000,46,69,120,150,260,360,720,790,790,790,790,86,0,45,101.42890697661218,16.485399995872285,792.678400001023,168.0
1778661577,44,,Aggregated,2.100000,0.000000,46,70,120,170,260,360,720,790,790,790,790,88,0,45,101.65743295444621,16.485399995872285,792.678400001023,168.0909090909091
1778661578,45,,Aggregated,2.100000,0.000000,46,70,120,170,300,370,720,790,790,790,790,90,0,45,104.4056744443272,16.485399995872285,792.678400001023,168.17777777777778
1778661579,46,,Aggregated,1.900000,0.000000,46,69,120,170,260,370,720,790,790,790,790,92,0,45,103.05426086945417,16.485399995872285,792.678400001023,168.2608695652174
1778661580,47,,Aggregated,2.000000,0.000000,46,69,120,170,260,370,720,790,790,790,790,94,0,45,101.70683936156182,16.485399995872285,792.678400001023,168.3404255319149
1778661581,48,,Aggregated,2.000000,0.000000,46,69,120,150,260,370,720,790,790,790,790,96,0,45,100.905315624838,16.485399995872285,792.678400001023,168.41666666666666
1778661582,49,,Aggregated,1.800000,0.000000,45,66,110,150,260,370,720,790,790,790,790,98,0,43,99.45422142845928,16.485399995872285,792.678400001023,168.48979591836735
1778661583,50,,Aggregated,2.000000,0.000000,45,69,120,170,260,370,720,790,790,790,790,100,0,43,100.13714799992158,16.485399995872285,792.678400001023,168.56
1778661584,51,,Aggregated,2.000000,0.000000,45,69,120,170,260,370,500,720,790,790,790,102,0,43,102.54254803907779,16.485399995872285,792.678400001023,168.62745098039215
1778661585,52,,Aggregated,2.000000,0.000000,45,66,120,170,260,370,500,720,790,790,790,104,0,43,101.50098173058862,16.485399995872285,792.678400001023,168.69230769230768
1778661586,53,,Aggregated,2.000000,0.000000,45,65,110,150,260,370,500,720,790,790,790,106,0,43,100.23896415077616,16.485399995872285,792.678400001023,168.75471698113208
1778661587,54,,Aggregated,2.000000,0.000000,45,66,120,170,290,370,500,720,790,790,790,108,0,43,101.28555277771267,16.485399995872285,792.678400001023,168.8148148148148
1778661588,55,,Aggregated,2.000000,0.000000,45,66,110,170,290,370,500,720,790,790,790,110,0,43,100.2266445453808,16.485399995872285,792.678400001023,168.87272727272727
1778661589,56,,Aggregated,2.000000,0.000000,45,66,120,170,260,370,500,720,790,790,790,112,0,43,100.33574732129377,16.485399995872285,792.678400001023,168.92857142857142
1778661590,57,,Aggregated,2.000000,0.000000,45,66,110,170,260,370,500,720,790,790,790,114,0,43,99.22309298226058,16.485399995872285,792.678400001023,168.98245614035088
1778661591,58,,Aggregated,2.000000,0.000000,45,66,120,150,260,370,500,720,790,790,790,116,0,43,98.68799741362353,16.485399995872285,792.678400001023,169.0344827586207
1778661592,59,,Aggregated,2.000000,0.000000,45,65,110,150,260,370,500,720,790,790,790,118,0,43,97.65029745743712,16.485399995872285,792.678400001023,169.08474576271186
1778661593,60,,Aggregated,2.000000,0.000000,45,65,110,150,260,370,500,720,790,790,790,120,0,43,96.57741333315546,16.485399995872285,792.678400001023,169.13333333333333
1778661594,61,,Aggregated,2.000000,0.000000,43,65,110,140,250,360,500,720,790,790,790,122,0,42,95.530999999803,16.485399995872285,792.678400001023,169.18032786885246
1778661595,62,,Aggregated,2.000000,0.000000,43,65,110,140,250,360,500,720,790,790,790,124,0,42,94.98020080624677,16.485399995872285,792.678400001023,169.2258064516129
1778661596,63,,Aggregated,2.000000,0.000000,43,65,110,140,250,360,500,720,790,790,790,127,0,43,95.20747086591697,16.485399995872285,792.678400001023,167.93700787401573
1778661597,64,,Aggregated,2.000000,0.000000,43,66,100,140,250,360,500,720,790,790,790,129,0,43,94.48150620131813,16.485399995872285,792.678400001023,168.0
1778661598,65,,Aggregated,2.000000,0.000000,45,66,100,130,240,360,500,720,790,790,790,131,0,45,94.00578167913561,16.485399995872285,792.678400001023,168.06106870229007
1778661599,66,,Aggregated,2.000000,0.000000,45,66,100,140,240,360,500,720,790,790,790,133,0,45,94.13789849596175,16.485399995872285,792.678400001023,168.1203007518797
1778661600,67,,Aggregated,2.100000,0.000000,45,66,100,140,240,360,500,720,790,790,790,135,0,45,93.408234814598,16.485399995872285,792.678400001023,168.17777777777778
1778661601,68,,Aggregated,2.100000,0.000000,45,66,100,130,240,360,500,720,790,790,790,137,0,45,92.72049124065632,16.485399995872285,792.678400001023,168.23357664233578
1778661602,69,,Aggregated,2.100000,0.000000,45,65,100,130,240,360,500,720,790,790,790,139,0,45,91.95392230191024,16.485399995872285,792.678400001023,168.28776978417267
1778661603,70,,Aggregated,2.100000,0.000000,45,65,99,120,220,350,500,720,790,790,790,142,1,43,90.94331197155324,16.485399995872285,792.678400001023,167.1549295774648
1778661604,71,,Aggregated,2.100000,0.000000,45,66,99,120,220,350,500,720,790,790,790,144,1,43,90.39558472199536,16.485399995872285,792.678400001023,167.22222222222223
1778661605,72,,Aggregated,2.100000,0.000000,45,66,99,120,220,350,500,720,790,790,790,146,1,43,89.99271917785597,16.485399995872285,792.678400001023,167.2876712328767
1778661606,73,,Aggregated,2.100000,0.000000,43,65,99,120,220,350,500,720,790,790,790,148,1,42,89.17928040515304,16.485399995872285,792.678400001023,167.35135135135135
1778661607,74,,Aggregated,2.200000,0.100000,43,65,89,120,220,350,500,720,790,790,790,150,1,42,88.52960799975942,16.485399995872285,792.678400001023,167.41333333333333
1778661608,75,,Aggregated,2.200000,0.100000,43,65,89,120,220,350,430,720,790,790,790,152,1,42,87.84238355239818,16.485399995872285,792.678400001023,167.47368421052633
1778661609,76,,Aggregated,2.200000,0.100000,42,64,84,120,220,350,430,720,790,790,790,154,1,42,87.1059935062866,16.485399995872285,792.678400001023,167.53246753246754
1778661610,77,,Aggregated,2.100000,0.100000,42,61,84,110,220,350,430,720,790,790,790,156,1,42,86.54240192285775,16.485399995872285,792.678400001023,167.5897435897436
1778661611,78,,Aggregated,2.100000,0.100000,42,64,84,120,220,350,430,720,790,790,790,158,1,42,86.93187088582921,16.485399995872285,792.678400001023,167.64556962025316
1778661612,79,,Aggregated,2.100000,0.100000,42,61,84,120,220,350,430,720,790,790,790,160,1,42,86.25238874974457,16.485399995872285,792.678400001023,167.7
1778661613,80,,Aggregated,2.100000,0.100000,42,61,78,110,210,310,430,720,790,790,790,162,1,41,85.5932549380264,16.485399995872285,792.678400001023,167.7530864197531
1778661614,81,,Aggregated,2.100000,0.100000,42,61,78,110,210,310,430,720,790,790,790,164,1,41,85.01130792661215,16.485399995872285,792.678400001023,167.8048780487805
1778661615,82,,Aggregated,2.100000,0.100000,42,61,78,110,210,310,430,720,790,790,790,166,1,41,85.29781445763382,16.485399995872285,792.678400001023,167.85542168674698
1778661616,83,,Aggregated,2.100000,0.100000,42,61,84,120,220,350,430,720,790,790,790,168,1,41,86.76287261884379,16.485399995872285,792.678400001023,167.9047619047619
1778661617,84,,Aggregated,2.000000,0.000000,41,61,78,120,220,350,430,720,790,790,790,170,1,41,86.13719235273653,16.485399995872285,792.678400001023,167.95294117647057
1778661618,85,,Aggregated,2.000000,0.000000,41,61,84,110,210,350,430,720,790,790,790,172,1,41,86.02777383697854,16.485399995872285,792.678400001023,168.0
1778661619,86,,Aggregated,2.000000,0.000000,41,61,78,110,210,350,430,720,790,790,790,174,1,41,85.47854367794969,16.485399995872285,792.678400001023,168.04597701149424
1778661620,87,,Aggregated,2.000000,0.000000,41,61,78,110,210,350,430,720,790,790,790,176,1,41,84.88770454526026,16.485399995872285,792.678400001023,168.0909090909091
1778661621,88,,Aggregated,2.000000,0.000000,42,61,78,110,220,360,500,720,790,790,790,178,1,41,86.96366292121199,16.485399995872285,792.678400001023,168.13483146067415
1778661622,89,,Aggregated,2.000000,0.000000,42,61,82,110,220,360,500,720,790,790,790,180,1,41,86.61320333319762,16.485399995872285,792.678400001023,168.17777777777778
1778661623,90,,Aggregated,2.000000,0.000000,42,61,78,110,210,350,500,720,790,790,790,182,1,41,86.1878456042697,16.485399995872285,792.678400001023,168.21978021978023
1778661624,91,,Aggregated,2.000000,0.000000,42,61,78,110,210,350,500,720,790,790,790,184,1,41,85.62124184774565,16.485399995872285,792.678400001023,168.2608695652174
1778661625,92,,Aggregated,2.000000,0.000000,42,59,78,110,210,350,500,720,790,790,790,186,1,41,85.08842634401718,16.485399995872285,792.678400001023,168.30107526881721
1778661626,93,,Aggregated,2.000000,0.000000,41,59,78,110,210,350,500,720,790,790,790,188,1,41,84.49949202119394,16.485399995872285,792.678400001023,168.3404255319149
1778661627,94,,Aggregated,2.000000,0.000000,41,58,76,110,210,350,500,720,790,790,790,190,1,41,83.97757315783804,16.485399995872285,792.678400001023,168.37894736842105
1778661628,95,,Aggregated,2.000000,0.000000,41,58,76,100,200,350,500,720,790,790,790,194,1,41,82.8806608246991,16.485399995872285,792.678400001023,166.68041237113403
1778661629,96,,Aggregated,2.000000,0.000000,41,56,76,100,200,350,500,720,790,790,790,196,1,40,82.33472499994939,16.485399995872285,792.678400001023,166.73469387755102
1778661630,97,,Aggregated,2.000000,0.000000,41,56,73,100,200,350,500,720,790,790,790,198,1,40,81.84667171713734,16.485399995872285,792.678400001023,166.78787878787878
1778661631,98,,Aggregated,2.000000,0.000000,41,56,76,100,200,350,500,720,790,790,790,200,1,40,81.73743649993412,16.485399995872285,792.678400001023,166.84
1778661632,99,,Aggregated,2.200000,0.000000,41,56,73,100,200,310,430,500,790,790,790,202,1,40,81.29346782174036,16.485399995872285,792.678400001023,166.8910891089109
1778661633,100,,Aggregated,2.200000,0.000000,41,55,73,100,200,310,430,500,790,790,790,204,1,40,80.87022892151948,16.485399995872285,792.678400001023,166.94117647058823
1778661634,101,,Aggregated,2.200000,0.000000,41,55,70,100,200,310,430,500,790,790,790,206,1,40,80.51550776695717,16.485399995872285,792.678400001023,166.9902912621359
1778661635,102,,Aggregated,2.200000,0.000000,41,56,73,100,200,310,430,500,790,790,790,208,1,40,80.48049759610457,16.485399995872285,792.678400001023,167.03846153846155
1778661636,103,,Aggregated,2.200000,0.000000,41,55,70,100,200,310,430,500,790,790,790,210,1,40,80.0188366666026,16.485399995872285,792.678400001023,167.0857142857143
1778661637,104,,Aggregated,2.200000,0.000000,40,55,70,100,190,310,430,500,790,790,790,212,1,40,79.56373632067589,16.485399995872285,792.678400001023,167.1320754716981
1778661638,105,,Aggregated,2.200000,0.000000,40,55,70,100,190,310,430,500,790,790,790,214,1,40,79.67600514013407,16.485399995872285,792.678400001023,167.17757009345794
1778661639,106,,Aggregated,2.200000,0.000000,39,55,70,100,190,310,430,500,790,790,790,217,1,39,78.96081981559504,16.485399995872285,792.678400001023,166.4516129032258
1778661640,107,,Aggregated,2.200000,0.000000,39,54,70,100,190,310,430,500,790,790,790,219,1,39,78.5648625570091,16.485399995872285,792.678400001023,166.50228310502283
1778661641,108,,Aggregated,2.200000,0.000000,39,54,69,99,190,300,430,500,790,790,790,221,1,39,78.16176063342155,16.485399995872285,792.678400001023,166.55203619909503
1778661642,109,,Aggregated,2.000000,0.000000,39,54,69,99,190,300,430,500,790,790,790,223,1,39,77.75394439457388,16.485399995872285,792.678400001023,166.60089686098655
1778661643,110,,Aggregated,2.100000,0.000000,39,54,69,99,190,300,430,500,790,790,790,225,1,39,77.53255599993281,16.485399995872285,792.678400001023,166.64888888888888
1778661644,111,,Aggregated,2.100000,0.000000,39,54,70,99,190,300,430,500,790,790,790,227,1,39,77.924605726807,16.485399995872285,792.678400001023,166.69603524229075
1778661645,112,,Aggregated,2.100000,0.000000,39,54,70,99,190,300,430,500,790,790,790,229,1,39,77.71163231435976,16.485399995872285,792.678400001023,166.74235807860262
1778661646,113,,Aggregated,2.100000,0.000000,39,54,70,89,190,300,430,500,790,790,790,231,1,39,77.39307965364007,16.485399995872285,792.678400001023,166.78787878787878
1778661647,114,,Aggregated,2.100000,0.000000,39,54,69,89,190,300,430,500,790,790,790,233,1,39,76.9964291845224,16.485399995872285,792.678400001023,166.83261802575106
1778661648,115,,Aggregated,2.100000,0.000000,39,54,70,99,190,300,430,500,790,790,790,235,1,39,77.12472468085755,16.485399995872285,792.678400001023,166.87659574468086
1778661649,116,,Aggregated,2.100000,0.000000,39,54,70,89,190,300,430,500,790,790,790,237,1,39,76.89789789030696,16.485399995872285,792.678400001023,166.9198312236287
1778661650,117,,Aggregated,2.100000,0.000000,39,54,70,89,190,300,430,500,790,790,790,239,1,39,76.60904267783837,16.485399995872285,792.678400001023,166.96234309623432
1778661651,118,,Aggregated,2.100000,0.000000,39,55,70,89,190,290,430,500,790,790,790,241,1,39,76.47529336102997,16.485399995872285,792.678400001023,167.00414937759336
1778661652,119,,Aggregated,2.100000,0.000000,39,54,70,89,190,290,430,500,790,790,790,243,1,39,76.09476008234017,16.485399995872285,792.678400001023,167.04526748971193
1778661653,120,,Aggregated,2.000000,0.000000,39,54,69,89,190,290,430,500,790,790,790,245,1,39,75.74931918370196,16.485399995872285,792.678400001023,167.0857142857143
1778661654,121,,Aggregated,2.000000,0.000000,39,54,69,87,190,290,430,500,790,790,790,248,1,39,75.15199112904449,16.485399995872285,792.678400001023,166.4516129032258
1778661655,122,,Aggregated,2.000000,0.000000,39,54,69,87,190,290,430,500,790,790,790,250,1,39,74.84799559999374,16.485399995872285,792.678400001023,166.496
1778661656,123,,Aggregated,2.000000,0.000000,39,53,69,84,190,290,420,500,790,790,790,252,1,39,74.48704642855672,16.485399995872285,792.678400001023,166.53968253968253
1778661657,124,,Aggregated,2.100000,0.000000,39,53,69,84,190,290,420,500,790,790,790,254,1,39,74.23338543302398,16.485399995872285,792.678400001023,166.58267716535434
1778661658,125,,Aggregated,2.100000,0.000000,39,53,69,82,190,290,420,500,790,790,790,256,1,37,73.85956562495721,16.485399995872285,792.678400001023,166.625
1778661659,126,,Aggregated,2.100000,0.000000,39,53,69,84,190,290,420,500,790,790,790,258,1,37,73.94483527128585,16.485399995872285,792.678400001023,166.66666666666666
1778661660,127,,Aggregated,2.100000,0.000000,39,53,69,84,190,290,420,500,790,790,790,260,1,37,73.70446653842988,16.485399995872285,792.678400001023,166.7076923076923
1778661661,128,,Aggregated,2.100000,0.000000,37,53,67,82,190,260,420,500,790,790,790,263,2,37,73.23934448667812,16.485399995872285,792.678400001023,166.11406844106463
1778661662,129,,Aggregated,2.100000,0.000000,37,52,66,82,190,260,420,500,790,790,790,265,2,37,72.93703396225848,16.485399995872285,792.678400001023,166.15849056603773
1778661663,130,,Aggregated,2.100000,0.000000,37,53,67,82,190,260,420,500,790,790,790,267,2,37,72.74358764044244,16.485399995872285,792.678400001023,166.20224719101122
1778661664,131,,Aggregated,2.100000,0.000000,37,52,66,82,190,260,420,500,790,790,790,270,2,36,72.22816481476508,16.485399995872285,792.678400001023,165.62962962962962
1778661665,132,,Aggregated,2.200000,0.100000,37,52,67,80,170,260,420,500,790,790,790,272,2,36,72.06398566171735,16.485399995872285,792.678400001023,165.6764705882353
1778661666,133,,Aggregated,2.200000,0.100000,36,51,66,80,170,260,420,500,790,790,790,275,2,36,71.57331345449414,16.485399995872285,792.678400001023,165.12
1778661667,134,,Aggregated,2.200000,0.100000,36,51,66,78,170,260,420,500,790,790,790,277,2,36,71.29997472919794,16.485399995872285,792.678400001023,165.1696750902527
1778661668,135,,Aggregated,2.200000,0.100000,36,50,66,78,170,260,420,500,790,790,790,280,2,35,70.7864710713953,13.850199997250456,792.678400001023,164.62857142857143
1778661669,136,,Aggregated,2.200000,0.100000,36,50,66,78,170,250,420,500,790,790,790,282,2,35,70.53732269500644,13.850199997250456,792.678400001023,164.68085106382978
1778661670,137,,Aggregated,2.300000,0.100000,36,50,66,78,170,250,420,500,790,790,790,284,2,35,70.2798661971518,13.850199997250456,792.678400001023,164.73239436619718
1778661671,138,,Aggregated,2.300000,0.100000,35,50,65,76,170,250,420,500,790,790,790,286,2,35,69.98646608388464,13.850199997250456,792.678400001023,164.78321678321677
1778661672,139,,Aggregated,2.400000,0.100000,35,50,66,76,170,250,420,500,790,790,790,288,2,35,69.84274340276089,13.850199997250456,792.678400001023,164.83333333333334
1778661673,140,,Aggregated,2.400000,0.100000,35,50,65,76,170,250,420,500,790,790,790,290,2,35,69.54494827584531,13.850199997250456,792.678400001023,164.88275862068966
1778661674,141,,Aggregated,2.400000,0.100000,35,49,65,76,170,250,420,500,790,790,790,292,2,35,69.25851986299477,13.850199997250456,792.678400001023,164.93150684931507
1778661675,142,,Aggregated,2.300000,0.000000,35,49,65,76,170,250,420,500,790,790,790,294,2,35,68.9916935373972,13.850199997250456,792.678400001023,164.9795918367347
1778661676,143,,Aggregated,2.300000,0.000000,35,49,65,76,170,250,420,500,790,790,790,296,2,35,68.80921520270341,13.850199997250456,792.678400001023,165.02702702702703
1778661677,144,,Aggregated,2.200000,0.000000,35,49,65,76,170,250,420,500,790,790,790,298,2,35,68.58592214765599,13.850199997250456,792.678400001023,165.0738255033557
1778661678,145,,Aggregated,2.200000,0.000000,35,49,65,76,170,250,420,500,790,790,790,300,2,35,68.32059399998495,13.850199997250456,792.678400001023,165.12
1778661679,146,,Aggregated,1.900000,0.000000,35,49,65,76,160,240,390,500,790,790,790,304,2,35,67.87724506578965,13.8200000001234,792.678400001023,164.07894736842104
1778661680,147,,Aggregated,2.000000,0.000000,35,48,64,76,160,240,390,500,790,790,790,306,2,35,67.66242875818493,13.8200000001234,792.678400001023,164.13071895424838
1778661681,148,,Aggregated,1.800000,0.000000,35,48,64,76,160,240,390,500,790,790,790,308,2,35,67.43452467533454,13.8200000001234,792.678400001023,164.1818181818182
1778661682,149,,Aggregated,2.000000,0.000000,35,49,63,73,160,240,390,500,790,790,790,311,2,35,67.21323858520299,13.8200000001234,792.678400001023,163.70418006430867
1778661683,150,,Aggregated,2.000000,0.000000,35,48,61,73,160,240,390,500,790,790,790,313,2,35,67.01334153354364,13.8200000001234,792.678400001023,163.75718849840257
1778661685,151,,Aggregated,2.000000,0.000000,35,47,61,73,160,240,390,500,790,790,790,315,2,35,66.76748158728486,13.8200000001234,792.678400001023,163.8095238095238
1778661686,152,,Aggregated,2.100000,0.000000,35,47,61,73,160,240,390,500,790,790,790,317,2,35,66.51240630913195,13.8200000001234,792.678400001023,163.86119873817034
1778661687,153,,Aggregated,2.100000,0.000000,35,47,61,73,160,240,390,500,790,790,790,319,2,35,66.4229297805282,13.8200000001234,792.678400001023,163.91222570532915
1778661688,154,,Aggregated,2.100000,0.000000,35,47,61,73,150,220,390,500,790,790,790,321,2,35,66.36440685356901,13.8200000001234,792.678400001023,163.9626168224299
1778661689,155,,Aggregated,2.100000,0.000000,35,47,63,76,150,220,390,500,790,790,790,324,2,35,66.1514228394941,13.8200000001234,792.678400001023,163.50617283950618
1778661690,156,,Aggregated,2.300000,0.000000,35,47,61,73,150,220,390,500,790,790,790,326,2,35,65.92476319016276,13.8200000001234,792.678400001023,163.55828220858896
1778661691,157,,Aggregated,2.200000,0.000000,35,47,61,73,150,220,390,500,790,790,790,328,2,35,65.69519603655819,13.8200000001234,792.678400001023,163.609756097561
1778661692,158,,Aggregated,2.400000,0.000000,35,47,61,73,150,220,390,500,790,790,790,330,2,35,65.53853363635206,13.8200000001234,792.678400001023,163.66060606060606
1778661693,159,,Aggregated,2.200000,0.000000,34,47,61,73,150,220,390,500,790,790,790,333,2,34,65.20161051050128,13.8200000001234,792.678400001023,163.81381381381382
1778661694,160,,Aggregated,2.200000,0.000000,34,47,61,73,150,220,390,500,790,790,790,334,2,34,65.07479491017352,13.8200000001234,792.678400001023,163.76047904191617
1778661695,161,,Aggregated,2.200000,0.000000,34,47,61,70,150,220,390,500,790,790,790,336,2,34,64.86465029759832,13.8200000001234,792.678400001023,163.8095238095238
1778661696,162,,Aggregated,2.100000,0.000000,34,47,59,70,150,220,390,500,790,790,790,338,2,34,64.69483224850457,13.8200000001234,792.678400001023,163.85798816568047
1778661697,163,,Aggregated,2.100000,0.000000,34,47,59,70,140,220,390,500,790,790,790,341,2,34,64.40729970673439,13.8200000001234,792.678400001023,162.99706744868035
1778661698,164,,Aggregated,2.100000,0.000000,34,47,59,70,140,220,390,500,790,790,790,343,2,34,64.18608250728154,13.8200000001234,792.678400001023,163.04956268221574
1778661699,165,,Aggregated,2.100000,0.000000,34,47,58,70,140,220,390,500,790,790,790,345,2,34,64.00358608695662,13.8200000001234,792.678400001023,163.1014492753623
1778661700,166,,Aggregated,2.200000,0.000000,34,47,58,69,140,220,390,500,790,790,790,347,2,34,63.84164783863756,13.8200000001234,792.678400001023,163.15273775216139
1778661701,167,,Aggregated,2.200000,0.000000,34,47,58,69,140,220,390,500,790,790,790,349,2,34,63.6851114613402,13.8200000001234,792.678400001023,163.20343839541547
1778661702,168,,Aggregated,2.100000,0.000000,34,47,58,69,130,220,370,500,790,790,790,351,2,34,63.484658119694906,13.8200000001234,792.678400001023,163.25356125356126
1778661703,169,,Aggregated,2.100000,0.000000,34,47,56,69,130,220,370,500,790,790,790,353,2,34,63.28354249295295,13.8200000001234,792.678400001023,163.30311614730877
1778661704,170,,Aggregated,2.100000,0.000000,34,47,56,69,130,220,370,500,790,790,790,355,2,34,63.14078619720867,13.8200000001234,792.678400001023,163.35211267605635
1778661705,171,,Aggregated,2.100000,0.000000,34,46,56,69,130,220,370,500,790,790,790,357,2,34,62.927305042050406,13.8200000001234,792.678400001023,163.40056022408965
1778661706,172,,Aggregated,2.100000,0.000000,34,46,56,69,130,220,370,500,790,790,790,359,2,34,62.791589415085944,13.8200000001234,792.678400001023,163.44846796657382
1778661707,173,,Aggregated,2.100000,0.000000,34,46,56,67,130,220,370,500,790,790,790,361,2,34,62.61530138507122,13.8200000001234,792.678400001023,163.49584487534625
1778661708,174,,Aggregated,2.100000,0.000000,34,46,56,67,130,220,370,500,790,790,790,363,2,34,62.43837024796383,13.8200000001234,792.678400001023,163.54269972451792
1778661709,175,,Aggregated,2.100000,0.000000,34,46,55,67,130,220,370,500,790,790,790,365,2,34,62.305975342484366,13.8200000001234,792.678400001023,163.58904109589042
1778661710,176,,Aggregated,2.000000,0.000000,34,46,55,66,130,220,370,500,790,790,790,367,2,34,62.1273686648567,13.8200000001234,792.678400001023,163.6348773841962
1778661711,177,,Aggregated,2.000000,0.000000,34,46,55,67,130,220,370,500,790,790,790,369,2,34,62.45634146342319,13.8200000001234,792.678400001023,163.68021680216802
1778661712,178,,Aggregated,2.000000,0.000000,34,46,55,66,130,220,370,500,790,790,790,371,2,34,62.290167385464215,13.8200000001234,792.678400001023,163.72506738544473
1778661713,179,,Aggregated,2.000000,0.000000,34,46,55,66,130,220,370,500,790,790,790,373,2,34,62.14506702413177,13.8200000001234,792.678400001023,163.76943699731905
1778661714,180,,Aggregated,2.000000,0.000000,34,46,55,66,130,220,370,500,790,790,790,375,2,34,61.97290400000444,13.8200000001234,792.678400001023,163.81333333333333
1778661715,181,,Aggregated,2.000000,0.000000,34,46,55,66,130,220,370,500,790,790,790,378,2,34,61.677550529104394,13.8200000001234,792.678400001023,163.42328042328043
1778661716,182,,Aggregated,2.000000,0.000000,34,46,55,66,130,220,370,500,790,790,790,380,2,34,61.56193921053369,13.8200000001234,792.678400001023,163.46842105263158
1778661717,183,,Aggregated,2.000000,0.000000,34,46,54,66,120,220,370,500,790,790,790,382,2,34,61.41079371727708,13.8200000001234,792.678400001023,163.5130890052356
1778661718,184,,Aggregated,2.000000,0.000000,34,46,54,66,120,220,370,500,790,790,790,384,2,34,61.25620286456979,13.8200000001234,792.678400001023,163.55729166666666
1778661719,185,,Aggregated,2.100000,0.000000,34,45,54,65,120,220,370,500,790,790,790,386,2,34,61.09733678757302,13.8200000001234,792.678400001023,163.60103626943004
1778661720,186,,Aggregated,2.100000,0.000000,34,45,54,65,120,220,370,500,790,790,790,390,2,34,60.74629410256584,13.8200000001234,792.678400001023,162.8051282051282
1778661721,187,,Aggregated,2.100000,0.000000,34,45,54,65,120,220,370,500,790,790,790,393,2,34,60.70332671756324,13.8200000001234,792.678400001023,162.4376590330789
1778661722,188,,Aggregated,2.100000,0.000000,34,45,54,65,120,220,370,500,790,790,790,396,2,34,60.735652020200796,13.8200000001234,792.678400001023,162.07575757575756
1778661723,189,,Aggregated,2.300000,0.000000,34,45,54,65,120,220,370,500,790,790,790,398,2,34,60.56770175878891,13.8200000001234,792.678400001023,162.12562814070353
1778661724,190,,Aggregated,2.400000,0.000000,34,45,54,65,120,220,370,500,790,790,790,400,2,34,60.41961924998759,13.8200000001234,792.678400001023,162.175
1778661725,191,,Aggregated,2.500000,0.000000,34,45,54,65,120,210,360,430,790,790,790,402,2,34,60.268412189027764,13.8200000001234,792.678400001023,162.22388059701493
1778661726,192,,Aggregated,2.500000,0.000000,34,45,54,65,120,210,360,430,790,790,790,404,2,34,60.18906262372436,13.8200000001234,792.678400001023,162.27227722772278
1778661727,193,,Aggregated,2.500000,0.000000,34,45,54,65,120,210,360,430,790,790,790,406,2,34,60.06297881768333,13.8200000001234,792.678400001023,162.32019704433498
1778661728,194,,Aggregated,2.500000,0.000000,34,45,54,65,120,210,360,430,790,790,790,408,2,34,59.90403651956548,13.8200000001234,792.678400001023,162.36764705882354
1778661729,195,,Aggregated,2.400000,0.000000,34,45,53,65,120,210,360,430,790,790,790,410,2,34,59.786297804828614,13.8200000001234,792.678400001023,162.41463414634146
1778661730,196,,Aggregated,2.400000,0.000000,34,45,54,65,120,210,360,430,790,790,790,412,2,34,59.8042711164665,13.8200000001234,792.678400001023,162.46116504854368
1778661731,197,,Aggregated,2.400000,0.000000,34,45,54,65,120,220,390,500,35000,35000,35000,416,2,34,143.42898293267143,13.8200000001234,34575.42580000154,162.07692307692307
1778661732,198,,Aggregated,2.400000,0.000000,34,45,54,65,120,220,390,500,35000,35000,35000,418,2,34,142.88220717702225,13.8200000001234,34575.42580000154,162.1244019138756
1778661733,199,,Aggregated,2.200000,0.000000,34,45,54,65,120,220,390,500,35000,35000,35000,420,2,34,142.3554145237826,13.8200000001234,34575.42580000154,162.17142857142858
1778661734,200,,Aggregated,2.200000,0.000000,34,45,54,65,120,220,390,500,35000,35000,35000,423,2,34,141.58355531910692,13.8200000001234,34575.42580000154,161.83451536643025
1778661735,201,,Aggregated,2.200000,0.000000,34,45,53,65,120,220,390,500,35000,35000,35000,425,2,34,141.06515505876706,13.8200000001234,34575.42580000154,161.88235294117646
1778661736,202,,Aggregated,2.200000,0.000000,34,45,53,64,120,220,390,500,35000,35000,35000,427,2,34,140.5578250585089,13.8200000001234,34575.42580000154,161.92974238875877
1778661737,203,,Aggregated,2.200000,0.000000,33,45,53,64,120,220,390,500,35000,35000,35000,429,2,33,140.0275333333174,13.8200000001234,34575.42580000154,161.97668997668998
1778661738,204,,Aggregated,2.300000,0.000000,33,45,53,64,120,220,390,500,35000,35000,35000,431,2,33,139.49785730857232,13.8200000001234,34575.42580000154,162.0232018561485
1778661739,205,,Aggregated,2.300000,0.000000,34,45,52,64,120,220,390,500,35000,35000,35000,433,2,34,139.04678452652504,13.8200000001234,34575.42580000154,162.06928406466514
1778661740,206,,Aggregated,2.300000,0.000000,34,45,52,64,120,220,390,500,35000,35000,35000,435,2,34,138.54980551719333,13.8200000001234,34575.42580000154,162.11494252873564
1778661741,207,,Aggregated,2.300000,0.000000,34,45,51,64,120,220,390,500,35000,35000,35000,437,2,34,138.081550572021,13.8200000001234,34575.42580000154,162.16018306636155
1778661742,208,,Aggregated,2.300000,0.000000,34,45,52,64,120,220,390,500,35000,35000,35000,439,2,34,137.65800615028368,13.8200000001234,34575.42580000154,162.20501138952164
1778661743,209,,Aggregated,2.300000,0.000000,34,45,51,64,120,210,390,500,35000,35000,35000,441,2,34,137.18252267566817,13.8200000001234,34575.42580000154,162.24943310657596
1778661744,210,,Aggregated,2.100000,0.000000,34,45,52,64,120,210,390,500,35000,35000,35000,443,2,34,136.77210970648377,13.8200000001234,34575.42580000154,162.29345372460497
1778661745,211,,Aggregated,2.100000,0.000000,34,45,51,64,120,210,390,500,35000,35000,35000,445,2,34,136.36552629205255,13.8200000001234,34575.42580000154,162.3370786516854
1778661746,212,,Aggregated,2.100000,0.000000,34,45,52,64,120,210,390,500,35000,35000,35000,447,2,34,136.03447337800694,13.8200000001234,34575.42580000154,162.38031319910513
1778661747,213,,Aggregated,2.100000,0.000000,34,45,51,64,120,210,390,500,35000,35000,35000,449,2,34,135.58199354114254,13.8200000001234,34575.42580000154,162.42316258351894
1778661748,214,,Aggregated,2.000000,0.000000,34,45,51,64,110,210,370,500,35000,35000,35000,452,2,34,134.84768429199613,13.8200000001234,34575.42580000154,162.10619469026548
1778661749,215,,Aggregated,2.000000,0.000000,34,45,51,64,110,210,370,500,35000,35000,35000,454,2,34,134.4283427312326,13.8200000001234,34575.42580000154,162.1497797356828
1778661750,216,,Aggregated,2.000000,0.000000,33,45,51,63,110,210,370,500,35000,35000,35000,458,2,33,133.44576179033896,13.8200000001234,34575.42580000154,161.48471615720524
1778661751,217,,Aggregated,2.100000,0.000000,33,45,51,61,110,200,370,500,35000,35000,35000,461,2,33,132.78760715831137,13.8200000001234,34575.42580000154,161.18004338394795
1778661752,218,,Aggregated,2.100000,0.000000,33,44,51,61,110,200,370,500,35000,35000,35000,463,2,33,132.33840086389688,13.8200000001234,34575.42580000154,161.2267818574514
1778661753,219,,Aggregated,2.200000,0.000000,33,44,51,63,110,200,370,500,35000,35000,35000,465,2,33,131.9958627956728,13.8200000001234,34575.42580000154,161.2731182795699
1778661754,220,,Aggregated,2.300000,0.000000,33,45,51,61,110,200,370,500,35000,35000,35000,467,2,33,131.65688501067442,13.8200000001234,34575.42580000154,161.31905781584584
1778661755,221,,Aggregated,2.400000,0.000000,33,45,51,61,110,200,370,500,35000,35000,35000,469,2,33,131.2600972281006,13.8200000001234,34575.42580000154,161.36460554371
1778661756,222,,Aggregated,2.400000,0.000000,33,45,51,61,110,200,370,500,35000,35000,35000,471,2,33,130.94878556258294,13.8200000001234,34575.42580000154,161.40976645435245
1778661757,223,,Aggregated,2.400000,0.000000,33,45,51,61,110,200,370,500,35000,35000,35000,473,2,33,130.51831754752132,13.8200000001234,34575.42580000154,161.45454545454547
1778661758,224,,Aggregated,2.400000,0.000000,33,45,51,61,110,200,370,500,35000,35000,35000,475,2,33,130.10976610521442,13.8200000001234,34575.42580000154,161.49894736842106
1778661759,225,,Aggregated,2.400000,0.000000,33,45,51,61,110,200,370,500,35000,35000,35000,477,2,33,129.69101090141902,13.8200000001234,34575.42580000154,161.54297693920336
1778661760,226,,Aggregated,2.400000,0.000000,33,45,51,61,110,200,370,500,35000,35000,35000,479,2,33,129.25744405005852,13.8200000001234,34575.42580000154,161.5866388308977
1778661761,227,,Aggregated,2.400000,0.000000,33,44,51,61,110,200,370,500,35000,35000,35000,481,2,33,128.86544740119882,13.8200000001234,34575.42580000154,161.62993762993764
1778661762,228,,Aggregated,2.300000,0.000000,33,44,51,61,110,200,370,500,35000,35000,35000,483,2,33,128.44398985502676,13.8200000001234,34575.42580000154,161.6728778467909
1778661763,229,,Aggregated,2.100000,0.000000,33,44,51,59,110,200,370,500,35000,35000,35000,486,2,33,127.83011275715718,13.8200000001234,34575.42580000154,161.3827160493827
1778661764,230,,Aggregated,2.100000,0.000000,33,44,51,59,110,200,370,500,35000,35000,35000,488,2,33,127.40734016389352,13.8200000001234,34575.42580000154,161.4262295081967
1778661765,231,,Aggregated,2.000000,0.000000,33,44,50,59,110,200,370,500,35000,35000,35000,490,2,33,127.0100816326128,13.8200000001234,34575.42580000154,161.46938775510205
1778661766,232,,Aggregated,2.000000,0.000000,33,44,50,59,100,200,370,500,35000,35000,35000,492,2,33,126.62755101621038,13.8200000001234,34575.42580000154,161.5121951219512
1778661767,233,,Aggregated,2.100000,0.000000,33,44,50,59,100,200,370,500,35000,35000,35000,495,2,33,126.0201763635974,13.8200000001234,34575.42580000154,161.22828282828283
1778661768,234,,Aggregated,2.100000,0.000000,33,44,50,59,100,200,370,500,35000,35000,35000,499,2,33,125.26115030054652,13.8200000001234,34575.42580000154,160.625250501002
1778661769,235,,Aggregated,2.100000,0.000000,33,43,49,58,100,190,360,430,35000,35000,35000,501,2,33,124.88782874247762,13.8200000001234,34575.42580000154,160.67065868263472
1778661770,236,,Aggregated,2.100000,0.000000,33,44,49,59,100,190,360,430,35000,35000,35000,505,2,33,124.29212574252864,13.8200000001234,34575.42580000154,160.07920792079207
1778661771,237,,Aggregated,2.200000,0.000000,33,43,49,58,100,190,360,430,35000,35000,35000,507,2,33,123.90774082835269,13.8200000001234,34575.42580000154,160.12623274161734
1778661772,238,,Aggregated,2.400000,0.000000,33,43,49,58,100,190,360,430,35000,35000,35000,509,2,33,123.55198153236701,13.8200000001234,34575.42580000154,160.1728880157171
1778661773,239,,Aggregated,2.600000,0.000000,33,43,49,58,100,190,360,430,35000,35000,35000,511,2,33,123.20176614475767,13.8200000001234,34575.42580000154,160.21917808219177
1778661774,240,,Aggregated,2.600000,0.000000,33,43,49,58,100,190,360,430,35000,35000,35000,513,2,33,122.82430799214178,13.8200000001234,34575.42580000154,160.26510721247564
1778661775,241,,Aggregated,2.600000,0.000000,33,43,49,58,100,190,360,430,35000,35000,35000,516,2,33,122.25683100767537,13.8200000001234,34575.42580000154,160.0
1778661776,242,,Aggregated,2.500000,0.000000,33,43,49,58,100,190,360,430,35000,35000,35000,519,2,33,121.73297090551164,13.8200000001234,34575.42580000154,159.73795761078998
1778661777,243,,Aggregated,2.500000,0.000000,33,43,49,56,100,190,360,430,35000,35000,35000,521,2,33,121.39439923216628,13.8200000001234,34575.42580000154,159.78502879078695
1778661778,244,,Aggregated,2.600000,0.000000,33,43,49,56,100,190,360,430,35000,35000,35000,523,2,33,121.05503231348493,13.8200000001234,34575.42580000154,159.83173996175907
1778661779,245,,Aggregated,2.600000,0.000000,33,43,49,56,100,190,360,430,35000,35000,35000,526,3,33,120.52445760447273,13.8200000001234,34575.42580000154,159.574144486692
1778661780,246,,Aggregated,2.600000,0.000000,33,43,49,56,100,190,360,430,35000,35000,35000,529,3,33,120.00634688081327,13.8200000001234,34575.42580000154,159.31947069943288
1778661781,247,,Aggregated,2.600000,0.000000,33,43,49,56,100,190,360,430,35000,35000,35000,531,3,33,119.66756779650696,13.8200000001234,34575.42580000154,159.36723163841808
1778661782,248,,Aggregated,2.500000,0.100000,33,43,49,56,100,190,360,430,35000,35000,35000,533,3,33,119.3709478423189,13.8200000001234,34575.42580000154,159.41463414634146
1778661783,249,,Aggregated,2.300000,0.100000,33,43,49,56,100,190,360,430,35000,35000,35000,535,3,33,119.07798598121164,13.8200000001234,34575.42580000154,159.46168224299066
1778661784,250,,Aggregated,2.400000,0.100000,33,43,49,56,100,190,360,430,35000,35000,35000,537,3,33,118.74717169450388,13.8200000001234,34575.42580000154,159.50837988826817
1778661785,251,,Aggregated,2.400000,0.100000,33,43,49,56,100,190,360,430,35000,35000,35000,539,3,33,118.45081205926509,13.8200000001234,34575.42580000154,159.55473098330242
1778661786,252,,Aggregated,2.400000,0.100000,33,43,49,55,100,190,360,430,35000,35000,35000,542,4,33,117.93633044270022,13.8200000001234,34575.42580000154,159.30627306273064
1778661787,253,,Aggregated,2.300000,0.100000,33,43,49,55,100,190,360,430,35000,35000,35000,545,4,33,117.4532550457708,13.8200000001234,34575.42580000154,159.0605504587156
1778661788,254,,Aggregated,2.300000,0.100000,33,43,49,55,100,190,360,430,35000,35000,35000,547,4,33,117.14579780611656,13.8200000001234,34575.42580000154,159.10786106032907
1778661789,255,,Aggregated,2.300000,0.100000,33,43,49,55,100,190,360,430,35000,35000,35000,549,4,33,116.83223879770624,13.8200000001234,34575.42580000154,159.15482695810564
1778661790,256,,Aggregated,2.300000,0.200000,33,43,49,55,99,190,350,430,35000,35000,35000,551,4,33,116.52014609789926,13.8200000001234,34575.42580000154,159.20145190562613
1778661791,257,,Aggregated,2.300000,0.100000,33,43,49,55,100,190,350,430,35000,35000,35000,554,4,33,116.39128465692211,13.8200000001234,34575.42580000154,158.96028880866427
1778661792,258,,Aggregated,2.300000,0.100000,33,43,49,55,100,190,350,430,35000,35000,35000,556,4,33,116.06530575526901,13.8200000001234,34575.42580000154,159.0071942446043
1778661793,259,,Aggregated,2.300000,0.100000,33,43,49,55,100,190,350,430,35000,35000,35000,558,4,33,115.74458602137716,13.8200000001234,34575.42580000154,159.05376344086022
1778661794,260,,Aggregated,2.300000,0.100000,32,42,49,55,99,190,350,430,35000,35000,35000,563,4,32,114.91644369434361,13.8200000001234,34575.42580000154,158.25222024866784
1778661795,261,,Aggregated,2.300000,0.100000,32,42,49,55,99,190,350,430,35000,35000,35000,566,4,32,114.45249876311537,13.8200000001234,34575.42580000154,158.02120141342755
1778661796,262,,Aggregated,2.300000,0.100000,32,42,49,55,99,190,350,430,35000,35000,35000,568,4,32,114.15500985902993,13.8200000001234,34575.42580000154,158.07042253521126
1778661797,263,,Aggregated,2.300000,0.100000,32,42,49,55,99,190,350,430,35000,35000,35000,570,4,32,113.87994561391359,13.8200000001234,34575.42580000154,158.11929824561403
1778661798,264,,Aggregated,2.600000,0.100000,32,42,49,54,95,190,350,430,35000,35000,35000,572,4,32,113.57027622366363,13.8200000001234,34575.42580000154,158.16783216783216
1778661799,265,,Aggregated,2.700000,0.100000,33,42,48,54,95,190,350,430,35000,35000,35000,574,4,32,113.29719006956361,13.8200000001234,34575.42580000154,158.21602787456445
1778661800,266,,Aggregated,2.600000,0.000000,33,42,48,54,95,190,350,430,35000,35000,35000,576,4,32,112.99967048598268,13.8200000001234,34575.42580000154,158.26388888888889
1778661801,267,,Aggregated,2.500000,0.000000,32,42,48,54,95,190,350,430,35000,35000,35000,579,4,32,112.5450024178282,13.8200000001234,34575.42580000154,158.03799654576858
1778661802,268,,Aggregated,2.500000,0.000000,32,42,48,54,94,190,350,430,35000,35000,35000,581,4,32,112.29345697062077,13.8200000001234,34575.42580000154,158.08605851979345
1778661803,269,,Aggregated,2.500000,0.000000,32,42,48,54,94,190,350,430,35000,35000,35000,583,4,32,112.02395265854258,13.8200000001234,34575.42580000154,158.1337907375643
1778661804,270,,Aggregated,2.500000,0.000000,32,42,48,54,94,190,350,430,35000,35000,35000,585,4,32,111.75483760673207,13.8200000001234,34575.42580000154,158.1811965811966
1778661805,271,,Aggregated,2.500000,0.000000,32,42,48,54,94,190,350,430,35000,35000,35000,587,4,32,111.46496047689841,13.8200000001234,34575.42580000154,158.2282793867121
1778661806,272,,Aggregated,2.500000,0.000000,32,42,48,54,94,190,350,430,35000,35000,35000,589,4,32,111.18942003383933,13.8200000001234,34575.42580000154,158.27504244482174
1778661807,273,,Aggregated,2.200000,0.000000,32,42,48,53,90,190,350,430,35000,35000,35000,591,4,32,110.919158375523,13.8200000001234,34575.42580000154,158.32148900169204
1778661808,274,,Aggregated,2.000000,0.000000,32,42,48,53,90,190,350,430,35000,35000,35000,593,4,32,110.65429713310337,13.8200000001234,34575.42580000154,158.36762225969645
1778661809,275,,Aggregated,2.000000,0.000000,32,42,48,53,90,190,350,430,35000,35000,35000,595,4,32,110.39296605030198,13.8200000001234,34575.42580000154,158.41344537815127
1778661810,276,,Aggregated,2.000000,0.000000,32,42,48,53,90,190,350,430,35000,35000,35000,597,4,32,110.12997319922096,13.8200000001234,34575.42580000154,158.45896147403684
1778661811,277,,Aggregated,1.900000,0.000000,32,42,48,53,90,190,350,430,35000,35000,35000,599,4,32,109.86153639388311,13.8200000001234,34575.42580000154,158.5041736227045
1778661812,278,,Aggregated,1.900000,0.000000,32,42,48,53,89,190,310,420,35000,35000,35000,602,4,32,109.44916312282083,13.8200000001234,34575.42580000154,158.28571428571428
1778661813,279,,Aggregated,1.900000,0.000000,32,42,48,53,89,190,310,420,35000,35000,35000,604,4,32,109.17457218532198,13.8200000001234,34575.42580000154,158.33112582781456
1778661814,280,,Aggregated,1.800000,0.000000,32,42,48,53,89,190,310,420,35000,35000,35000,606,4,32,108.9347392738244,13.8200000001234,34575.42580000154,158.37623762376236
1778661815,281,,Aggregated,1.900000,0.000000,32,42,48,53,89,190,310,420,35000,35000,35000,608,4,32,108.67110230253131,13.8200000001234,34575.42580000154,158.42105263157896
1778661817,282,,Aggregated,1.900000,0.000000,33,42,48,53,90,190,350,430,35000,35000,35000,610,4,32,109.21418688515989,13.8200000001234,34575.42580000154,158.4655737704918
1778661818,283,,Aggregated,1.900000,0.000000,33,42,48,53,89,190,350,430,35000,35000,35000,612,4,32,108.96597826789956,13.8200000001234,34575.42580000154,158.50980392156862
1778661819,284,,Aggregated,2.000000,0.000000,33,42,48,53,89,190,350,430,35000,35000,35000,614,4,32,108.78156693803716,13.8200000001234,34575.42580000154,158.55374592833877
1778661820,285,,Aggregated,2.000000,0.000000,33,42,48,53,89,190,350,430,35000,35000,35000,616,4,32,108.56327954537515,13.8200000001234,34575.42580000154,158.5974025974026
1778661821,286,,Aggregated,2.000000,0.000000,32,42,48,53,89,190,350,430,35000,35000,35000,619,4,32,108.1734605814864,13.8200000001234,34575.42580000154,158.38449111470112
1778661822,287,,Aggregated,2.100000,0.000000,32,42,48,53,89,190,350,430,35000,35000,35000,622,4,32,107.94337154330515,13.8200000001234,34575.42580000154,158.17363344051446
1778661823,288,,Aggregated,2.100000,0.000000,32,42,48,53,89,190,350,430,35000,35000,35000,624,4,32,107.69196762810633,13.8200000001234,34575.42580000154,158.21794871794873
1778661824,289,,Aggregated,2.200000,0.000000,32,42,48,53,89,190,350,430,35000,35000,35000,626,4,32,107.43755734814893,13.8200000001234,34575.42580000154,158.26198083067092
1778661825,290,,Aggregated,2.300000,0.000000,32,42,48,53,89,190,350,430,35000,35000,35000,628,4,32,107.18765238844597,13.8200000001234,34575.42580000154,158.30573248407643
1778661826,291,,Aggregated,2.200000,0.000000,32,42,47,53,89,190,350,430,35000,35000,35000,630,4,32,106.93220476181494,13.8200000001234,34575.42580000154,158.34920634920636
1778661827,292,,Aggregated,2.200000,0.000000,32,42,48,53,87,190,350,430,35000,35000,35000,632,4,32,106.71074113914857,13.8200000001234,34575.42580000154,158.39240506329114
1778661828,293,,Aggregated,2.200000,0.000000,32,42,47,53,87,190,350,430,35000,35000,35000,634,4,32,106.45551987370892,13.8200000001234,34575.42580000154,158.4353312302839
1778661829,294,,Aggregated,2.200000,0.000000,32,42,47,53,87,190,350,430,35000,35000,35000,637,4,32,106.08749999989115,13.8200000001234,34575.42580000154,158.2291993720565
1778661830,295,,Aggregated,2.200000,0.000000,32,42,47,53,87,190,350,430,35000,35000,35000,639,4,32,105.85915946781691,13.8200000001234,34575.42580000154,158.27230046948358
1778661831,296,,Aggregated,2.200000,0.000000,32,42,47,53,86,170,350,430,35000,35000,35000,641,4,32,105.65222449287955,13.8200000001234,34575.42580000154,158.3151326053042
1778661832,297,,Aggregated,2.200000,0.000000,32,42,47,53,86,170,350,430,35000,35000,35000,643,4,32,105.43649642290399,13.8200000001234,34575.42580000154,158.35769828926905
1778661833,298,,Aggregated,2.300000,0.000000,32,42,47,53,86,170,350,430,35000,35000,35000,645,4,32,105.1939911626653,13.8200000001234,34575.42580000154,158.4
1778661834,299,,Aggregated,2.200000,0.000000,32,42,47,53,86,170,350,430,35000,35000,35000,647,4,32,104.94896491487576,13.8200000001234,34575.42580000154,158.4420401854714
1778661835,300,,Aggregated,2.100000,0.000000,32,42,47,53,87,170,350,430,35000,35000,35000,650,4,32,104.68824738449676,13.8200000001234,34575.42580000154,158.24
1778661836,300,,Aggregated,2.100000,0.000000,32,42,47,53,86,170,310,430,35000,35000,35000,652,4,32,104.46967193240164,13.8200000001234,34575.42580000154,158.28220858895705
1778661837,300,,Aggregated,2.100000,0.000000,32,42,47,53,86,170,310,430,35000,35000,35000,652,4,32,104.46967193240164,13.8200000001234,34575.42580000154,158.28220858895705
1778661838,300,,Aggregated,2.100000,0.000000,32,42,47,53,86,170,310,430,35000,35000,35000,652,4,32,104.46967193240164,13.8200000001234,34575.42580000154,158.28220858895705
1778661839,300,,Aggregated,2.100000,0.000000,32,42,47,53,86,170,310,430,35000,35000,35000,652,4,32,104.46967193240164,13.8200000001234,34575.42580000154,158.28220858895705
1778661840,300,,Aggregated,2.000000,0.000000,32,42,47,53,86,170,310,430,35000,35000,35000,653,4,32,104.34390061244927,13.8200000001234,34575.42580000154,158.0398162327718
1778661841,300,,Aggregated,1.800000,0.000000,32,42,47,53,86,170,310,430,35000,35000,35000,654,5,32,104.22246559622373,13.8200000001234,34575.42580000154,157.7981651376147
1778661842,300,,Aggregated,1.600000,0.000000,32,42,47,53,86,170,310,430,35000,35000,35000,655,5,32,104.0989716029535,13.8200000001234,34575.42580000154,157.55725190839695
1778661843,300,,Aggregated,1.600000,0.000000,32,42,47,53,86,170,310,430,35000,35000,35000,655,5,32,104.0989716029535,13.8200000001234,34575.42580000154,157.55725190839695
1778661844,300,,Aggregated,1.600000,0.000000,32,42,47,53,86,170,310,430,35000,35000,35000,655,5,32,104.0989716029535,13.8200000001234,34575.42580000154,157.55725190839695
1778661845,300,,Aggregated,1.600000,0.000000,32,42,47,53,86,170,310,430,35000,35000,35000,655,5,32,104.0989716029535,13.8200000001234,34575.42580000154,157.55725190839695
1778661846,300,,Aggregated,1.600000,0.000000,32,42,47,53,86,170,310,430,35000,35000,35000,655,5,32,104.0989716029535,13.8200000001234,34575.42580000154,157.55725190839695
1778661847,300,,Aggregated,1.600000,0.000000,32,42,47,53,86,170,310,430,35000,35000,35000,655,5,32,104.0989716029535,13.8200000001234,34575.42580000154,157.55725190839695
1778661848,300,,Aggregated,1.600000,0.000000,32,42,47,53,86,170,310,430,35000,35000,35000,655,5,32,104.0989716029535,13.8200000001234,34575.42580000154,157.55725190839695
1778661849,300,,Aggregated,0.300000,0.100000,32,41,47,52,86,170,310,430,35000,35000,35000,657,5,32,103.83488538803385,13.8200000001234,34575.42580000154,157.07762557077626
1778661850,300,,Aggregated,0.300000,0.100000,32,41,47,52,86,170,310,430,35000,35000,35000,657,5,32,103.83488538803385,13.8200000001234,34575.42580000154,157.07762557077626
1778661851,300,,Aggregated,0.300000,0.100000,32,41,47,52,86,170,310,430,35000,35000,35000,658,5,32,103.69832446799302,13.8200000001234,34575.42580000154,156.838905775076
1778661852,300,,Aggregated,0.300000,0.100000,32,41,47,52,86,170,310,430,35000,35000,35000,658,5,32,103.69832446799302,13.8200000001234,34575.42580000154,156.838905775076
1778661853,300,,Aggregated,0.300000,0.100000,32,41,47,52,86,170,310,430,35000,35000,35000,658,5,32,103.69832446799302,13.8200000001234,34575.42580000154,156.838905775076
1778661854,300,,Aggregated,0.300000,0.100000,32,41,47,52,86,170,310,430,35000,35000,35000,658,5,32,103.69832446799302,13.8200000001234,34575.42580000154,156.838905775076
1778661855,300,,Aggregated,0.300000,0.000000,32,41,47,53,87,170,310,430,35000,35000,35000,659,6,32,103.691177845133,13.8200000001234,34575.42580000154,156.6009104704097
1778661856,300,,Aggregated,0.300000,0.000000,32,42,47,53,87,170,310,430,35000,35000,35000,661,7,32,103.84695627827884,13.8200000001234,34575.42580000154,156.1270801815431
1778661857,300,,Aggregated,0.300000,0.000000,32,42,47,53,87,170,310,430,35000,35000,35000,661,7,32,103.84695627827884,13.8200000001234,34575.42580000154,156.1270801815431
1778661858,300,,Aggregated,0.400000,0.100000,32,41,47,53,87,170,310,430,35000,35000,35000,662,8,32,103.72327749235883,13.8200000001234,34575.42580000154,155.89123867069486
1778661859,300,,Aggregated,0.400000,0.100000,32,41,47,53,87,170,310,430,35000,35000,35000,662,8,32,103.72327749235883,13.8200000001234,34575.42580000154,155.89123867069486
1778661860,300,,Aggregated,0.400000,0.100000,32,41,47,53,87,170,310,430,35000,35000,35000,662,8,32,103.72327749235883,13.8200000001234,34575.42580000154,155.89123867069486
1778661861,300,,Aggregated,0.700000,0.300000,32,41,47,53,87,170,310,430,35000,35000,35000,663,8,32,103.59506334833007,13.8200000001234,34575.42580000154,155.65610859728505
1778661862,300,,Aggregated,0.700000,0.300000,32,41,47,53,87,170,310,430,35000,35000,35000,663,8,32,103.59506334833007,13.8200000001234,34575.42580000154,155.65610859728505
1778661863,300,,Aggregated,0.500000,0.300000,32,41,47,53,87,170,310,430,35000,35000,35000,664,8,32,103.47670677702008,13.8200000001234,34575.42580000154,155.42168674698794
1778661864,300,,Aggregated,0.500000,0.300000,32,41,47,53,87,170,310,430,35000,35000,35000,664,8,32,103.47670677702008,13.8200000001234,34575.42580000154,155.42168674698794
1778661865,300,,Aggregated,0.500000,0.300000,32,41,47,53,87,170,310,430,35000,35000,35000,664,8,32,103.47670677702008,13.8200000001234,34575.42580000154,155.42168674698794
1778661866,300,,Aggregated,0.600000,0.300000,32,41,47,52,87,170,310,430,35000,35000,35000,666,9,32,103.26737687679083,13.8200000001234,34575.42580000154,154.95495495495496
1778661867,300,,Aggregated,0.600000,0.300000,32,41,47,52,87,170,310,430,35000,35000,35000,666,9,32,103.26737687679083,13.8200000001234,34575.42580000154,154.95495495495496
1778661868,300,,Aggregated,0.500000,0.200000,32,41,47,52,87,170,310,430,35000,35000,35000,667,9,32,103.1509256370983,13.8200000001234,34575.42580000154,154.72263868065966
1778661869,300,,Aggregated,0.500000,0.200000,32,41,47,52,87,170,310,430,35000,35000,35000,668,10,31,103.02324685619965,13.8200000001234,34575.42580000154,154.49101796407186
1778661870,300,,Aggregated,0.500000,0.200000,32,41,47,52,87,170,310,430,35000,35000,35000,668,10,31,103.02324685619965,13.8200000001234,34575.42580000154,154.49101796407186
1778661871,300,,Aggregated,0.500000,0.100000,31,41,47,52,87,170,310,430,35000,35000,35000,669,11,31,102.90964962621155,13.8200000001234,34575.42580000154,154.26008968609867
1778661872,300,,Aggregated,0.600000,0.200000,31,41,47,52,87,170,310,430,35000,35000,35000,670,12,31,102.78416656706145,13.8200000001234,34575.42580000154,154.02985074626866
1778661873,300,,Aggregated,0.600000,0.200000,31,41,47,52,87,170,310,430,35000,35000,35000,670,12,31,102.78416656706145,13.8200000001234,34575.42580000154,154.02985074626866
1778661874,300,,Aggregated,0.600000,0.200000,31,41,47,52,87,170,310,430,35000,35000,35000,670,12,31,102.78416656706145,13.8200000001234,34575.42580000154,154.02985074626866
1778661875,300,,Aggregated,0.600000,0.200000,31,41,47,52,87,170,310,430,35000,35000,35000,670,12,31,102.78416656706145,13.8200000001234,34575.42580000154,154.02985074626866
1778661876,300,,Aggregated,0.600000,0.400000,31,41,47,51,86,170,310,430,35000,35000,35000,671,13,31,102.6572105811134,13.8200000001234,34575.42580000154,153.80029806259316
1778661877,300,,Aggregated,0.600000,0.400000,31,41,47,51,86,170,310,430,35000,35000,35000,671,13,31,102.6572105811134,13.8200000001234,34575.42580000154,153.80029806259316
1778661878,300,,Aggregated,0.600000,0.400000,31,41,47,51,86,170,310,430,35000,35000,35000,671,13,31,102.6572105811134,13.8200000001234,34575.42580000154,153.80029806259316
1778661879,300,,Aggregated,0.500000,0.400000,31,41,47,51,86,170,310,430,35000,35000,35000,672,14,31,102.52703333321733,13.8200000001234,34575.42580000154,153.57142857142858
1778661880,300,,Aggregated,0.500000,0.400000,31,41,47,51,86,170,310,430,35000,35000,35000,672,14,31,102.52703333321733,13.8200000001234,34575.42580000154,153.57142857142858
1778661881,300,,Aggregated,0.400000,0.400000,31,41,47,51,86,170,310,430,35000,35000,35000,673,14,31,102.40281783049095,13.8200000001234,34575.42580000154,153.34323922734026
1778661882,300,,Aggregated,0.400000,0.400000,31,41,47,51,86,170,310,430,35000,35000,35000,674,15,31,102.2769529672452,13.8200000001234,34575.42580000154,153.11572700296736
1778661883,300,,Aggregated,0.400000,0.300000,31,41,47,51,86,170,310,430,35000,35000,35000,675,16,31,102.16039599988747,13.8200000001234,34575.42580000154,152.88888888888889
1778661884,300,,Aggregated,0.400000,0.300000,31,41,47,51,86,170,310,430,35000,35000,35000,675,16,31,102.16039599988747,13.8200000001234,34575.42580000154,152.88888888888889
1778661885,300,,Aggregated,0.400000,0.300000,31,41,47,51,86,170,310,430,35000,35000,35000,677,17,31,101.92486129974249,13.8200000001234,34575.42580000154,152.43722304283605
1778661886,300,,Aggregated,0.400000,0.300000,31,41,47,51,86,170,310,430,35000,35000,35000,677,17,31,101.92486129974249,13.8200000001234,34575.42580000154,152.43722304283605
1778661887,300,,Aggregated,0.500000,0.400000,31,41,47,51,86,170,310,430,35000,35000,35000,678,18,31,101.88070707953393,13.8200000001234,34575.42580000154,152.21238938053096
1778661888,300,,Aggregated,0.700000,0.500000,31,41,47,51,86,170,310,430,35000,35000,35000,679,19,31,101.76122562581268,13.8200000001234,34575.42580000154,151.9882179675994
1778661889,300,,Aggregated,0.700000,0.500000,31,41,47,51,86,170,310,430,35000,35000,35000,679,19,31,101.76122562581268,13.8200000001234,34575.42580000154,151.9882179675994
1778661890,300,,Aggregated,0.700000,0.500000,31,41,47,51,86,170,310,430,35000,35000,35000,680,20,31,101.65209514694546,13.8200000001234,34575.42580000154,151.76470588235293
1778661891,300,,Aggregated,0.700000,0.500000,31,41,47,51,86,170,310,430,35000,35000,35000,680,20,31,101.65209514694546,13.8200000001234,34575.42580000154,151.76470588235293
1778661892,300,,Aggregated,0.700000,0.500000,31,41,47,51,86,170,310,430,35000,35000,35000,680,20,31,101.65209514694546,13.8200000001234,34575.42580000154,151.76470588235293
1778661893,300,,Aggregated,0.700000,0.500000,31,41,47,51,86,170,310,430,35000,35000,35000,680,20,31,101.65209514694546,13.8200000001234,34575.42580000154,151.76470588235293
1778661894,300,,Aggregated,0.700000,0.600000,31,41,47,51,86,170,310,430,35000,35000,35000,681,21,31,101.54087973557117,13.8200000001234,34575.42580000154,151.5418502202643
1778661895,300,,Aggregated,0.700000,0.600000,31,41,47,51,86,170,310,430,35000,35000,35000,681,21,31,101.54087973557117,13.8200000001234,34575.42580000154,151.5418502202643
1778661896,300,,Aggregated,0.600000,0.500000,31,41,47,51,86,170,310,430,35000,35000,35000,682,21,31,101.41553958933227,13.8200000001234,34575.42580000154,151.31964809384164
1778661897,300,,Aggregated,0.600000,0.500000,31,41,47,51,86,170,310,430,35000,35000,35000,682,21,31,101.41553958933227,13.8200000001234,34575.42580000154,151.31964809384164
1778661898,300,,Aggregated,0.500000,0.400000,31,41,47,51,86,170,310,430,35000,35000,35000,683,22,31,101.31204128833183,13.8200000001234,34575.42580000154,151.09809663250365
1778661899,300,,Aggregated,0.500000,0.400000,31,41,47,51,86,170,310,430,35000,35000,35000,684,23,31,101.18870175428825,13.8200000001234,34575.42580000154,150.87719298245614
1778661900,300,,Aggregated,0.400000,0.300000,31,41,47,51,86,170,310,430,35000,35000,35000,685,24,31,101.0706556203391,13.8200000001234,34575.42580000154,150.65693430656935
1778661901,300,,Aggregated,0.400000,0.300000,31,41,47,51,86,170,310,430,35000,35000,35000,686,25,30,100.96152201156592,13.8200000001234,34575.42580000154,150.43731778425655
1778661902,300,,Aggregated,0.400000,0.300000,31,41,47,51,86,170,310,430,35000,35000,35000,686,25,30,100.96152201156592,13.8200000001234,34575.42580000154,150.43731778425655
1778661903,300,,Aggregated,0.400000,0.300000,31,41,47,51,86,170,310,430,35000,35000,35000,686,25,30,100.96152201156592,13.8200000001234,34575.42580000154,150.43731778425655
1778661904,300,,Aggregated,0.400000,0.300000,31,41,47,51,86,170,310,430,35000,35000,35000,686,25,30,100.96152201156592,13.8200000001234,34575.42580000154,150.43731778425655
1778661905,300,,Aggregated,0.600000,0.500000,30,41,47,51,86,170,310,430,35000,35000,35000,688,26,30,100.72680261618886,13.8200000001234,34575.42580000154,150.0
1778661906,300,,Aggregated,0.600000,0.500000,30,41,47,51,86,170,310,430,35000,35000,35000,689,27,30,100.60428316391376,13.8200000001234,34575.42580000154,149.78229317851958
1778661907,300,,Aggregated,0.500000,0.400000,30,41,47,51,86,170,310,430,35000,35000,35000,690,28,30,100.4910842028039,13.8200000001234,34575.42580000154,149.56521739130434
1778661908,300,,Aggregated,0.500000,0.400000,30,41,47,51,86,170,310,430,35000,35000,35000,690,28,30,100.4910842028039,13.8200000001234,34575.42580000154,149.56521739130434
1778661909,300,,Aggregated,0.500000,0.400000,30,41,47,51,86,170,310,430,35000,35000,35000,690,28,30,100.4910842028039,13.8200000001234,34575.42580000154,149.56521739130434
1778661910,300,,Aggregated,0.500000,0.400000,30,41,47,51,86,170,310,430,35000,35000,35000,690,28,30,100.4910842028039,13.8200000001234,34575.42580000154,149.56521739130434
1778661911,300,,Aggregated,0.700000,0.600000,30,41,47,51,84,170,310,430,35000,35000,35000,691,29,30,100.37307539787487,13.8200000001234,34575.42580000154,149.34876989869753
1778661912,300,,Aggregated,0.700000,0.600000,30,41,47,51,84,170,310,430,35000,35000,35000,691,29,30,100.37307539787487,13.8200000001234,34575.42580000154,149.34876989869753
1778661913,300,,Aggregated,0.700000,0.600000,30,41,47,51,84,170,310,430,35000,35000,35000,691,29,30,100.37307539787487,13.8200000001234,34575.42580000154,149.34876989869753
1778661914,300,,Aggregated,0.500000,0.400000,30,41,47,51,84,170,310,430,35000,35000,35000,693,30,30,100.13722467522766,13.8200000001234,34575.42580000154,148.91774891774892
1778661915,300,,Aggregated,0.500000,0.400000,30,41,47,51,84,170,310,430,35000,35000,35000,694,31,30,100.01518674341297,13.8200000001234,34575.42580000154,148.70317002881845
1778661916,300,,Aggregated,0.500000,0.400000,30,40,47,51,84,170,310,430,35000,35000,35000,695,32,30,99.90251438838568,13.8200000001234,34575.42580000154,148.4892086330935
1778661917,300,,Aggregated,0.700000,0.500000,30,40,47,51,84,170,310,430,35000,35000,35000,696,33,29,99.78252442518472,13.8200000001234,34575.42580000154,148.27586206896552
1778661918,300,,Aggregated,0.600000,0.500000,29,40,47,51,84,170,310,430,35000,35000,35000,697,34,29,99.66761032988751,13.8200000001234,34575.42580000154,148.06312769010043
1778661919,300,,Aggregated,0.600000,0.500000,29,40,47,51,84,170,310,430,35000,35000,35000,698,35,29,99.54642163314445,13.8200000001234,34575.42580000154,147.85100286532952
1778661920,300,,Aggregated,0.600000,0.500000,29,40,47,51,84,170,310,430,35000,35000,35000,699,36,29,99.43204506428464,13.8200000001234,34575.42580000154,147.63948497854076
1778661921,300,,Aggregated,0.700000,0.600000,29,40,47,51,84,170,310,430,35000,35000,35000,700,37,29,99.31093157133935,13.8200000001234,34575.42580000154,147.42857142857142
1778661922,300,,Aggregated,0.800000,0.700000,29,40,47,51,84,170,300,420,35000,35000,35000,702,39,29,99.07990769222624,13.8200000001234,34575.42580000154,147.008547008547
1778661923,300,,Aggregated,0.900000,0.800000,29,40,47,51,84,170,300,420,35000,35000,35000,703,40,29,98.96199345652605,13.8200000001234,34575.42580000154,146.79943100995732
1778661924,300,,Aggregated,1.000000,0.900000,29,40,47,51,84,170,300,420,35000,35000,35000,704,40,29,98.84457045446156,13.8200000001234,34575.42580000154,146.5909090909091
1778661925,300,,Aggregated,1.100000,1.000000,29,40,47,51,84,170,300,420,35000,35000,35000,705,41,29,98.72864312048529,13.8200000001234,34575.42580000154,146.38297872340425
1778661926,300,,Aggregated,1.200000,1.100000,29,40,47,51,84,170,300,420,35000,35000,35000,707,42,29,98.50097482311348,13.8200000001234,34575.42580000154,145.96888260254596
1778661927,300,,Aggregated,1.100000,1.000000,29,40,47,51,84,170,300,420,35000,35000,35000,708,43,29,98.39380494341347,13.8200000001234,34575.42580000154,145.76271186440678
1778661928,300,,Aggregated,1.100000,1.000000,29,40,47,51,84,170,300,420,35000,35000,35000,709,44,29,98.27767827917981,13.8200000001234,34575.42580000154,145.5571227080395
1778661929,300,,Aggregated,1.200000,1.000000,29,40,47,51,84,170,300,420,35000,35000,35000,710,45,29,98.1660036618873,13.8200000001234,34575.42580000154,145.35211267605635
1778661930,300,,Aggregated,1.200000,1.000000,29,40,47,51,83,170,300,420,35000,35000,35000,712,45,29,97.93619213475691,13.8200000001234,34575.42580000154,144.9438202247191
1778661931,300,,Aggregated,1.200000,1.000000,29,40,47,51,83,170,300,420,35000,35000,35000,712,45,29,97.93619213475691,13.8200000001234,34575.42580000154,144.9438202247191
1778661932,300,,Aggregated,1.200000,1.000000,29,40,47,51,83,170,300,420,35000,35000,35000,714,47,29,97.72610084026495,13.8200000001234,34575.42580000154,144.53781512605042
1778661934,300,,Aggregated,1.300000,0.900000,29,40,47,51,83,170,300,420,35000,35000,35000,716,49,29,97.51900502786604,13.8200000001234,34575.42580000154,144.1340782122905
1778661935,300,,Aggregated,1.100000,0.700000,29,40,47,51,83,170,300,420,35000,35000,35000,717,50,29,97.40585955363386,13.8200000001234,34575.42580000154,143.93305439330544
1778661936,300,,Aggregated,1.100000,0.700000,29,40,47,51,83,170,300,420,35000,35000,35000,717,50,29,97.40585955363386,13.8200000001234,34575.42580000154,143.93305439330544
1778661937,300,,Aggregated,1.300000,0.900000,29,40,47,51,84,170,310,430,35000,35000,35000,718,51,29,97.92855403893833,13.8200000001234,34575.42580000154,143.73259052924791
1778661938,300,,Aggregated,1.300000,1.000000,29,40,47,51,84,170,310,430,35000,35000,35000,719,52,29,97.8138445061935,13.8200000001234,34575.42580000154,143.5326842837274
1778661939,300,,Aggregated,1.200000,0.900000,29,40,47,51,84,170,310,430,35000,35000,35000,720,53,28,97.70006291659632,13.8200000001234,34575.42580000154,143.33333333333334
1778661940,300,,Aggregated,1.200000,0.900000,29,40,47,51,84,170,310,430,35000,35000,35000,720,53,28,97.70006291659632,13.8200000001234,34575.42580000154,143.33333333333334
1778661941,300,,Aggregated,1.100000,0.900000,28,40,47,51,83,170,310,430,35000,35000,35000,721,54,28,97.59587961158715,13.8200000001234,34575.42580000154,143.13453536754508
1778661942,300,,Aggregated,1.100000,0.900000,28,40,47,51,83,170,310,430,35000,35000,35000,721,54,28,97.59587961158715,13.8200000001234,34575.42580000154,143.13453536754508
1778661943,300,,Aggregated,1.000000,0.800000,28,40,47,51,83,170,310,430,35000,35000,35000,722,55,28,97.49773795008177,13.8200000001234,34575.42580000154,142.93628808864267
1778661944,300,,Aggregated,0.900000,0.900000,28,40,47,51,83,170,310,430,35000,35000,35000,724,56,28,97.27810911597028,13.8200000001234,34575.42580000154,142.5414364640884
1778661945,300,,Aggregated,0.900000,0.900000,28,40,46,50,83,170,310,430,35000,35000,35000,726,58,28,97.10704765834622,13.8200000001234,34575.42580000154,142.1487603305785
1778661946,300,,Aggregated,0.800000,0.800000,28,40,46,50,83,170,310,430,35000,35000,35000,727,59,28,96.99561815675088,13.8200000001234,34575.42580000154,141.9532324621733
1778661947,300,,Aggregated,0.800000,0.800000,28,40,46,50,83,170,310,430,35000,35000,35000,727,59,28,96.99561815675088,13.8200000001234,34575.42580000154,141.9532324621733
1778661948,300,,Aggregated,0.900000,0.800000,28,40,46,50,83,170,310,430,35000,35000,35000,728,60,28,96.88291469774413,13.8200000001234,34575.42580000154,141.75824175824175
1778661949,300,,Aggregated,1.000000,0.900000,28,40,46,50,83,170,310,430,35000,35000,35000,729,61,28,96.77642496565497,13.8200000001234,34575.42580000154,141.56378600823047
1778661950,300,,Aggregated,1.000000,0.900000,28,40,46,50,83,170,310,430,35000,35000,35000,729,61,28,96.77642496565497,13.8200000001234,34575.42580000154,141.56378600823047
1778661951,300,,Aggregated,1.000000,0.900000,28,40,46,50,83,170,310,430,35000,35000,35000,729,61,28,96.77642496565497,13.8200000001234,34575.42580000154,141.56378600823047
1778661952,300,,Aggregated,0.900000,0.800000,28,39,46,50,82,170,310,430,35000,35000,35000,731,63,28,96.57651641580782,13.8200000001234,34575.42580000154,141.1764705882353
1778661953,300,,Aggregated,0.900000,0.800000,28,39,46,50,82,170,310,430,35000,35000,35000,732,64,28,96.46406625676615,13.8200000001234,34575.42580000154,140.98360655737704
1778661954,300,,Aggregated,0.800000,0.700000,28,39,46,50,82,170,310,430,35000,35000,35000,733,65,28,96.35531377893376,13.8200000001234,34575.42580000154,140.7912687585266
1778661955,300,,Aggregated,1.000000,0.900000,28,39,46,50,82,170,310,430,35000,35000,35000,734,66,28,96.24302166207042,13.8200000001234,34575.42580000154,140.59945504087193
1778661956,300,,Aggregated,1.000000,0.900000,28,39,46,50,82,170,310,430,35000,35000,35000,735,67,28,96.13319918361641,13.8200000001234,34575.42580000154,140.40816326530611
1778661957,300,,Aggregated,1.000000,0.900000,28,39,46,50,82,170,310,430,35000,35000,35000,735,67,28,96.13319918361641,13.8200000001234,34575.42580000154,140.40816326530611
1778661958,300,,Aggregated,0.800000,0.800000,28,39,46,50,82,170,310,430,35000,35000,35000,736,68,28,96.02642255429046,13.8200000001234,34575.42580000154,140.2173913043478
1778661959,300,,Aggregated,0.800000,0.800000,28,39,46,50,82,170,310,430,35000,35000,35000,738,70,28,95.81169728991837,13.8200000001234,34575.42580000154,139.83739837398375
1778661960,300,,Aggregated,0.800000,0.800000,28,39,46,50,82,170,310,430,35000,35000,35000,739,71,28,95.7040447902015,13.8200000001234,34575.42580000154,139.64817320703654
1778661961,300,,Aggregated,0.800000,0.800000,28,39,46,50,82,170,310,430,35000,35000,35000,740,72,28,95.59760040535144,13.8200000001234,34575.42580000154,139.45945945945945
1778661962,300,,Aggregated,0.900000,0.900000,28,39,46,50,82,160,310,430,35000,35000,35000,741,73,28,95.50426518213455,13.8200000001234,34575.42580000154,139.27125506072875
1778661963,300,,Aggregated,1.000000,1.000000,28,39,46,50,82,160,310,430,35000,35000,35000,742,74,27,95.39734204847112,13.8200000001234,34575.42580000154,139.08355795148248
1778661964,300,,Aggregated,1.100000,1.100000,27,39,46,50,82,160,310,430,35000,35000,35000,743,75,27,95.29385477788452,13.8200000001234,34575.42580000154,138.89636608344549
1778661965,300,,Aggregated,1.000000,1.000000,27,39,46,50,82,160,310,430,35000,35000,35000,745,77,27,95.086284295262,13.8200000001234,34575.42580000154,138.5234899328859
1778661966,300,,Aggregated,1.000000,1.000000,27,39,46,49,82,160,310,430,35000,35000,35000,746,78,27,94.97902815008948,13.8200000001234,34575.42580000154,138.3378016085791
1778661967,300,,Aggregated,1.000000,1.000000,27,39,46,49,82,160,310,430,35000,35000,35000,747,79,27,94.87133319941995,13.8200000001234,34575.42580000154,138.15261044176708
1778661968,300,,Aggregated,1.100000,1.100000,27,39,46,49,82,160,310,430,35000,35000,35000,748,80,27,94.76624639032245,13.8200000001234,34575.42580000154,137.96791443850267
1778661969,300,,Aggregated,1.100000,1.100000,27,39,46,50,82,170,310,430,35000,35000,35000,750,82,27,94.80354279995663,13.8200000001234,34575.42580000154,137.6
1778661970,300,,Aggregated,1.200000,1.200000,27,39,46,49,82,170,300,430,35000,35000,35000,751,83,27,94.69858761647595,13.8200000001234,34575.42580000154,137.4167776298269
1778661971,300,,Aggregated,1.200000,1.200000,27,39,46,49,82,170,300,430,35000,35000,35000,752,84,27,94.59715664890726,13.8200000001234,34575.42580000154,137.2340425531915
1778661972,300,,Aggregated,1.200000,1.200000,27,39,46,49,82,170,300,430,35000,35000,35000,753,85,27,94.49448286849683,13.8200000001234,34575.42580000154,137.05179282868525
1778661973,300,,Aggregated,1.200000,1.200000,27,39,46,49,82,170,300,430,35000,35000,35000,754,86,27,94.40971989387187,13.8200000001234,34575.42580000154,136.87002652519894
1778661974,300,,Aggregated,1.200000,1.200000,27,39,46,49,82,170,300,430,35000,35000,35000,756,88,27,94.2030472222002,13.8200000001234,34575.42580000154,136.5079365079365
1778661975,300,,Aggregated,1.200000,1.200000,27,39,46,49,82,170,300,430,35000,35000,35000,758,90,27,94.00550751976968,13.8200000001234,34575.42580000154,136.14775725593668
1778661976,300,,Aggregated,1.200000,1.200000,27,39,46,49,82,170,300,430,35000,35000,35000,759,91,27,93.90192621869193,13.8200000001234,34575.42580000154,135.9683794466403
1778661977,300,,Aggregated,1.200000,1.200000,27,39,46,49,82,170,300,430,35000,35000,35000,759,91,27,93.90192621869193,13.8200000001234,34575.42580000154,135.9683794466403
1778661978,300,,Aggregated,1.200000,1.200000,27,39,46,49,82,170,300,430,35000,35000,35000,759,91,27,93.90192621869193,13.8200000001234,34575.42580000154,135.9683794466403
1778661979,300,,Aggregated,1.200000,1.200000,27,39,46,49,82,170,300,430,35000,35000,35000,760,92,27,93.79631039472243,13.633900001877919,34575.42580000154,135.78947368421052
1778661980,300,,Aggregated,1.200000,1.200000,27,39,46,49,82,170,300,430,35000,35000,35000,760,92,27,93.79631039472243,13.633900001877919,34575.42580000154,135.78947368421052
1778661981,300,,Aggregated,0.900000,0.900000,27,39,46,49,80,160,300,430,35000,35000,35000,761,93,27,93.70369973717939,13.633900001877919,34575.42580000154,135.61103810775296
1778661982,300,,Aggregated,0.900000,0.900000,27,39,46,49,80,160,300,430,35000,35000,35000,762,94,27,93.60201968503418,13.633900001877919,34575.42580000154,135.43307086614172
1778661983,300,,Aggregated,0.800000,0.800000,27,39,46,49,80,160,300,430,35000,35000,35000,764,96,27,93.39733507852148,13.633900001877919,34575.42580000154,135.07853403141362
1778661984,300,,Aggregated,0.800000,0.800000,27,39,45,49,80,160,300,430,35000,35000,35000,766,98,27,93.21064373366437,13.633900001877919,34575.42580000154,134.72584856396867
1778661985,300,,Aggregated,0.900000,0.900000,27,39,45,49,80,160,300,430,35000,35000,35000,767,99,27,93.11844889176864,13.633900001877919,34575.42580000154,134.55019556714473
1778661986,300,,Aggregated,0.900000,0.900000,27,39,45,49,80,160,300,430,35000,35000,35000,768,100,27,93.01376757810924,12.723200001346413,34575.42580000154,134.375
1778661987,300,,Aggregated,0.800000,0.800000,27,39,45,49,80,160,300,430,35000,35000,35000,770,102,26,92.82127207791616,12.723200001346413,34575.42580000154,134.02597402597402
1778661988,300,,Aggregated,0.800000,0.800000,26,39,45,49,78,160,300,430,35000,35000,35000,771,103,26,92.73353346303035,12.723200001346413,34575.42580000154,133.85214007782102
1778661989,300,,Aggregated,0.900000,0.900000,26,39,45,49,78,160,300,430,35000,35000,35000,772,104,26,92.6413887305625,12.723200001346413,34575.42580000154,133.67875647668393
1778661990,300,,Aggregated,1.100000,1.100000,26,39,45,49,78,160,300,430,35000,35000,35000,773,105,26,92.54588473479494,12.723200001346413,34575.42580000154,133.5058214747736
1778661991,300,,Aggregated,1.200000,1.200000,26,39,45,49,78,160,300,430,35000,35000,35000,774,106,26,92.45170155038575,12.723200001346413,34575.42580000154,133.33333333333334
1778661992,300,,Aggregated,1.200000,1.200000,26,39,45,49,78,160,300,430,35000,35000,35000,775,107,26,92.36197819354035,12.723200001346413,34575.42580000154,133.16129032258064
1778661993,300,,Aggregated,1.300000,1.300000,26,39,45,49,78,160,300,430,35000,35000,35000,777,109,26,92.17576447875356,12.723200001346413,34575.42580000154,132.81853281853282
1778661994,300,,Aggregated,1.300000,1.300000,26,39,45,49,78,160,300,430,35000,35000,35000,779,110,26,91.9881684210439,12.723200001346413,34575.42580000154,132.4775353016688
1778661995,300,,Aggregated,1.300000,1.300000,26,39,45,49,78,160,300,430,35000,35000,35000,779,110,26,91.9881684210439,12.723200001346413,34575.42580000154,132.4775353016688
1778661996,300,,Aggregated,1.300000,1.200000,26,38,45,49,78,160,300,430,35000,35000,35000,780,111,26,91.89253243588236,12.723200001346413,34575.42580000154,132.30769230769232
1778661997,300,,Aggregated,1.300000,1.200000,26,38,45,49,78,160,300,430,35000,35000,35000,780,111,26,91.89253243588236,12.723200001346413,34575.42580000154,132.30769230769232
1778661998,300,,Aggregated,1.200000,1.100000,26,38,45,49,78,160,300,430,35000,35000,35000,781,112,26,91.79632535210105,12.723200001346413,34575.42580000154,132.1382842509603
1778661999,300,,Aggregated,1.200000,1.100000,26,38,45,49,78,160,300,430,35000,35000,35000,782,113,26,91.70987557543813,12.723200001346413,34575.42580000154,131.9693094629156
1778662000,300,,Aggregated,1.000000,0.900000,26,38,45,49,78,160,300,430,35000,35000,35000,783,114,26,91.61869259259014,12.723200001346413,34575.42580000154,131.8007662835249
1778662001,300,,Aggregated,1.000000,0.900000,26,38,45,49,78,160,300,430,35000,35000,35000,785,116,26,91.43716292993379,12.723200001346413,34575.42580000154,131.46496815286625
1778662002,300,,Aggregated,1.000000,0.900000,26,38,45,49,78,160,300,430,35000,35000,35000,787,118,26,91.25093379923071,12.723200001346413,34575.42580000154,131.13087674714103
1778662003,300,,Aggregated,1.000000,0.900000,26,38,45,49,78,160,300,430,35000,35000,35000,788,119,26,91.15660482232758,12.723200001346413,34575.42580000154,130.96446700507613
1778662004,300,,Aggregated,1.100000,1.000000,26,38,45,49,78,160,300,430,35000,35000,35000,789,120,26,91.06709581747758,12.723200001346413,34575.42580000154,130.79847908745248
1778662005,300,,Aggregated,1.200000,1.100000,26,38,45,49,78,160,300,430,35000,35000,35000,790,121,26,90.97057177214198,12.723200001346413,34575.42580000154,130.63291139240508
1778662006,300,,Aggregated,1.000000,1.000000,26,38,45,49,76,160,300,430,35000,35000,35000,791,122,26,90.8767101137722,12.723200001346413,34575.42580000154,130.4677623261694
1778662007,300,,Aggregated,1.000000,1.000000,26,38,45,49,76,160,300,430,35000,35000,35000,792,123,26,90.7948477272683,12.723200001346413,34575.42580000154,130.3030303030303
1778662008,300,,Aggregated,1.100000,1.100000,26,38,45,49,76,160,300,430,35000,35000,35000,793,124,26,90.71074363177951,12.723200001346413,34575.42580000154,130.13871374527113
1778662009,300,,Aggregated,1.100000,1.100000,26,38,45,49,76,160,300,430,35000,35000,35000,794,125,26,90.6265789672492,12.723200001346413,34575.42580000154,129.97481108312343
1778662010,300,,Aggregated,1.200000,1.200000,26,38,45,49,76,160,300,430,35000,35000,35000,795,126,26,90.5334226414964,12.723200001346413,34575.42580000154,129.81132075471697
1778662011,300,,Aggregated,1.200000,1.200000,26,38,45,49,76,160,300,430,35000,35000,35000,796,127,26,90.44631482410566,12.723200001346413,34575.42580000154,129.64824120603015
1778662012,300,,Aggregated,1.200000,1.200000,26,38,44,49,76,160,300,430,35000,35000,35000,797,128,26,90.35133048931824,12.723200001346413,34575.42580000154,129.48557089084065
1778662013,300,,Aggregated,1.200000,1.200000,26,38,44,49,76,160,300,430,35000,35000,35000,798,129,26,90.25506691727342,12.723200001346413,34575.42580000154,129.3233082706767
1778662014,300,,Aggregated,1.100000,1.100000,26,38,44,49,76,160,300,430,35000,35000,35000,799,130,26,90.17633979972751,12.723200001346413,34575.42580000154,129.16145181476847
1778662015,300,,Aggregated,1.000000,1.000000,26,38,44,49,76,160,300,430,35000,35000,35000,800,131,26,90.08403237497987,12.723200001346413,34575.42580000154,129.0
1778662016,300,,Aggregated,1.000000,1.000000,26,38,44,49,76,160,300,430,35000,35000,35000,800,131,26,90.08403237497987,12.723200001346413,34575.42580000154,129.0
1778662017,300,,Aggregated,1.000000,1.000000,26,37,44,49,76,150,290,420,35000,35000,35000,801,132,26,89.99401148562055,12.723200001346413,34575.42580000154,128.83895131086143
1778662018,300,,Aggregated,1.000000,1.000000,26,37,44,49,76,150,290,420,35000,35000,35000,802,133,26,89.90489027429587,12.723200001346413,34575.42580000154,128.67830423940148
1778662019,300,,Aggregated,0.900000,0.900000,26,37,44,49,76,160,300,430,45000,45000,45000,804,135,26,145.17473109450447,12.723200001346413,44596.10089999478,128.3582089552239
1778662020,300,,Aggregated,0.900000,0.900000,26,37,44,49,76,160,300,430,45000,45000,45000,805,136,26,145.0215359006015,12.723200001346413,44596.10089999478,128.19875776397515
1778662021,300,,Aggregated,0.900000,0.900000,26,37,44,49,76,160,300,430,45000,45000,45000,806,137,26,144.86582456574033,12.723200001346413,44596.10089999478,128.0397022332506
1778662022,300,,Aggregated,1.000000,1.000000,26,37,44,49,76,160,300,430,45000,45000,45000,807,138,26,144.7094567533912,12.723200001346413,44596.10089999478,127.88104089219331
1778662023,300,,Aggregated,1.000000,1.000000,26,37,44,49,76,160,300,430,45000,45000,45000,809,140,26,144.40256860319616,12.723200001346413,44596.10089999478,127.56489493201484
1778662024,300,,Aggregated,1.000000,1.000000,26,37,44,49,76,160,300,430,45000,45000,45000,810,141,26,144.24424432097706,12.723200001346413,44596.10089999478,127.4074074074074
1778662025,300,,Aggregated,1.000000,1.000000,26,37,44,49,76,160,310,470,45000,45000,45000,814,145,26,144.42706277640056,12.723200001346413,44596.10089999478,126.78132678132678
1778662026,300,,Aggregated,1.100000,1.100000,26,37,44,49,76,160,310,470,45000,45000,45000,815,146,26,144.27038294477802,12.723200001346413,44596.10089999478,126.62576687116564
1778662027,300,,Aggregated,1.100000,1.100000,26,37,44,48,76,160,310,470,45000,45000,45000,816,147,26,144.11425661764238,12.723200001346413,44596.10089999478,126.47058823529412
1778662028,300,,Aggregated,1.400000,1.400000,26,37,44,48,76,160,310,470,45000,45000,45000,817,148,26,143.96076915544006,12.723200001346413,44596.10089999478,126.3157894736842
1778662029,300,,Aggregated,1.500000,1.500000,26,37,44,48,76,160,310,470,45000,45000,45000,818,149,26,143.80726711490803,12.723200001346413,44596.10089999478,126.16136919315403
1778662030,300,,Aggregated,1.500000,1.500000,26,37,44,48,76,160,310,470,45000,45000,45000,819,150,26,143.66168473748493,12.723200001346413,44596.10089999478,126.00732600732601
1778662031,300,,Aggregated,1.500000,1.500000,25,37,44,48,76,160,310,470,45000,45000,45000,821,152,25,143.3648711327638,12.723200001346413,44596.10089999478,125.70036540803898
1778662032,300,,Aggregated,1.400000,1.400000,25,37,44,48,76,160,310,470,45000,45000,45000,822,153,25,143.21095389293993,12.723200001346413,44596.10089999478,125.54744525547446
1778662033,300,,Aggregated,1.400000,1.400000,25,37,44,48,76,160,310,470,45000,45000,45000,824,155,25,142.9121456310595,12.723200001346413,44596.10089999478,125.24271844660194
1778662034,300,,Aggregated,1.500000,1.500000,25,37,44,48,76,160,310,470,45000,45000,45000,825,156,25,142.75969418181128,12.723200001346413,44596.10089999478,125.0909090909091
1778662035,300,,Aggregated,1.500000,1.500000,25,37,44,48,76,160,310,470,45000,45000,45000,826,157,25,142.60482699757046,12.723200001346413,44596.10089999478,124.93946731234867
1778662036,300,,Aggregated,1.500000,1.500000,25,37,44,48,76,160,310,470,45000,45000,45000,827,158,25,142.44922962514062,12.723200001346413,44596.10089999478,124.78839177750906
1778662037,300,,Aggregated,1.500000,1.500000,25,37,44,48,76,160,310,470,45000,45000,45000,829,160,25,142.20929782870033,12.723200001346413,44596.10089999478,124.48733413751508
1778662038,300,,Aggregated,1.200000,1.200000,25,37,44,48,76,160,310,470,45000,45000,45000,830,161,25,142.05845927710735,12.723200001346413,44596.10089999478,124.33734939759036
1778662039,300,,Aggregated,1.200000,1.200000,25,37,44,48,76,160,310,470,45000,45000,45000,831,162,25,141.91317484958128,12.723200001346413,44596.10089999478,124.18772563176896
1778662040,300,,Aggregated,1.200000,1.200000,25,37,44,48,76,160,310,470,45000,45000,45000,831,162,25,141.91317484958128,12.723200001346413,44596.10089999478,124.18772563176896
1778662041,300,,Aggregated,1.300000,1.300000,25,37,44,48,76,160,310,470,45000,45000,45000,832,163,25,141.76388281250112,12.723200001346413,44596.10089999478,124.03846153846153
1778662042,300,,Aggregated,1.300000,1.300000,25,37,44,48,76,160,310,470,45000,45000,45000,833,164,25,141.6177499399806,12.723200001346413,44596.10089999478,123.88955582232893
1778662044,300,,Aggregated,1.200000,1.200000,25,37,44,48,76,160,310,470,45000,45000,45000,834,165,25,141.47032338130305,12.723200001346413,44596.10089999478,123.7410071942446
1778662045,300,,Aggregated,1.100000,1.100000,25,37,44,48,76,160,310,470,45000,45000,45000,835,166,25,141.32249952097177,12.723200001346413,44596.10089999478,123.59281437125749
1778662046,300,,Aggregated,1.100000,1.100000,25,37,44,48,76,160,310,470,45000,45000,45000,836,167,25,141.1725328947465,12.723200001346413,44596.10089999478,123.44497607655502
1778662047,300,,Aggregated,1.000000,1.000000,25,37,44,48,76,160,310,470,45000,45000,45000,837,168,25,141.02962425329562,12.723200001346413,44596.10089999478,123.29749103942652
1778662048,300,,Aggregated,1.000000,1.000000,25,37,44,48,76,160,310,470,45000,45000,45000,839,169,25,140.7459016686717,12.723200001346413,44596.10089999478,123.00357568533968
1778662049,300,,Aggregated,1.000000,1.000000,25,37,44,48,76,160,310,470,45000,45000,45000,840,170,25,140.59381690478318,12.723200001346413,44596.10089999478,122.85714285714286
1778662050,300,,Aggregated,1.000000,1.000000,25,37,43,48,76,150,310,470,45000,45000,45000,841,171,25,140.4561303210699,12.723200001346413,44596.10089999478,122.71105826397147
1778662051,300,,Aggregated,1.000000,0.900000,25,37,43,48,76,150,310,470,45000,45000,45000,842,172,25,140.31129619954706,12.723200001346413,44596.10089999478,122.56532066508314
1778662052,300,,Aggregated,1.000000,0.900000,25,37,43,48,76,150,310,470,45000,45000,45000,844,174,25,140.02538909955106,12.723200001346413,44596.10089999478,122.27488151658768
1778662053,300,,Aggregated,1.000000,0.900000,25,37,43,48,76,150,310,470,45000,45000,45000,845,175,25,139.88106295860962,12.723200001346413,44596.10089999478,122.1301775147929
1778662054,300,,Aggregated,1.100000,1.000000,25,37,44,48,76,150,310,470,45000,45000,45000,848,178,25,139.55713266512865,12.723200001346413,44596.10089999478,121.69811320754717
1778662055,300,,Aggregated,1.200000,1.100000,25,37,43,48,76,150,310,470,45000,45000,45000,849,179,25,139.41231448766823,12.723200001346413,44596.10089999478,121.5547703180212
1778662056,300,,Aggregated,1.200000,1.100000,25,37,44,48,76,150,300,470,45000,45000,45000,851,181,25,139.15979976502098,12.723200001346413,44596.10089999478,121.26909518213866
1778662057,300,,Aggregated,1.400000,1.300000,25,37,44,48,76,150,300,470,45000,45000,45000,852,182,25,139.01597899064893,12.723200001346413,44596.10089999478,121.12676056338029
1778662058,300,,Aggregated,1.400000,1.300000,25,37,43,48,76,150,300,470,45000,45000,45000,853,183,25,138.87188780778098,12.723200001346413,44596.10089999478,120.98475967174677
1778662059,300,,Aggregated,1.500000,1.400000,25,37,43,48,76,150,300,470,45000,45000,45000,854,184,25,138.72653021081774,12.723200001346413,44596.10089999478,120.84309133489461
1778662060,300,,Aggregated,1.500000,1.400000,25,37,43,48,76,150,300,470,45000,45000,45000,855,185,25,138.58927742694505,12.723200001346413,44596.10089999478,120.70175438596492
1778662061,300,,Aggregated,1.400000,1.400000,25,37,43,48,76,150,300,470,45000,45000,45000,856,186,25,138.4492456776162,12.723200001346413,44596.10089999478,120.5607476635514
1778662062,300,,Aggregated,1.400000,1.400000,25,37,43,48,76,150,300,470,45000,45000,45000,857,187,25,138.3097169195346,12.723200001346413,44596.10089999478,120.42007001166861
1778662063,300,,Aggregated,1.400000,1.400000,25,37,43,48,76,150,300,470,45000,45000,45000,858,188,25,138.16648846158768,12.723200001346413,44596.10089999478,120.27972027972028
1778662064,300,,Aggregated,1.400000,1.400000,25,37,43,48,76,150,300,470,45000,45000,45000,859,189,25,138.02865960423523,12.723200001346413,44596.10089999478,120.13969732246798
1778662065,300,,Aggregated,1.300000,1.300000,25,37,43,48,76,150,300,470,45000,45000,45000,860,190,25,137.88770244189985,12.723200001346413,44596.10089999478,120.0
1778662066,300,,Aggregated,1.300000,1.300000,25,37,43,48,73,150,300,470,45000,45000,45000,861,191,25,137.7437459930695,12.723200001346413,44596.10089999478,119.86062717770035
1778662067,300,,Aggregated,1.100000,1.100000,25,36,43,48,73,150,300,470,45000,45000,45000,863,193,25,137.46965457709237,12.723200001346413,44596.10089999478,119.58285052143685
1778662068,300,,Aggregated,1.100000,1.100000,25,36,43,48,73,150,300,470,45000,45000,45000,864,194,25,137.34296574078277,12.723200001346413,44596.10089999478,119.44444444444444
1778662069,300,,Aggregated,1.000000,1.000000,25,36,43,48,73,150,300,470,45000,45000,45000,865,195,25,137.20206797692077,12.723200001346413,44596.10089999478,119.30635838150289
1778662070,300,,Aggregated,1.100000,1.100000,25,36,43,47,73,150,300,470,45000,45000,45000,866,196,25,137.0806852194453,12.723200001346413,44596.10089999478,119.16859122401847
1778662071,300,,Aggregated,1.100000,1.100000,25,36,43,47,73,150,300,470,45000,45000,45000,867,197,25,136.9542687428376,12.723200001346413,44596.10089999478,119.03114186851211
1778662072,300,,Aggregated,1.100000,1.100000,25,36,43,47,73,150,300,470,45000,45000,45000,869,199,25,136.67831622559012,12.723200001346413,44596.10089999478,118.7571921749137
1778662073,300,,Aggregated,1.100000,1.100000,25,36,43,47,73,150,300,470,45000,45000,45000,872,202,25,136.29805974774547,12.723200001346413,44596.10089999478,118.34862385321101
1778662074,300,,Aggregated,1.100000,1.100000,25,36,43,47,73,150,300,470,45000,45000,45000,873,203,25,136.1637478809085,12.723200001346413,44596.10089999478,118.21305841924399
1778662075,300,,Aggregated,1.200000,1.200000,25,36,43,47,73,150,300,470,45000,45000,45000,875,205,25,135.89109794289107,12.723200001346413,44596.10089999478,117.94285714285714
1778662076,300,,Aggregated,1.300000,1.300000,25,36,43,47,73,150,300,470,45000,45000,45000,877,207,25,135.6460042189572,12.723200001346413,44596.10089999478,117.67388825541619
1778662077,300,,Aggregated,1.400000,1.400000,25,36,43,47,73,150,300,470,45000,45000,45000,878,208,25,135.51625068340113,12.723200001346413,44596.10089999478,117.53986332574031
1778662078,300,,Aggregated,1.500000,1.500000,25,36,43,47,73,150,300,470,45000,45000,45000,879,209,25,135.3819246871769,12.723200001346413,44596.10089999478,117.4061433447099
1778662079,300,,Aggregated,1.600000,1.600000,25,36,43,47,73,150,300,470,45000,45000,45000,880,210,25,135.24780659093847,12.723200001346413,44596.10089999478,117.27272727272727
1778662080,300,,Aggregated,1.500000,1.500000,25,36,43,47,72,150,300,470,45000,45000,45000,882,212,25,135.0063843537659,12.723200001346413,44596.10089999478,117.00680272108843
1778662081,300,,Aggregated,1.500000,1.500000,25,36,43,47,72,150,300,470,45000,45000,45000,883,213,25,134.8772292185953,12.723200001346413,44596.10089999478,116.87429218573047
1778662082,300,,Aggregated,1.500000,1.500000,25,36,43,47,72,150,300,470,45000,45000,45000,884,214,25,134.74328054301486,12.723200001346413,44596.10089999478,116.7420814479638
1778662083,300,,Aggregated,1.600000,1.600000,25,36,43,47,72,150,300,470,45000,45000,45000,886,216,25,134.48728194133133,12.723200001346413,44596.10089999478,116.47855530474041
1778662084,300,,Aggregated,1.600000,1.600000,25,36,43,47,72,150,300,470,45000,45000,45000,888,218,25,134.2315829955181,12.723200001346413,44596.10089999478,116.21621621621621
1778662085,300,,Aggregated,1.500000,1.500000,25,36,43,47,72,150,300,470,45000,45000,45000,890,220,25,133.97886617980006,12.723200001346413,44596.10089999478,115.95505617977528
1778662086,300,,Aggregated,1.500000,1.500000,25,36,43,47,70,150,300,470,45000,45000,45000,891,221,25,133.84789831652148,12.723200001346413,44596.10089999478,115.82491582491582
1778662087,300,,Aggregated,1.500000,1.500000,25,35,43,47,70,150,300,470,45000,45000,45000,892,222,25,133.71249002244897,12.723200001346413,44596.10089999478,115.69506726457399
1778662088,300,,Aggregated,1.500000,1.500000,25,35,43,47,70,150,300,470,45000,45000,45000,893,223,25,133.57862105266457,12.723200001346413,44596.10089999478,115.56550951847704
1778662089,300,,Aggregated,1.400000,1.400000,25,35,43,47,70,150,300,470,45000,45000,45000,894,224,25,133.45901677856037,12.723200001346413,44596.10089999478,115.43624161073825
1778662090,300,,Aggregated,1.400000,1.400000,25,35,43,47,70,150,300,470,45000,45000,45000,895,225,25,133.3283539665193,12.723200001346413,44596.10089999478,115.3072625698324
1778662091,300,,Aggregated,1.400000,1.400000,25,35,43,47,70,150,300,470,45000,45000,45000,896,226,25,133.20690000003717,12.723200001346413,44596.10089999478,115.17857142857143
1778662092,300,,Aggregated,1.300000,1.300000,25,35,42,47,70,150,300,470,45000,45000,45000,898,228,25,132.95642238311146,12.723200001346413,44596.10089999478,114.92204899777283
1778662093,300,,Aggregated,1.300000,1.300000,25,35,42,47,70,150,300,470,45000,45000,45000,900,230,25,132.6980265555984,12.723200001346413,44596.10089999478,114.66666666666667
1778662094,300,,Aggregated,1.300000,1.300000,25,35,42,47,70,140,290,430,45000,45000,45000,901,231,25,132.57286315209535,12.723200001346413,44596.10089999478,114.53940066592675
1778662095,300,,Aggregated,1.300000,1.300000,25,35,42,47,70,140,290,430,45000,45000,45000,902,232,25,132.4569079822973,12.723200001346413,44596.10089999478,114.41241685144124
1778662096,300,,Aggregated,1.400000,1.400000,25,35,42,47,70,140,290,430,45000,45000,45000,903,233,25,132.3307652270494,12.723200001346413,44596.10089999478,114.28571428571429
1778662097,300,,Aggregated,1.300000,1.300000,25,35,42,47,70,140,290,430,45000,45000,45000,904,234,25,132.20690741153084,12.723200001346413,44596.10089999478,114.15929203539822
1778662098,300,,Aggregated,1.200000,1.200000,25,35,42,47,70,140,290,430,45000,45000,45000,906,236,25,131.9639440397669,12.723200001346413,44596.10089999478,113.90728476821192
1778662099,300,,Aggregated,1.200000,1.200000,25,35,42,47,70,140,290,430,45000,45000,45000,908,238,25,131.71430638770005,12.723200001346413,44596.10089999478,113.65638766519824
1778662100,300,,Aggregated,1.300000,1.300000,24,35,42,47,70,140,290,430,45000,45000,45000,911,241,24,131.3407843029987,12.723200001346413,44596.10089999478,113.2821075740944
1778662101,300,,Aggregated,1.300000,1.300000,24,35,42,47,70,140,290,430,45000,45000,45000,912,242,24,131.21201765354047,12.723200001346413,44596.10089999478,113.15789473684211
1778662102,300,,Aggregated,1.300000,1.300000,24,35,42,47,70,140,290,430,45000,45000,45000,913,243,24,131.09441511503852,12.723200001346413,44596.10089999478,113.03395399780942
1778662103,300,,Aggregated,1.600000,1.600000,24,35,42,47,70,140,290,430,45000,45000,45000,914,244,24,130.96790196939673,12.723200001346413,44596.10089999478,112.91028446389497
1778662104,300,,Aggregated,1.600000,1.600000,24,35,42,47,70,140,290,430,45000,45000,45000,915,245,24,130.84893224046334,12.723200001346413,44596.10089999478,112.78688524590164
1778662105,300,,Aggregated,1.300000,1.300000,24,35,42,47,70,140,290,430,45000,45000,45000,916,246,24,130.72455174674698,12.723200001346413,44596.10089999478,112.66375545851528
1778662106,300,,Aggregated,1.300000,1.300000,24,35,42,47,70,140,290,430,45000,45000,45000,917,247,24,130.5980331516056,12.723200001346413,44596.10089999478,112.54089422028353
1778662107,300,,Aggregated,1.300000,1.300000,24,35,42,47,70,140,290,430,45000,45000,45000,919,249,24,130.3451487486648,12.723200001346413,44596.10089999478,112.29597388465723
1778662108,300,,Aggregated,1.300000,1.300000,24,35,42,47,70,140,290,430,45000,45000,45000,920,250,24,130.21932260871836,12.723200001346413,44596.10089999478,112.17391304347827
1778662109,300,,Aggregated,1.400000,1.400000,24,34,42,47,70,140,290,430,45000,45000,45000,921,251,24,130.09830325734683,12.723200001346413,44596.10089999478,112.05211726384364
1778662110,300,,Aggregated,1.300000,1.300000,24,34,42,47,70,140,290,430,45000,45000,45000,922,252,24,129.9740322125955,12.723200001346413,44596.10089999478,111.93058568329718
1778662111,300,,Aggregated,1.300000,1.300000,24,35,42,47,70,140,290,430,45000,45000,45000,923,253,24,129.93612318527497,12.723200001346413,44596.10089999478,111.80931744312026
1778662112,300,,Aggregated,1.100000,1.100000,24,34,42,47,70,140,290,430,45000,45000,45000,924,254,24,129.8096659091054,12.723200001346413,44596.10089999478,111.68831168831169
1778662113,300,,Aggregated,1.000000,1.000000,24,35,42,47,70,140,290,430,45000,45000,45000,925,255,24,129.89342875677204,12.723200001346413,44596.10089999478,111.56756756756756
1778662114,300,,Aggregated,1.000000,1.000000,24,35,42,47,70,140,290,430,45000,45000,45000,926,256,24,129.7713900648121,12.723200001346413,44596.10089999478,111.44708423326134
1778662115,300,,Aggregated,1.100000,1.100000,24,34,42,47,70,140,290,430,45000,45000,45000,927,257,24,129.64582470336518,12.723200001346413,44596.10089999478,111.32686084142395
1778662116,300,,Aggregated,1.100000,1.100000,24,34,42,47,70,140,290,430,45000,45000,45000,928,258,24,129.52681864226963,12.723200001346413,44596.10089999478,111.20689655172414
1778662117,300,,Aggregated,1.100000,1.100000,24,34,42,47,70,140,290,430,45000,45000,45000,929,259,24,129.4102514532034,12.723200001346413,44596.10089999478,111.08719052744887
1778662118,300,,Aggregated,1.100000,1.100000,24,34,42,47,70,140,290,430,45000,45000,45000,931,261,24,129.18119269605313,12.723200001346413,44596.10089999478,110.84854994629431
1778662119,300,,Aggregated,1.000000,1.000000,24,34,42,47,70,140,290,430,45000,45000,45000,932,262,24,129.06709989272892,12.723200001346413,44596.10089999478,110.72961373390558
1778662120,300,,Aggregated,1.000000,1.000000,24,34,42,47,70,140,290,430,45000,45000,45000,933,263,24,128.94592604504035,12.723200001346413,44596.10089999478,110.61093247588424
1778662121,300,,Aggregated,1.100000,1.100000,24,34,42,47,70,140,290,430,45000,45000,45000,934,264,24,128.82476809424122,12.723200001346413,44596.10089999478,110.49250535331906
1778662122,300,,Aggregated,1.100000,1.100000,24,34,42,47,70,140,290,430,45000,45000,45000,935,265,24,128.7073048128607,12.723200001346413,44596.10089999478,110.37433155080214
1778662123,300,,Aggregated,1.100000,1.100000,24,34,42,47,70,140,290,430,45000,45000,45000,936,266,24,128.58627382481174,12.723200001346413,44596.10089999478,110.25641025641026
1778662124,300,,Aggregated,1.100000,1.100000,24,34,42,47,70,140,290,430,45000,45000,45000,937,267,24,128.46743596587478,12.723200001346413,44596.10089999478,110.13874066168623
1778662125,300,,Aggregated,1.100000,1.100000,24,34,42,47,70,140,290,430,45000,45000,45000,938,268,24,128.3486601279524,12.723200001346413,44596.10089999478,110.02132196162047
1778662126,300,,Aggregated,1.100000,1.100000,24,34,42,47,70,140,290,430,45000,45000,45000,941,271,24,127.99525717324232,12.723200001346413,44596.10089999478,109.67056323060574
1778662127,300,,Aggregated,1.100000,1.100000,24,34,42,47,70,140,290,430,45000,45000,45000,942,272,24,127.8770119957687,12.723200001346413,44596.10089999478,109.55414012738854
1778662128,300,,Aggregated,1.100000,1.100000,24,34,42,47,70,140,290,430,45000,45000,45000,943,273,24,127.76083870627356,12.723200001346413,44596.10089999478,109.43796394485685
