timestamp,concurrent_users,test_type,question_category,question,answer,response_time_ms,ttff_ms,status_code,status
2026-05-05T16:06:35.447102,29,load,Direct,Where do I get help with FTA and Certificate of Origin queries in Singapore?,"I am unable to retrieve sufficient information regarding this subject matter. For further guidance, please click on the 'Email' button on the bottom right corner of the screen to arrange for a call or a one-to-one advisory session. Our specialists can offer tailored insights based on your product and trade needs, and help you address any related queries or challenges.",19018.66,10510.44,200,Success
2026-05-05T16:06:57.292973,51,load,Indirect,"If I import products from South Korea into Singapore, store them in Singapore, and then export them to Vietnam. Is there any FTA I can use to obtain duty savings on import into Vietnam?","Thank you for your enquiry about using an FTA for duty savings when importing products from South Korea into Vietnam via Singapore.

To assess your eligibility for Back-to-Back Preferential Certificate of Origin (B2B PCO) and potential duty savings, I need additional critical information:

### Information Provided:
✅ Country of Origin: South Korea  
✅ Intermediate Country: Singapore  
✅ Final Destination: Vietnam  
✅ Movement of Goods: South Korea → Singapore → Vietnam  
✅ Processing in Singapor",38650.21,10095.11,200,Success
2026-05-05T16:07:06.160765,59,load,Indirect,"We import cotton fabric (HS 5208) from India into Singapore, dye and cut it here, then export garments to the EU. How do we determine origin under RCEP and EU-Singapore FTA, and what documentation do ","Thank you for your enquiry regarding the origin determination and documentation requirements for your multi-leg trade operation involving India, Singapore, and the EU.

Before I can provide you with comprehensive guidance on the Rules of Origin (ROO) under RCEP and the EU-Singapore FTA, as well as the required documentation, I need to clarify a few important details:

## Missing Information Required:

1. **HS Code for Final Product (Garments)**: You mentioned importing cotton fabric under HS 520",45408.59,15413.66,200,Success
2026-05-05T16:07:33.788106,87,load,Indirect,"We received a request from Indonesian customs to verify our ATIGA PCO. What is the process for Singapore exporters, what documents must we provide, and what is the typical timeline?","I apologize, but I encountered technical difficulties accessing both the CFOTI Knowledge Base and glossary systems to retrieve the specific information about ATIGA PCO verification procedures for Singapore exporters.

## Current Status

Based on your request regarding Indonesian customs verification of your ATIGA (ASEAN Trade in Goods Agreement) Preferential Certificate of Origin, you are seeking information on:

1. **The verification process** for Singapore exporters when Indonesian customs req",69032.67,10073.94,200,Success
2026-05-05T16:07:49.267301,100,load,Indirect,We import fresh mangoes (HS 0804.50) from Indonesia into Singapore and plan to re-export them to the Philippines. Can we request a back-to-back PCO under ATIGA?,"# Back-to-Back PCO Eligibility Assessment for Fresh Mangoes under ATIGA

## Your Trade Scenario
- **Product:** Fresh mangoes
- **HS Code:** 0804.50
- **Movement:** Indonesia → Singapore → Philippines
- **FTA in Question:** ATIGA (ASEAN Trade in Goods Agreement)

---

## Initial Eligibility Assessment

### ✅ FTA Membership Verification
All three countries involved in your trade route are confirmed members of ATIGA:

| Country | Role | ATIGA Member |
|---------|------|--------------|
| Indonesia |",100308.72,3923.97,200,Success
2026-05-05T16:07:55.187223,100,load,Indirect,"Can we use exporter self-certification under the UK-Singapore FTA for our exports of pharmaceutical products (HS 3004), and what are the exact conditions and record-keeping requirements?","Thank you for your enquiry about exporter self-certification under the UK-Singapore FTA for pharmaceutical products.

To provide you with accurate information about self-certification eligibility, conditions, and record-keeping requirements, I need to confirm the trade direction:

### Missing Information Required:

**Trade Direction Confirmation:**
- Are you exporting **FROM Singapore TO the United Kingdom**?
- Or are you exporting **FROM the United Kingdom TO Singapore**?

Once you confirm the ",70954.84,10501.43,200,Success
2026-05-05T16:08:01.816374,100,load,Direct,I am exporting 3305.20 from Japan to the US. Are there any additional tariffs?,"# Additional Tariffs for HS Code 3305.20 from Japan to United States

**Yes, there are additional tariffs applicable to your export.**

## Summary

For HS code **3305.20** exported from **Japan** to the **United States**, while the standard MFN (Most Favoured Nation) duty rate is **free (0%)**, there is an additional **Universal Customs Duty (UCD)** that applies.

---

## Tariff Details

### Customs Duties

| Duty Type | Rate | Conditions | Notes |
|-----------|------|------------|-------|
| **M",100095.46,6488.57,200,Success
2026-05-05T16:08:13.455791,100,load,Indirect,"Can we use exporter self-certification under the UK-Singapore FTA for our exports of pharmaceutical products (HS 3004), and what are the exact conditions and record-keeping requirements?","Thank you for your enquiry about exporter self-certification under the UK-Singapore FTA for pharmaceutical products (HS 3004).

To provide you with accurate information about self-certification eligibility, conditions, and record-keeping requirements, I need to clarify the trade direction:

### Missing Information Required:

**Please confirm:**
- **Country of Origin**: Are you exporting FROM Singapore TO the United Kingdom, or FROM the United Kingdom TO Singapore?
- **Country of Destination**: W",88298.86,10057.89,200,Success
2026-05-05T16:08:17.239929,100,load,Indirect,"What are the steps and timelines to apply for a PCO under the Digital Economy Agreement between Singapore and Australia, and how does it differ from the standard goods FTA process?","Based on my search through the available knowledge base and online resources, I was unable to retrieve sufficient specific information about the **PCO (Paperless Certificate of Origin) application process under the Singapore-Australia Digital Economy Agreement (SADEA)** and how it differs from standard goods FTA processes.

## What I Found

From the **CFOTI Knowledge Base**, I was able to identify general information about Certificate of Origin applications:

### Standard PCO/OCO Application Pro",130354.58,12072.51,200,Success
2026-05-05T16:08:17.245787,100,load,Direct,Where do I access certified lists or notices indicating country eligibility for Singapore public tenders under certain agreements?,"Based on my search through the CFOTI Knowledge Base, I found information about government procurement notices under various Free Trade Agreements (FTAs) that Singapore has signed, including:

## Government Procurement Notice Requirements

According to the **Singapore-Australia Free Trade Agreement (SAFTA)** and other FTAs in the knowledge base:

### Publication of Notices

For each covered procurement, procuring entities are required to publish notices of intended procurement through appropriate",125621.31,11752.38,200,Success
2026-05-05T16:08:21.613008,100,load,Direct,"When forming a Japan–Singapore joint-venture apparel retailer, which FTAs, domestic laws, and compliance obligations need to be taken into account?","I am unable to retrieve sufficient information regarding this subject matter. For further guidance, please click on the 'Email' button on the bottom right corner of the screen to arrange for a call or a one-to-one advisory session. Our specialists can offer tailored insights based on your product and trade needs, and help you address any related queries or challenges.",71766.3,10141.37,200,Success
2026-05-05T16:08:22.694010,100,load,Indirect,"We manufacture plastic containers (HS 3924) in Singapore using resin from Saudi Arabia and additives from Malaysia. How do we prove origin under ATIGA for export to Vietnam, and which FTA gives the be","# Analysis: Plastic Containers (HS 3924) Export from Singapore to Vietnam

## Important Notice: HS Code Specification Required

⚠️ **The HS code 3924 (4-digit format) is insufficient for tariff lookup in our system.** The Mendel system indicates: ""No information about duties and taxes for this HS code in our system.""

For Vietnam (ASEAN destination), you need to provide a more specific **8-digit HS code**. Based on the hierarchy retrieved, HS 3924 includes:

| HS Code | Description |
|---------|",125495.04,3632.24,200,Success
2026-05-05T16:08:34.998469,100,load,Direct,"If software classified as strategic goods technology is hosted on a server in Singapore for global download, what authorisations are required under Singapore's Strategic Goods (Control) regime?","I am unable to retrieve sufficient information regarding this subject matter. For further guidance, please click on the 'Email' button on the bottom right corner of the screen to arrange for a call or a one-to-one advisory session. Our specialists can offer tailored insights based on your product and trade needs, and help you address any related queries or challenges.",77458.49,10066.28,200,Success
2026-05-05T16:08:36.304743,100,load,Direct,I would like to export my product of HS 4819.60 from Singapore to India. What is the duty rate and what FTAs can I leverage?,"# Export of HS Code 481960 from Singapore to India

## Duty Rates and Applicable FTAs

Based on the official tariff information for **HS Code 481960** (Cartons, boxes, cases, bags and other packing containers, of paper, paperboard, cellulose wadding or webs of cellulose fibres; box files, letter trays, and similar articles, of paper or paperboard of a kind used in offices, shops or the like) exported from **Singapore** to **India**, here is the comprehensive breakdown:

---

## **Customs Duty Ra",134215.79,14077.62,200,Success
2026-05-05T16:08:40.357358,100,load,Indirect,"We import headphones (HS 8518.30.10) from China and sell to Vietnam. Can CPTPP preferences ever apply, and what proof would be required?","## Can CPTPP Preferences Apply?

**No, CPTPP preferences cannot apply to your trade scenario.**

Based on the FTA membership analysis, **China is not a member of the CPTPP agreement**. The critical finding is:

- **China and Vietnam** are members of: RCEP (Regional Comprehensive Economic Partnership), ACFTA (ASEAN-China Free Trade Area), and MFN (Most Favoured Nation)
- **China is NOT a CPTPP member**
- **Vietnam IS a CPTPP member**

### Why CPTPP Cannot Apply

For CPTPP preferential tariff trea",112045.64,10064.29,200,Success
2026-05-05T16:08:53.486881,100,load,Indirect,"We consolidate shipments from multiple ASEAN countries in Singapore and then send them to Australia. Can we obtain a single certificate covering the whole consignment, or do we need separate origin do","## Consolidation of Shipments from Multiple ASEAN Countries

Based on the analysis of your scenario where you consolidate shipments from multiple ASEAN countries in Singapore and then export to Australia, I can provide the following information:

### FTA Coverage

The countries involved (Singapore, Australia, and other ASEAN countries including Indonesia, Malaysia, Thailand, Vietnam, Philippines, Brunei, Cambodia, Laos, and Myanmar) are covered under the following Free Trade Agreements:

1. **AA",124184.28,10065.67,200,Success
2026-05-05T16:08:54.080383,100,load,Indirect,"If I import products from South Korea into Singapore, store them in Singapore, and then export them to Vietnam. Is there any FTA I can use to obtain duty savings on import into Vietnam?","Thank you for your enquiry about FTA eligibility for duty savings when importing products from South Korea into Singapore and then exporting to Vietnam.

To assess your eligibility for Back-to-Back Preferential Certificate of Origin (B2B PCO) and potential duty savings under FTAs, I need the following information:

### Required Information:
- **HS Code**: Please provide the HS code for your product. This is essential to determine tariff rates, applicable FTAs, and Rules of Origin requirements.

",118780.36,10074.7,200,Success
2026-05-05T16:08:54.594602,100,load,Indirect,We import Korean cosmetics (HS 3304) under RCEP into Singapore and re-export to Japan with no further processing. Can we apply for a back-to-back RCEP certificate?,"## Back-to-Back RCEP Certificate Analysis

Based on the information available and your scenario:

**Your Scenario:**
- **HS Code:** 3304 (Cosmetics)
- **Movement:** Korea → Singapore → Japan
- **Processing in Singapore:** No further processing
- **FTA Context:** RCEP

### FTA Membership Verification

✅ **All three countries are RCEP members:**

According to **Mendel**, South Korea, Singapore, and Japan are all members of the Regional Comprehensive Economic Partnership Agreement (RCEP). This is a",121277.73,10257.86,200,Success
2026-05-05T16:08:54.596010,100,load,Indirect,"We import raw cocoa (HS 1801) from Ghana, process it into chocolate (HS 1806) in Singapore, and export to Japan. How do we prove substantial transformation and claim preference under RCEP?","# Back-to-Back PCO Eligibility Assessment under RCEP

## Critical Finding: Ineligibility for RCEP Preference

Based on my analysis of your scenario (importing raw cocoa HS 1801 from Ghana, processing into chocolate HS 1806 in Singapore, and exporting to Japan), I must inform you that **you are not eligible to claim preference under RCEP** for this trade movement.

---

## Reason for Ineligibility

### FTA Membership Verification

**Countries Checked:** Ghana, Singapore, and Japan

**Result:** Th",153063.72,14633.91,200,Success
2026-05-05T16:08:55.080655,100,load,Direct,How do I calculate RVC for a plastic household item under ATIGA and document it for possible verification?,"## RVC Calculation for Plastic Household Items under ATIGA

Based on the information retrieved from the **CFOTI Knowledge Base**, here is how to calculate RVC (Regional Value Content) for a plastic household item under ATIGA and document it for verification:

---

### **1. RVC Calculation Methods under ATIGA**

ATIGA provides **two methods** for calculating Regional Value Content. Member States must choose one method and adhere to it consistently:

#### **Method 1: Direct Method (Build-Up)**

**",158242.06,8574.85,200,Success
2026-05-05T16:08:58.526112,100,load,Direct,What is SBF's role in trade documentation and FTA support for Singapore businesses?,"I apologize, but I encountered technical difficulties while attempting to retrieve information about SBF's role in trade documentation and FTA support for Singapore businesses. The knowledge base and glossary tools experienced connection timeouts and were unable to return results.

Based on your request, you were seeking information about:
- Singapore Business Federation's (SBF) role in trade documentation
- SBF's FTA support services for Singapore businesses

## What has been done and what's ne",120195.31,10069.78,200,Success
2026-05-05T16:09:01.853401,100,load,Indirect,"What is the PCO application process for the export of my product with HS code 3924.90.90 from Singapore to Vietnam with an estimated export value of 5,000 SGD under the ATIGA FTA?","** Under ATIGA, your product qualifies for duty-free treatment (0% customs duty), which represents significant savings compared to the 22% MFN rate.

---

## Rules of Origin Requirements

To qualify for the ATIGA preferential rate, your goods must meet one of the following Rules of Origin criteria:

*Source: Mendel - Rules of Origin for ATIGA*

Your product (HS Code 3924.90.90) must satisfy **at least one** of the following:

1. **Wholly obtained or produced** in the exporting Member State (Sing",155094.51,10000.98,200,Success
2026-05-05T16:09:07.550321,100,load,Indirect,"We have an existing PCO but the importer says the HS code on the certificate does not match their customs declaration. How do we correct or reissue the certificate, and will it affect the validity per","# PCO Correction/Reissuance for HS Code Mismatch

Thank you for your enquiry regarding correcting or reissuing a Preferential Certificate of Origin (PCO) due to an HS code mismatch between the certificate and the importer's customs declaration.

## Current Analysis

Based on my initial search, I identified that Singapore Customs has established procedures for **cancelling or amending Certificates of Origin (CO)** issued by Customs, which would apply to your PCO situation. However, I was unable t",164820.64,13589.8,200,Success
2026-05-05T16:09:10.929849,100,load,Indirect,"We assemble vacuum cleaners (HS Code 8508.19.10) in Singapore from Chinese parts and export to Indonesia. Does simple assembly confer Singapore origin, or should we apply for a back-to-back PCO instea","Analysis of Singapore Origin vs. Back-to-Back PCO for Vacuum Cleaners

Based on your scenario of assembling vacuum cleaners (HS Code 8508.19.10) in Singapore from Chinese parts and exporting to Indonesia, I can provide the following analysis based on the information retrieved:

---

## Summary of Your Situation

**Product:** Vacuum cleaners (HS Code 8508.19.10)  
**Movement:** China → Singapore (assembly) → Indonesia  
**Processing in Singapore:** Assembly operations  
**Question:** Does simple ",163132.11,10538.01,200,Success
2026-05-05T16:09:10.932146,100,load,Indirect,"We ship from Singapore to multiple ASEAN countries (Indonesia, Philippines, Vietnam) under ATIGA. Do we need one PCO per destination or one for the whole order, and what are the declaration requiremen","Based on the available information in the CFOTI Knowledge Base regarding ATIGA (ASEAN Trade in Goods Agreement), I can provide you with the following guidance:

---

## PCO Requirements for Multiple ASEAN Destinations under ATIGA

### Current Analysis

When shipping from Singapore to multiple ASEAN countries (Indonesia, Philippines, Vietnam) under ATIGA, the specific requirements regarding whether one Preferential Certificate of Origin (PCO/Form D) can cover multiple destinations or if separate ",162126.35,9532.15,200,Success
2026-05-05T16:09:11.061831,100,load,Indirect,"We received a request from Indonesian customs to verify our ATIGA PCO. What is the process for Singapore exporters, what documents must we provide, and what is the typical timeline?","I apologize, but I encountered technical difficulties accessing both the CFOTI Knowledge Base and glossary systems to retrieve the specific information about ATIGA PCO verification procedures for Singapore exporters.

Based on your request, you need information about:

1. **The verification process** for ATIGA Preferential Certificate of Origin when Indonesian customs requests verification
2. **Required documents** that Singapore exporters must provide
3. **Typical timeline** for responding to s",127632.22,10116.1,200,Success
2026-05-05T16:09:27.293338,100,load,Indirect,"We are considering moving some production from China to Singapore to benefit from FTAs. For electronics (HS 8517), what origin criteria apply under RCEP and CPTPP, and what percentage of value must be","I encountered technical difficulties accessing our knowledge base systems while attempting to retrieve the specific origin criteria and Regional Value Content (RVC) requirements for HS 8517 electronics under RCEP and CPTPP agreements.

## What I Was Able to Confirm

**HS Code 8517 Classification:**
According to Mendel, HS 8517 covers:
> ""Telephone sets, including smartphones and other telephones for cellular networks or for other wireless networks; other apparatus for the transmission or recepti",136841.35,10058.56,200,Success
2026-05-05T16:09:27.295405,100,load,Indirect,"What is the PCO application process for the export of my product with HS code 3924.90.90 from Singapore to Vietnam with an estimated export value of 5,000 SGD under the ATIGA FTA?","# PCO Application Process for Export from Singapore to Vietnam under ATIGA

## Trade Information Summary

**Product Details:**
- **HS Code:** 3924.90.90
- **Country of Origin:** Singapore
- **Destination:** Vietnam
- **Export Value:** 5,000 SGD
- **FTA:** ATIGA (ASEAN Trade in Goods Agreement)

---

## Tariff and Duty Information

### Under ATIGA FTA

| Item | Details |
|------|---------|
| **Customs Duty Rate** | **Free (0%)** |
| **Value Added Tax (VAT)** | 8% of the duty paid value |
| **Cond",183552.51,10145.29,200,Success
2026-05-05T16:09:29.292217,100,load,Direct,How long does it take to get a PCO from Singapore Customs for ATIGA export to Thailand?,"# PCO Processing Time for ATIGA Export to Thailand

Thank you for your inquiry about the processing time for obtaining a Preferential Certificate of Origin (PCO) from Singapore Customs for exports to Thailand under ATIGA (ASEAN Trade in Goods Agreement).

## Current Status

I attempted to retrieve the specific processing time information from our knowledge base, but unfortunately encountered technical difficulties accessing the system at this time. 

## What You're Asking About

- **FTA**: ATIGA",159011.79,10068.84,200,Success
2026-05-05T16:09:29.302928,100,load,Direct,I am exporting propulsion engines with HS code 8408.10.00.05 from Germany to the US. What tariffs apply?,"### Tariffs for Exporting Propulsion Engines (HS Code 8408.10.00.05) from Germany to the United States

For your export of propulsion engines with HS code **8408.10.00.05** from **Germany** to the **United States**, the following tariffs and fees apply:

#### **Import Duties:**

| Duty Type | Rate | Conditions | Source |
|-----------|------|------------|--------|
| **MFN (Most Favoured Nation) Rate** | **2.5% of FOB** | Standard rate applicable to imports from Germany | Mendel |
| **Universal Cu",193688.17,11593.44,200,Success
2026-05-05T16:09:34.898393,100,load,Direct,"Does Singapore have an FTA with Turkey? If yes, what is the tariff for exporting textiles (HS 5407)?","## Singapore-Turkey FTA Status

Based on my analysis using the available trade databases, I need to clarify an important finding:

**The Mendel system returned information for Singapore to Turkmenistan (TM), not Turkey (TR).** This indicates there may be a system interpretation issue, as Turkey and Turkmenistan are two different countries.

### Key Findings:

**For Singapore to Turkmenistan (HS 5407 - Textiles):**
- **Tariff Information:** No information about duties and taxes for HS code 5407 i",140385.43,10126.45,200,Success
2026-05-05T16:09:34.958157,100,load,Indirect,"We consolidate shipments from multiple ASEAN countries in Singapore and then send them to Australia. Can we obtain a single certificate covering the whole consignment, or do we need separate origin do","Based on the information retrieved from the **CFOTI Knowledge Base**, specifically from the ASEAN-Australia-New Zealand Free Trade Area (AANZFTA) regulations, **yes, you can obtain a single certificate covering the whole consignment** when consolidating shipments from multiple ASEAN countries in Singapore before sending them to Australia. This is done through a **Back-to-Back Certificate of Origin**.

## Back-to-Back Certificate of Origin Requirements

According to **AANZFTA Rule 10** (from the ",207468.95,15885.54,200,Success
2026-05-05T16:09:37.186545,100,load,Indirect,"For goods that qualify under both ATIGA and RCEP when exporting from Singapore to Thailand, how do we choose which FTA to use, and can we switch between them for different shipments of the same produc","Based on my analysis of the available information, I was unable to retrieve specific guidance from the CFOTI Knowledge Base regarding how to choose between ATIGA and RCEP when goods qualify under both agreements for exports from Singapore to Thailand, or whether you can switch between FTAs for different shipments of the same product.

## What I Found

From the **CFOTI Knowledge Base (Glossary)**, I can confirm that:

- **Singapore has multiple FTAs in force**, including both ATIGA (ASEAN Trade I",191405.65,5108.04,200,Success
2026-05-05T16:09:37.188611,100,load,Direct,What is an Ordinary Certificate of Origin and when do I need it?,"### What is an Ordinary Certificate of Origin?

An **Ordinary Certificate of Origin (OCO)** is a non-preferential certificate that certifies the country of origin of goods being exported. Unlike Preferential Certificates of Origin (PCO) which are used to claim reduced tariff rates under Free Trade Agreements, an OCO is issued for general trade purposes without seeking preferential tariff treatment.

---

### Origin Criteria for Ordinary Certificate of Origin

According to the **CFOTI Knowledge B",183574.44,10172.62,200,Success
2026-05-05T16:09:37.871341,100,load,Direct,Can we issue a back-to-back PCO when the import CO was issued under a different FTA than the export FTA?,"## Back-to-Back Certificate of Origin (PCO) Across Different FTAs

I apologize, but I encountered technical difficulties accessing both the CFOTI Knowledge Base and glossary systems to retrieve the specific requirements for issuing a back-to-back Proof of Certificate of Origin (PCO) when the import CO was issued under a different FTA than the export FTA.

### Current Analysis

Your question relates to a critical compliance matter regarding **back-to-back CO procedures** where:
- The **import Cer",152471.42,10071.46,200,Success
2026-05-05T16:09:40.084846,100,load,Indirect,Which Free Trade Agreements (FTAs) can I utilise when exporting compact disks (HS Code: 8523.41.10) from Singapore to Indonesia?,"# Free Trade Agreements (FTAs) for Exporting Compact Disks from Singapore to Indonesia

## Summary of Your Query

**Product:** Compact disks (unrecorded)  
**HS Code:** 8523.41.10  
**Country of Origin:** Singapore  
**Country of Destination:** Indonesia

---

## Important Finding: Zero Customs Duty Under MFN

Based on the official tariff data retrieved from **Mendel**, the customs duty for HS Code **8523.41.10** when importing into Indonesia is **FREE (0%)** under the **Most Favoured Nation (MF",188537.07,10131.79,200,Success
2026-05-05T16:09:40.090513,100,load,Indirect,"For machinery (HS 8479) assembled in Singapore from US and German parts, what are the rules of origin under the EU-Singapore FTA and UK-Singapore FTA, and how do we calculate and document RVC?","I apologize, but I encountered technical difficulties accessing the knowledge base and glossary systems needed to retrieve the specific rules of origin information for HS 8479 machinery under the EU-Singapore FTA and UK-Singapore FTA.

## Current Status

Based on your query about machinery (HS 8479) assembled in Singapore from US and German parts, you are seeking:

1. **Rules of Origin under EU-Singapore FTA (EUSFTA)**
2. **Rules of Origin under UK-Singapore FTA (UKSFTA)**
3. **RVC (Regional Val",130422.5,10075.19,200,Success
2026-05-05T16:09:40.105889,100,load,Indirect,"For goods that qualify under both ATIGA and RCEP when exporting from Singapore to Thailand, how do we choose which FTA to use, and can we switch between them for different shipments of the same produc","I apologize, but I encountered technical difficulties accessing the knowledge base and glossary systems when attempting to retrieve information about choosing between ATIGA and RCEP for exports from Singapore to Thailand.

## Current Analysis

Your question involves understanding:
1. **How to choose between multiple FTAs** (ATIGA vs RCEP) when goods qualify under both agreements
2. **Whether you can switch between FTAs** for different shipments of the same product

## What I Attempted

I tried t",143503.57,10063.77,200,Success
2026-05-05T16:09:43.066474,100,load,Indirect,"What is the PCO application process for the export of my product with HS code 3924.90.90 from Singapore to Vietnam with an estimated export value of 5,000 SGD under the ATIGA FTA?","# PCO Application Process for Export from Singapore to Vietnam under ATIGA

## Your Trade Information Summary

| Detail | Information |
|--------|-------------|
| **HS Code** | 3924.90.90 |
| **Product Category** | Tableware, kitchenware, other household articles and hygienic or toilet articles, of plastics - Other |
| **Country of Origin** | Singapore |
| **Country of Destination** | Vietnam |
| **Export Value** | 5,000 SGD |
| **Selected FTA** | ATIGA (ASEAN Trade in Goods Agreement) |

---

#",206449.5,10403.83,200,Success
2026-05-05T16:09:43.153653,100,load,Indirect,"Can we use exporter self-certification under the UK-Singapore FTA for our exports of pharmaceutical products (HS 3004), and what are the exact conditions and record-keeping requirements?","I encountered technical difficulties accessing the CFOTI Knowledge Base to retrieve the specific information about exporter self-certification under the UK-Singapore FTA. However, I can confirm that HS code 3004 refers to:

**HS 3004**: Medicaments (excluding goods of heading 3002, 3005 or 3006) consisting of mixed or unmixed products for therapeutic or prophylactic uses, put up in measured doses (including those in the form of transdermal administration systems) or in forms or packings for reta",154718.66,10077.32,200,Success
2026-05-05T16:09:51.708396,100,load,Indirect,I import meat with HS code 0201.30.01 from Australia to Singapore and re-export to Japan. Am I eligible for preferential tariffs?,"# Back-to-Back PCO Eligibility Assessment

## Your Query Summary
- **Product**: Meat, HS Code 0201.30.01
- **Movement**: Australia → Singapore → Japan
- **Question**: Eligibility for preferential tariffs

---

## Current Analysis

### ✅ Step 1: Tariff Information (Completed)

Based on the tariff data retrieved from **Mendel** for HS Code **0201.30.01** from **Australia** to **Japan**:

| Tariff Type | Rate | Description |
|-------------|------|-------------|
| **MFN Rate** | 38.5% | Standard rat",199731.67,10071.15,200,Success
2026-05-05T16:09:52.319505,100,load,Indirect,We import Korean cosmetics (HS 3304) under RCEP into Singapore and re-export to Japan with no further processing. Can we apply for a back-to-back RCEP certificate?,"## Can You Apply for a Back-to-Back RCEP Certificate?

**Yes, you can apply for a back-to-back RCEP certificate** for your scenario of importing Korean cosmetics (HS 3304) into Singapore and re-exporting to Japan with no further processing.

### Requirements Met

Your situation meets the key requirements under **RCEP Article 3.19: Back-to-Back Proof of Origin**:

✅ **All three countries are RCEP parties**: South Korea, Singapore, and Japan are all members of the Regional Comprehensive Economic P",215689.91,10411.69,200,Success
2026-05-05T16:09:52.330222,100,load,Direct,Where do I get help with FTA and Certificate of Origin queries in Singapore?,"I am unable to retrieve sufficient information regarding this subject matter. For further guidance, please click on the 'Email' button on the bottom right corner of the screen to arrange for a call or a one-to-one advisory session. Our specialists can offer tailored insights based on your product and trade needs, and help you address any related queries or challenges.",87836.87,10077.98,200,Success
2026-05-05T16:09:59.472203,100,load,Indirect,"For goods that qualify under both ATIGA and RCEP when exporting from Singapore to Thailand, how do we choose which FTA to use, and can we switch between them for different shipments of the same produc","I apologize, but I encountered technical difficulties accessing the CFOTI Knowledge Base and glossary systems to retrieve the specific guidance on choosing between ATIGA and RCEP for exports from Singapore to Thailand.

However, based on general FTA principles, I can provide you with the following preliminary guidance:

## General Principles for Choosing Between Multiple FTAs

When goods qualify under multiple FTAs (such as both ATIGA and RCEP for Singapore-Thailand trade), exporters typically h",145775.96,10377.9,200,Success
2026-05-05T16:10:05.709906,100,load,Direct,What is the process to revise or correct a Manufacturing Cost Statement that has already been submitted?,,147899.45,10075.61,200,Error - Empty Response
2026-05-05T16:10:10.191997,100,load,Indirect,"We received a request from Indonesian customs to verify our ATIGA PCO. What is the process for Singapore exporters, what documents must we provide, and what is the typical timeline?","## ATIGA PCO Verification Process for Singapore Exporters

I apologize, but I encountered technical difficulties accessing both the CFOTI Knowledge Base and glossary systems to retrieve the specific information about ATIGA (ASEAN Trade in Goods Agreement) PCO (Preferential Certificate of Origin) verification procedures.

Based on your request, you need information about:

1. **The verification process** for Singapore exporters when Indonesian customs requests verification of an ATIGA PCO
2. **Re",163585.92,10065.65,200,Success
2026-05-05T16:10:12.591475,100,load,Indirect,I import brooms with HS code 9603.10.20 from China to Singapore and would like to re-export to Malaysia. Am I eligible for any FTAs?,"# Back-to-Back PCO Eligibility Assessment

## Your Trade Scenario

**Product:** Brooms  
**HS Code:** 9603.10.20  
**Trade Route:** China (Origin) → Singapore (Intermediate) → Malaysia (Destination)

---

## Analysis Summary

Based on the information retrieved from **Mendel** (using HS Code 9603.10.20, Origin: China, Destination: Malaysia), I can confirm the following:

### ✅ Step 1: FTA Availability - COMPLETED

**Yes, there are applicable FTAs** between China and Malaysia for your product:

| ",230304.17,14726.2,200,Success
2026-05-05T16:10:12.608512,100,load,Direct,I am exporting salmon with HS code 0303.11 from Norway to the US. What tariffs apply?,"I notice you've asked two separate questions:

1. **First query:** Exporter self-certification under UK-Singapore FTA for pharmaceutical products (HS 3004) - which still requires clarification on the trade direction (Singapore to UK or UK to Singapore)

2. **New query:** Tariffs for exporting salmon (HS 0303.11) from Norway to the United States

To provide you with accurate and thorough information, I can only address one query at a time. 

**Which question would you like me to prioritize?**

- ",134501.17,10109.29,200,Success
2026-05-05T16:10:14.832226,100,load,Direct,Can a Singapore company apply for a PCO for goods manufactured in Malaysia and exported to Indonesia?,"## Can a Singapore company apply for a PCO for goods manufactured in Malaysia and exported to Indonesia?

Based on my initial analysis, I need to provide you with the following information:

### Current Analysis

**PCO (Proof of Certificate of Origin)** typically refers to a **back-to-back Certificate of Origin** procedure, where goods originating in one country are transshipped through an intermediate country before being exported to the final destination.

### FTA Coverage

Singapore, Malaysia",179305.53,10073.99,200,Success
2026-05-05T16:10:15.668173,100,load,Indirect,"We consolidate shipments from multiple ASEAN countries in Singapore and then send them to Australia. Can we obtain a single certificate covering the whole consignment, or do we need separate origin do","Based on the available information, I can provide you with the following analysis regarding your consolidation scenario:

## FTA Coverage Analysis

Your shipment route involves multiple ASEAN countries → Singapore → Australia. According to the FTA verification:

**Relevant FTA Groups:**
- **AANZ (ASEAN-Australia-New Zealand FTA)**: All the ASEAN countries you mentioned (Singapore, Vietnam, Thailand, Malaysia, Indonesia, Philippines) and Australia are members of this agreement
- **RCEP (Regional ",148326.44,10086.45,200,Success
2026-05-05T16:10:25.766007,100,load,Direct,I am exporting 3305.20 from Japan to the US. Are there any additional tariffs?,"# Additional Tariffs for HS Code 3305.20 from Japan to United States

## Your Export Details
- **HS Code:** 3305.20
- **Country of Origin:** Japan
- **Destination Country:** United States

---

## Additional Tariffs

**Yes, there is an additional tariff that applies to your export:**

### Universal Customs Duty (UCD)
- **Rate:** 10% of FOB value
- **Application:** This is a distinct duty measure applicable **in addition to** the MFN or other applicable duty rates
- **Conditions:** None specified",201379.94,10077.88,200,Success
2026-05-05T16:10:34.211596,100,load,Indirect,We import Korean cosmetics (HS 3304) under RCEP into Singapore and re-export to Japan with no further processing. Can we apply for a back-to-back RCEP certificate?,"## Analysis of Back-to-Back RCEP Certificate Request

Based on the information provided and the verification completed, I can confirm the following:

### ✅ FTA Membership Verification
**South Korea, Singapore, and Japan are all members of RCEP** (Regional Comprehensive Economic Partnership Agreement). This is a fundamental requirement for back-to-back certificate of origin procedures.

**Source:** Mendel

### ⚠️ Current Status of Analysis

Unfortunately, I encountered technical difficulties acce",179565.2,10067.63,200,Success
2026-05-05T16:10:38.407686,100,load,Indirect,I would like to leverage the AKFTA FTA for my export of 1701.12.20 from Singapore to South Korea. What is a PCO and how do I apply for it?,"# Preferential Certificate of Origin (PCO) for AKFTA

## What is a PCO?

A **Preferential Certificate of Origin (PCO)** is an official document that certifies the country of origin of goods being exported. It serves as proof that your goods qualify as ""originating"" under a specific Free Trade Agreement (FTA), allowing them to receive preferential tariff treatment (reduced or zero customs duties) when imported into the destination country.

For your export of **HS Code 1701.12.20** from **Singapo",241395.97,10260.12,200,Success
2026-05-05T16:10:38.409195,100,load,Indirect,"Our company sources components from China, Thailand, and Malaysia and assembles electronic switches (HS 8536.50) in Singapore for export to Australia. Can we claim Singapore origin under AANZFTA, and ","# Singapore Origin Claim under AANZFTA for Electronic Switches (HS 8536.50)

## Your Query Summary
- **Product:** Electronic switches (HS Code: 8536.50)
- **Components sourced from:** China, Thailand, Malaysia
- **Assembly location:** Singapore
- **Export destination:** Australia
- **FTA in question:** AANZFTA (ASEAN-Australia-New Zealand Free Trade Agreement)

---

## Rules of Origin Requirements under AANZFTA

Based on official tariff data, **HS 8536.50 (Other switches)** can qualify for Singa",244419.65,10090.53,200,Success
2026-05-05T16:10:38.410454,100,load,Indirect,"We import raw cocoa (HS 1801) from Ghana, process it into chocolate (HS 1806) in Singapore, and export to Japan. How do we prove substantial transformation and claim preference under RCEP?","# RCEP Preference Claim Analysis: Ghana → Singapore → Japan

## Critical Finding: FTA Membership Issue

**Source:** Mendel FTA membership check (Ghana, Singapore, Japan)

Based on the FTA membership verification, **Ghana, Singapore, and Japan are NOT all parties to RCEP**. The three countries only share MFN (Most Favoured Nation) status:

- ❌ **Ghana** is NOT an RCEP member
- ✅ **Singapore** is an RCEP member  
- ✅ **Japan** is an RCEP member

**Implication:** Traditional Back-to-Back PCO under ",240346.98,10080.6,200,Success
2026-05-05T16:10:39.143803,100,load,Indirect,"We have an existing PCO but the importer says the HS code on the certificate does not match their customs declaration. How do we correct or reissue the certificate, and will it affect the validity per","### PCO Correction/Reissuance for HS Code Mismatch

I understand you have an existing Preferential Certificate of Origin (PCO) with an HS code discrepancy between the certificate and the importer's customs declaration, and you need guidance on correction or reissuance procedures.

Unfortunately, I was unable to retrieve the specific procedural information from our knowledge base due to technical connectivity issues. The correction and reissuance procedures for PCOs can vary significantly dependi",209743.67,10063.4,200,Success
2026-05-05T16:10:39.158648,100,load,Indirect,"For machinery (HS 8479) assembled in Singapore from US and German parts, what are the rules of origin under the EU-Singapore FTA and UK-Singapore FTA, and how do we calculate and document RVC?","# Rules of Origin and RVC Calculation for Machinery (HS 8479) under EU-Singapore FTA and UK-Singapore FTA

## Your Trade Scenario
- **Product:** Machinery (HS 8479)
- **Assembly Location:** Singapore
- **Input Materials:** Parts from United States and Germany
- **Target Markets:** European Union and United Kingdom
- **FTAs in Question:** EUSFTA (EU-Singapore FTA) and UKSFTA (UK-Singapore FTA)

---

## Rules of Origin Requirements

### 1. EU-Singapore FTA (EUSFTA)

**HS Code:** ex Chapter 84 (whi",165050.31,10096.54,200,Success
2026-05-05T16:10:39.545854,100,load,Indirect,"We received a request from Indonesian customs to verify our ATIGA PCO. What is the process for Singapore exporters, what documents must we provide, and what is the typical timeline?","I apologize, but I encountered technical difficulties accessing both the CFOTI Knowledge Base and glossary systems to retrieve the specific information about ATIGA PCO verification procedures for Singapore exporters responding to Indonesian customs requests.

## What I Was Attempting to Retrieve

I was working to provide you with comprehensive information on:

1. **The verification process** - Step-by-step procedures for Singapore exporters when Indonesian customs requests verification of an ATI",188891.12,10067.88,200,Success
2026-05-05T16:10:44.512201,100,load,Direct,I export seafood (HS 0304) from Singapore to South Korea. What FTA and duty rate apply?,"## Applicable FTAs for Seafood Export (HS 0304) from Singapore to South Korea

Based on your query for exporting seafood (HS Code 0304 - Fish fillets and other fish meat, whether or not minced, fresh, chilled or frozen) from Singapore to South Korea, I have identified the following applicable Free Trade Agreements:

### **Applicable Free Trade Agreements**

| FTA | Type | Full Name |
|-----|------|-----------|
| **KSFTA** | Bilateral | Korea-Singapore Free Trade Agreement |
| **AKFTA** | Regiona",244423.75,10086.53,200,Success
2026-05-05T16:10:44.879632,100,load,Direct,I am exporting t-shirts with HS code 6109.10.00.14 from Colombia to the US. What tariffs apply?,"I am unable to retrieve sufficient information regarding this subject matter. For further guidance, please click on the 'Email' button on the bottom right corner of the screen to arrange for a call or a one-to-one advisory session. Our specialists can offer tailored insights based on your product and trade needs, and help you address any related queries or challenges.",104043.19,10081.27,200,Success
2026-05-05T16:10:44.884336,100,load,Direct,I am importing iron pipes with HS code 7303.00.00.30 from Malaysia to the US. What are the additional tariffs that apply?,"# Additional Tariffs for Iron Pipes (HS Code 7303.00.00.30) from Malaysia to United States

Based on the official tariff information retrieved from Mendel for your import scenario:

## Additional Tariff Applicable

| Tariff Type | Rate | Description |
|-------------|------|-------------|
| **Universal Customs Duty (UCD)** | **10% of FOB** | A distinct duty measure applicable **in addition** to the MFN or other applicable duty rates |

### Important Details:

**Base MFN Rate:** Free (0%)

**Unive",212461.72,10072.89,200,Success
2026-05-05T16:10:44.886969,100,load,Indirect,"For goods that qualify under both ATIGA and RCEP when exporting from Singapore to Thailand, how do we choose which FTA to use, and can we switch between them for different shipments of the same produc","## Choosing Between ATIGA and RCEP for Singapore to Thailand Exports

Based on the information retrieved from the **CFOTI Knowledge Base**, when your goods qualify under both ATIGA (ASEAN Trade in Goods Agreement) and RCEP (Regional Comprehensive Economic Partnership) for exports from Singapore to Thailand, here's how you should approach the decision:

### How to Choose Which FTA to Use

**Key Principle: Exporter's Choice Based on Benefits**

To determine the most suitable FTA for your shipment,",223526.23,10103.26,200,Success
2026-05-05T16:10:44.889621,100,load,Indirect,"For machinery (HS 8479) assembled in Singapore from US and German parts, what are the rules of origin under the EU-Singapore FTA and UK-Singapore FTA, and how do we calculate and document RVC?","Based on the information retrieved from the CFOTI Knowledge Base, I can provide you with guidance on rules of origin for machinery (HS 8479) assembled in Singapore from US and German parts under the EU-Singapore FTA and UK-Singapore FTA.

## Rules of Origin Overview

### UK-Singapore FTA (UKSFTA)

From the CFOTI Knowledge Base, the UK-Singapore FTA provides the following rules of origin for machinery under Chapter 84:

**For HS 8479 machinery**, the product can obtain originating status through:",224915.34,10064.52,200,Success
2026-05-05T16:10:45.992356,100,load,Indirect,Which Free Trade Agreements (FTAs) can I utilise when exporting compact disks (HS Code: 8523.41.10) from Singapore to Indonesia?,"# Free Trade Agreements (FTAs) for Exporting Compact Disks from Singapore to Indonesia

## Summary

**Good news!** For HS Code **8523.41.10** (compact disks - unrecorded optical media) exported from **Singapore** to **Indonesia**, the customs duty is already **FREE (0%)** under the **Most Favoured Nation (MFN)** rate.

---

## Key Finding: No Tariff Savings from FTAs

Since the MFN duty rate is already 0%, **you do not need to claim preferential treatment under any Free Trade Agreement** for tar",225666.34,10344.96,200,Success
2026-05-05T16:10:47.997407,100,load,Indirect,"We ship from Singapore to multiple ASEAN countries (Indonesia, Philippines, Vietnam) under ATIGA. Do we need one PCO per destination or one for the whole order, and what are the declaration requiremen","### Your Query
You are shipping from **Singapore** to multiple ASEAN countries (**Indonesia, Philippines, Vietnam**) under **ATIGA** and need to know:
- Whether you need one PCO per destination or one for the whole order
- Declaration requirements for each destination

---

### Current Status

I attempted to retrieve the specific procedural requirements from ATIGA's legal framework regarding Certificate of Origin issuance for multiple destinations. However, I encountered technical difficulties a",208451.87,10076.47,200,Success
2026-05-05T16:10:49.030237,100,load,Direct,What is SBF's role in trade documentation and FTA support for Singapore businesses?,"I apologize, but I encountered technical difficulties while attempting to retrieve information about the Singapore Business Federation's (SBF) role in trade documentation and FTA support for Singapore businesses. Both the knowledge base and glossary systems experienced connection timeouts during my search.

Based on your request, you were seeking information about:
- SBF's role in trade documentation services
- SBF's support for Free Trade Agreement (FTA) utilization
- How SBF assists Singapore ",187216.38,10073.19,200,Success
2026-05-05T16:10:49.795630,100,load,Indirect,Which Free Trade Agreements (FTAs) can I utilise when exporting compact disks (HS Code: 8523.41.10) from Singapore to Indonesia?,"# Free Trade Agreements (FTAs) for Exporting Compact Disks from Singapore to Indonesia

## Product Information
- **HS Code**: 8523.41.10
- **Product**: Compact disks (unrecorded optical media)
- **Country of Origin**: Singapore
- **Country of Destination**: Indonesia

---

## Important Notice: Duty-Free Status

**The customs duty for HS Code 8523.41.10 is already 0% (free) under the Most Favoured Nation (MFN) rate when importing into Indonesia.** This means that even without claiming any FTA pre",238531.39,10075.08,200,Success
2026-05-05T16:10:51.864484,100,load,Indirect,"If our PCO application is rejected by Singapore Customs due to insufficient supporting documents, what can we do to rectify and reapply, and how long does the appeal or correction process take?","### PCO Application Rejection - Rectification and Reapplication Process

I understand you're seeking guidance on how to rectify and reapply for a PCO (Preferential Certificate of Origin) application that has been rejected by Singapore Customs due to insufficient supporting documents, as well as information about the timeline for the appeal or correction process.

Unfortunately, I was unable to retrieve the specific procedural information from our knowledge base due to technical connectivity issu",193091.85,10067.33,200,Success
2026-05-05T16:10:52.580575,100,load,Indirect,"We received a request from Indonesian customs to verify our ATIGA PCO. What is the process for Singapore exporters, what documents must we provide, and what is the typical timeline?","Based on the information retrieved from the CFOTI Knowledge Base regarding ATIGA (ASEAN Trade in Goods Agreement) verification procedures, here is what you need to know about responding to Indonesian customs' verification request:

## Verification Process Overview

When Indonesian customs requests verification of your ATIGA Preferential Certificate of Origin (PCO), this is called a **""Retroactive Check""** under ATIGA Rule 18. This process allows the importing country (Indonesia) to verify the au",255640.83,10792.69,200,Success
2026-05-05T16:10:58.234771,100,load,Direct,What documents do I need to apply for a Preferential Certificate of Origin under RCEP for export to China?,"# Documents Required for RCEP Preferential Certificate of Origin Application

I apologize, but I am currently unable to retrieve the complete information about the specific documents required to apply for a Preferential Certificate of Origin under RCEP for export to China.

## Current Status

I attempted to access:
- **CFOTI Knowledge Base** - to retrieve RCEP-specific PCO application requirements and document lists
- **CFOTI Knowledge Base** - to check guidelines on RCEP certification procedure",198462.38,10058.74,200,Success
2026-05-05T16:10:58.472541,100,load,Indirect,"We have an existing PCO but the importer says the HS code on the certificate does not match their customs declaration. How do we correct or reissue the certificate, and will it affect the validity per","## Current Status

I apologize, but I encountered technical difficulties accessing the CFOTI Knowledge Base and glossary systems that contain the specific procedures for correcting or reissuing Preferential Certificates of Origin (PCO) when there is an HS code mismatch.

## Your Situation

You have an existing PCO, but your importer has reported that the HS code on the certificate does not match their customs declaration. You need to know:

1. **How to correct or reissue the certificate**
2. **W",200260.56,10140.54,200,Success
2026-05-05T16:10:59.812780,100,load,Indirect,"For goods that qualify under both ATIGA and RCEP when exporting from Singapore to Thailand, how do we choose which FTA to use, and can we switch between them for different shipments of the same produc","## Choosing Between ATIGA and RCEP for Singapore to Thailand Exports

Based on the guidance from the **CFOTI Knowledge Base**, when your goods qualify under multiple Free Trade Agreements (FTAs) such as ATIGA and RCEP for exports from Singapore to Thailand, here are the key principles:

### How to Choose Which FTA to Use

**The choice of FTA is at the exporter's discretion.** When selecting between ATIGA and RCEP, you should consider:

1. **Compare Preferential Tariff Rates**: Evaluate which FTA",237483.49,10067.8,200,Success
2026-05-05T16:11:05.612943,100,load,Indirect,"Our company sources components from China, Thailand, and Malaysia and assembles electronic switches (HS 8536.50) in Singapore for export to Australia. Can we claim Singapore origin under AANZFTA, and ","# AANZFTA Rules of Origin Analysis for Electronic Switches (HS 8536.50)

## Your Trade Scenario

**Product:** Electronic switches (HS 8536.50)  
**Manufacturing Process:** Assembly in Singapore using components from China, Thailand, and Malaysia  
**Export Destination:** Australia  
**Claimed Origin:** Singapore

---

## Can You Claim Singapore Origin Under AANZFTA?

**Yes, potentially**, but you must satisfy one of the two alternative Rules of Origin criteria specified for HS 8536.50 under AANZ",245506.23,10082.88,200,Success
2026-05-05T16:11:07.182568,100,load,Indirect,"We import wine (HS 2204) from Australia under the Singapore-Australia FTA and store it in a bonded warehouse. When we re-export to Japan, can we claim preference under RCEP or CPTPP, and what evidence","# Back-to-Back PCO Eligibility Analysis for Wine Re-Export

## Your Scenario Summary

| Element | Details |
|---------|---------|
| **Product** | Wine (HS Code 2204) |
| **Origin** | Australia |
| **Movement** | Australia → Singapore (bonded warehouse) → Japan |
| **Processing in Singapore** | No processing, storage only in bonded warehouse |
| **Current Import Arrangement** | Under Singapore-Australia FTA (SAFTA) |
| **Query** | Can preference be claimed under RCEP or CPTPP for re-export to Jap",260967.52,10194.8,200,Success
2026-05-05T16:11:16.019875,100,load,Indirect,I want to import semiconductor integrated circuits from South Korea to Singapore and intend to re-export them to Vietnam. The HS code is 8542.31. Am I eligible for any FTAs?,"# FTA Eligibility for Semiconductor Integrated Circuits (HS 8542.31)  
**South Korea → Singapore → Vietnam**

---

## Summary of Tariff Information

Based on the official tariff data retrieved for **HS Code 8542.31** (Processors and controllers, whether or not combined with memories, converters, logic circuits, amplifiers, clock and timing circuits, or other circuits) from **South Korea** to **Vietnam**:

| Tariff Regime | Duty Rate | Conditions |
|---------------|-----------|------------|
| **M",234440.68,10074.97,200,Success
2026-05-05T16:11:17.009120,100,load,Indirect,"We are considering moving some production from China to Singapore to benefit from FTAs. For electronics (HS 8517), what origin criteria apply under RCEP and CPTPP, and what percentage of value must be","## Overview of Your Query

You are considering moving electronics production (HS 8517) from China to Singapore to benefit from Free Trade Agreements, specifically RCEP and CPTPP. Based on the information retrieved, I can provide the following analysis:

---

## HS Code 8517 Classification

**HS 8517** covers: *Telephone sets, including smartphones and other telephones for cellular networks or for other wireless networks; other apparatus for the transmission or reception of voice, images or other",273865.17,10069.89,200,Success
2026-05-05T16:11:20.173990,100,load,Direct,I would like to know more about the import duties for export from Singapore to US. HS code for my product is 9404.21.00.10. Estimated export value for each mattress is $150.,"# Import Duties for Mattresses from Singapore to United States

## Product Information Summary
- **HS Code:** 9404.21.00.10 (Of cellular rubber or plastics, whether or not covered)
- **Country of Origin:** Singapore
- **Country of Destination:** United States
- **Estimated Export Value:** $150 USD per mattress

---

## Applicable Duty Rates

Based on the official tariff data retrieved from **Mendel** for HS Code 9404.21.00.10:

| Rate Type | Formula | Conditions | Notes |
|-----------|---------|",290367.53,30447.03,200,Success
2026-05-05T16:11:21.473266,100,load,Direct,I am an automobile manufacturer importing parts of a suspension system with HS code 8708.80.55 from Germany which will be assembled in the US. Am I eligible for lower tariffs?,"Based on the comprehensive tariff information retrieved for importing suspension system parts (HS code 8708.80.55) from Germany to the United States, here is your eligibility status for lower tariffs:

## Current Tariff Status

### Standard MFN Rate
According to **Mendel**, the Most Favoured Nation (MFN) rate for HS code 8708.80.55 from Germany to the United States is **free** (0% duty).

### Additional Customs Duties Applied

However, **two additional customs duties are currently applicable** t",264991.75,10058.91,200,Success
2026-05-05T16:11:21.592521,100,load,Indirect,"We export organic fertiliser (HS 3101) from Singapore to New Zealand. Under CPTPP, what are the rules of origin and any product-specific requirements we must meet?","# CPTPP Rules of Origin for Organic Fertiliser (HS 3101)
## Export from Singapore to New Zealand

---

### Trade Information Used for This Analysis
- **HS Code:** 3101
- **Product:** Organic fertiliser (Animal or vegetable fertilisers, whether or not mixed together or chemically treated; fertilisers produced by the mixing or chemical treatment of animal or vegetable products)
- **Country of Origin:** Singapore
- **Country of Destination:** New Zealand
- **FTA:** CPTPP (Comprehensive and Progress",269179.92,10064.44,200,Success
2026-05-05T16:11:21.601357,100,load,Indirect,"We have an existing PCO but the importer says the HS code on the certificate does not match their customs declaration. How do we correct or reissue the certificate, and will it affect the validity per","### PCO Correction and Reissuance for HS Code Mismatch

I understand you have an existing Preferential Certificate of Origin (PCO) where the HS code on the certificate does not match the importer's customs declaration, and you need guidance on how to correct or reissue the certificate and whether this will affect the validity period.

---

### Current Analysis

Unfortunately, I was unable to retrieve specific procedural information from our internal knowledge base regarding PCO correction or rei",215236.31,10259.22,200,Success
2026-05-05T16:11:25.376832,100,load,Indirect,"We assemble vacuum cleaners (HS Code 8508.19.10) in Singapore from Chinese parts and export to Indonesia. Does simple assembly confer Singapore origin, or should we apply for a back-to-back PCO instea","## Analysis: Simple Assembly vs. Back-to-Back PCO for Vacuum Cleaners (HS 8508.19.10)

Based on the information retrieved from our systems, I can provide you with a preliminary analysis regarding your vacuum cleaner assembly operation from Chinese parts in Singapore for export to Indonesia.

---

## Trade Information Summary

**Your Scenario:**
- **Product:** Vacuum cleaners (HS Code 8508.19.10)
- **Origin of Parts:** China
- **Processing Location:** Singapore (assembly from Chinese parts)
- **F",268001.14,10066.37,200,Success
2026-05-05T16:11:25.627723,100,load,Indirect,"We plan to bring microprocessors (HS 8542.31) from Japan into Singapore for consolidation, then ship them to Indonesia. Can we claim preferential tariff treatment on the Indonesia leg?","Thank you for your enquiries. I notice you've asked **two separate questions** regarding different trade scenarios:

### **Question 1: Multi-Origin Consolidation (ASEAN → Singapore → Australia)**
Certificate requirements for consolidated shipments from multiple ASEAN countries through Singapore to Australia.

### **Question 2: Back-to-Back Preferential Treatment (Japan → Singapore → Indonesia)**
Whether microprocessors (HS 8542.31) from Japan can claim preferential tariff treatment when shipped ",148282.79,10202.23,200,Success
2026-05-05T16:11:31.100738,100,load,Direct,I would like to export my product of HS 4819.60 from Singapore to India. What is the duty rate and what FTAs can I leverage?,"# Export of HS Code 481960 from Singapore to India

## Product Information
- **HS Code**: 481960
- **Country of Origin**: Singapore
- **Country of Destination**: India

---

## Duty Rates

Based on the trade route from Singapore to India, the following customs duty rates apply for HS code 481960:

| Tariff Type | Rate | FTA/Agreement |
|-------------|------|---------------|
| **ASEAN** | **Free (0%)** | AIFTA (ASEAN-India Free Trade Area) |
| **Singapore Bilateral** | **5%** | CECA (India-Singap",264689.25,10070.39,200,Success
2026-05-05T16:11:36.110553,100,load,Indirect,I import brooms with HS code 9603.10.20 from China to Singapore and would like to re-export to Malaysia. Am I eligible for any FTAs?,,301050.68,10060.29,200,Stream interrupted – chunked stream closed early (server/proxy/load)
2026-05-05T16:11:39.236356,100,load,Direct,What is the validity period of a PCO issued under ATIGA?,,301048.15,10083.26,200,Stream interrupted – chunked stream closed early (server/proxy/load)
2026-05-05T16:11:40.148031,100,load,Indirect,I want to import semiconductor integrated circuits from South Korea to Singapore and intend to re-export them to Vietnam. The HS code is 8542.31. Am I eligible for any FTAs?,,301039.39,10083.18,200,Stream interrupted – chunked stream closed early (server/proxy/load)
2026-05-05T16:11:40.734978,100,load,Indirect,"We are considering moving some production from China to Singapore to benefit from FTAs. For electronics (HS 8517), what origin criteria apply under RCEP and CPTPP, and what percentage of value must be","I apologize, but I am currently experiencing technical difficulties accessing the knowledge base and information retrieval systems needed to provide you with accurate answers to your questions.

## Your Questions

You have asked about three important topics:

1. **UK-Singapore FTA - Exporter Self-Certification for Pharmaceutical Products (HS 3004)**
   - Eligibility for exporter self-certification
   - Exact conditions and requirements
   - Record-keeping requirements

2. **RCEP - Origin Criteri",204240.07,10078.29,200,Success
2026-05-05T16:11:42.212587,100,load,Direct,Which FTA gives the best tariff for exporting solar panels (HS 8541.40) from Singapore to Japan?,,301033.66,10078.43,200,Stream interrupted – chunked stream closed early (server/proxy/load)
2026-05-05T16:11:42.955270,100,load,Indirect,"Our company sources components from China, Thailand, and Malaysia and assembles electronic switches (HS 8536.50) in Singapore for export to Australia. Can we claim Singapore origin under AANZFTA, and ","## AANZFTA Origin Eligibility Assessment for Electronic Switches (HS 8536.50)

Based on the information retrieved from our systems, I can provide you with a preliminary assessment regarding claiming Singapore origin under AANZFTA for your electronic switches assembled in Singapore.

---

## 1. FTA Eligibility Confirmation

**✓ Singapore and Australia are parties to AANZFTA**

Both countries are members of the ASEAN-Australia-New Zealand Free Trade Agreement (AANZFTA), which means your products m",275476.84,10073.75,200,Success
2026-05-05T16:11:43.203524,100,load,Direct,I am exporting steel forgings of gear boxes with HS code 8708.40.75.70 from China to the US. What tariffs apply?,,301054.88,10069.32,200,Stream interrupted – chunked stream closed early (server/proxy/load)
2026-05-05T16:11:48.287990,100,load,Indirect,"We export organic fertiliser (HS 3101) from Singapore to New Zealand. Under CPTPP, what are the rules of origin and any product-specific requirements we must meet?",,301043.32,10072.79,200,Stream interrupted – chunked stream closed early (server/proxy/load)
2026-05-05T16:11:50.324052,100,load,Direct,Where do I get help with FTA and Certificate of Origin queries in Singapore?,"I am unable to retrieve sufficient information regarding this subject matter. For further guidance, please click on the 'Email' button on the bottom right corner of the screen to arrange for a call or a one-to-one advisory session. Our specialists can offer tailored insights based on your product and trade needs, and help you address any related queries or challenges.",69532.51,10076.84,200,Success
2026-05-05T16:11:55.174779,100,load,Indirect,"We export organic fertiliser (HS 3101) from Singapore to New Zealand. Under CPTPP, what are the rules of origin and any product-specific requirements we must meet?","Thank you for your questions. I notice you've asked about **two separate trade scenarios**:

### ✅ Question 1 - Already Addressed Above
**Cocoa to Chocolate under RCEP (Ghana → Singapore → Japan)**
- I've provided a comprehensive response above explaining why you are **not eligible** for RCEP preference due to Ghana not being an RCEP member
- The substantial transformation question is not applicable since the RCEP framework doesn't apply to your supply chain

---

### 📋 Question 2 - Ready to Add",177057.16,10105.11,200,Success
2026-05-05T16:11:55.336349,100,load,Indirect,I import brooms with HS code 9603.10.20 from China to Singapore and would like to re-export to Malaysia. Am I eligible for any FTAs?,,301040.85,10071.04,200,Stream interrupted – chunked stream closed early (server/proxy/load)
2026-05-05T16:11:55.605579,100,load,Indirect,"We consolidate shipments from multiple ASEAN countries in Singapore and then send them to Australia. Can we obtain a single certificate covering the whole consignment, or do we need separate origin do","# Consolidated Shipments from Multiple ASEAN Countries to Australia

## Your Scenario
- **Origin Countries:** Multiple ASEAN countries
- **Consolidation Point:** Singapore
- **Final Destination:** Australia
- **Question:** Can you obtain a single certificate covering the whole consignment, or do you need separate origin documentation for each origin country?

---

## FTA Framework Analysis

✅ **All countries are members of AANZFTA (ASEAN-Australia-New Zealand Free Trade Agreement)**

According t",179005.09,10092.49,200,Success
2026-05-05T16:11:57.067018,100,load,Indirect,"Under which FTAs, if any, can India-origin goods use a back-to-back mechanism via Singapore?","# Back-to-Back Mechanism for India-Origin Goods via Singapore

## Current Analysis Status

I attempted to retrieve comprehensive information about back-to-back certification mechanisms for India-origin goods transiting through Singapore. Unfortunately, I encountered technical connectivity issues with the knowledge base systems during my search.

## What I Was Searching For

The back-to-back (B2B) mechanism allows goods that have already received preferential origin status in one country to maint",139952.63,10090.43,200,Success
2026-05-05T16:11:57.077428,100,load,Indirect,I import meat with HS code 0201.30.01 from Australia to Singapore and re-export to Japan. Am I eligible for preferential tariffs?,"# Preliminary Analysis: Back-to-Back PCO Eligibility for Meat Re-Export

## Your Trade Scenario
- **Product**: Meat (HS Code 0201.30.01 - Boneless beef)
- **Movement**: Australia → Singapore → Japan
- **Query**: Eligibility for preferential tariffs under Back-to-Back PCO

---

## Initial Eligibility Assessment

### ✅ Step 1: Product is NOT Tariff-Free (Completed)

Your product is **not tariff-free** under standard MFN rates when importing to Japan:

| Rate Type | Duty Rate | Source |
|----------",285625.61,10058.5,200,Success
2026-05-05T16:11:59.184362,100,load,Indirect,"If we import under ASEAN-China FTA and re-export to Japan under RCEP with minimal repackaging in Singapore, can we use a back-to-back certificate, and what are the conditions and time limits?","# Back-to-Back Preferential Certificate of Origin (B2B PCO) Analysis
## Scenario: China → Singapore → Japan under RCEP

---

## ⚠️ Critical Information Required

**Your enquiry cannot be fully processed without the following required information:**

**Missing Required Information:**
- **HS Code** (Required - must be provided directly by you)

**Information Provided:**
- ✅ Country of Origin: China
- ✅ Destination Country: Japan
- ✅ Movement of Goods: China → Singapore → Japan
- ✅ Processing in Si",213667.28,10098.33,200,Success
2026-05-05T16:11:59.186748,100,load,Indirect,"We import raw cocoa (HS 1801) from Ghana, process it into chocolate (HS 1806) in Singapore, and export to Japan. How do we prove substantial transformation and claim preference under RCEP?","## Critical Finding: Ghana is NOT a Party to RCEP

Based on my analysis of your scenario, I must inform you of a fundamental issue with your query.

---

## Analysis Summary

### Your Scenario
- **Raw Material:** Cocoa (HS 1801) from Ghana
- **Processing:** Transformation into chocolate (HS 1806) in Singapore
- **Final Destination:** Japan
- **Intended FTA:** RCEP

### Critical Issue Identified

**Ghana is NOT a member of RCEP.** According to the FTA membership verification (Source: Mendel), the",263496.61,10065.04,200,Success
2026-05-05T16:11:59.626233,100,load,Direct,What HS code should I use for LED light fixtures (ceiling type) for export to India?,"### You searched for:
**""LED ceiling light fixtures""** for export from **Singapore** to **India**

### Sample HS Codes

Based on your product description, the most appropriate HS code for LED light fixtures (ceiling type) is:

| HS Code | Description | Format | Has tariff/duty information | Notes |
|---------|-------------|--------|----------------------------|-------|
| **9405.11** | **Chandeliers and other electric ceiling or wall lighting fittings, excluding those of a kind used for lighting ",279060.71,10076.68,200,Success
2026-05-05T16:11:59.630769,100,load,Indirect,"If our PCO application is rejected by Singapore Customs due to insufficient supporting documents, what can we do to rectify and reapply, and how long does the appeal or correction process take?","### PCO Application Rejection - Rectification and Reapplication Process

I understand that your PCO (Preferential Certificate of Origin) application has been rejected by Singapore Customs due to insufficient supporting documents, and you would like to know how to rectify and reapply, as well as the timeline for the appeal or correction process.

Unfortunately, I am unable to retrieve sufficient information on the specific procedures for handling rejected PCO applications, including:

- **Rectifi",272008.41,10073.5,200,Success
2026-05-05T16:12:03.995703,100,load,Indirect,"If we import under ASEAN-China FTA and re-export to Japan under RCEP with minimal repackaging in Singapore, can we use a back-to-back certificate, and what are the conditions and time limits?","# Back-to-Back Preferential Certificate of Origin (B2B PCO) Assessment

## Current Status

I am unable to complete the full Back-to-Back PCO eligibility assessment for your trade scenario because **critical required information is missing**.

---

## Missing Required Information

To properly assess your B2B PCO eligibility and provide specific conditions and time limits, I need:

### **Required:**
- **HS Code** - Please provide the specific HS code for your product. This is essential to:
  - Ver",281438.61,10060.27,200,Success
2026-05-05T16:12:05.655097,100,load,Indirect,Can we ship goods directly from China to Indonesia with a Singapore invoice and still claim ACFTA preference?,"I encountered technical difficulties while attempting to retrieve information from the CFOTI Knowledge Base regarding ACFTA (ASEAN-China Free Trade Agreement) direct consignment requirements and third-party invoicing rules.

## Your Question
You are asking whether goods can be shipped **directly from China to Indonesia** with a **Singapore invoice** and still qualify for **ACFTA preferential tariff treatment**.

## Critical Issues to Consider

This scenario involves three key compliance requirem",207061.37,10096.5,200,Success
2026-05-05T16:12:07.572531,100,load,Direct,Where do I get help with FTA and Certificate of Origin queries in Singapore?,"I am unable to retrieve sufficient information regarding this subject matter. For further guidance, please click on the 'Email' button on the bottom right corner of the screen to arrange for a call or a one-to-one advisory session. Our specialists can offer tailored insights based on your product and trade needs, and help you address any related queries or challenges.",73622.03,10083.1,200,Success
2026-05-05T16:12:11.620502,100,load,Direct,I am exporting fruits with HS code 0811.10.00.50 from Thailand to the US. What tariffs apply?,"Thank you for your questions. I notice you've asked about **two different trade scenarios**:

1. **UK-Singapore FTA**: Exporter self-certification for pharmaceutical products (HS 3004) from Singapore to UK
2. **Thailand to US**: Tariffs for frozen strawberries (HS 0811.10.00.50) from Thailand to United States

To provide you with accurate and comprehensive information, **I can only address one question at a time**. This ensures I can give you the detailed, regulation-compliant guidance you need ",143837.64,10099.04,200,Success
2026-05-05T16:12:12.289543,100,load,Direct,Where do I access certified lists or notices indicating country eligibility for Singapore public tenders under certain agreements?,"I am unable to retrieve sufficient information regarding this subject matter. For further guidance, please click on the 'Email' button on the bottom right corner of the screen to arrange for a call or a one-to-one advisory session. Our specialists can offer tailored insights based on your product and trade needs, and help you address any related queries or challenges.",79693.74,10099.96,200,Success
2026-05-05T16:12:12.389431,100,load,Indirect,"For shipments from Singapore to Australia with goods sourced from Japan and Korea, what are the steps to claim AANZFTA or RCEP preferences?","# Claiming AANZFTA or RCEP Preferences for Shipments from Singapore to Australia

## Trade Scenario Summary
- **Exporting Country**: Singapore
- **Importing Country**: Australia  
- **Material Sources**: Japan and South Korea
- **FTAs in Question**: AANZFTA and RCEP

---

## Current Analysis

I encountered technical difficulties accessing the detailed legal texts and procedures from the CFOTI Knowledge Base. However, I can provide you with the following important considerations for your scenario",286790.04,10075.76,200,Success
2026-05-05T16:12:14.641274,100,load,Direct,What FTAs can I use to export coffee (HS 0901.21) from Singapore to Chile?,,301072.0,10096.73,200,Stream interrupted – chunked stream closed early (server/proxy/load)
2026-05-05T16:12:19.493812,100,load,Direct,Which Free Trade Agreements (FTAs) can I utilise when exporting umbrellas (HS Code: 6601.99.00.03) from Singapore to Australia?,"# Free Trade Agreements (FTAs) for Exporting Umbrellas from Singapore to Australia

## Query Details
- **Product:** Umbrellas
- **HS Code:** 6601.99.00.03
- **Country of Origin:** Singapore
- **Country of Destination:** Australia

---

## Applicable Free Trade Agreements

When exporting umbrellas (HS Code: 6601.99.00.03) from Singapore to Australia, you can utilize the following FTAs:

### Bilateral FTA

| FTA | Full Name | Preferential Duty Rate |
|-----|-----------|------------------------|
| ",274286.59,10086.92,200,Success
2026-05-05T16:12:19.506124,100,load,Direct,Where do I get help with FTA and Certificate of Origin queries in Singapore?,"I am unable to retrieve sufficient information regarding this subject matter. For further guidance, please click on the 'Email' button on the bottom right corner of the screen to arrange for a call or a one-to-one advisory session. Our specialists can offer tailored insights based on your product and trade needs, and help you address any related queries or challenges.",78262.19,10229.89,200,Success
2026-05-05T16:12:19.597763,100,load,Indirect,How do I qualify for preferential treatment under the ATIGA for my export of water pumps with HS code 8413.20.90 from Singapore to Indonesia?,,301043.58,10072.68,200,Stream interrupted – chunked stream closed early (server/proxy/load)
2026-05-05T16:12:22.379505,100,load,Direct,What is SBF's role in trade documentation and FTA support for Singapore businesses?,"I apologize, but I am currently unable to retrieve specific information about SBF's role in trade documentation and FTA support for Singapore businesses due to technical connectivity issues with our primary knowledge systems.

## Current Status

**What has been attempted:**
- ✅ Received your query about SBF's services for trade documentation and FTA support
- ❌ Unable to access CFOTI Knowledge Base due to connection timeout
- ❌ Unable to access glossary system due to connection timeout
- ❌ No we",138354.86,10458.43,200,Success
2026-05-05T16:12:24.708615,100,load,Indirect,I want to import semiconductor integrated circuits from South Korea to Singapore and intend to re-export them to Vietnam. The HS code is 8542.31. Am I eligible for any FTAs?,,301050.04,10109.75,200,Stream interrupted – chunked stream closed early (server/proxy/load)
2026-05-05T16:12:25.696214,100,load,Indirect,We import fresh mangoes (HS 0804.50) from Indonesia into Singapore and plan to re-export them to the Philippines. Can we request a back-to-back PCO under ATIGA?,,301055.37,10074.71,200,Stream interrupted – chunked stream closed early (server/proxy/load)
2026-05-05T16:12:29.664002,100,load,Direct,I am exporting t-shirts with HS code 6109.10.00.14 from Colombia to the US. What tariffs apply?,,301033.6,10066.45,200,Stream interrupted – chunked stream closed early (server/proxy/load)
2026-05-05T16:12:31.075889,100,load,Indirect,"We import cotton fabric (HS 5208) from India into Singapore, dye and cut it here, then export garments to the EU. How do we determine origin under RCEP and EU-Singapore FTA, and what documentation do ","Thank you for your detailed query about this multi-leg trade scenario. To provide you with accurate guidance on Rules of Origin determination and documentation requirements under both RCEP and the EU-Singapore FTA, I need some additional critical information:

## Missing Information Required

### **Essential Information:**

1. **HS Code of the final garment product** being exported to the EU
   - You mentioned importing cotton fabric (HS 5208) and exporting garments, but I need the specific HS c",166587.48,10097.23,200,Success
2026-05-05T16:12:32.719253,100,load,Indirect,"We import raw cocoa (HS 1801) from Ghana, process it into chocolate (HS 1806) in Singapore, and export to Japan. How do we prove substantial transformation and claim preference under RCEP?",,301068.98,10067.93,200,Stream interrupted – chunked stream closed early (server/proxy/load)
2026-05-05T16:12:33.687904,100,load,Direct,I am exporting essential oils with HS code 3301.29.51.03 from France to the US. What tariffs apply?,,301033.61,10061.4,200,Stream interrupted – chunked stream closed early (server/proxy/load)
2026-05-05T16:12:37.738994,100,load,Indirect,I import brooms with HS code 9603.10.20 from China to Singapore and would like to re-export to Malaysia. Am I eligible for any FTAs?,,301049.94,10071.35,200,Stream interrupted – chunked stream closed early (server/proxy/load)
2026-05-05T16:12:41.839986,100,load,Indirect,"We plan to bring microprocessors (HS 8542.31) from Japan into Singapore for consolidation, then ship them to Indonesia. Can we claim preferential tariff treatment on the Indonesia leg?",,301032.17,10058.05,200,Stream interrupted – chunked stream closed early (server/proxy/load)
2026-05-05T16:12:42.409206,100,load,Indirect,"We ship from Singapore to multiple ASEAN countries (Indonesia, Philippines, Vietnam) under ATIGA. Do we need one PCO per destination or one for the whole order, and what are the declaration requiremen","I encountered technical difficulties accessing our knowledge base and glossary systems while attempting to retrieve the specific requirements for ATIGA Preferential Certificate of Origin (PCO) issuance for multiple destinations.

## Current Analysis

Based on your question, you need guidance on:

1. **PCO Issuance Requirements**: Whether one PCO can cover shipments to multiple ASEAN destinations (Indonesia, Philippines, Vietnam) or if separate PCOs are required per destination
2. **Declaration R",193065.01,10113.39,200,Success
2026-05-05T16:12:43.924611,100,load,Indirect,"We assemble vacuum cleaners (HS Code 8508.19.10) in Singapore from Chinese parts and export to Indonesia. Does simple assembly confer Singapore origin, or should we apply for a back-to-back PCO instea",,301062.39,10088.25,200,Stream interrupted – chunked stream closed early (server/proxy/load)
2026-05-05T16:12:45.374582,100,load,Direct,I am importing blowers under 125kW from China to Singapore. I don't know the HS code of my product. Could you provide some suggestions?,,301062.18,10082.39,200,Stream interrupted – chunked stream closed early (server/proxy/load)
2026-05-05T16:12:50.698609,100,load,Direct,What's the practical difference between RVC build-up and build-down methods and when is each preferable?,"RVC Build-Up vs Build-Down Methods

I apologize, but I am currently unable to retrieve the detailed information about RVC (Regional Value Content) build-up and build-down methods from our knowledge base due to technical connectivity issues.

## What I Was Attempting to Retrieve

I was working to provide you with comprehensive information about:

1. **RVC Build-Up Method**: The calculation approach that adds up the value of originating materials and production costs
2. **RVC Build-Down Method**: ",151768.49,10108.11,200,Success
2026-05-05T16:12:59.045459,100,load,Direct,How do I check if my product qualifies for zero tariff under RCEP?,"## How to Check if Your Product Qualifies for Zero Tariff Under RCEP

I apologize, but I encountered technical difficulties when attempting to retrieve the specific information needed to answer your question comprehensively. The knowledge base and glossary systems experienced connection timeouts, preventing me from accessing the authoritative RCEP legal texts and procedural guidelines.

### What I Attempted to Retrieve

I tried to access information about:
- ✗ **Glossary guidelines** - for RCEP ",196380.6,10083.85,200,Success
2026-05-05T16:13:03.191939,100,load,Indirect,"For shipments from Singapore to Australia with goods sourced from Japan and Korea, what are the steps to claim AANZFTA or RCEP preferences?","Thank you for your enquiry about claiming AANZFTA or RCEP preferences for shipments from Singapore to Australia with goods sourced from Japan and Korea.

---

## Information Required to Proceed

To provide you with accurate guidance on the Back-to-Back Preferential Certificate of Origin (B2B PCO) process and eligibility under AANZFTA or RCEP, I need the following information:

### **Required Information:**

1. **HS Code** ⚠️ **(REQUIRED)**
   - Please provide the HS code for your product
   - Th",237529.03,10091.55,200,Success
2026-05-05T16:13:05.309406,100,load,Indirect,"If our PCO application is rejected by Singapore Customs due to insufficient supporting documents, what can we do to rectify and reapply, and how long does the appeal or correction process take?","# PCO Application Rejection: Rectification and Reapplication Process

I understand you're seeking guidance on what to do if your PCO (Preferential Certificate of Origin) application for **HS Code 1701.12.20** from **Singapore to South Korea under AKFTA** is rejected due to insufficient supporting documents, and how long the appeal or correction process takes.

## Current Analysis

Unfortunately, I encountered technical difficulties accessing both the **CFOTI Knowledge Base** and **Glossary** sys",142141.67,10223.27,200,Success
2026-05-05T16:13:05.318797,100,load,Direct,Where can I find the rules of origin for my product under the Singapore-Australia FTA?,"I apologize, but I encountered technical difficulties accessing both the CFOTI Knowledge Base and glossary systems when attempting to retrieve information about the rules of origin for products under the Singapore-Australia FTA (SAFTA).

## What I Was Attempting to Retrieve

I was working to provide you with comprehensive information on:

1. **Where to access SAFTA rules of origin** - Official sources and documentation locations
2. **Product-specific rules** - How to find the specific origin cri",141544.72,10091.83,200,Success
2026-05-05T16:13:05.923606,100,load,Indirect,I would like to leverage the AKFTA FTA for my export of 1701.12.20 from Singapore to South Korea. What is a PCO and how do I apply for it?,,301046.73,10094.02,200,Stream interrupted – chunked stream closed early (server/proxy/load)
2026-05-05T16:13:10.010458,100,load,Indirect,"We ship from Singapore to multiple ASEAN countries (Indonesia, Philippines, Vietnam) under ATIGA. Do we need one PCO per destination or one for the whole order, and what are the declaration requiremen","I apologize, but I am currently unable to retrieve the necessary information from the CFOTI Knowledge Base to provide you with accurate guidance on ATIGA PCO requirements for shipping to multiple ASEAN destinations.

Your question requires specific information about:
- Whether a single ATIGA Form D (Certificate of Origin) can cover shipments to multiple destination countries (Indonesia, Philippines, Vietnam), or if separate certificates are required for each destination
- The specific declaratio",210861.87,10098.17,200,Success
2026-05-05T16:13:11.327726,100,load,Indirect,"We ship from Singapore to multiple ASEAN countries (Indonesia, Philippines, Vietnam) under ATIGA. Do we need one PCO per destination or one for the whole order, and what are the declaration requiremen","I apologize, but I encountered technical difficulties accessing the knowledge base and glossary systems to retrieve the specific information about ATIGA PCO requirements for multiple destinations.

## Current Analysis

Based on your question about shipping from Singapore to multiple ASEAN countries (Indonesia, Philippines, Vietnam) under ATIGA, you need guidance on:

1. **Whether you need one PCO per destination or one for the whole order**
2. **Declaration requirements for each destination coun",135145.7,10087.13,200,Success
2026-05-05T16:13:14.317205,100,load,Indirect,"We consolidate shipments from multiple ASEAN countries in Singapore and then send them to Australia. Can we obtain a single certificate covering the whole consignment, or do we need separate origin do","## Analysis: Certificate of Origin Requirements for Consolidated Shipments from Multiple ASEAN Countries

Based on the available information in my current context, I can provide you with the following guidance regarding your consolidation scenario:

---

## Current Situation Summary

You are consolidating shipments from **multiple ASEAN countries** → **Singapore** (intermediate country) → **Australia** (final destination), and you want to know whether you can obtain a single certificate covering",295025.26,10098.24,200,Success
2026-05-05T16:13:17.501812,100,load,Direct,What is the tariff rate for exporting printed books (HS 4901.99) from Singapore to Vietnam under ATIGA?,"# Response to Your Queries

Thank you for reaching out. I notice you've asked about **two separate trade scenarios** in your message:

1. **Electronic switches (HS 8536.50)** - Singapore origin eligibility under AANZFTA for export to Australia
2. **Printed books (HS 4901.99)** - Tariff rates under ATIGA for export to Vietnam

---

## Important Notice

To provide you with accurate and comprehensive guidance, **I can only address one query at a time**. This ensures that each response is thorough, ",156395.52,10076.27,200,Success
2026-05-05T16:13:18.532801,100,load,Direct,What are the consequences and corrective actions if I inadvertently use an incorrect HS code on a Certificate of Origin?,"## Consequences and Corrective Actions for Incorrect HS Code on Certificate of Origin

Based on the information retrieved from the **CFOTI Knowledge Base**, I can provide guidance on the importance of correct HS code classification and best practices to prevent errors:

### Importance of Correct HS Code Classification

According to the CFOTI Knowledge Base glossary guidance:

**The Harmonised System (HS) code** is an international nomenclature developed by the World Customs Organisation (WCO) fo",150508.35,10084.87,200,Success
2026-05-05T16:13:18.931266,100,load,Direct,What documents do I need to apply for a Preferential Certificate of Origin under RCEP for export to China?,"Thank you for your inquiry about the Preferential Certificate of Origin (PCO) application under RCEP for export to China.

To provide you with accurate and specific guidance on the required documents for your RCEP PCO application, I need the following information:

### Required Information:

1. **HS Code** - The Harmonized System code for your product (must be provided directly by you)
2. **Country of Origin** - Please confirm the country of origin/export (I assume Singapore, but please confirm)",149485.82,10321.88,200,Success
2026-05-05T16:13:20.211810,100,load,Indirect,"We consolidate shipments from multiple ASEAN countries in Singapore and then send them to Australia. Can we obtain a single certificate covering the whole consignment, or do we need separate origin do","## Consolidation of Shipments from Multiple ASEAN Countries for Export to Australia

### Current Analysis

Your scenario involves:
- **Multiple countries of origin**: Various ASEAN countries
- **Intermediate country**: Singapore (consolidation point)
- **Final destination**: Australia
- **Question**: Whether a single certificate can cover the consolidated consignment or if separate certificates are needed for each origin country

---

### Key Considerations for Consolidated Shipments

This situa",217999.54,10087.53,200,Success
2026-05-05T16:13:21.322496,100,load,Indirect,"We import raw cocoa (HS 1801) from Ghana, process it into chocolate (HS 1806) in Singapore, and export to Japan. How do we prove substantial transformation and claim preference under RCEP?",,301053.92,10170.83,200,Stream interrupted – chunked stream closed early (server/proxy/load)
2026-05-05T16:13:22.180572,100,load,Direct,"If software classified as strategic goods technology is hosted on a server in Singapore for global download, what authorisations are required under Singapore's Strategic Goods (Control) regime?","I am unable to retrieve sufficient information regarding this subject matter. For further guidance, please click on the 'Email' button on the bottom right corner of the screen to arrange for a call or a one-to-one advisory session. Our specialists can offer tailored insights based on your product and trade needs, and help you address any related queries or challenges.",99174.33,10165.15,200,Success
2026-05-05T16:13:23.933309,100,load,Indirect,"Under which FTAs, if any, can India-origin goods use a back-to-back mechanism via Singapore?","# Back-to-Back PCO Eligibility for India-Origin Goods via Singapore

## Your Trade Scenario

**Origin:** India  
**Intermediate Country:** Singapore  
**Destination:** Not specified  
**Query:** Which FTAs allow back-to-back mechanism for India-origin goods re-exported via Singapore?

---

## Analysis Summary

Based on the information retrieved from **CFOTI Knowledge Base** (Glossary Tool), I can provide the following guidance:

### Understanding Back-to-Back Certificate of Origin (B2B PCO)

A B",189024.63,10088.78,200,Success
2026-05-05T16:13:24.900159,100,load,Indirect,"For machinery (HS 8479) assembled in Singapore from US and German parts, what are the rules of origin under the EU-Singapore FTA and UK-Singapore FTA, and how do we calculate and document RVC?","# Rules of Origin for Machinery (HS 8479) under EU-Singapore FTA and UK-Singapore FTA

## Current Analysis Status

I have initiated the research process to answer your question about rules of origin for machinery (HS 8479) assembled in Singapore from US and German parts under both the EU-Singapore FTA (EUSFTA) and UK-Singapore FTA (UKSFTA). However, I encountered technical difficulties accessing the CFOTI Knowledge Base during the retrieval process.

## What I Was Able to Retrieve

### General G",167765.51,10096.19,200,Success
2026-05-05T16:13:27.274727,100,load,Indirect,"We ship from Singapore to multiple ASEAN countries (Indonesia, Philippines, Vietnam) under ATIGA. Do we need one PCO per destination or one for the whole order, and what are the declaration requiremen","# ATIGA Certificate of Origin Requirements for Multiple ASEAN Destinations

## Your Trade Scenario
- **Origin Country:** Singapore
- **Destination Countries:** Indonesia, Philippines, Vietnam (multiple ASEAN countries)
- **FTA:** ATIGA (ASEAN Trade in Goods Agreement)
- **Question:** PCO requirements for shipments to multiple destinations and declaration requirements

---

## FTA Membership Verification

✅ **All countries are confirmed ATIGA members:**

| Country | ATIGA Member Status |
|-------",163676.22,10203.43,200,Success
2026-05-05T16:13:29.121402,100,load,Indirect,"We have an existing PCO but the importer says the HS code on the certificate does not match their customs declaration. How do we correct or reissue the certificate, and will it affect the validity per","# Correcting or Reissuing a Preferential Certificate of Origin (PCO) with HS Code Mismatch

I understand you have an existing PCO for exporting compact disks (HS Code 8523.41.10) from Singapore to Indonesia, but the importer reports that the HS code on the certificate does not match their customs declaration. You need guidance on how to correct or reissue the certificate and whether it will affect the validity period.

---

## Current Analysis

Based on my search through available resources, I w",159403.01,10499.14,200,Success
2026-05-05T16:13:29.124256,100,load,Indirect,I want to import semiconductor integrated circuits from South Korea to Singapore and intend to re-export them to Vietnam. The HS code is 8542.31. Am I eligible for any FTAs?,"# FTA Eligibility for Semiconductor Integrated Circuits (HS 8542.31)
**South Korea → Singapore → Vietnam**

---

## ✅ Yes, You Are Eligible for FTAs

Based on the information retrieved from **Mendel**, the three countries involved in your trade route—**South Korea (origin)**, **Singapore (intermediate)**, and **Vietnam (destination)**—are parties to the following **common FTA groups**:

| FTA | Full Name | Members Include |
|-----|-----------|-----------------|
| **RCEP** | Regional Comprehensiv",270570.52,10098.06,200,Success
2026-05-05T16:13:31.865274,100,load,Indirect,Can we ship goods directly from China to Indonesia with a Singapore invoice and still claim ACFTA preference?,"## Shipping Goods Directly from China to Indonesia with Singapore Invoice Under ACFTA

Based on the information retrieved from the **CFOTI Knowledge Base**, I can provide guidance on your question about Third Country Invoicing (TCI) under ACFTA.

### What is Third Country Invoicing (TCI)?

**Third Country Invoicing (TCI)** refers to an arrangement where the invoice accompanying the Preferential Certificate of Origin (PCO) used for clearing goods in the importing country is issued not by the expo",162316.65,10218.23,200,Success
2026-05-05T16:13:41.525619,100,load,Indirect,"We import raw cocoa (HS 1801) from Ghana, process it into chocolate (HS 1806) in Singapore, and export to Japan. How do we prove substantial transformation and claim preference under RCEP?",,301046.28,10349.79,200,Stream interrupted – chunked stream closed early (server/proxy/load)
2026-05-05T16:13:44.140843,100,load,Direct,I am exporting salmon with HS code 0303.11 from Norway to the US. What tariffs apply?,,301065.87,10116.29,200,Stream interrupted – chunked stream closed early (server/proxy/load)
2026-05-05T16:13:47.113759,100,load,Indirect,"Under which FTAs, if any, can India-origin goods use a back-to-back mechanism via Singapore?","# Back-to-Back Certificate of Origin Mechanism for India-Origin Goods via Singapore

## Your Scenario

**Country of Origin:** India  
**Intermediate Country:** Singapore  
**Final Destination:** Not specified  
**Movement of Goods:** India → Singapore → [Destination Country]

---

## Current Analysis Status

I attempted to retrieve information about back-to-back (B2B) certificate of origin mechanisms for India-origin goods transiting through Singapore. Unfortunately, I encountered system connect",159138.49,10095.94,200,Success
2026-05-05T16:13:54.840049,100,load,Direct,What is the authoritative source for eligibility criteria and certifications for foreign suppliers in Singapore government procurement under specified agreements?,"I am unable to retrieve sufficient information regarding this subject matter. For further guidance, please click on the 'Email' button on the bottom right corner of the screen to arrange for a call or a one-to-one advisory session. Our specialists can offer tailored insights based on your product and trade needs, and help you address any related queries or challenges.",99227.04,10088.85,200,Success
2026-05-05T16:13:59.054078,100,load,Indirect,"If we import under ASEAN-China FTA and re-export to Japan under RCEP with minimal repackaging in Singapore, can we use a back-to-back certificate, and what are the conditions and time limits?",,301033.97,10072.64,200,Stream interrupted – chunked stream closed early (server/proxy/load)
2026-05-05T16:14:06.017485,100,load,Indirect,"What are the steps and timelines to apply for a PCO under the Digital Economy Agreement between Singapore and Australia, and how does it differ from the standard goods FTA process?","# Digital Economy Agreement (DEA) and PCO Application

## Important Clarification

I encountered technical difficulties accessing the knowledge base and glossary systems to retrieve specific information about the **Singapore-Australia Digital Economy Agreement (SADEA)** and its PCO application process.

However, based on the nature of your question, I need to provide you with an important clarification:

---

## Digital Economy Agreements vs. Traditional Goods FTAs

**Digital Economy Agreements ",166524.87,10174.29,200,Success
2026-05-05T16:14:06.418736,100,load,Indirect,"Can we use exporter self-certification under the UK-Singapore FTA for our exports of pharmaceutical products (HS 3004), and what are the exact conditions and record-keeping requirements?","## Exporter Self-Certification under UK-Singapore FTA

### Can You Use Exporter Self-Certification?

**Yes**, the **UK-Singapore Free Trade Agreement (UKSFTA)** is under the **self-certification regime**. This means you can use exporter self-certification for your exports of pharmaceutical products (HS 3004) from Singapore to the UK.

According to the **CFOTI Knowledge Base**, the UK-Singapore FTA is one of the 13 FTAs that allows self-certification, enabling exporters, producers, or importers t",196821.88,10072.77,200,Success
2026-05-05T16:14:08.887392,100,load,Direct,What is an Ordinary Certificate of Origin and when do I need it?,"## What is an Ordinary Certificate of Origin?

I encountered technical difficulties accessing both the CFOTI Knowledge Base and glossary systems to retrieve the authoritative definition and requirements for an Ordinary Certificate of Origin (OCO).

### Current Analysis

An **Ordinary Certificate of Origin (OCO)** is typically a non-preferential certificate of origin that serves as a commercial document certifying the country in which goods were manufactured or produced. Unlike Preferential Certi",159891.88,10082.67,200,Success
2026-05-05T16:14:11.537064,100,load,Direct,What is the process to revise or correct a Manufacturing Cost Statement that has already been submitted?,,301076.78,10096.51,200,Stream interrupted – chunked stream closed early (server/proxy/load)
2026-05-05T16:14:14.215673,100,load,Indirect,"We import headphones (HS 8518.30.10) from China and sell to Vietnam. Can CPTPP preferences ever apply, and what proof would be required?",,301046.28,10476.38,200,Stream interrupted – chunked stream closed early (server/proxy/load)
2026-05-05T16:14:14.893398,100,load,Indirect,"We export organic fertiliser (HS 3101) from Singapore to New Zealand. Under CPTPP, what are the rules of origin and any product-specific requirements we must meet?",,301050.91,10088.04,200,Stream interrupted – chunked stream closed early (server/proxy/load)
2026-05-05T16:14:15.992321,100,load,Direct,I am importing blowers under 125kW from China to Singapore. I don't know the HS code of my product. Could you provide some suggestions?,,301066.0,10090.84,200,Stream interrupted – chunked stream closed early (server/proxy/load)
2026-05-05T16:14:18.227907,100,load,Indirect,"Can we use exporter self-certification under the UK-Singapore FTA for our exports of pharmaceutical products (HS 3004), and what are the exact conditions and record-keeping requirements?","Exporter Self-Certification under UK-Singapore FTA for Pharmaceutical Products (HS 3004)

## Yes, You Can Use Exporter Self-Certification

**Good news!** The **UK-Singapore Free Trade Agreement (UKSFTA)** is indeed under the **self-certification regime**, which means you can use exporter self-certification for your pharmaceutical products (HS 3004) when exporting from Singapore to the United Kingdom.

*Source: CFOTI Knowledge Base - Glossary*

---

## Self-Certification Process Overview

The UK-",204166.27,10077.81,200,Success
2026-05-05T16:14:21.152272,100,load,Indirect,"Under which FTAs, if any, can India-origin goods use a back-to-back mechanism via Singapore?","# Back-to-Back PCO Mechanism for India-Origin Goods via Singapore

## Current Analysis

Based on the information retrieved from our systems, I can provide you with the following findings regarding back-to-back Certificate of Origin (PCO) mechanisms for India-origin goods transiting through Singapore.

---

## FTA Relationships Between India and Singapore

According to **Mendel** data, India and Singapore are parties to the following FTA groups:

1. **GSTP (Global System of Trade Preferences amon",173520.16,10096.53,200,Success
2026-05-05T16:14:22.456232,100,load,Indirect,"We import headphones (HS 8518.30.10) from China and sell to Vietnam. Can CPTPP preferences ever apply, and what proof would be required?","Based on the information retrieved, I can provide you with a comprehensive analysis regarding CPTPP preferences for your headphone imports from China to Vietnam.

## CPTPP Eligibility Analysis

### Can CPTPP Preferences Apply?

**No, CPTPP preferences cannot apply to your transaction** for the following reasons:

**China is NOT a member of CPTPP.** According to **Mendel**, China and Vietnam are members of the following FTA groups:

| FTA Group | Members Including China & Vietnam |
|-----------|-",178161.88,10081.67,200,Success
2026-05-05T16:14:24.165359,100,load,Indirect,"We have an existing PCO but the importer says the HS code on the certificate does not match their customs declaration. How do we correct or reissue the certificate, and will it affect the validity per","# PCO Correction and Reissuance for HS Code Mismatch

## Current Situation Analysis

You have an existing Preferential Certificate of Origin (PCO) for exporting HS code 4819.60 from Singapore to India, but the importer has reported that the HS code on the certificate does not match their customs declaration.

---

## Issue Identified

Unfortunately, I was unable to retrieve specific procedural information from our knowledge base regarding the correction or reissuance process for Preferential Cer",170589.76,10073.01,200,Success
2026-05-05T16:14:25.267490,100,load,Indirect,We import Korean cosmetics (HS 3304) under RCEP into Singapore and re-export to Japan with no further processing. Can we apply for a back-to-back RCEP certificate?,"## Back-to-Back Certificate of Origin under RCEP

Based on the information retrieved, I can provide you with the following analysis regarding your query about applying for a back-to-back RCEP certificate for Korean cosmetics (HS 3304) imported into Singapore and re-exported to Japan with no further processing.

### Trade Route Confirmation
**Confirmed FTA Coverage:**
- ✅ South Korea, Singapore, and Japan are all members of RCEP (Regional Comprehensive Economic Partnership Agreement)
- Source: Me",248604.97,10084.76,200,Success
2026-05-05T16:14:31.290296,100,load,Indirect,"We manufacture plastic containers (HS 3924) in Singapore using resin from Saudi Arabia and additives from Malaysia. How do we prove origin under ATIGA for export to Vietnam, and which FTA gives the be","Thank you for reaching out! I notice you've asked **two separate trade scenarios** in your message:

## **Scenario 1: Re-export of Brooms (Back-to-Back PCO)**
- Import brooms (HS 9603.10.20) from **China** → **Singapore** → Re-export to **Malaysia**
- Question: Eligibility for FTAs and Back-to-Back Preferential Certificate of Origin (B2B PCO)

## **Scenario 2: Manufacturing Plastic Containers (Origin Determination)**
- Manufacture plastic containers (HS 3924) in **Singapore** using materials fro",171335.56,10244.72,200,Success
2026-05-05T16:14:32.183893,100,load,Indirect,"Can we use exporter self-certification under the UK-Singapore FTA for our exports of pharmaceutical products (HS 3004), and what are the exact conditions and record-keeping requirements?","Thank you for reaching out. I notice you've asked **two separate questions** that require different analyses:

## Your Questions:

1. **Brooms re-export scenario**: Importing brooms (HS 9603.10.20) from China to Singapore, then re-exporting to Malaysia - asking about FTA eligibility

2. **UK-Singapore FTA self-certification**: Using exporter self-certification under UK-Singapore FTA for pharmaceutical products (HS 3004), including conditions and record-keeping requirements

---

## Next Steps:

",153777.37,10187.53,200,Success
2026-05-05T16:14:32.185386,100,load,Indirect,Can we ship goods directly from China to Indonesia with a Singapore invoice and still claim ACFTA preference?,"## Analysis: Direct Shipment from China to Indonesia with Singapore Invoice under ACFTA

### Current Situation

You are asking whether goods can be shipped **directly from China to Indonesia** using a **Singapore invoice** while claiming **ACFTA (ASEAN-China Free Trade Agreement)** preferential treatment.

---

### Key Considerations for ACFTA Preference Claims

To claim ACFTA preferential tariff treatment, several critical requirements must typically be met:

#### 1. **Rules of Origin Complianc",230251.19,10084.61,200,Success
2026-05-05T16:14:32.191869,100,load,Indirect,"We import wine (HS 2204) from Australia under the Singapore-Australia FTA and store it in a bonded warehouse. When we re-export to Japan, can we claim preference under RCEP or CPTPP, and what evidence","# Back-to-Back PCO Eligibility Assessment

Thank you for providing additional details. I notice you're asking about **two different products** in a similar re-export scenario:

1. **Meat (HS 0201.30.01)**: Australia → Singapore → Japan
2. **Wine (HS 2204)**: Australia → Singapore (bonded warehouse) → Japan

---

## Important Notice

As a professional consultant, I can only assess **one product scenario at a time** to ensure accuracy and thoroughness. This prevents confusion and ensures each anal",152918.81,10098.33,200,Success
2026-05-05T16:14:33.038925,100,load,Direct,I would like to export beet sugar with HS code 1701.12 from Singapore to either Laos or New Zealand. What FTAs can I leverage?,,301046.1,10127.88,200,Stream interrupted – chunked stream closed early (server/proxy/load)
2026-05-05T16:14:33.993948,100,load,Direct,I am exporting t-shirts with HS code 6109.10.00.14 from Colombia to the US. What tariffs apply?,,301061.57,10109.82,200,Stream interrupted – chunked stream closed early (server/proxy/load)
2026-05-05T16:14:34.442617,100,load,Indirect,I want to import semiconductor integrated circuits from South Korea to Singapore and intend to re-export them to Vietnam. The HS code is 8542.31. Am I eligible for any FTAs?,,301049.64,10099.84,200,Stream interrupted – chunked stream closed early (server/proxy/load)
2026-05-05T16:14:35.699151,100,load,Indirect,"We export organic fertiliser (HS 3101) from Singapore to New Zealand. Under CPTPP, what are the rules of origin and any product-specific requirements we must meet?","CPTPP Rules of Origin for Organic Fertiliser (HS 3101) - Singapore to New Zealand

## Product Information
- **HS Code:** 3101
- **Product Description:** Animal or vegetable fertilisers, whether or not mixed together or chemically treated; fertilisers produced by the mixing or chemical treatment of animal or vegetable products
- **Origin Country:** Singapore
- **Destination Country:** New Zealand
- **Applicable FTA:** CPTPP (Comprehensive and Progressive Agreement for Trans-Pacific Partnership)

",260441.58,10104.11,200,Success
2026-05-05T16:14:37.564447,100,load,Indirect,"We manufacture plastic containers (HS 3924) in Singapore using resin from Saudi Arabia and additives from Malaysia. How do we prove origin under ATIGA for export to Vietnam, and which FTA gives the be","Thank you for your enquiry. I notice you've asked **two separate questions**:

1. **Solar panels (HS 8541.40)** from Singapore to Japan - FTA tariff comparison
2. **Plastic containers (HS 3924)** from Singapore to Vietnam - Origin proof under ATIGA and FTA comparison

To provide you with accurate and comprehensive guidance, **I can address one question at a time**. Based on your captured information, I'll focus on **Question 2 (Plastic containers to Vietnam)** first.

---

## What Has Been Done ",170952.07,10156.19,200,Success
2026-05-05T16:14:37.965678,100,load,Indirect,"For machinery (HS 8479) assembled in Singapore from US and German parts, what are the rules of origin under the EU-Singapore FTA and UK-Singapore FTA, and how do we calculate and document RVC?","# Rules of Origin for Machinery (HS 8479) under EU-Singapore FTA and UK-Singapore FTA

Based on the information retrieved from our tariff and rules of origin database, I can provide you with the product-specific rules of origin for machinery classified under HS 8479 assembled in Singapore from US and German parts.

---

## 1. Product Classification Confirmation

**HS Code:** 8479  
**Product Category:** Nuclear reactors, boilers, machinery and mechanical appliances; parts thereof  
**Your Operat",172381.87,10083.64,200,Success
2026-05-05T16:14:41.582660,100,load,Direct,I am exporting rubber gloves (HS 4015.19) from Singapore to Malaysia. Which FTA applies?,"Thank you for reaching out! I notice you've provided **two separate export scenarios**:

1. **Steel forgings of gear boxes** (HS code 8708.40.75.70) from **China** to the **United States**
2. **Rubber gloves** (HS code 4015.19) from **Singapore** to **Malaysia**

To provide you with accurate and comprehensive guidance, I can only address **one export scenario at a time**. This ensures I deliver thorough, regulation-compliant information specific to your trade route and product.

---

## Please c",174403.25,10213.3,200,Success
2026-05-05T16:14:42.463653,100,load,Indirect,"Under which FTAs, if any, can India-origin goods use a back-to-back mechanism via Singapore?",,301070.88,10260.7,200,Stream interrupted – chunked stream closed early (server/proxy/load)
2026-05-05T16:14:42.630898,100,load,Indirect,We import Korean cosmetics (HS 3304) under RCEP into Singapore and re-export to Japan with no further processing. Can we apply for a back-to-back RCEP certificate?,,301056.82,10154.26,200,Stream interrupted – chunked stream closed early (server/proxy/load)
2026-05-05T16:14:45.902496,100,load,Indirect,"We consolidate shipments from multiple ASEAN countries in Singapore and then send them to Australia. Can we obtain a single certificate covering the whole consignment, or do we need separate origin do",,301050.87,10090.05,200,Stream interrupted – chunked stream closed early (server/proxy/load)
2026-05-05T16:14:46.528039,100,load,Indirect,"What is the PCO application process for the export of my product with HS code 3924.90.90 from Singapore to Vietnam with an estimated export value of 5,000 SGD under the ATIGA FTA?",,301060.98,10091.51,200,Stream interrupted – chunked stream closed early (server/proxy/load)
2026-05-05T16:14:46.566168,100,load,Indirect,"Our goods qualify under both RCEP and ATIGA for export to Thailand. Which agreement should we use for the PCO, and does it affect how we complete the origin declaration?","I apologize, but I encountered technical difficulties accessing the knowledge base to retrieve the specific information about choosing between RCEP and ATIGA for your Preferential Certificate of Origin (PCO) and how it affects the origin declaration completion.

## What I Found

From the **CFOTI Knowledge Base (Glossary)**, I was able to retrieve information about supporting documents for Manufacturing Cost Statements (MCS), which mentions that:

- If originating materials come from parties of a",162553.35,10088.86,200,Success
2026-05-05T16:14:54.814962,100,load,Indirect,"For goods that qualify under both ATIGA and RCEP when exporting from Singapore to Thailand, how do we choose which FTA to use, and can we switch between them for different shipments of the same produc","# Choosing Between ATIGA and RCEP for Exports from Singapore to Thailand

I apologize, but I encountered technical difficulties accessing the knowledge base and glossary systems to retrieve the specific guidance on choosing between multiple FTAs and switching between them for different shipments.

However, based on general FTA principles, I can provide you with the following preliminary guidance:

## General Principles for Choosing Between FTAs

When goods qualify under multiple FTAs (such as bo",157985.15,10089.06,200,Success
2026-05-05T16:14:55.705936,100,load,Direct,What are the consequences and corrective actions if I inadvertently use an incorrect HS code on a Certificate of Origin?,,301043.76,10075.52,200,Stream interrupted – chunked stream closed early (server/proxy/load)
2026-05-05T16:14:56.285037,100,load,Indirect,"We have an existing PCO but the importer says the HS code on the certificate does not match their customs declaration. How do we correct or reissue the certificate, and will it affect the validity per","# Correcting or Reissuing a Preferential Certificate of Origin (PCO) with HS Code Mismatch

## Your Situation

You have an existing Preferential Certificate of Origin (PCO) where the HS code on the certificate does not match the importer's customs declaration. You need to understand:
1. How to correct or reissue the certificate
2. Whether this will affect the validity period

---

## Current Analysis Status

I attempted to retrieve the specific procedures for correcting or reissuing a PCO when t",177016.14,10088.18,200,Success
2026-05-05T16:14:56.398119,100,load,Direct,"How many FTAs has Singapore signed versus those currently in force, and where can I verify the latest status?",,301034.44,10238.98,200,Stream interrupted – chunked stream closed early (server/proxy/load)
2026-05-05T16:14:57.718692,100,load,Indirect,"We import wine (HS 2204) from Australia under the Singapore-Australia FTA and store it in a bonded warehouse. When we re-export to Japan, can we claim preference under RCEP or CPTPP, and what evidence",,301108.78,10139.59,200,Stream interrupted – chunked stream closed early (server/proxy/load)
2026-05-05T16:15:03.946367,100,load,Indirect,"We consolidate shipments from multiple ASEAN countries in Singapore and then send them to Australia. Can we obtain a single certificate covering the whole consignment, or do we need separate origin do","# Consolidated Shipments and Certificate of Origin Requirements

## Current Status

I apologize, but I am currently unable to retrieve the complete information needed to answer your question about consolidated shipments from multiple ASEAN countries through Singapore to Australia.

## What You're Asking

You want to know whether you can:
- Obtain a **single certificate of origin** covering goods from multiple ASEAN countries consolidated in Singapore, OR
- Need **separate origin documentation** ",241951.75,10086.75,200,Success
2026-05-05T16:15:05.408633,100,load,Direct,I am exporting T-Shirt with HS code 6109.10.10 from Singapore to Thailand. What FTAs would be beneficial for my export?,"# Applicable FTAs for T-Shirt Export (HS 6109.10.10) from Singapore to Thailand

Based on your export of T-shirts (HS Code 6109.10.10) from Singapore to Thailand, I have identified the following applicable Free Trade Agreements. Singapore and Thailand are both ASEAN member states, which provides access to multiple regional and multilateral FTAs.

---

## **Applicable Free Trade Agreements and Duty Rates**

### **Regional FTAs (ASEAN-based)**

| FTA | Full Name | Preferential Duty Rate | MFN Rate",257623.41,10214.08,200,Success
2026-05-05T16:15:07.973062,100,load,Indirect,"We have a back-to-back PCO under RCEP for goods from Japan. The buyer in Indonesia wants to split the shipment into two consignments over two months. Is the original PCO still valid, and what do we ne","# Back-to-Back PCO for Split Shipments Under RCEP

## Your Scenario Summary

| Element | Details |
|---------|---------|
| **Product** | Not specified (HS code not provided) |
| **Origin** | Japan |
| **Movement** | Japan → Singapore → Indonesia |
| **FTA** | RCEP (Regional Comprehensive Economic Partnership Agreement) |
| **Current Status** | Already have a Back-to-Back PCO under RCEP |
| **Request** | Split shipment into 2 consignments over 2 months |
| **Question** | Is the original PCO still",236134.99,10086.96,200,Success
2026-05-05T16:15:09.660480,100,load,Indirect,We import fresh mangoes (HS 0804.50) from Indonesia into Singapore and plan to re-export them to the Philippines. Can we request a back-to-back PCO under ATIGA?,,301050.3,10084.98,200,Stream interrupted – chunked stream closed early (server/proxy/load)
2026-05-05T16:15:10.014988,100,load,Indirect,"We received a request from Indonesian customs to verify our ATIGA PCO. What is the process for Singapore exporters, what documents must we provide, and what is the typical timeline?","Thank you for your enquiry. I notice you've asked two separate questions:

## Your Questions:

1. **Back-to-Back PCO Eligibility**: You want to import semiconductor integrated circuits (HS code 8542.31) from South Korea to Singapore and re-export to Vietnam, and you're asking about FTA eligibility for this Back-to-Back scenario.

2. **ATIGA PCO Verification Process**: You've received a request from Indonesian customs to verify your ATIGA PCO and need to know the process for Singapore exporters, ",162664.41,10138.55,200,Success
2026-05-05T16:15:11.134168,100,load,Indirect,"What are the steps and timelines to apply for a PCO under the Digital Economy Agreement between Singapore and Australia, and how does it differ from the standard goods FTA process?","# Preferential Certificate of Origin (PCO) under Digital Economy Agreements (DEAs)

## Critical Clarification Required

**⚠️ Important Notice: Digital Economy Agreements (DEAs) are NOT traditional goods trade FTAs**

Based on your question about applying for a PCO under the Digital Economy Agreement between Singapore and Australia, I need to clarify a fundamental distinction:

---

## What is a Digital Economy Agreement?

**Digital Economy Agreements (DEAs)** are a new generation of trade agreem",187659.24,10156.23,200,Success
2026-05-05T16:15:13.265523,100,load,Direct,I am importing iron pipes with HS code 7303.00.00.30 from Malaysia to the US. What are the additional tariffs that apply?,"I am unable to retrieve sufficient information regarding this subject matter. For further guidance, please click on the 'Email' button on the bottom right corner of the screen to arrange for a call or a one-to-one advisory session. Our specialists can offer tailored insights based on your product and trade needs, and help you address any related queries or challenges.",110819.76,10089.73,200,Success
2026-05-05T16:15:16.784271,100,load,Indirect,"If our PCO application is rejected by Singapore Customs due to insufficient supporting documents, what can we do to rectify and reapply, and how long does the appeal or correction process take?","PCO Application Rejection - Rectification and Appeal Process

## Current Situation Analysis

I understand you're seeking guidance on what to do if your Preferential Certificate of Origin (PCO) application is rejected by Singapore Customs due to insufficient supporting documents, including information about the rectification, reapplication, and appeal process timelines.

---

## System Limitations Encountered

Unfortunately, I am currently unable to retrieve the specific procedural information yo",195554.73,10112.61,200,Success
2026-05-05T16:15:17.189931,100,load,Indirect,"We import cotton fabric (HS 5208) from India into Singapore, dye and cut it here, then export garments to the EU. How do we determine origin under RCEP and EU-Singapore FTA, and what documentation do ","Thank you for your inquiry regarding the Back-to-Back Preferential Certificate of Origin (B2B PCO) process for your cotton fabric import and garment export scenario.

## Information Needed to Proceed

To provide you with accurate guidance on origin determination under RCEP and EU-Singapore FTA, as well as the required documentation, I need the following additional information:

### Required Information:

1. **Final Product HS Code**: You mentioned exporting ""garments"" to the EU. Could you please",172823.53,10130.09,200,Success
2026-05-05T16:15:19.654612,100,load,Indirect,"We have an existing PCO but the importer says the HS code on the certificate does not match their customs declaration. How do we correct or reissue the certificate, and will it affect the validity per","# PCO Correction and Reissuance for HS Code Mismatch

## Your Situation
You have an existing Preferential Certificate of Origin (PCO), but the importer has reported that the HS code on the certificate does not match their customs declaration. You need guidance on how to correct or reissue the certificate and understand the impact on validity.

---

## Current Analysis

Based on your inquiry, I need to provide guidance on PCO correction procedures. However, to give you accurate and specific instr",291079.2,10080.92,200,Success
2026-05-05T16:15:21.108156,100,load,Indirect,"Our goods qualify under both RCEP and ATIGA for export to Thailand. Which agreement should we use for the PCO, and does it affect how we complete the origin declaration?","I encountered technical difficulties accessing our knowledge base and glossary systems while attempting to retrieve the specific guidance on FTA selection and certificate of origin completion requirements for your Singapore to Thailand export scenario.

## Your Scenario

You are exporting goods from **Singapore to Thailand**, and your goods qualify for preferential treatment under both:
- **RCEP** (Regional Comprehensive Economic Partnership)
- **ATIGA** (ASEAN Trade in Goods Agreement)

You nee",155112.88,10086.51,200,Success
2026-05-05T16:15:21.716255,100,load,Indirect,I import meat with HS code 0201.30.01 from Australia to Singapore and re-export to Japan. Am I eligible for preferential tariffs?,,301068.9,10113.1,200,Stream interrupted – chunked stream closed early (server/proxy/load)
2026-05-05T16:15:21.808827,100,load,Direct,Which FTA gives the best tariff for exporting solar panels (HS 8541.40) from Singapore to Japan?,"Thank you for your enquiries. I notice you've asked two separate questions:

1. **Microprocessors (HS 8542.31)**: Japan → Singapore → Indonesia - regarding Back-to-Back Preferential Certificate of Origin (B2B PCO) eligibility
2. **Solar panels (HS 8541.40)**: Singapore → Japan - regarding which FTA gives the best tariff

To provide you with the most accurate and comprehensive assistance, I can only address one question at a time. 

**Could you please confirm which question you would like me to a",155734.94,10130.7,200,Success
2026-05-05T16:15:22.804084,100,load,Indirect,"We have a back-to-back PCO under RCEP for goods from Japan. The buyer in Indonesia wants to split the shipment into two consignments over two months. Is the original PCO still valid, and what do we ne","# Back-to-Back PCO Under RCEP: Split Shipment Inquiry

## Current Situation Summary

**Your Scenario:**
- **First Exporting Country:** Japan
- **Intermediate Country:** Singapore (implied)
- **Final Importing Country:** Indonesia
- **FTA:** RCEP (Regional Comprehensive Economic Partnership)
- **Issue:** Splitting shipment into two consignments over two months
- **Question:** Is the original PCO still valid? What is needed for the second shipment?

---

## Current Analysis

I understand you have ",238252.69,10128.02,200,Success
2026-05-05T16:15:25.617399,100,load,Indirect,"We export organic fertiliser (HS 3101) from Singapore to New Zealand. Under CPTPP, what are the rules of origin and any product-specific requirements we must meet?","Thank you for reaching out with your trade queries. I notice you've submitted **two separate questions**:

1. **Cocoa to Chocolate (Ghana → Singapore → Japan under RCEP)**: Importing raw cocoa (HS 1801) from Ghana, processing it into chocolate (HS 1806) in Singapore, and exporting to Japan. You want to know how to prove substantial transformation and claim preference under RCEP.

2. **Organic Fertiliser (Singapore → New Zealand under CPTPP)**: Exporting organic fertiliser (HS 3101) from Singapor",170887.14,10672.87,200,Success
2026-05-05T16:15:40.212666,100,load,Direct,What's the practical difference between RVC build-up and build-down methods and when is each preferable?,"RVC Build-Up vs Build-Down Methods

I apologize, but I am currently unable to retrieve the detailed information about RVC (Regional Value Content) build-up and build-down calculation methods from the CFOTI Knowledge Base due to technical connectivity issues with the system.

---

## Current Analysis Status

**✅ What I attempted to retrieve:**
- Glossary guidance on RVC calculation methodologies
- Knowledge base information on build-up vs build-down formulas and practical differences
- Guidelines",154687.88,10093.6,200,Success
2026-05-05T16:15:45.869758,100,load,Indirect,"We import raw cocoa (HS 1801) from Ghana, process it into chocolate (HS 1806) in Singapore, and export to Japan. How do we prove substantial transformation and claim preference under RCEP?","Thank you for your enquiry. I notice you've asked **two separate questions** involving different products and trade scenarios:

## Your Two Questions:

### Question 1: Vacuum Cleaners (HS 8508.19.10)
- **Scenario**: Assembly in Singapore from Chinese parts → Export to Indonesia
- **Question**: Does simple assembly confer Singapore origin, or should you apply for back-to-back PCO?

### Question 2: Cocoa/Chocolate Processing (HS 1801 → 1806)
- **Scenario**: Import raw cocoa from Ghana → Process in",177426.28,10135.9,200,Success
2026-05-05T16:15:53.255505,100,load,Indirect,We import fresh mangoes (HS 0804.50) from Indonesia into Singapore and plan to re-export them to the Philippines. Can we request a back-to-back PCO under ATIGA?,,301041.2,10075.3,200,Stream interrupted – chunked stream closed early (server/proxy/load)
2026-05-05T16:15:57.600222,100,load,Indirect,"We import headphones (HS 8518.30.10) from China and sell to Vietnam. Can CPTPP preferences ever apply, and what proof would be required?","## Can CPTPP Preferences Apply to Headphones (HS 8518.30.10) from China to Vietnam?

### Direct Answer: **NO - CPTPP preferences CANNOT apply to this trade scenario**

---

## Critical Finding: China is NOT a CPTPP Member

Based on the FTA membership analysis, **China is NOT a member of CPTPP**. The available FTA groups between China and Vietnam are:

| FTA Group | Full Name | China Member? | Vietnam Member? | Applicable? |
|-----------|-----------|---------------|-----------------|-------------",278246.8,10076.97,200,Success
2026-05-05T16:15:58.084734,100,load,Direct,"If software classified as strategic goods technology is hosted on a server in Singapore for global download, what authorisations are required under Singapore's Strategic Goods (Control) regime?","I am unable to retrieve sufficient information regarding this subject matter. For further guidance, please click on the 'Email' button on the bottom right corner of the screen to arrange for a call or a one-to-one advisory session. Our specialists can offer tailored insights based on your product and trade needs, and help you address any related queries or challenges.",95758.3,10099.21,200,Success
2026-05-05T16:15:58.087534,100,load,Indirect,"Can we use exporter self-certification under the UK-Singapore FTA for our exports of pharmaceutical products (HS 3004), and what are the exact conditions and record-keeping requirements?","Based on the available information from Mendel, I can provide you with the following details regarding your queries:

---

## Question 1: Organic Fertiliser (HS 3101) from Singapore to New Zealand under CPTPP

### Rules of Origin for HS 3101 under CPTPP

**Product-Specific Rule:**
- **A change to a good of heading 31.01 from any other heading**

This means your organic fertiliser must undergo a tariff classification change from any heading other than 31.01 to qualify as originating under CPTPP.
",247012.19,10205.2,200,Success
2026-05-05T16:15:58.421236,100,load,Indirect,"If I import products from South Korea into Singapore, store them in Singapore, and then export them to Vietnam. Is there any FTA I can use to obtain duty savings on import into Vietnam?","Thank you for your inquiry about using FTAs for duty savings when importing products from South Korea into Singapore, storing them, and then exporting to Vietnam.

To provide you with accurate information about FTA eligibility and potential duty savings for this back-to-back scenario, I need additional information:

## Required Information

**HS Code** - This is essential to determine:
- Applicable tariff rates
- Which FTAs cover your specific product
- Rules of Origin requirements
- Back-to-Bac",169339.86,10174.31,200,Success
