Timestamp,User Count,Type,Name,Requests/s,Failures/s,50%,66%,75%,80%,90%,95%,98%,99%,99.9%,99.99%,100%,Total Request Count,Total Failure Count,Total Median Response Time,Total Average Response Time,Total Min Response Time,Total Max Response Time,Total Average Content Size
1777968366,0,,Aggregated,0.000000,0.000000,N/A,N/A,N/A,N/A,N/A,N/A,N/A,N/A,N/A,N/A,N/A,0,0,0,0.0,0,0,0
1777968367,1,,Aggregated,0.000000,0.000000,520,520,520,520,520,520,520,520,520,520,520,2,0,67,294.0105500019854,66.80820000474341,521.2128999992274,172.0
1777968368,3,,Aggregated,0.000000,0.000000,120,120,520,520,520,520,520,520,520,520,520,4,0,67,192.86742500844412,60.04360000952147,521.2128999992274,172.0
1777968369,4,,Aggregated,0.000000,0.000000,120,120,520,520,550,550,550,550,550,550,550,6,0,89,234.98385000857525,60.04360000952147,549.5490000175778,172.0
1777968370,5,,Aggregated,0.000000,0.000000,120,120,520,520,550,550,550,550,550,550,550,6,0,89,234.98385000857525,60.04360000952147,549.5490000175778,172.0
1777968371,6,,Aggregated,2.000000,0.000000,120,150,520,520,550,550,550,550,550,550,550,7,0,120,222.35474286467903,60.04360000952147,549.5490000175778,175.71428571428572
1777968372,7,,Aggregated,2.000000,0.000000,120,150,160,520,550,550,550,550,550,550,550,9,0,120,196.71046667240768,55.05349999293685,549.5490000175778,174.88888888888889
1777968373,8,,Aggregated,2.000000,0.000000,120,150,160,520,550,550,550,550,550,550,550,9,0,120,196.71046667240768,55.05349999293685,549.5490000175778,174.88888888888889
1777968374,9,,Aggregated,1.400000,0.000000,130,150,160,520,550,550,550,550,550,550,550,10,0,120,189.97326000535395,55.05349999293685,549.5490000175778,177.2
1777968375,10,,Aggregated,1.400000,0.000000,130,150,160,520,550,550,550,550,550,550,550,10,0,120,189.97326000535395,55.05349999293685,549.5490000175778,177.2
1777968376,11,,Aggregated,1.250000,0.000000,150,520,2000,2000,5900,6800,6800,6800,6800,6800,6800,16,0,150,1286.2418937529583,45.888599997852,6812.820599996485,178.5
1777968377,12,,Aggregated,1.111111,0.000000,410,550,2000,3100,5900,6800,6800,6800,6800,6800,6800,20,0,160,1280.8222450039466,45.888599997852,6812.820599996485,172.0
1777968378,13,,Aggregated,1.111111,0.000000,410,550,2000,3100,5900,6800,6800,6800,6800,6800,6800,20,0,160,1280.8222450039466,45.888599997852,6812.820599996485,172.0
1777968379,14,,Aggregated,1.200000,0.000000,160,520,1100,2000,3700,5900,6800,6800,6800,6800,6800,22,0,150,1173.8152454583376,45.888599997852,6812.820599996485,172.0
1777968380,15,,Aggregated,1.200000,0.000000,160,520,1100,2000,3700,5900,6800,6800,6800,6800,6800,22,0,150,1173.8152454583376,45.888599997852,6812.820599996485,172.0
1777968381,16,,Aggregated,1.600000,0.000000,150,520,1100,2000,5100,5900,6800,6800,6800,6800,6800,26,0,150,1197.610923080132,44.190899992827326,6812.820599996485,172.0
1777968382,17,,Aggregated,1.600000,0.000000,290,520,2000,2200,4200,5900,6800,6800,6800,6800,6800,32,0,160,1212.5590125024246,44.102100015152246,6812.820599996485,172.0
1777968383,18,,Aggregated,1.600000,0.000000,160,490,1100,2200,4200,5900,6800,6800,6800,6800,6800,34,0,150,1145.924820590367,42.90020000189543,6812.820599996485,172.0
1777968384,19,,Aggregated,1.700000,0.000000,150,430,1100,2000,4200,5900,6800,6800,6800,6800,6800,36,0,150,1086.8473805579317,42.90020000189543,6812.820599996485,172.0
1777968385,20,,Aggregated,2.100000,0.000000,150,430,550,2000,4200,5900,6800,6800,6800,6800,6800,38,0,150,1033.8940315812483,42.90020000189543,6812.820599996485,172.0
1777968386,21,,Aggregated,2.500000,0.000000,150,420,550,2000,4200,5900,6800,6800,6800,6800,6800,40,0,150,986.8712575029349,42.90020000189543,6812.820599996485,172.0
1777968387,22,,Aggregated,2.600000,0.000000,150,410,520,1100,3700,5100,6800,6800,6800,6800,6800,42,0,130,943.4957309547046,41.999799985205755,6812.820599996485,172.0
1777968388,23,,Aggregated,2.800000,0.000000,140,410,520,1100,3700,5100,6800,6800,6800,6800,6800,44,0,130,904.7430704575328,41.999799985205755,6812.820599996485,172.0
1777968389,24,,Aggregated,2.800000,0.000000,130,290,490,550,3700,5100,6800,6800,6800,6800,6800,46,0,130,868.793371742156,41.999799985205755,6812.820599996485,172.0
1777968390,25,,Aggregated,2.300000,0.000000,130,160,490,550,3700,5100,6800,6800,6800,6800,6800,48,0,120,835.5194312528814,41.737699997611344,6812.820599996485,172.0
1777968391,26,,Aggregated,2.400000,0.000000,130,290,490,680,3700,5100,6800,6800,6800,6800,6800,50,0,120,816.973330003093,41.737699997611344,6812.820599996485,172.0
1777968392,27,,Aggregated,2.400000,0.000000,120,160,490,550,3100,5100,5900,6800,6800,6800,6800,52,0,120,788.6406442334052,41.737699997611344,6812.820599996485,172.0
1777968393,28,,Aggregated,2.400000,0.000000,120,160,490,680,3100,5100,5900,6800,6800,6800,6800,54,0,120,773.8768796321151,41.737699997611344,6812.820599996485,172.0
1777968394,29,,Aggregated,2.400000,0.000000,120,150,490,550,3100,5100,5900,6800,6800,6800,6800,56,0,120,748.9921892878816,41.737699997611344,6812.820599996485,172.0
1777968395,30,,Aggregated,1.800000,0.000000,120,160,430,550,3100,5100,5900,6800,6800,6800,6800,59,0,120,719.63056271365,41.737699997611344,6812.820599996485,169.08474576271186
1777968396,31,,Aggregated,2.000000,0.000000,120,160,490,680,3100,5100,5900,6800,6800,6800,6800,60,0,120,723.5692566682701,41.737699997611344,6812.820599996485,169.56666666666666
1777968397,32,,Aggregated,1.800000,0.000000,120,160,430,550,2200,4200,5900,6800,6800,6800,6800,63,0,120,693.33160793758,41.737699997611344,6812.820599996485,169.26984126984127
1777968398,33,,Aggregated,1.900000,0.000000,120,150,420,550,2200,4200,5900,6800,6800,6800,6800,65,0,120,674.9813061552302,41.737699997611344,6812.820599996485,169.35384615384615
1777968399,34,,Aggregated,2.000000,0.000000,120,150,420,520,2200,4200,5900,6800,6800,6800,6800,67,0,120,657.667126867107,41.737699997611344,6812.820599996485,169.43283582089552
1777968400,35,,Aggregated,1.900000,0.000000,120,150,410,520,2200,4200,5900,6800,6800,6800,6800,69,0,120,641.1013550739195,41.737699997611344,6812.820599996485,169.5072463768116
1777968401,36,,Aggregated,1.900000,0.000000,120,150,410,490,2000,4200,5900,6800,6800,6800,6800,71,0,120,626.6346267616364,41.737699997611344,6812.820599996485,169.57746478873239
1777968402,37,,Aggregated,1.900000,0.000000,120,150,300,490,2000,4200,5900,6800,6800,6800,6800,73,0,120,612.3221301384373,41.737699997611344,6812.820599996485,169.64383561643837
1777968403,38,,Aggregated,2.100000,0.000000,120,150,300,490,2000,4200,5900,6800,6800,6800,6800,75,0,120,598.4060466677571,41.737699997611344,6812.820599996485,169.70666666666668
1777968404,39,,Aggregated,1.900000,0.000000,120,150,290,430,2000,4200,5900,6800,6800,6800,6800,77,0,120,586.0864142868396,41.737699997611344,6812.820599996485,169.76623376623377
1777968405,40,,Aggregated,2.100000,0.000000,120,150,290,430,2000,4200,5900,6800,6800,6800,6800,79,0,120,573.4350430389388,41.737699997611344,6812.820599996485,169.8227848101266
1777968407,41,,Aggregated,1.900000,0.000000,120,150,200,420,1100,3700,5900,6800,6800,6800,6800,81,0,120,561.9541962970951,41.737699997611344,6812.820599996485,169.87654320987653
1777968408,42,,Aggregated,2.100000,0.000000,120,150,200,420,1100,3700,5900,6800,6800,6800,6800,83,0,120,550.9804927713114,41.737699997611344,6812.820599996485,169.9277108433735
1777968409,43,,Aggregated,2.000000,0.000000,120,150,190,420,1100,3700,5900,6800,6800,6800,6800,85,0,120,540.9550011764034,41.737699997611344,6812.820599996485,169.9764705882353
1777968410,44,,Aggregated,1.900000,0.000000,120,150,190,410,1100,3700,5900,6800,6800,6800,6800,87,0,120,530.9056724135994,41.737699997611344,6812.820599996485,170.02298850574712
1777968411,45,,Aggregated,2.000000,0.000000,120,150,180,410,1100,3700,5900,6800,6800,6800,6800,89,0,120,521.1218955054791,41.737699997611344,6812.820599996485,170.06741573033707
1777968412,46,,Aggregated,2.000000,0.000000,120,150,180,300,960,3700,5900,6800,6800,6800,6800,91,0,120,511.62014835178957,41.737699997611344,6812.820599996485,170.1098901098901
1777968413,47,,Aggregated,2.000000,0.000000,120,150,180,300,960,3700,5900,6800,6800,6800,6800,93,0,120,504.018733333621,41.737699997611344,6812.820599996485,170.1505376344086
1777968414,48,,Aggregated,2.000000,0.000000,120,150,180,300,960,3700,5900,6800,6800,6800,6800,95,0,120,495.6611505265372,41.737699997611344,6812.820599996485,170.18947368421053
1777968415,49,,Aggregated,2.000000,0.000000,120,150,170,290,960,3700,5900,6800,6800,6800,6800,97,0,120,487.40510515491815,41.737699997611344,6812.820599996485,170.22680412371133
1777968416,50,,Aggregated,2.000000,0.000000,120,150,170,290,960,3700,5900,6800,6800,6800,6800,99,0,120,479.5008323233542,41.737699997611344,6812.820599996485,170.26262626262627
1777968417,51,,Aggregated,2.000000,0.000000,120,150,170,270,710,3100,5100,5900,6800,6800,6800,101,0,120,473.38938415840056,41.737699997611344,6812.820599996485,170.2970297029703
1777968418,52,,Aggregated,2.000000,0.000000,120,150,180,270,710,3100,5100,5900,6800,6800,6800,104,0,120,462.48493653855314,41.737699997611344,6812.820599996485,168.69230769230768
1777968419,53,,Aggregated,2.000000,0.000000,120,150,170,270,710,3100,5100,5900,6800,6800,6800,106,0,120,455.5374056604397,41.737699997611344,6812.820599996485,168.75471698113208
1777968420,54,,Aggregated,2.000000,0.000000,120,150,180,270,710,3100,5100,5900,6800,6800,6800,108,0,120,454.80204166637526,41.737699997611344,6812.820599996485,168.8148148148148
1777968421,55,,Aggregated,2.100000,0.000000,120,150,170,270,710,3100,5100,5900,6800,6800,6800,110,0,120,448.17887545425697,41.737699997611344,6812.820599996485,168.87272727272727
1777968422,56,,Aggregated,2.100000,0.000000,120,150,170,270,700,3100,5100,5900,6800,6800,6800,112,0,120,441.96764017838825,41.737699997611344,6812.820599996485,168.92857142857142
1777968423,57,,Aggregated,2.100000,0.000000,120,150,160,270,700,3100,5100,5900,6800,6800,6800,114,0,120,435.5610271924984,41.737699997611344,6812.820599996485,168.98245614035088
1777968424,58,,Aggregated,2.100000,0.000000,120,150,170,200,700,3100,5100,5900,6800,6800,6800,116,0,120,430.10578879254575,41.737699997611344,6812.820599996485,169.0344827586207
1777968425,59,,Aggregated,2.100000,0.000000,120,150,160,200,700,3100,5100,5900,6800,6800,6800,118,0,120,424.4323576264324,41.737699997611344,6812.820599996485,169.08474576271186
1777968426,60,,Aggregated,2.100000,0.000000,120,150,160,190,680,2200,5100,5900,6800,6800,6800,121,0,120,416.09958512323703,41.737699997611344,6812.820599996485,167.73553719008265
1777968427,61,,Aggregated,2.100000,0.000000,120,150,160,190,680,2200,5100,5900,6800,6800,6800,123,0,120,410.8211520315826,41.737699997611344,6812.820599996485,167.8048780487805
1777968428,62,,Aggregated,2.100000,0.000000,120,150,160,190,680,2200,5100,5900,6800,6800,6800,125,0,120,406.2338007988874,41.737699997611344,6812.820599996485,167.872
1777968429,63,,Aggregated,2.100000,0.000000,120,150,160,190,680,2200,5100,5900,6800,6800,6800,127,0,120,401.41437401468903,41.737699997611344,6812.820599996485,167.93700787401573
1777968430,64,,Aggregated,2.200000,0.000000,120,150,160,190,680,2200,5100,5900,6800,6800,6800,129,0,120,396.4193705415223,41.737699997611344,6812.820599996485,168.0
1777968431,65,,Aggregated,2.100000,0.000000,110,150,160,180,550,2200,5100,5900,6800,6800,6800,131,0,110,391.56549389208385,41.737699997611344,6812.820599996485,168.06106870229007
1777968432,66,,Aggregated,2.100000,0.000000,110,140,160,180,550,2200,5100,5900,6800,6800,6800,133,0,110,387.13684285613635,41.737699997611344,6812.820599996485,168.1203007518797
1777968433,67,,Aggregated,2.100000,0.000000,110,140,160,180,550,2200,5100,5900,6800,6800,6800,135,0,110,382.61709259154657,41.737699997611344,6812.820599996485,168.17777777777778
1777968434,68,,Aggregated,2.100000,0.000000,110,140,160,180,550,2200,5100,5900,6800,6800,6800,137,0,110,378.69084160477536,41.737699997611344,6812.820599996485,168.23357664233578
1777968435,69,,Aggregated,2.100000,0.000000,110,140,160,180,550,2200,5100,5900,6800,6800,6800,139,0,110,374.44785755297687,41.737699997611344,6812.820599996485,168.28776978417267
1777968436,70,,Aggregated,2.100000,0.000000,110,140,160,180,520,2000,5100,5900,6800,6800,6800,141,0,110,370.38240921894146,41.737699997611344,6812.820599996485,168.3404255319149
1777968437,71,,Aggregated,2.100000,0.000000,110,140,160,180,520,2000,5100,5900,6800,6800,6800,143,0,110,366.92315314601706,41.737699997611344,6812.820599996485,168.3916083916084
1777968438,72,,Aggregated,2.100000,0.000000,110,140,160,180,520,2000,5100,5900,6800,6800,6800,145,0,110,363.06537172319526,41.737699997611344,6812.820599996485,168.44137931034481
1777968439,73,,Aggregated,2.100000,0.000000,110,140,160,180,520,2000,5100,5900,6800,6800,6800,147,0,110,359.39814013505804,41.737699997611344,6812.820599996485,168.48979591836735
1777968440,74,,Aggregated,2.000000,0.000000,110,140,150,180,520,2000,5100,5900,6800,6800,6800,149,0,110,355.70070939509657,41.737699997611344,6812.820599996485,168.53691275167785
1777968441,75,,Aggregated,2.000000,0.000000,110,140,150,170,490,2000,4200,5900,6800,6800,6800,151,0,110,352.1537390720278,41.737699997611344,6812.820599996485,168.58278145695365
1777968442,76,,Aggregated,2.000000,0.000000,110,140,150,170,490,2000,4200,5900,6800,6800,6800,153,0,110,348.7605326789967,41.737699997611344,6812.820599996485,168.62745098039215
1777968443,77,,Aggregated,2.000000,0.000000,110,140,150,170,490,2000,4200,5900,6800,6800,6800,155,0,110,345.26908516061434,41.737699997611344,6812.820599996485,168.67096774193547
1777968444,78,,Aggregated,2.000000,0.000000,110,140,150,160,490,2000,4200,5900,6800,6800,6800,157,0,110,342.4452929929934,41.737699997611344,6812.820599996485,168.71337579617835
1777968445,79,,Aggregated,2.000000,0.000000,110,140,150,160,490,2000,4200,5900,6800,6800,6800,159,0,110,339.50924276650306,41.737699997611344,6812.820599996485,168.75471698113208
1777968446,80,,Aggregated,2.000000,0.000000,110,140,150,160,430,1100,4200,5900,6800,6800,6800,161,0,110,336.38322857076224,41.737699997611344,6812.820599996485,168.7950310559006
1777968447,81,,Aggregated,2.000000,0.000000,110,130,150,160,430,1100,4200,5900,6800,6800,6800,163,0,110,333.3292018398614,41.737699997611344,6812.820599996485,168.83435582822085
1777968448,82,,Aggregated,2.000000,0.000000,110,130,150,160,430,1100,4200,5900,6800,6800,6800,165,0,110,330.3760781811875,41.737699997611344,6812.820599996485,168.87272727272727
1777968449,83,,Aggregated,2.000000,0.000000,110,130,150,160,430,1100,4200,5900,6800,6800,6800,167,0,110,327.4870137717159,41.737699997611344,6812.820599996485,168.91017964071855
1777968450,84,,Aggregated,2.000000,0.000000,110,130,150,160,430,1100,4200,5900,6800,6800,6800,169,0,110,324.82797455524104,41.737699997611344,6812.820599996485,168.9467455621302
1777968451,85,,Aggregated,2.000000,0.000000,110,130,150,160,420,1100,4200,5900,6800,6800,6800,171,0,110,322.0925140340965,41.737699997611344,6812.820599996485,168.98245614035088
1777968452,86,,Aggregated,2.000000,0.000000,110,130,150,160,420,1100,4200,5900,6800,6800,6800,173,0,110,319.26240346722864,41.737699997611344,6812.820599996485,169.01734104046244
1777968453,87,,Aggregated,2.000000,0.000000,110,130,150,160,420,1100,4200,5900,6800,6800,6800,175,0,110,316.53925828469386,41.737699997611344,6812.820599996485,169.05142857142857
1777968454,88,,Aggregated,2.000000,0.000000,110,130,150,160,420,1100,4200,5900,6800,6800,6800,178,0,110,312.64444831363056,41.737699997611344,6812.820599996485,168.13483146067415
1777968455,89,,Aggregated,2.000000,0.000000,110,130,150,160,420,1100,4200,5900,6800,6800,6800,180,0,110,310.01350222132817,40.90809999615885,6812.820599996485,168.17777777777778
1777968456,90,,Aggregated,2.000000,0.000000,110,130,150,160,410,960,4200,5900,6800,6800,6800,182,0,110,307.59096593317156,40.90809999615885,6812.820599996485,168.21978021978023
1777968457,91,,Aggregated,2.100000,0.000000,110,130,150,160,410,960,4200,5900,6800,6800,6800,184,0,110,305.14802282524886,40.90809999615885,6812.820599996485,168.2608695652174
1777968458,92,,Aggregated,2.100000,0.000000,110,130,150,150,410,960,4200,5900,6800,6800,6800,186,0,110,302.90803602056064,40.90809999615885,6812.820599996485,168.30107526881721
1777968459,93,,Aggregated,2.100000,0.000000,110,130,150,150,410,960,4200,5900,6800,6800,6800,188,0,110,300.6269473395499,40.90809999615885,6812.820599996485,168.3404255319149
1777968460,94,,Aggregated,2.100000,0.000000,110,130,150,150,410,960,4200,5900,6800,6800,6800,190,0,110,298.37589631482075,40.90809999615885,6812.820599996485,168.37894736842105
1777968461,95,,Aggregated,2.100000,0.000000,110,130,150,150,300,960,4200,5900,6800,6800,6800,192,0,110,296.36059843657375,40.90809999615885,6812.820599996485,168.41666666666666
1777968462,96,,Aggregated,2.100000,0.000000,110,130,150,150,300,960,4200,5900,6800,6800,6800,194,0,110,294.2790958753453,40.90809999615885,6812.820599996485,168.4536082474227
1777968463,97,,Aggregated,2.100000,0.000000,110,130,150,150,300,960,4200,5900,6800,6800,6800,196,0,110,292.4682852030763,40.90809999615885,6812.820599996485,168.48979591836735
1777968465,98,,Aggregated,2.100000,0.000000,110,130,150,150,300,960,4200,5900,6800,6800,6800,198,0,110,291.30209696868957,40.90809999615885,6812.820599996485,168.5252525252525
1777968466,99,,Aggregated,2.100000,0.000000,110,130,150,160,300,960,4200,5900,6800,6800,6800,200,0,110,289.68063649896067,40.90809999615885,6812.820599996485,168.56
1777968467,100,,Aggregated,1.800000,0.000000,110,130,150,160,290,710,3700,5100,6800,6800,6800,202,0,110,287.9908876227028,40.90809999615885,6812.820599996485,168.59405940594058
1777968468,100,,Aggregated,1.800000,0.000000,110,130,150,160,290,710,3700,5100,6800,6800,6800,204,0,110,286.21381960692815,40.90809999615885,6812.820599996485,168.62745098039215
1777968469,100,,Aggregated,1.800000,0.000000,110,130,150,160,290,710,3700,5100,6800,6800,6800,204,0,110,286.21381960692815,40.90809999615885,6812.820599996485,168.62745098039215
1777968470,100,,Aggregated,1.800000,0.000000,110,130,150,160,290,710,3700,5100,6800,6800,6800,205,0,110,285.179433657606,40.90809999615885,6812.820599996485,167.8048780487805
1777968471,100,,Aggregated,1.800000,0.000000,110,130,150,160,290,710,3700,5100,6800,6800,6800,205,0,110,285.179433657606,40.90809999615885,6812.820599996485,167.8048780487805
1777968472,100,,Aggregated,1.800000,0.000000,110,130,150,160,290,710,3700,5100,6800,6800,6800,205,0,110,285.179433657606,40.90809999615885,6812.820599996485,167.8048780487805
1777968473,100,,Aggregated,1.800000,0.000000,110,130,150,160,290,710,3700,5100,6800,6800,6800,205,0,110,285.179433657606,40.90809999615885,6812.820599996485,167.8048780487805
1777968474,100,,Aggregated,1.800000,0.000000,110,130,150,160,290,710,3700,5100,6800,6800,6800,205,0,110,285.179433657606,40.90809999615885,6812.820599996485,167.8048780487805
1777968475,100,,Aggregated,0.900000,0.000000,110,130,150,160,290,710,3700,5100,6800,6800,6800,206,0,110,284.08845145528284,40.90809999615885,6812.820599996485,166.9902912621359
1777968476,100,,Aggregated,0.900000,0.000000,110,130,150,160,290,710,3700,5100,6800,6800,6800,206,0,110,284.08845145528284,40.90809999615885,6812.820599996485,166.9902912621359
1777968477,100,,Aggregated,0.900000,0.000000,110,130,150,160,290,710,3700,5100,6800,6800,6800,206,0,110,284.08845145528284,40.90809999615885,6812.820599996485,166.9902912621359
1777968478,100,,Aggregated,0.900000,0.000000,110,130,150,160,290,710,3700,5100,6800,6800,6800,206,0,110,284.08845145528284,40.90809999615885,6812.820599996485,166.9902912621359
1777968479,100,,Aggregated,0.900000,0.000000,110,130,150,160,290,710,3700,5100,6800,6800,6800,206,0,110,284.08845145528284,40.90809999615885,6812.820599996485,166.9902912621359
1777968480,100,,Aggregated,0.900000,0.000000,110,130,150,160,290,710,3700,5100,6800,6800,6800,206,0,110,284.08845145528284,40.90809999615885,6812.820599996485,166.9902912621359
1777968481,100,,Aggregated,0.900000,0.000000,110,130,150,160,290,710,3700,5100,6800,6800,6800,206,0,110,284.08845145528284,40.90809999615885,6812.820599996485,166.9902912621359
1777968482,100,,Aggregated,0.200000,0.000000,110,130,150,160,290,710,3700,5100,6800,6800,6800,207,0,110,284.01748598935666,40.90809999615885,6812.820599996485,166.18357487922705
1777968483,100,,Aggregated,0.200000,0.000000,110,130,150,160,290,710,3700,5100,6800,6800,6800,207,0,110,284.01748598935666,40.90809999615885,6812.820599996485,166.18357487922705
1777968484,100,,Aggregated,0.200000,0.000000,110,130,150,160,290,710,3700,5100,6800,6800,6800,207,0,110,284.01748598935666,40.90809999615885,6812.820599996485,166.18357487922705
1777968485,100,,Aggregated,0.200000,0.000000,110,130,150,160,290,710,3700,5100,6800,6800,6800,207,0,110,284.01748598935666,40.90809999615885,6812.820599996485,166.18357487922705
1777968486,100,,Aggregated,0.200000,0.000000,110,130,150,160,290,710,3700,5100,6800,6800,6800,207,0,110,284.01748598935666,40.90809999615885,6812.820599996485,166.18357487922705
1777968487,100,,Aggregated,0.200000,0.000000,110,130,150,160,290,710,3700,5100,6800,6800,6800,207,0,110,284.01748598935666,40.90809999615885,6812.820599996485,166.18357487922705
1777968488,100,,Aggregated,0.200000,0.000000,110,130,150,160,290,710,3700,5100,6800,6800,6800,207,0,110,284.01748598935666,40.90809999615885,6812.820599996485,166.18357487922705
1777968489,100,,Aggregated,0.200000,0.000000,110,130,150,160,290,710,3700,5100,6800,6800,6800,207,0,110,284.01748598935666,40.90809999615885,6812.820599996485,166.18357487922705
1777968490,100,,Aggregated,0.200000,0.000000,110,130,150,160,290,710,3700,5100,6800,6800,6800,207,0,110,284.01748598935666,40.90809999615885,6812.820599996485,166.18357487922705
1777968491,100,,Aggregated,0.200000,0.000000,110,130,150,160,290,710,3700,5100,6800,6800,6800,207,0,110,284.01748598935666,40.90809999615885,6812.820599996485,166.18357487922705
1777968492,100,,Aggregated,0.200000,0.000000,110,130,150,160,290,710,3700,5100,6800,6800,6800,207,0,110,284.01748598935666,40.90809999615885,6812.820599996485,166.18357487922705
1777968493,100,,Aggregated,0.100000,0.000000,110,130,150,160,290,710,3700,5100,6800,6800,6800,208,0,110,282.8403846145263,39.180400024633855,6812.820599996485,165.3846153846154
1777968494,100,,Aggregated,0.100000,0.000000,110,130,150,160,290,710,3700,5100,6800,6800,6800,208,0,110,282.8403846145263,39.180400024633855,6812.820599996485,165.3846153846154
1777968495,100,,Aggregated,0.100000,0.000000,110,130,150,160,290,710,3700,5100,6800,6800,6800,208,0,110,282.8403846145263,39.180400024633855,6812.820599996485,165.3846153846154
1777968496,100,,Aggregated,0.100000,0.000000,110,130,150,160,290,710,3700,5100,6800,6800,6800,208,0,110,282.8403846145263,39.180400024633855,6812.820599996485,165.3846153846154
1777968497,100,,Aggregated,0.100000,0.000000,110,130,150,160,410,1100,4200,5100,6800,6800,6800,210,0,110,311.8465385706042,39.180400024633855,6812.820599996485,163.8095238095238
1777968498,100,,Aggregated,0.100000,0.000000,110,130,150,160,410,1100,4200,5100,6800,6800,6800,210,0,110,311.8465385706042,39.180400024633855,6812.820599996485,163.8095238095238
1777968499,100,,Aggregated,0.100000,0.000000,110,130,150,160,410,1100,4200,5100,6800,6800,6800,210,0,110,311.8465385706042,39.180400024633855,6812.820599996485,163.8095238095238
1777968500,100,,Aggregated,0.100000,0.000000,110,130,150,160,410,1100,4200,5100,6800,6800,6800,210,0,110,311.8465385706042,39.180400024633855,6812.820599996485,163.8095238095238
1777968501,100,,Aggregated,0.300000,0.000000,110,130,150,160,300,1100,4200,5100,6800,6800,6800,211,0,110,310.5668644540804,39.180400024633855,6812.820599996485,163.03317535545023
1777968502,100,,Aggregated,0.300000,0.000000,110,130,150,160,300,1100,4200,5100,6800,6800,6800,212,0,110,309.3118816027956,39.180400024633855,6812.820599996485,162.26415094339623
1777968503,100,,Aggregated,0.300000,0.000000,110,130,150,160,300,1100,4200,5100,6800,6800,6800,212,0,110,309.3118816027956,39.180400024633855,6812.820599996485,162.26415094339623
1777968504,100,,Aggregated,0.300000,0.000000,110,130,150,160,300,1100,4200,5100,6800,6800,6800,212,0,110,309.3118816027956,39.180400024633855,6812.820599996485,162.26415094339623
1777968505,100,,Aggregated,0.300000,0.000000,110,130,150,160,300,1100,4200,5100,6800,6800,6800,212,0,110,309.3118816027956,39.180400024633855,6812.820599996485,162.26415094339623
1777968506,100,,Aggregated,0.300000,0.000000,110,130,150,160,300,1100,4200,5100,6800,6800,6800,212,0,110,309.3118816027956,39.180400024633855,6812.820599996485,162.26415094339623
1777968507,100,,Aggregated,0.300000,0.000000,110,130,150,160,300,1100,4200,5100,6800,6800,6800,212,0,110,309.3118816027956,39.180400024633855,6812.820599996485,162.26415094339623
1777968508,100,,Aggregated,0.300000,0.000000,110,130,150,160,300,1100,4200,5100,6800,6800,6800,212,0,110,309.3118816027956,39.180400024633855,6812.820599996485,162.26415094339623
1777968509,100,,Aggregated,0.300000,0.000000,110,130,150,160,300,1100,4200,5100,6800,6800,6800,212,0,110,309.3118816027956,39.180400024633855,6812.820599996485,162.26415094339623
1777968510,100,,Aggregated,0.300000,0.000000,110,130,150,160,300,1100,4200,5100,6800,6800,6800,212,0,110,309.3118816027956,39.180400024633855,6812.820599996485,162.26415094339623
1777968512,100,,Aggregated,0.300000,0.000000,110,130,150,160,300,1100,4200,5100,6800,6800,6800,212,0,110,309.3118816027956,39.180400024633855,6812.820599996485,162.26415094339623
1777968513,100,,Aggregated,0.300000,0.000000,110,130,150,160,300,1100,4200,5100,6800,6800,6800,212,0,110,309.3118816027956,39.180400024633855,6812.820599996485,162.26415094339623
1777968514,100,,Aggregated,0.300000,0.000000,110,130,150,160,300,1100,4200,5100,6800,6800,6800,212,0,110,309.3118816027956,39.180400024633855,6812.820599996485,162.26415094339623
1777968515,100,,Aggregated,0.100000,0.000000,110,130,150,160,300,1100,4200,5100,6800,6800,6800,213,0,110,308.0677525811236,39.180400024633855,6812.820599996485,161.50234741784038
1777968516,100,,Aggregated,0.100000,0.000000,110,130,150,160,300,1100,4200,5100,6800,6800,6800,213,0,110,308.0677525811236,39.180400024633855,6812.820599996485,161.50234741784038
1777968517,100,,Aggregated,0.000000,0.000000,110,130,150,160,300,1100,4200,5100,6800,6800,6800,214,0,110,306.8399060737596,39.180400024633855,6812.820599996485,160.74766355140187
1777968518,100,,Aggregated,0.000000,0.000000,110,130,150,160,300,1100,4200,5100,6800,6800,6800,214,0,110,306.8399060737596,39.180400024633855,6812.820599996485,160.74766355140187
1777968519,100,,Aggregated,0.000000,0.000000,110,130,150,160,300,1100,4200,5100,6800,6800,6800,214,0,110,306.8399060737596,39.180400024633855,6812.820599996485,160.74766355140187
1777968520,100,,Aggregated,0.000000,0.000000,110,130,150,160,300,1100,4200,5100,6800,6800,6800,214,0,110,306.8399060737596,39.180400024633855,6812.820599996485,160.74766355140187
1777968521,100,,Aggregated,0.200000,0.000000,110,130,150,160,300,1100,4200,5100,6800,6800,6800,215,0,110,305.61561488267574,39.180400024633855,6812.820599996485,160.0
1777968522,100,,Aggregated,0.200000,0.000000,110,130,150,160,300,1100,4200,5100,6800,6800,6800,215,0,110,305.61561488267574,39.180400024633855,6812.820599996485,160.0
1777968523,100,,Aggregated,0.200000,0.000000,110,130,150,160,300,1100,4200,5100,6800,6800,6800,215,0,110,305.61561488267574,39.180400024633855,6812.820599996485,160.0
1777968524,100,,Aggregated,0.200000,0.000000,110,130,150,160,300,1100,4200,5100,6800,6800,6800,215,0,110,305.61561488267574,39.180400024633855,6812.820599996485,160.0
1777968525,100,,Aggregated,0.200000,0.000000,110,130,150,160,300,1100,4200,5100,6800,6800,6800,215,0,110,305.61561488267574,39.180400024633855,6812.820599996485,160.0
1777968526,100,,Aggregated,0.200000,0.000000,110,130,150,160,300,1100,4200,5100,6800,6800,6800,215,0,110,305.61561488267574,39.180400024633855,6812.820599996485,160.0
1777968527,100,,Aggregated,0.200000,0.000000,110,130,150,160,300,1100,4200,5100,6800,6800,6800,215,0,110,305.61561488267574,39.180400024633855,6812.820599996485,160.0
1777968528,100,,Aggregated,0.200000,0.000000,110,130,150,160,300,1100,4200,5100,6800,6800,6800,215,0,110,305.61561488267574,39.180400024633855,6812.820599996485,160.0
1777968529,100,,Aggregated,0.200000,0.000000,110,130,150,160,300,1100,4200,5100,6800,6800,6800,215,0,110,305.61561488267574,39.180400024633855,6812.820599996485,160.0
1777968530,100,,Aggregated,0.200000,0.000000,110,130,150,160,300,1100,4200,5100,6800,6800,6800,215,0,110,305.61561488267574,39.180400024633855,6812.820599996485,160.0
1777968531,100,,Aggregated,0.200000,0.000000,110,130,150,160,300,1100,4200,5100,6800,6800,6800,215,0,110,305.61561488267574,39.180400024633855,6812.820599996485,160.0
1777968532,100,,Aggregated,0.200000,0.000000,110,130,150,160,300,1100,4200,5100,6800,6800,6800,215,0,110,305.61561488267574,39.180400024633855,6812.820599996485,160.0
1777968533,100,,Aggregated,0.200000,0.000000,110,130,150,160,300,1100,4200,5100,6800,6800,6800,215,0,110,305.61561488267574,39.180400024633855,6812.820599996485,160.0
1777968534,100,,Aggregated,0.000000,0.000000,110,130,150,160,300,1100,4200,5100,6800,6800,6800,217,0,110,303.2095580635923,39.180400024633855,6812.820599996485,158.52534562211983
1777968535,100,,Aggregated,0.000000,0.000000,110,130,150,160,370,1100,4200,5100,6800,6800,6800,220,0,100,301.1584727262909,39.180400024633855,6812.820599996485,156.36363636363637
1777968536,100,,Aggregated,0.000000,0.000000,110,130,150,160,370,1100,4200,5100,6800,6800,6800,220,0,100,301.1584727262909,39.180400024633855,6812.820599996485,156.36363636363637
1777968537,100,,Aggregated,0.000000,0.000000,110,130,150,160,370,1100,4200,5100,6800,6800,6800,220,0,100,301.1584727262909,39.180400024633855,6812.820599996485,156.36363636363637
1777968538,100,,Aggregated,0.000000,0.000000,110,130,150,160,370,1100,4200,5100,6800,6800,6800,220,0,100,301.1584727262909,39.180400024633855,6812.820599996485,156.36363636363637
1777968539,100,,Aggregated,0.500000,0.000000,100,130,150,160,300,960,4200,5100,6800,6800,6800,221,0,100,299.99768551941054,39.180400024633855,6812.820599996485,155.65610859728505
1777968540,100,,Aggregated,0.500000,0.000000,100,130,150,160,300,960,4200,5100,6800,6800,6800,221,0,100,299.99768551941054,39.180400024633855,6812.820599996485,155.65610859728505
1777968541,100,,Aggregated,0.500000,0.000000,100,130,150,160,300,960,4200,5100,6800,6800,6800,221,0,100,299.99768551941054,39.180400024633855,6812.820599996485,155.65610859728505
1777968542,100,,Aggregated,0.600000,0.000000,100,130,150,160,300,960,4200,5100,6800,6800,6800,222,0,100,298.81914414327514,38.36150001734495,6812.820599996485,154.95495495495496
1777968543,100,,Aggregated,0.600000,0.000000,100,130,150,160,300,960,4200,5100,6800,6800,6800,222,0,100,298.81914414327514,38.36150001734495,6812.820599996485,154.95495495495496
1777968544,100,,Aggregated,0.600000,0.000000,100,130,150,160,300,960,4200,5100,6800,6800,6800,222,0,100,298.81914414327514,38.36150001734495,6812.820599996485,154.95495495495496
1777968545,100,,Aggregated,0.600000,0.000000,100,130,150,160,300,960,4200,5100,6800,6800,6800,222,0,100,298.81914414327514,38.36150001734495,6812.820599996485,154.95495495495496
1777968546,100,,Aggregated,0.600000,0.000000,100,130,150,160,300,960,4200,5100,6800,6800,6800,222,0,100,298.81914414327514,38.36150001734495,6812.820599996485,154.95495495495496
1777968547,100,,Aggregated,0.600000,0.000000,100,130,150,160,300,960,4200,5100,6800,6800,6800,222,0,100,298.81914414327514,38.36150001734495,6812.820599996485,154.95495495495496
1777968548,100,,Aggregated,0.300000,0.000000,100,130,150,160,300,960,4200,5100,6800,6800,6800,223,0,100,297.7056524655239,38.36150001734495,6812.820599996485,154.26008968609867
1777968549,100,,Aggregated,0.300000,0.000000,100,130,150,160,300,960,4200,5100,6800,6800,6800,223,0,100,297.7056524655239,38.36150001734495,6812.820599996485,154.26008968609867
1777968550,100,,Aggregated,0.300000,0.000000,100,130,150,160,300,960,4200,5100,6800,6800,6800,223,0,100,297.7056524655239,38.36150001734495,6812.820599996485,154.26008968609867
1777968551,100,,Aggregated,0.200000,0.000000,100,130,150,160,300,960,4200,5100,6800,6800,6800,226,0,100,294.3721526540379,38.36150001734495,6812.820599996485,152.21238938053096
1777968552,100,,Aggregated,0.200000,0.000000,100,130,150,160,300,960,4200,5100,6800,6800,6800,226,0,100,294.3721526540379,38.36150001734495,6812.820599996485,152.21238938053096
1777968553,100,,Aggregated,0.200000,0.000000,100,130,150,160,300,960,4200,5100,6800,6800,6800,226,0,100,294.3721526540379,38.36150001734495,6812.820599996485,152.21238938053096
1777968554,100,,Aggregated,0.200000,0.000000,100,130,150,160,300,960,4200,5100,6800,6800,6800,226,0,100,294.3721526540379,38.36150001734495,6812.820599996485,152.21238938053096
1777968555,100,,Aggregated,0.200000,0.000000,100,130,150,160,300,960,4200,5100,6800,6800,6800,226,0,100,294.3721526540379,38.36150001734495,6812.820599996485,152.21238938053096
1777968556,100,,Aggregated,0.200000,0.000000,100,130,150,160,300,960,4200,5100,6800,6800,6800,226,0,100,294.3721526540379,38.36150001734495,6812.820599996485,152.21238938053096
1777968557,100,,Aggregated,0.200000,0.000000,100,130,150,160,300,960,4200,5100,6800,6800,6800,226,0,100,294.3721526540379,38.36150001734495,6812.820599996485,152.21238938053096
1777968558,100,,Aggregated,0.200000,0.000000,100,130,150,160,300,960,4200,5100,6800,6800,6800,226,0,100,294.3721526540379,38.36150001734495,6812.820599996485,152.21238938053096
1777968559,100,,Aggregated,0.200000,0.000000,100,130,150,160,300,960,4200,5100,6800,6800,6800,226,0,100,294.3721526540379,38.36150001734495,6812.820599996485,152.21238938053096
1777968560,100,,Aggregated,0.200000,0.000000,100,130,150,160,300,960,4200,5100,6800,6800,6800,226,0,100,294.3721526540379,38.36150001734495,6812.820599996485,152.21238938053096
1777968561,100,,Aggregated,0.200000,0.000000,100,130,150,160,300,960,4200,5100,6800,6800,6800,226,0,100,294.3721526540379,38.36150001734495,6812.820599996485,152.21238938053096
1777968562,100,,Aggregated,0.200000,0.000000,100,130,150,160,300,960,4200,5100,6800,6800,6800,226,0,100,294.3721526540379,38.36150001734495,6812.820599996485,152.21238938053096
1777968563,100,,Aggregated,0.200000,0.000000,100,130,150,160,300,960,4200,5100,6800,6800,6800,226,0,100,294.3721526540379,38.36150001734495,6812.820599996485,152.21238938053096
1777968564,100,,Aggregated,0.200000,0.000000,100,130,150,160,300,960,4200,5100,6800,6800,6800,226,0,100,294.3721526540379,38.36150001734495,6812.820599996485,152.21238938053096
1777968565,100,,Aggregated,0.200000,0.000000,100,130,150,160,300,960,4200,5100,6800,6800,6800,226,0,100,294.3721526540379,38.36150001734495,6812.820599996485,152.21238938053096
1777968566,100,,Aggregated,0.200000,0.000000,100,130,150,160,300,960,4200,5100,6800,6800,6800,226,0,100,294.3721526540379,38.36150001734495,6812.820599996485,152.21238938053096
1777968568,100,,Aggregated,0.000000,0.000000,100,130,150,160,300,960,4200,5100,6800,6800,6800,228,0,100,292.1979495605276,38.36150001734495,6812.820599996485,150.87719298245614
1777968569,100,,Aggregated,0.000000,0.000000,100,130,150,160,300,960,4200,5100,6800,6800,6800,229,0,100,291.12873668032574,38.36150001734495,6812.820599996485,150.2183406113537
1777968570,100,,Aggregated,0.000000,0.000000,100,130,150,160,370,1100,4200,5100,6800,6800,6800,230,0,100,296.31770043393453,38.36150001734495,6812.820599996485,149.56521739130434
1777968571,100,,Aggregated,0.000000,0.000000,100,130,150,160,370,1100,4200,5100,6800,6800,6800,230,0,100,296.31770043393453,38.36150001734495,6812.820599996485,149.56521739130434
1777968572,100,,Aggregated,0.000000,0.000000,100,130,150,160,370,1100,4200,5100,6800,6800,6800,230,0,100,296.31770043393453,38.36150001734495,6812.820599996485,149.56521739130434
1777968573,100,,Aggregated,0.000000,0.000000,100,130,150,160,370,1100,4200,5100,6800,6800,6800,230,0,100,296.31770043393453,38.36150001734495,6812.820599996485,149.56521739130434
1777968574,100,,Aggregated,0.000000,0.000000,100,130,150,160,370,1100,4200,5100,6800,6800,6800,230,0,100,296.31770043393453,38.36150001734495,6812.820599996485,149.56521739130434
1777968575,100,,Aggregated,0.400000,0.000000,100,130,150,160,370,1400,4200,5100,6800,6800,6800,232,0,100,299.9719965510253,38.36150001734495,6812.820599996485,148.27586206896552
1777968576,100,,Aggregated,0.400000,0.000000,100,130,150,160,370,1400,4200,5100,6800,6800,6800,232,0,100,299.9719965510253,38.36150001734495,6812.820599996485,148.27586206896552
1777968577,100,,Aggregated,0.600000,0.000000,100,130,150,160,370,1400,4200,5100,6800,6800,6800,234,0,99,297.82077350365654,38.36150001734495,6812.820599996485,147.008547008547
1777968578,100,,Aggregated,0.600000,0.000000,99,130,150,160,370,1400,4200,5100,6800,6800,6800,235,0,99,296.75221276528976,38.36150001734495,6812.820599996485,146.38297872340425
1777968579,100,,Aggregated,0.600000,0.000000,99,130,150,160,370,1400,4200,5100,6800,6800,6800,235,0,99,296.75221276528976,38.36150001734495,6812.820599996485,146.38297872340425
1777968580,100,,Aggregated,0.700000,0.000000,99,130,150,160,370,1400,4200,5100,6800,6800,6800,238,0,97,293.6527277305067,38.36150001734495,6812.820599996485,144.53781512605042
1777968581,100,,Aggregated,0.700000,0.000000,99,130,150,160,370,1400,4200,5100,6800,6800,6800,238,0,97,293.6527277305067,38.36150001734495,6812.820599996485,144.53781512605042
1777968582,100,,Aggregated,0.700000,0.000000,99,130,150,160,370,1400,4200,5100,6800,6800,6800,238,0,97,293.6527277305067,38.36150001734495,6812.820599996485,144.53781512605042
1777968583,100,,Aggregated,0.800000,0.000000,99,130,150,160,370,1400,4200,5100,6800,6800,6800,240,0,97,292.699870416133,38.36150001734495,6812.820599996485,143.33333333333334
1777968584,100,,Aggregated,0.800000,0.000000,99,130,150,160,370,1400,4200,5100,6800,6800,6800,240,0,97,292.699870416133,38.36150001734495,6812.820599996485,143.33333333333334
1777968585,100,,Aggregated,0.800000,0.000000,99,130,150,160,370,1400,4200,5100,6800,6800,6800,240,0,97,292.699870416133,38.36150001734495,6812.820599996485,143.33333333333334
1777968586,100,,Aggregated,0.800000,0.000000,99,130,150,160,370,1400,4200,5100,6800,6800,6800,240,0,97,292.699870416133,38.36150001734495,6812.820599996485,143.33333333333334
1777968587,100,,Aggregated,0.800000,0.000000,99,130,150,160,370,1400,4200,5100,6800,6800,6800,240,0,97,292.699870416133,38.36150001734495,6812.820599996485,143.33333333333334
1777968588,100,,Aggregated,0.800000,0.000000,99,130,150,160,370,1400,4200,5100,6800,6800,6800,240,0,97,292.699870416133,38.36150001734495,6812.820599996485,143.33333333333334
1777968589,100,,Aggregated,0.800000,0.000000,99,130,150,160,370,1400,4200,5100,6800,6800,6800,240,0,97,292.699870416133,38.36150001734495,6812.820599996485,143.33333333333334
1777968590,100,,Aggregated,0.800000,0.000000,99,130,150,160,370,1400,4200,5100,6800,6800,6800,240,0,97,292.699870416133,38.36150001734495,6812.820599996485,143.33333333333334
1777968591,100,,Aggregated,0.800000,0.000000,99,130,150,160,370,1400,4200,5100,6800,6800,6800,240,0,97,292.699870416133,38.36150001734495,6812.820599996485,143.33333333333334
1777968592,100,,Aggregated,0.500000,0.000000,97,130,150,160,310,1100,4200,5100,6800,6800,6800,243,0,97,290.6276176949731,37.39819998736493,6812.820599996485,141.56378600823047
1777968593,100,,Aggregated,0.500000,0.000000,97,130,150,160,310,1100,4200,5100,6800,6800,6800,243,0,97,290.6276176949731,37.39819998736493,6812.820599996485,141.56378600823047
1777968594,100,,Aggregated,0.500000,0.000000,97,130,150,160,310,1100,4200,5100,6800,6800,6800,243,0,97,290.6276176949731,37.39819998736493,6812.820599996485,141.56378600823047
1777968595,100,,Aggregated,0.500000,0.000000,97,130,150,160,310,1100,4200,5100,6800,6800,6800,243,0,97,290.6276176949731,37.39819998736493,6812.820599996485,141.56378600823047
1777968596,100,,Aggregated,0.500000,0.000000,97,130,150,160,310,1100,4200,5100,6800,6800,6800,243,0,97,290.6276176949731,37.39819998736493,6812.820599996485,141.56378600823047
1777968597,100,,Aggregated,0.500000,0.000000,97,130,150,160,310,1100,4200,5100,6800,6800,6800,243,0,97,290.6276176949731,37.39819998736493,6812.820599996485,141.56378600823047
1777968598,100,,Aggregated,0.500000,0.000000,97,130,150,160,310,1100,4200,5100,6800,6800,6800,243,0,97,290.6276176949731,37.39819998736493,6812.820599996485,141.56378600823047
1777968599,100,,Aggregated,0.300000,0.000000,97,130,150,160,310,1100,4200,5100,6800,6800,6800,244,0,89,289.7895704913115,37.39819998736493,6812.820599996485,140.98360655737704
1777968600,100,,Aggregated,0.300000,0.000000,97,130,150,160,310,1100,4200,5100,6800,6800,6800,244,0,89,289.7895704913115,37.39819998736493,6812.820599996485,140.98360655737704
1777968601,100,,Aggregated,0.300000,0.000000,97,130,150,160,310,1100,4200,5100,6800,6800,6800,244,0,89,289.7895704913115,37.39819998736493,6812.820599996485,140.98360655737704
1777968602,100,,Aggregated,0.300000,0.000000,97,130,150,160,310,1100,4200,5100,6800,6800,6800,244,0,89,289.7895704913115,37.39819998736493,6812.820599996485,140.98360655737704
1777968603,100,,Aggregated,0.300000,0.000000,97,130,150,160,310,1100,4200,5100,6800,6800,6800,244,0,89,289.7895704913115,37.39819998736493,6812.820599996485,140.98360655737704
1777968604,100,,Aggregated,0.300000,0.000000,97,130,150,160,310,1100,4200,5100,6800,6800,6800,244,0,89,289.7895704913115,37.39819998736493,6812.820599996485,140.98360655737704
1777968605,100,,Aggregated,0.100000,0.000000,89,130,150,160,310,1100,4200,5100,6800,6800,6800,245,1,89,288.8027926525624,37.39819998736493,6812.820599996485,140.40816326530611
1777968606,100,,Aggregated,0.100000,0.000000,89,130,150,160,310,1100,4200,5100,6800,6800,6800,245,1,89,288.8027926525624,37.39819998736493,6812.820599996485,140.40816326530611
1777968607,100,,Aggregated,0.100000,0.000000,89,130,150,160,310,1100,4200,5100,6800,6800,6800,245,1,89,288.8027926525624,37.39819998736493,6812.820599996485,140.40816326530611
1777968609,100,,Aggregated,0.100000,0.000000,89,130,150,160,310,1100,4200,5100,6800,6800,6800,245,1,89,288.8027926525624,37.39819998736493,6812.820599996485,140.40816326530611
1777968610,100,,Aggregated,0.100000,0.000000,89,130,150,160,310,1100,4200,5100,6800,6800,6800,245,1,89,288.8027926525624,37.39819998736493,6812.820599996485,140.40816326530611
1777968611,100,,Aggregated,0.200000,0.100000,89,130,150,160,310,1100,4200,5100,6800,6800,6800,246,1,86,287.80586707272766,37.39819998736493,6812.820599996485,139.83739837398375
1777968612,100,,Aggregated,0.200000,0.100000,89,130,150,160,310,1100,4200,5100,6800,6800,6800,246,1,86,287.80586707272766,37.39819998736493,6812.820599996485,139.83739837398375
1777968613,100,,Aggregated,0.100000,0.100000,86,130,150,160,310,1100,4200,5100,6800,6800,6800,248,1,86,285.93736411247875,37.39819998736493,6812.820599996485,138.70967741935485
1777968614,100,,Aggregated,0.100000,0.100000,86,130,150,160,310,1100,4200,5100,6800,6800,6800,248,1,86,285.93736411247875,37.39819998736493,6812.820599996485,138.70967741935485
1777968615,100,,Aggregated,0.200000,0.100000,86,130,150,160,310,1100,4200,5100,6800,6800,6800,249,1,86,284.97523132486765,37.39819998736493,6812.820599996485,138.15261044176708
1777968616,100,,Aggregated,0.400000,0.100000,86,130,150,160,310,1100,4200,5100,6800,6800,6800,250,1,79,284.0610411996022,37.39819998736493,6812.820599996485,137.6
1777968617,100,,Aggregated,0.400000,0.100000,86,130,150,160,310,1100,4200,5100,6800,6800,6800,250,1,79,284.0610411996022,37.39819998736493,6812.820599996485,137.6
1777968618,100,,Aggregated,0.400000,0.100000,86,130,150,160,310,1100,4200,5100,6800,6800,6800,250,1,79,284.0610411996022,37.39819998736493,6812.820599996485,137.6
1777968619,100,,Aggregated,0.400000,0.100000,86,130,150,160,310,1100,4200,5100,6800,6800,6800,250,1,79,284.0610411996022,37.39819998736493,6812.820599996485,137.6
1777968620,100,,Aggregated,0.400000,0.100000,86,130,150,160,310,1100,4200,5100,6800,6800,6800,250,1,79,284.0610411996022,37.39819998736493,6812.820599996485,137.6
1777968621,100,,Aggregated,0.400000,0.100000,86,130,150,160,310,1100,4200,5100,6800,6800,6800,250,1,79,284.0610411996022,37.39819998736493,6812.820599996485,137.6
1777968622,100,,Aggregated,0.400000,0.100000,86,130,150,160,310,1100,4200,5100,6800,6800,6800,250,1,79,284.0610411996022,37.39819998736493,6812.820599996485,137.6
1777968623,100,,Aggregated,0.400000,0.100000,86,130,150,160,310,1100,4200,5100,6800,6800,6800,250,1,79,284.0610411996022,37.39819998736493,6812.820599996485,137.6
1777968624,100,,Aggregated,0.400000,0.100000,86,130,150,160,310,1100,4200,5100,6800,6800,6800,250,1,79,284.0610411996022,37.39819998736493,6812.820599996485,137.6
1777968625,100,,Aggregated,0.400000,0.100000,86,130,150,160,310,1100,4200,5100,6800,6800,6800,250,1,79,284.0610411996022,37.39819998736493,6812.820599996485,137.6
1777968626,100,,Aggregated,0.200000,0.000000,79,130,150,150,300,1100,3700,5100,6800,6800,6800,251,1,79,283.13818007934395,37.39819998736493,6812.820599996485,137.05179282868525
1777968627,100,,Aggregated,0.200000,0.000000,79,130,150,150,300,1100,3700,5100,6800,6800,6800,251,1,79,283.13818007934395,37.39819998736493,6812.820599996485,137.05179282868525
1777968628,100,,Aggregated,0.200000,0.000000,79,130,150,150,300,1100,3700,5100,6800,6800,6800,251,1,79,283.13818007934395,37.39819998736493,6812.820599996485,137.05179282868525
1777968629,100,,Aggregated,0.200000,0.000000,79,130,150,150,300,1100,3700,5100,6800,6800,6800,251,1,79,283.13818007934395,37.39819998736493,6812.820599996485,137.05179282868525
1777968630,100,,Aggregated,0.200000,0.000000,79,130,150,150,300,1100,3700,5100,6800,6800,6800,251,1,79,283.13818007934395,37.39819998736493,6812.820599996485,137.05179282868525
1777968631,100,,Aggregated,0.200000,0.000000,79,130,150,150,300,1100,3700,5100,6800,6800,6800,251,1,79,283.13818007934395,37.39819998736493,6812.820599996485,137.05179282868525
1777968632,100,,Aggregated,0.200000,0.000000,79,130,150,150,300,1100,3700,5100,6800,6800,6800,251,1,79,283.13818007934395,37.39819998736493,6812.820599996485,137.05179282868525
1777968633,100,,Aggregated,0.200000,0.000000,79,130,150,150,300,1100,3700,5100,6800,6800,6800,251,1,79,283.13818007934395,37.39819998736493,6812.820599996485,137.05179282868525
1777968634,100,,Aggregated,0.100000,0.000000,79,130,150,150,300,1100,3700,5100,6800,6800,6800,252,1,79,282.19081388854806,37.39819998736493,6812.820599996485,136.5079365079365
1777968635,100,,Aggregated,0.100000,0.000000,79,130,150,150,300,1100,3700,5100,6800,6800,6800,252,1,79,282.19081388854806,37.39819998736493,6812.820599996485,136.5079365079365
1777968636,100,,Aggregated,0.100000,0.000000,79,130,150,150,300,1100,3700,5100,6800,6800,6800,252,1,79,282.19081388854806,37.39819998736493,6812.820599996485,136.5079365079365
1777968637,100,,Aggregated,0.100000,0.000000,79,130,150,150,300,1100,3700,5100,6800,6800,6800,252,1,79,282.19081388854806,37.39819998736493,6812.820599996485,136.5079365079365
1777968638,100,,Aggregated,0.100000,0.000000,79,130,150,150,300,1100,3700,5100,6800,6800,6800,252,1,79,282.19081388854806,37.39819998736493,6812.820599996485,136.5079365079365
1777968639,100,,Aggregated,0.100000,0.000000,76,120,140,150,300,1100,3700,5100,6800,6800,6800,257,1,76,278.12968326788234,37.39819998736493,6812.820599996485,133.85214007782102
1777968640,100,,Aggregated,0.100000,0.000000,76,120,140,150,300,1100,3700,5100,6800,6800,6800,258,1,74,277.2386244180307,37.39819998736493,6812.820599996485,133.33333333333334
1777968641,100,,Aggregated,0.100000,0.000000,76,120,140,150,300,1100,3700,5100,6800,6800,6800,258,1,74,277.2386244180307,37.39819998736493,6812.820599996485,133.33333333333334
1777968642,100,,Aggregated,0.100000,0.000000,76,120,140,150,300,1100,3700,5100,6800,6800,6800,258,1,74,277.2386244180307,37.39819998736493,6812.820599996485,133.33333333333334
1777968643,100,,Aggregated,0.100000,0.000000,76,120,140,150,300,1100,3700,5100,6800,6800,6800,258,1,74,277.2386244180307,37.39819998736493,6812.820599996485,133.33333333333334
1777968644,100,,Aggregated,0.100000,0.000000,76,120,140,150,300,1100,3700,5100,6800,6800,6800,258,1,74,277.2386244180307,37.39819998736493,6812.820599996485,133.33333333333334
1777968645,100,,Aggregated,0.700000,0.000000,68,120,140,150,290,960,3700,5100,6800,6800,6800,263,1,68,272.8891768054541,37.39819998736493,6812.820599996485,130.79847908745248
1777968646,100,,Aggregated,0.700000,0.000000,71,120,140,150,300,960,3700,5100,6800,6800,6800,264,1,68,273.0187443175413,37.39819998736493,6812.820599996485,130.3030303030303
1777968647,100,,Aggregated,0.700000,0.000000,71,120,140,150,300,960,3700,5100,6800,6800,6800,264,1,68,273.0187443175413,37.39819998736493,6812.820599996485,130.3030303030303
1777968648,100,,Aggregated,1.100000,0.000000,68,120,140,150,300,960,3700,5100,6800,6800,6800,265,1,68,272.15825320695933,37.39819998736493,6812.820599996485,129.81132075471697
1777968649,100,,Aggregated,1.200000,0.000000,68,120,140,150,300,960,3700,5100,6800,6800,6800,266,1,67,271.29603872124693,37.39819998736493,6812.820599996485,129.3233082706767
1777968650,100,,Aggregated,1.200000,0.000000,67,120,140,150,300,960,3700,5100,6800,6800,6800,267,1,67,270.4550408234354,37.39819998736493,6812.820599996485,128.83895131086143
1777968651,100,,Aggregated,1.200000,0.000000,67,120,140,150,300,960,3700,5100,6800,6800,6800,267,1,67,270.4550408234354,37.39819998736493,6812.820599996485,128.83895131086143
1777968652,100,,Aggregated,1.000000,0.000000,67,120,140,150,300,960,3700,5100,6800,6800,6800,268,1,65,269.6081630591522,37.39819998736493,6812.820599996485,128.3582089552239
1777968653,100,,Aggregated,0.900000,0.000000,67,120,140,150,300,960,3700,5100,6800,6800,6800,269,1,67,269.52131524107324,37.39819998736493,6812.820599996485,127.88104089219331
1777968654,100,,Aggregated,0.900000,0.000000,67,120,140,150,300,960,3700,5100,6800,6800,6800,269,1,67,269.52131524107324,37.39819998736493,6812.820599996485,127.88104089219331
1777968655,100,,Aggregated,0.900000,0.000000,67,120,140,150,300,960,3700,5100,6800,6800,6800,269,1,67,269.52131524107324,37.39819998736493,6812.820599996485,127.88104089219331
1777968656,100,,Aggregated,0.900000,0.000000,67,120,140,150,300,960,3700,5100,6800,6800,6800,269,1,67,269.52131524107324,37.39819998736493,6812.820599996485,127.88104089219331
1777968657,100,,Aggregated,0.900000,0.000000,67,120,140,150,300,960,3700,5100,6800,6800,6800,269,1,67,269.52131524107324,37.39819998736493,6812.820599996485,127.88104089219331
1777968658,100,,Aggregated,0.500000,0.000000,65,120,140,150,290,960,3700,5100,6800,6800,6800,271,1,65,267.8439546120009,37.39819998736493,6812.820599996485,126.93726937269372
1777968659,100,,Aggregated,0.500000,0.000000,65,120,140,150,290,960,3700,5100,6800,6800,6800,271,1,65,267.8439546120009,37.39819998736493,6812.820599996485,126.93726937269372
1777968660,100,,Aggregated,0.500000,0.000000,65,120,140,150,290,960,3700,5100,6800,6800,6800,272,1,63,267.0139930140816,37.39819998736493,6812.820599996485,126.47058823529412
1777968661,100,,Aggregated,0.500000,0.000000,65,120,140,150,290,960,3700,5100,6800,6800,6800,272,1,63,267.0139930140816,37.39819998736493,6812.820599996485,126.47058823529412
1777968662,100,,Aggregated,0.500000,0.000000,65,120,140,150,290,960,3700,5100,6800,6800,6800,272,1,63,267.0139930140816,37.39819998736493,6812.820599996485,126.47058823529412
1777968663,100,,Aggregated,0.500000,0.000000,65,120,140,150,290,960,3700,5100,6800,6800,6800,272,1,63,267.0139930140816,37.39819998736493,6812.820599996485,126.47058823529412
1777968664,100,,Aggregated,0.500000,0.000000,65,120,140,150,290,960,3700,5100,6800,6800,6800,272,1,63,267.0139930140816,37.39819998736493,6812.820599996485,126.47058823529412
1777968665,100,,Aggregated,0.500000,0.000000,65,120,140,150,290,960,3700,5100,6800,6800,6800,272,1,63,267.0139930140816,37.39819998736493,6812.820599996485,126.47058823529412
1777968666,100,,Aggregated,0.300000,0.000000,63,120,140,150,290,960,3700,5100,6800,6800,6800,273,1,63,266.20582014592213,37.39819998736493,6812.820599996485,126.00732600732601
1777968667,100,,Aggregated,0.300000,0.000000,63,120,140,150,290,960,3700,5100,6800,6800,6800,274,1,62,265.3875029191246,37.39819998736493,6812.820599996485,125.54744525547446
1777968668,100,,Aggregated,0.300000,0.000000,63,120,140,150,290,960,3700,5100,6800,6800,6800,274,1,62,265.3875029191246,37.39819998736493,6812.820599996485,125.54744525547446
1777968669,100,,Aggregated,0.300000,0.000000,63,120,140,150,290,960,3700,5100,6800,6800,6800,274,1,62,265.3875029191246,37.39819998736493,6812.820599996485,125.54744525547446
1777968670,100,,Aggregated,0.300000,0.000000,63,120,140,150,290,960,3700,5100,6800,6800,6800,274,1,62,265.3875029191246,37.39819998736493,6812.820599996485,125.54744525547446
1777968671,100,,Aggregated,0.300000,0.000000,63,120,140,150,290,960,3700,5100,6800,6800,6800,274,1,62,265.3875029191246,37.39819998736493,6812.820599996485,125.54744525547446
1777968672,100,,Aggregated,0.300000,0.000000,63,120,140,150,290,960,3700,5100,6800,6800,6800,274,1,62,265.3875029191246,37.39819998736493,6812.820599996485,125.54744525547446
1777968673,100,,Aggregated,0.300000,0.000000,63,120,140,150,290,960,3700,5100,6800,6800,6800,274,1,62,265.3875029191246,37.39819998736493,6812.820599996485,125.54744525547446
1777968674,100,,Aggregated,0.300000,0.000000,63,120,140,150,290,960,3700,5100,6800,6800,6800,274,1,62,265.3875029191246,37.39819998736493,6812.820599996485,125.54744525547446
1777968675,100,,Aggregated,0.300000,0.000000,63,120,140,150,290,960,3700,5100,6800,6800,6800,274,1,62,265.3875029191246,37.39819998736493,6812.820599996485,125.54744525547446
1777968676,100,,Aggregated,0.200000,0.000000,62,120,140,150,290,960,3700,5100,6800,6800,6800,275,1,62,264.60043890846214,37.39819998736493,6812.820599996485,125.0909090909091
1777968677,100,,Aggregated,0.200000,0.000000,62,120,140,150,290,960,3700,5100,6800,6800,6800,276,1,62,263.838246738474,37.39819998736493,6812.820599996485,124.6376811594203
1777968678,100,,Aggregated,0.200000,0.000000,62,120,140,150,290,960,3700,5100,6800,6800,6800,276,1,62,263.838246738474,37.39819998736493,6812.820599996485,124.6376811594203
1777968679,100,,Aggregated,0.200000,0.000000,62,120,140,150,290,960,3700,5100,6800,6800,6800,276,1,62,263.838246738474,37.39819998736493,6812.820599996485,124.6376811594203
1777968680,100,,Aggregated,0.200000,0.000000,62,120,140,150,290,960,3700,5100,6800,6800,6800,277,1,62,263.0469855589335,37.39819998736493,6812.820599996485,124.18772563176896
1777968681,100,,Aggregated,0.200000,0.000000,61,120,140,150,290,960,3700,5100,6800,6800,6800,280,1,60,260.70482071362284,37.09820000221953,6812.820599996485,122.85714285714286
1777968682,100,,Aggregated,0.200000,0.000000,61,120,140,150,290,960,3700,5100,6800,6800,6800,280,1,60,260.70482071362284,37.09820000221953,6812.820599996485,122.85714285714286
1777968683,100,,Aggregated,0.200000,0.000000,61,120,140,150,290,960,3700,5100,6800,6800,6800,280,1,60,260.70482071362284,37.09820000221953,6812.820599996485,122.85714285714286
1777968684,100,,Aggregated,0.200000,0.000000,61,120,140,150,290,960,3700,5100,6800,6800,6800,280,1,60,260.70482071362284,37.09820000221953,6812.820599996485,122.85714285714286
1777968685,100,,Aggregated,0.600000,0.000000,60,120,140,150,290,710,3700,5100,6800,6800,6800,282,1,60,259.1892138290911,37.09820000221953,6812.820599996485,121.98581560283688
1777968686,100,,Aggregated,0.600000,0.000000,60,120,140,150,290,710,3700,5100,6800,6800,6800,282,1,60,259.1892138290911,37.09820000221953,6812.820599996485,121.98581560283688
1777968687,100,,Aggregated,0.600000,0.000000,60,120,140,150,290,710,3700,5100,6800,6800,6800,282,1,60,259.1892138290911,37.09820000221953,6812.820599996485,121.98581560283688
1777968688,100,,Aggregated,0.600000,0.000000,60,120,140,150,290,710,3700,5100,6800,6800,6800,282,1,60,259.1892138290911,37.09820000221953,6812.820599996485,121.98581560283688
1777968689,100,,Aggregated,0.600000,0.000000,60,120,140,150,290,710,3700,5100,6800,6800,6800,282,1,60,259.1892138290911,37.09820000221953,6812.820599996485,121.98581560283688
1777968690,100,,Aggregated,0.600000,0.000000,60,120,140,150,290,710,3700,5100,6800,6800,6800,282,1,60,259.1892138290911,37.09820000221953,6812.820599996485,121.98581560283688
1777968691,100,,Aggregated,0.600000,0.000000,60,120,140,150,290,710,3700,5100,6800,6800,6800,283,1,60,258.4459268544141,37.09820000221953,6812.820599996485,121.5547703180212
1777968692,100,,Aggregated,0.600000,0.000000,60,120,140,150,290,710,3700,5100,6800,6800,6800,283,1,60,258.4459268544141,37.09820000221953,6812.820599996485,121.5547703180212
1777968693,100,,Aggregated,0.600000,0.000000,60,120,140,150,290,710,3700,5100,6800,6800,6800,283,1,60,258.4459268544141,37.09820000221953,6812.820599996485,121.5547703180212
1777968694,100,,Aggregated,0.600000,0.000000,60,120,140,150,290,710,3700,5100,6800,6800,6800,283,1,60,258.4459268544141,37.09820000221953,6812.820599996485,121.5547703180212
1777968695,100,,Aggregated,0.600000,0.000000,60,120,140,150,290,710,3700,5100,6800,6800,6800,283,1,60,258.4459268544141,37.09820000221953,6812.820599996485,121.5547703180212
1777968696,100,,Aggregated,0.300000,0.000000,60,120,140,150,290,710,3700,5100,6800,6800,6800,284,2,60,257.66919823873764,37.09820000221953,6812.820599996485,121.12676056338029
1777968697,100,,Aggregated,0.300000,0.000000,60,120,140,150,290,710,3700,5100,6800,6800,6800,284,2,60,257.66919823873764,37.09820000221953,6812.820599996485,121.12676056338029
1777968698,100,,Aggregated,0.300000,0.000000,60,120,140,150,290,710,3700,5100,6800,6800,6800,284,2,60,257.66919823873764,37.09820000221953,6812.820599996485,121.12676056338029
1777968699,100,,Aggregated,0.200000,0.100000,60,120,140,150,290,710,3700,5100,6800,6800,6800,285,3,60,256.9396259642018,37.09820000221953,6812.820599996485,120.70175438596492
1777968700,100,,Aggregated,0.200000,0.100000,60,120,140,150,290,710,3700,5100,6800,6800,6800,287,4,60,255.5096264800198,37.09820000221953,6812.820599996485,119.86062717770035
1777968701,100,,Aggregated,0.200000,0.100000,60,120,140,150,290,710,3700,5100,6800,6800,6800,287,4,60,255.5096264800198,37.09820000221953,6812.820599996485,119.86062717770035
1777968702,100,,Aggregated,0.300000,0.200000,60,120,140,150,290,710,3700,5100,6800,6800,6800,289,5,60,254.1101757776569,37.09820000221953,6812.820599996485,119.03114186851211
1777968703,100,,Aggregated,0.500000,0.300000,60,120,140,150,290,710,3700,5100,6800,6800,6800,290,6,59,253.40091655079019,37.09820000221953,6812.820599996485,118.62068965517241
1777968705,100,,Aggregated,0.500000,0.300000,60,120,140,150,290,710,3700,5100,6800,6800,6800,290,6,59,253.40091655079019,37.09820000221953,6812.820599996485,118.62068965517241
1777968706,100,,Aggregated,0.500000,0.300000,60,120,140,150,290,710,3700,5100,6800,6800,6800,290,6,59,253.40091655079019,37.09820000221953,6812.820599996485,118.62068965517241
1777968707,100,,Aggregated,0.500000,0.300000,60,120,140,150,290,710,3700,5100,6800,6800,6800,290,6,59,253.40091655079019,37.09820000221953,6812.820599996485,118.62068965517241
1777968708,100,,Aggregated,0.500000,0.300000,60,120,140,150,290,710,3700,5100,6800,6800,6800,290,6,59,253.40091655079019,37.09820000221953,6812.820599996485,118.62068965517241
1777968709,100,,Aggregated,0.700000,0.500000,59,120,140,150,270,710,3700,5100,6800,6800,6800,291,7,59,252.6909731948769,37.09820000221953,6812.820599996485,118.21305841924399
1777968710,100,,Aggregated,0.700000,0.500000,59,120,140,150,270,710,3700,5100,6800,6800,6800,291,7,59,252.6909731948769,37.09820000221953,6812.820599996485,118.21305841924399
1777968711,100,,Aggregated,0.600000,0.400000,59,120,140,150,270,710,3700,5100,6800,6800,6800,292,7,59,251.98172671133923,37.09820000221953,6812.820599996485,117.8082191780822
1777968712,100,,Aggregated,0.600000,0.400000,59,120,140,150,270,710,3700,5100,6800,6800,6800,292,7,59,251.98172671133923,37.09820000221953,6812.820599996485,117.8082191780822
1777968713,100,,Aggregated,0.600000,0.400000,59,120,140,150,270,710,3700,5100,6800,6800,6800,292,7,59,251.98172671133923,37.09820000221953,6812.820599996485,117.8082191780822
1777968714,100,,Aggregated,0.600000,0.400000,59,120,140,150,270,710,3700,5100,6800,6800,6800,292,7,59,251.98172671133923,37.09820000221953,6812.820599996485,117.8082191780822
1777968715,100,,Aggregated,0.600000,0.400000,59,120,140,150,270,710,3700,5100,6800,6800,6800,292,7,59,251.98172671133923,37.09820000221953,6812.820599996485,117.8082191780822
1777968716,100,,Aggregated,0.300000,0.200000,59,120,140,150,270,710,3700,5100,6800,6800,6800,295,8,59,249.95084813464496,37.09820000221953,6812.820599996485,116.61016949152543
1777968717,100,,Aggregated,0.200000,0.100000,59,120,140,150,270,710,3700,5100,6800,6800,6800,297,8,59,248.59041144686472,37.09820000221953,6812.820599996485,115.82491582491582
1777968718,100,,Aggregated,0.200000,0.100000,59,120,140,150,270,710,3700,5100,6800,6800,6800,297,8,59,248.59041144686472,37.09820000221953,6812.820599996485,115.82491582491582
1777968719,100,,Aggregated,0.200000,0.100000,59,120,140,150,270,710,3700,5100,6800,6800,6800,297,8,59,248.59041144686472,37.09820000221953,6812.820599996485,115.82491582491582
1777968720,100,,Aggregated,0.500000,0.200000,58,120,130,150,270,700,3100,4700,6800,6800,6800,301,8,58,246.00824152737889,37.09820000221953,6812.820599996485,114.28571428571429
1777968721,100,,Aggregated,0.500000,0.200000,58,120,130,150,270,700,3100,4700,6800,6800,6800,301,8,58,246.00824152737889,37.09820000221953,6812.820599996485,114.28571428571429
1777968722,100,,Aggregated,0.500000,0.200000,58,120,130,150,270,700,3100,4700,6800,6800,6800,301,8,58,246.00824152737889,37.09820000221953,6812.820599996485,114.28571428571429
1777968723,100,,Aggregated,0.500000,0.200000,58,120,130,150,270,700,3100,4700,6800,6800,6800,301,8,58,246.00824152737889,37.09820000221953,6812.820599996485,114.28571428571429
1777968724,100,,Aggregated,0.900000,0.100000,58,120,130,150,270,700,3100,4700,6800,6800,6800,302,8,58,245.3139821183675,36.34190000593662,6812.820599996485,113.90728476821192
1777968725,100,,Aggregated,0.900000,0.100000,58,120,130,150,270,700,3100,4700,6800,6800,6800,302,8,58,245.3139821183675,36.34190000593662,6812.820599996485,113.90728476821192
1777968726,100,,Aggregated,0.900000,0.100000,58,120,130,150,270,700,3100,4700,6800,6800,6800,303,8,58,244.72875907504624,36.34190000593662,6812.820599996485,113.53135313531354
1777968727,100,,Aggregated,0.900000,0.100000,58,120,130,150,270,700,3100,4700,6800,6800,6800,303,8,58,244.72875907504624,36.34190000593662,6812.820599996485,113.53135313531354
1777968728,100,,Aggregated,1.000000,0.100000,58,120,130,150,270,700,3100,4700,6800,6800,6800,304,8,58,244.07824670963333,36.34190000593662,6812.820599996485,113.15789473684211
1777968729,100,,Aggregated,1.000000,0.100000,58,120,130,150,270,700,3100,4700,6800,6800,6800,304,8,58,244.07824670963333,36.34190000593662,6812.820599996485,113.15789473684211
1777968730,100,,Aggregated,1.000000,0.100000,58,120,130,150,270,700,3100,4700,6800,6800,6800,304,8,58,244.07824670963333,36.34190000593662,6812.820599996485,113.15789473684211
1777968731,100,,Aggregated,1.000000,0.100000,58,120,130,150,270,700,3100,4700,6800,6800,6800,304,8,58,244.07824670963333,36.34190000593662,6812.820599996485,113.15789473684211
1777968732,100,,Aggregated,0.700000,0.000000,58,120,130,150,270,700,3100,4700,6800,6800,6800,305,8,58,243.456027540092,36.34190000593662,6812.820599996485,112.78688524590164
1777968733,100,,Aggregated,0.300000,0.000000,58,120,130,150,270,700,3100,4700,6800,6800,6800,307,8,58,242.23432638343039,36.34190000593662,6812.820599996485,112.05211726384364
1777968734,100,,Aggregated,0.300000,0.000000,58,120,130,150,270,700,3100,4700,6800,6800,6800,307,8,58,242.23432638343039,36.34190000593662,6812.820599996485,112.05211726384364
1777968735,100,,Aggregated,0.400000,0.000000,58,120,130,150,270,700,3100,4700,6800,6800,6800,308,9,58,241.71465357046276,36.34190000593662,6812.820599996485,111.68831168831169
1777968736,100,,Aggregated,0.400000,0.000000,58,120,130,150,270,700,3100,4700,6800,6800,6800,308,9,58,241.71465357046276,36.34190000593662,6812.820599996485,111.68831168831169
1777968737,100,,Aggregated,0.400000,0.000000,58,120,130,150,270,700,3100,4700,6800,6800,6800,308,9,58,241.71465357046276,36.34190000593662,6812.820599996485,111.68831168831169
1777968738,100,,Aggregated,0.400000,0.000000,58,120,130,150,270,700,3100,4700,6800,6800,6800,308,9,58,241.71465357046276,36.34190000593662,6812.820599996485,111.68831168831169
1777968739,100,,Aggregated,0.400000,0.000000,58,120,130,150,270,700,3100,4700,6800,6800,6800,308,9,58,241.71465357046276,36.34190000593662,6812.820599996485,111.68831168831169
1777968740,100,,Aggregated,0.500000,0.100000,58,110,130,150,270,700,3100,4700,6800,6800,6800,311,10,58,240.10074308585268,36.34190000593662,6812.820599996485,110.61093247588424
1777968741,100,,Aggregated,0.500000,0.100000,58,110,130,150,270,700,3100,4700,6800,6800,6800,311,10,58,240.10074308585268,36.34190000593662,6812.820599996485,110.61093247588424
1777968742,100,,Aggregated,0.700000,0.200000,58,110,130,150,270,700,3100,4700,6800,6800,6800,312,10,58,240.56867596057904,36.34190000593662,6812.820599996485,110.25641025641026
1777968743,100,,Aggregated,0.700000,0.200000,58,110,130,150,270,700,3100,4700,6800,6800,6800,312,10,58,240.56867596057904,36.34190000593662,6812.820599996485,110.25641025641026
1777968744,100,,Aggregated,0.700000,0.200000,58,110,130,150,270,700,3100,4700,6800,6800,6800,312,10,58,240.56867596057904,36.34190000593662,6812.820599996485,110.25641025641026
1777968745,100,,Aggregated,0.600000,0.200000,58,110,130,150,270,700,3100,4700,6800,6800,6800,313,11,58,239.9845389766803,36.34190000593662,6812.820599996485,109.90415335463258
1777968746,100,,Aggregated,0.500000,0.200000,58,110,130,150,270,700,3100,4700,6800,6800,6800,314,12,58,239.38014681436565,36.34190000593662,6812.820599996485,109.55414012738854
1777968747,100,,Aggregated,0.500000,0.200000,58,110,130,150,270,700,3100,4700,6800,6800,6800,314,12,58,239.38014681436565,36.34190000593662,6812.820599996485,109.55414012738854
1777968748,100,,Aggregated,0.500000,0.200000,58,110,130,150,270,700,3100,4700,6800,6800,6800,314,12,58,239.38014681436565,36.34190000593662,6812.820599996485,109.55414012738854
1777968749,100,,Aggregated,0.500000,0.200000,58,110,130,150,270,700,3100,4700,6800,6800,6800,314,12,58,239.38014681436565,36.34190000593662,6812.820599996485,109.55414012738854
1777968750,100,,Aggregated,0.600000,0.300000,58,110,130,150,270,700,3100,4700,6800,6800,6800,315,13,58,238.75922825305707,36.34190000593662,6812.820599996485,109.2063492063492
1777968751,100,,Aggregated,0.600000,0.300000,58,110,130,150,270,700,3100,4700,6800,6800,6800,316,13,58,238.2173370243908,36.34190000593662,6812.820599996485,108.86075949367088
1777968752,100,,Aggregated,0.600000,0.300000,58,110,130,150,270,700,3100,4700,6800,6800,6800,316,13,58,238.2173370243908,36.34190000593662,6812.820599996485,108.86075949367088
1777968753,100,,Aggregated,0.400000,0.300000,58,110,130,150,270,700,3100,4700,6800,6800,6800,317,14,58,237.61282712839946,36.34190000593662,6812.820599996485,108.5173501577287
1777968754,100,,Aggregated,0.400000,0.300000,58,110,130,150,270,700,3100,4700,6800,6800,6800,318,15,58,236.98750251476542,36.34190000593662,6812.820599996485,108.17610062893081
1777968755,100,,Aggregated,0.400000,0.300000,58,110,130,150,270,700,3100,4700,6800,6800,6800,318,15,58,236.98750251476542,36.34190000593662,6812.820599996485,108.17610062893081
1777968756,100,,Aggregated,0.400000,0.300000,58,110,130,150,270,700,3100,4700,6800,6800,6800,318,15,58,236.98750251476542,36.34190000593662,6812.820599996485,108.17610062893081
1777968757,100,,Aggregated,0.400000,0.300000,58,110,130,150,270,700,3100,4700,6800,6800,6800,318,15,58,236.98750251476542,36.34190000593662,6812.820599996485,108.17610062893081
1777968758,100,,Aggregated,0.500000,0.400000,58,110,130,150,270,700,3100,4700,6800,6800,6800,319,16,58,236.40519968558067,36.34190000593662,6812.820599996485,107.83699059561128
1777968759,100,,Aggregated,0.500000,0.400000,58,110,130,150,270,700,3100,4700,6800,6800,6800,319,16,58,236.40519968558067,36.34190000593662,6812.820599996485,107.83699059561128
1777968760,100,,Aggregated,0.500000,0.400000,58,110,130,150,270,700,3100,4700,6800,6800,6800,319,16,58,236.40519968558067,36.34190000593662,6812.820599996485,107.83699059561128
1777968761,100,,Aggregated,0.500000,0.400000,58,110,130,150,270,700,3100,4700,6800,6800,6800,319,16,58,236.40519968558067,36.34190000593662,6812.820599996485,107.83699059561128
1777968762,100,,Aggregated,0.400000,0.300000,57,110,130,150,270,680,3100,4700,6800,6800,6800,321,17,57,235.2114479740932,36.34190000593662,6812.820599996485,107.16510903426791
1777968763,100,,Aggregated,0.400000,0.300000,57,110,130,150,270,680,3100,4700,6800,6800,6800,321,17,57,235.2114479740932,36.34190000593662,6812.820599996485,107.16510903426791
1777968764,100,,Aggregated,0.400000,0.300000,58,110,130,150,270,680,3100,4700,6800,6800,6800,322,18,57,234.6728074524164,36.34190000593662,6812.820599996485,106.83229813664596
1777968765,100,,Aggregated,0.400000,0.300000,58,110,130,150,270,680,3100,4700,6800,6800,6800,323,19,58,234.15237801757155,36.34190000593662,6812.820599996485,106.50154798761609
1777968766,100,,Aggregated,0.400000,0.300000,58,110,130,150,270,680,3100,4700,6800,6800,6800,323,19,58,234.15237801757155,36.34190000593662,6812.820599996485,106.50154798761609
1777968767,100,,Aggregated,0.400000,0.300000,58,110,130,150,270,680,3100,4700,6800,6800,6800,323,19,58,234.15237801757155,36.34190000593662,6812.820599996485,106.50154798761609
1777968768,100,,Aggregated,0.400000,0.300000,58,110,130,150,270,680,3100,4700,6800,6800,6800,323,19,58,234.15237801757155,36.34190000593662,6812.820599996485,106.50154798761609
1777968769,100,,Aggregated,0.400000,0.300000,58,110,130,150,270,680,3100,4700,6800,6800,6800,323,19,58,234.15237801757155,36.34190000593662,6812.820599996485,106.50154798761609
1777968770,100,,Aggregated,0.400000,0.300000,58,110,130,150,270,680,3100,4700,6800,6800,6800,324,19,58,233.63197530762804,36.34190000593662,6812.820599996485,106.17283950617283
1777968771,100,,Aggregated,0.400000,0.300000,58,110,130,150,270,680,3100,4700,6800,6800,6800,324,19,58,233.63197530762804,36.34190000593662,6812.820599996485,106.17283950617283
1777968772,100,,Aggregated,0.400000,0.300000,58,110,130,150,270,680,3100,4700,6800,6800,6800,324,19,58,233.63197530762804,36.34190000593662,6812.820599996485,106.17283950617283
1777968773,100,,Aggregated,0.400000,0.300000,58,110,130,150,270,680,3100,4700,6800,6800,6800,324,19,58,233.63197530762804,36.34190000593662,6812.820599996485,106.17283950617283
1777968774,100,,Aggregated,0.400000,0.300000,58,110,130,150,270,680,3100,4700,6800,6800,6800,324,19,58,233.63197530762804,36.34190000593662,6812.820599996485,106.17283950617283
1777968775,100,,Aggregated,0.400000,0.300000,58,110,130,150,270,680,3100,4700,6800,6800,6800,324,19,58,233.63197530762804,36.34190000593662,6812.820599996485,106.17283950617283
1777968776,100,,Aggregated,0.400000,0.300000,58,110,130,150,270,680,3100,4700,6800,6800,6800,324,19,58,233.63197530762804,36.34190000593662,6812.820599996485,106.17283950617283
1777968777,100,,Aggregated,0.400000,0.300000,58,110,130,150,270,680,3100,4700,6800,6800,6800,324,19,58,233.63197530762804,36.34190000593662,6812.820599996485,106.17283950617283
1777968778,100,,Aggregated,0.400000,0.300000,58,110,130,150,270,680,3100,4700,6800,6800,6800,324,19,58,233.63197530762804,36.34190000593662,6812.820599996485,106.17283950617283
1777968780,100,,Aggregated,0.100000,0.000000,58,110,130,150,270,680,3100,4700,6800,6800,6800,325,19,58,233.0803113836401,36.34190000593662,6812.820599996485,105.84615384615384
1777968781,100,,Aggregated,0.100000,0.000000,58,110,130,150,270,680,3100,4700,6800,6800,6800,325,19,58,233.0803113836401,36.34190000593662,6812.820599996485,105.84615384615384
1777968782,100,,Aggregated,0.100000,0.000000,58,110,130,150,270,680,3100,4700,6800,6800,6800,325,19,58,233.0803113836401,36.34190000593662,6812.820599996485,105.84615384615384
1777968783,100,,Aggregated,0.100000,0.000000,58,110,130,150,270,680,3100,4700,6800,6800,6800,325,19,58,233.0803113836401,36.34190000593662,6812.820599996485,105.84615384615384
1777968784,100,,Aggregated,0.100000,0.000000,58,110,130,150,270,680,3100,4700,6800,6800,6800,326,19,58,232.54597331195473,36.34190000593662,6812.820599996485,105.52147239263803
1777968785,100,,Aggregated,0.100000,0.000000,58,110,130,150,270,680,3100,4700,6800,6800,6800,326,19,58,232.54597331195473,36.34190000593662,6812.820599996485,105.52147239263803
1777968786,100,,Aggregated,0.100000,0.000000,58,110,130,150,270,680,3100,4700,6800,6800,6800,329,20,58,230.94265319052786,36.34190000593662,6812.820599996485,104.55927051671732
1777968787,100,,Aggregated,0.100000,0.000000,58,110,130,150,270,680,3100,4700,6800,6800,6800,329,20,58,230.94265319052786,36.34190000593662,6812.820599996485,104.55927051671732
1777968788,100,,Aggregated,0.100000,0.000000,58,110,130,150,270,680,3100,4700,6800,6800,6800,329,20,58,230.94265319052786,36.34190000593662,6812.820599996485,104.55927051671732
1777968789,100,,Aggregated,0.100000,0.000000,58,110,130,150,270,680,3100,4700,6800,6800,6800,329,20,58,230.94265319052786,36.34190000593662,6812.820599996485,104.55927051671732
1777968790,100,,Aggregated,0.500000,0.100000,58,110,130,150,270,680,3100,4700,6800,6800,6800,330,20,58,230.43403939298128,36.34190000593662,6812.820599996485,104.24242424242425
1777968791,100,,Aggregated,0.500000,0.100000,58,110,130,150,270,680,3100,4700,6800,6800,6800,330,20,58,230.43403939298128,36.34190000593662,6812.820599996485,104.24242424242425
1777968792,100,,Aggregated,0.500000,0.100000,58,110,130,150,250,680,3100,4700,6800,6800,6800,331,20,58,229.9094027181028,36.34190000593662,6812.820599996485,103.92749244712991
1777968793,100,,Aggregated,0.500000,0.100000,58,110,130,150,250,680,3100,4700,6800,6800,6800,331,20,58,229.9094027181028,36.34190000593662,6812.820599996485,103.92749244712991
1777968794,100,,Aggregated,0.500000,0.100000,58,110,130,150,250,680,3100,4700,6800,6800,6800,331,20,58,229.9094027181028,36.34190000593662,6812.820599996485,103.92749244712991
1777968795,100,,Aggregated,0.600000,0.100000,58,110,130,150,250,680,3100,4700,6800,6800,6800,332,20,58,229.42040180631406,36.34190000593662,6812.820599996485,103.6144578313253
1777968796,100,,Aggregated,0.600000,0.100000,58,110,130,150,250,680,3100,4700,6800,6800,6800,332,20,58,229.42040180631406,36.34190000593662,6812.820599996485,103.6144578313253
1777968797,100,,Aggregated,0.600000,0.100000,58,110,130,150,250,680,3100,4700,6800,6800,6800,332,20,58,229.42040180631406,36.34190000593662,6812.820599996485,103.6144578313253
1777968798,100,,Aggregated,0.600000,0.100000,58,110,130,150,250,680,3100,4700,6800,6800,6800,333,20,58,228.997518617678,36.34190000593662,6812.820599996485,103.30330330330331
1777968799,100,,Aggregated,0.300000,0.000000,58,110,130,150,250,680,3100,4700,6800,6800,6800,335,20,58,227.95945014821976,36.34190000593662,6812.820599996485,102.68656716417911
1777968800,100,,Aggregated,0.400000,0.000000,58,110,130,140,250,680,3100,4700,6800,6800,6800,336,20,58,227.65151220136474,36.34190000593662,6812.820599996485,102.38095238095238
1777968801,100,,Aggregated,0.400000,0.000000,58,110,130,140,250,680,3100,4700,6800,6800,6800,336,20,58,227.65151220136474,36.34190000593662,6812.820599996485,102.38095238095238
1777968802,100,,Aggregated,0.600000,0.000000,58,110,130,140,250,680,3100,4700,6800,6800,6800,338,21,58,226.82576153748366,36.34190000593662,6812.820599996485,101.77514792899409
1777968803,100,,Aggregated,0.600000,0.000000,58,110,130,140,250,680,3100,4700,6800,6800,6800,338,21,58,226.82576153748366,36.34190000593662,6812.820599996485,101.77514792899409
1777968804,100,,Aggregated,0.600000,0.000000,58,110,130,140,250,680,3100,4700,6800,6800,6800,339,21,58,226.3415297925174,36.34190000593662,6812.820599996485,101.47492625368731
1777968805,100,,Aggregated,0.600000,0.100000,58,110,130,140,250,680,3100,4700,6800,6800,6800,340,21,58,225.84261029320152,36.34190000593662,6812.820599996485,101.17647058823529
1777968806,100,,Aggregated,0.600000,0.100000,58,110,130,140,250,680,3100,4700,6800,6800,6800,340,21,58,225.84261029320152,36.34190000593662,6812.820599996485,101.17647058823529
1777968807,100,,Aggregated,0.800000,0.100000,58,110,130,140,240,550,3100,4700,6800,6800,6800,341,21,58,225.33438005774826,36.34190000593662,6812.820599996485,100.87976539589442
1777968808,100,,Aggregated,0.800000,0.100000,58,110,130,140,240,550,3100,4700,6800,6800,6800,341,21,58,225.33438005774826,36.34190000593662,6812.820599996485,100.87976539589442
1777968809,100,,Aggregated,0.800000,0.100000,58,110,130,140,250,550,3100,4700,6800,6800,6800,343,21,58,225.4599352760421,36.34190000593662,6812.820599996485,100.29154518950438
1777968810,100,,Aggregated,0.800000,0.100000,58,110,130,140,250,550,3100,4700,6800,6800,6800,343,21,58,225.4599352760421,36.34190000593662,6812.820599996485,100.29154518950438
1777968811,100,,Aggregated,0.800000,0.100000,58,110,130,140,250,550,3100,4700,6800,6800,6800,343,21,58,225.4599352760421,36.34190000593662,6812.820599996485,100.29154518950438
1777968812,100,,Aggregated,0.600000,0.100000,58,110,130,140,250,550,3100,4700,6800,6800,6800,344,21,58,224.99972994088705,36.34190000593662,6812.820599996485,100.0
1777968813,100,,Aggregated,0.600000,0.100000,58,110,130,140,250,550,3100,4700,6800,6800,6800,344,21,58,224.99972994088705,36.34190000593662,6812.820599996485,100.0
1777968814,100,,Aggregated,0.600000,0.100000,58,110,130,140,250,550,3100,4700,6800,6800,6800,344,21,58,224.99972994088705,36.34190000593662,6812.820599996485,100.0
1777968815,100,,Aggregated,0.600000,0.100000,58,110,130,140,250,550,3100,4700,6800,6800,6800,344,21,58,224.99972994088705,36.34190000593662,6812.820599996485,100.0
1777968816,100,,Aggregated,0.600000,0.100000,58,110,130,140,250,550,3100,4700,6800,6800,6800,344,21,58,224.99972994088705,36.34190000593662,6812.820599996485,100.0
1777968817,100,,Aggregated,0.600000,0.100000,58,110,130,140,250,550,3100,4700,6800,6800,6800,344,21,58,224.99972994088705,36.34190000593662,6812.820599996485,100.0
1777968818,100,,Aggregated,0.600000,0.100000,58,110,130,140,250,550,3100,4700,6800,6800,6800,344,21,58,224.99972994088705,36.34190000593662,6812.820599996485,100.0
1777968819,100,,Aggregated,0.600000,0.100000,58,110,130,140,250,550,3100,4700,6800,6800,6800,344,21,58,224.99972994088705,36.34190000593662,6812.820599996485,100.0
1777968820,100,,Aggregated,0.600000,0.100000,58,110,130,140,250,550,3100,4700,6800,6800,6800,344,21,58,224.99972994088705,36.34190000593662,6812.820599996485,100.0
1777968821,100,,Aggregated,0.600000,0.100000,58,110,130,140,250,550,3100,4700,6800,6800,6800,344,21,58,224.99972994088705,36.34190000593662,6812.820599996485,100.0
1777968822,100,,Aggregated,0.300000,0.000000,58,110,130,140,250,550,3100,4700,6800,6800,6800,345,22,58,224.4966434772916,36.34190000593662,6812.820599996485,99.71014492753623
1777968823,100,,Aggregated,0.300000,0.000000,58,110,130,140,250,550,3100,4700,6800,6800,6800,345,22,58,224.4966434772916,36.34190000593662,6812.820599996485,99.71014492753623
1777968824,100,,Aggregated,0.100000,0.100000,58,110,130,140,250,550,3100,4700,6800,6800,6800,346,23,58,224.1025164729621,36.34190000593662,6812.820599996485,99.42196531791907
1777968825,100,,Aggregated,0.100000,0.100000,58,110,130,140,250,550,3100,4700,6800,6800,6800,346,23,58,224.1025164729621,36.34190000593662,6812.820599996485,99.42196531791907
1777968826,100,,Aggregated,0.100000,0.100000,58,110,130,140,250,550,3100,4700,6800,6800,6800,346,23,58,224.1025164729621,36.34190000593662,6812.820599996485,99.42196531791907
1777968827,100,,Aggregated,0.200000,0.200000,58,110,130,140,250,550,3100,4700,6800,6800,6800,347,23,58,223.60248587789386,36.34190000593662,6812.820599996485,99.13544668587896
1777968828,100,,Aggregated,0.200000,0.200000,58,110,130,140,250,550,3100,4700,6800,6800,6800,347,23,58,223.60248587789386,36.34190000593662,6812.820599996485,99.13544668587896
1777968829,100,,Aggregated,0.200000,0.200000,58,110,130,140,250,550,3100,4700,6800,6800,6800,347,23,58,223.60248587789386,36.34190000593662,6812.820599996485,99.13544668587896
1777968830,100,,Aggregated,0.200000,0.200000,58,110,130,140,250,550,3100,4700,6800,6800,6800,347,23,58,223.60248587789386,36.34190000593662,6812.820599996485,99.13544668587896
1777968831,100,,Aggregated,0.200000,0.200000,58,110,130,140,250,550,3100,4700,6800,6800,6800,347,23,58,223.60248587789386,36.34190000593662,6812.820599996485,99.13544668587896
1777968832,100,,Aggregated,0.200000,0.200000,58,110,130,140,250,550,3100,4700,6800,6800,6800,347,23,58,223.60248587789386,36.34190000593662,6812.820599996485,99.13544668587896
1777968833,100,,Aggregated,0.200000,0.200000,58,110,130,140,250,550,3100,4700,6800,6800,6800,347,23,58,223.60248587789386,36.34190000593662,6812.820599996485,99.13544668587896
1777968834,100,,Aggregated,0.200000,0.200000,58,110,130,140,250,550,3100,4700,6800,6800,6800,347,23,58,223.60248587789386,36.34190000593662,6812.820599996485,99.13544668587896
1777968835,100,,Aggregated,0.200000,0.100000,58,110,130,140,250,550,3100,4700,6800,6800,6800,348,23,58,223.1186408035714,36.34190000593662,6812.820599996485,98.85057471264368
1777968836,100,,Aggregated,0.200000,0.100000,58,110,130,140,250,550,3100,4700,6800,6800,6800,348,23,58,223.1186408035714,36.34190000593662,6812.820599996485,98.85057471264368
1777968837,100,,Aggregated,0.200000,0.100000,58,110,130,140,250,550,3100,4700,6800,6800,6800,348,23,58,223.1186408035714,36.34190000593662,6812.820599996485,98.85057471264368
1777968838,100,,Aggregated,0.200000,0.100000,58,110,130,140,250,550,3100,4700,6800,6800,6800,348,23,58,223.1186408035714,36.34190000593662,6812.820599996485,98.85057471264368
1777968839,100,,Aggregated,0.200000,0.000000,58,110,130,140,250,550,3100,4700,6800,6800,6800,349,24,58,222.59641346607737,36.34190000593662,6812.820599996485,98.567335243553
1777968840,100,,Aggregated,0.200000,0.000000,58,110,130,140,250,550,3100,4700,6800,6800,6800,349,24,58,222.59641346607737,36.34190000593662,6812.820599996485,98.567335243553
1777968841,100,,Aggregated,0.200000,0.000000,58,110,130,140,250,550,3100,4700,6800,6800,6800,349,24,58,222.59641346607737,36.34190000593662,6812.820599996485,98.567335243553
1777968842,100,,Aggregated,0.200000,0.000000,58,110,130,140,250,550,3100,4700,6800,6800,6800,349,24,58,222.59641346607737,36.34190000593662,6812.820599996485,98.567335243553
1777968843,100,,Aggregated,0.200000,0.000000,58,110,130,140,250,550,3100,4700,6800,6800,6800,349,24,58,222.59641346607737,36.34190000593662,6812.820599996485,98.567335243553
1777968844,100,,Aggregated,0.200000,0.000000,58,110,130,140,250,550,3100,4700,6800,6800,6800,349,24,58,222.59641346607737,36.34190000593662,6812.820599996485,98.567335243553
1777968845,100,,Aggregated,0.200000,0.000000,58,110,130,140,250,550,3100,4700,6800,6800,6800,349,24,58,222.59641346607737,36.34190000593662,6812.820599996485,98.567335243553
1777968846,100,,Aggregated,0.200000,0.100000,58,110,130,140,240,550,2200,4700,6800,6800,6800,351,24,58,221.64834615287896,36.34190000593662,6812.820599996485,98.00569800569801
1777968847,100,,Aggregated,0.200000,0.100000,58,110,130,140,240,550,2200,4700,6800,6800,6800,351,24,58,221.64834615287896,36.34190000593662,6812.820599996485,98.00569800569801
1777968848,100,,Aggregated,0.200000,0.100000,58,110,130,140,240,550,2200,4700,6800,6800,6800,351,24,58,221.64834615287896,36.34190000593662,6812.820599996485,98.00569800569801
1777968849,100,,Aggregated,0.100000,0.100000,58,110,130,140,240,550,2200,4700,6800,6800,6800,352,24,57,221.1537065331041,36.34190000593662,6812.820599996485,97.72727272727273
1777968850,100,,Aggregated,0.100000,0.100000,58,110,130,140,240,550,2200,4700,6800,6800,6800,352,24,57,221.1537065331041,36.34190000593662,6812.820599996485,97.72727272727273
1777968851,100,,Aggregated,0.400000,0.100000,57,110,130,140,240,550,2200,4700,6800,6800,6800,353,25,57,220.6698736534045,36.34190000593662,6812.820599996485,97.45042492917847
1777968852,100,,Aggregated,0.400000,0.100000,57,110,130,140,240,550,2200,4700,6800,6800,6800,353,25,57,220.6698736534045,36.34190000593662,6812.820599996485,97.45042492917847
1777968853,100,,Aggregated,0.400000,0.100000,57,110,130,140,240,550,2200,4700,6800,6800,6800,353,25,57,220.6698736534045,36.34190000593662,6812.820599996485,97.45042492917847
1777968854,100,,Aggregated,0.400000,0.100000,58,110,130,140,250,550,2200,4700,6800,6800,6800,355,27,58,220.88169352008805,36.34190000593662,6812.820599996485,96.90140845070422
1777968855,100,,Aggregated,0.400000,0.100000,58,110,130,140,250,550,2200,4700,6800,6800,6800,355,27,58,220.88169352008805,36.34190000593662,6812.820599996485,96.90140845070422
1777968856,100,,Aggregated,0.400000,0.100000,58,110,130,140,250,550,2200,4700,6800,6800,6800,356,28,57,220.41366685283555,36.34190000593662,6812.820599996485,96.62921348314607
1777968858,100,,Aggregated,0.400000,0.100000,58,110,130,140,250,550,2200,4700,6800,6800,6800,356,28,57,220.41366685283555,36.34190000593662,6812.820599996485,96.62921348314607
1777968859,100,,Aggregated,0.600000,0.300000,57,110,130,140,250,550,2200,4700,6800,6800,6800,357,28,57,219.9317350128766,36.34190000593662,6812.820599996485,96.35854341736695
1777968860,100,,Aggregated,0.600000,0.300000,57,110,130,140,250,550,2200,4700,6800,6800,6800,357,28,57,219.9317350128766,36.34190000593662,6812.820599996485,96.35854341736695
1777968861,100,,Aggregated,0.600000,0.300000,57,110,130,140,250,550,2200,4700,6800,6800,6800,357,28,57,219.9317350128766,36.34190000593662,6812.820599996485,96.35854341736695
1777968862,100,,Aggregated,0.500000,0.400000,58,110,130,140,250,550,2200,4700,6800,6800,6800,358,28,57,219.49906284805758,36.34190000593662,6812.820599996485,96.08938547486034
1777968863,100,,Aggregated,0.500000,0.400000,57,110,130,140,250,550,2200,4700,6800,6800,6800,359,28,57,219.01479275651667,36.34190000593662,6812.820599996485,95.82172701949861
1777968864,100,,Aggregated,0.500000,0.400000,57,110,130,140,250,550,2200,4700,6800,6800,6800,359,28,57,219.01479275651667,36.34190000593662,6812.820599996485,95.82172701949861
1777968865,100,,Aggregated,0.500000,0.300000,57,110,130,140,250,550,2200,4700,6800,6800,6800,360,28,57,218.52959333215645,36.34190000593662,6812.820599996485,95.55555555555556
1777968866,100,,Aggregated,0.600000,0.300000,57,110,130,140,240,520,2200,4700,6800,6800,6800,361,28,57,218.06243046975652,36.34190000593662,6812.820599996485,95.29085872576178
1777968867,100,,Aggregated,0.600000,0.300000,57,110,130,140,240,520,2200,4700,6800,6800,6800,361,28,57,218.06243046975652,36.34190000593662,6812.820599996485,95.29085872576178
1777968868,100,,Aggregated,0.600000,0.300000,57,110,130,140,240,520,2200,4700,6800,6800,6800,361,28,57,218.06243046975652,36.34190000593662,6812.820599996485,95.29085872576178
1777968869,100,,Aggregated,0.600000,0.300000,57,110,130,140,240,520,2200,4700,6800,6800,6800,361,28,57,218.06243046975652,36.34190000593662,6812.820599996485,95.29085872576178
1777968870,100,,Aggregated,0.600000,0.300000,57,110,130,140,240,520,2200,4700,6800,6800,6800,361,28,57,218.06243046975652,36.34190000593662,6812.820599996485,95.29085872576178
1777968871,100,,Aggregated,0.600000,0.300000,57,110,130,140,240,520,2200,4700,6800,6800,6800,361,28,57,218.06243046975652,36.34190000593662,6812.820599996485,95.29085872576178
1777968872,100,,Aggregated,0.400000,0.000000,57,110,130,140,240,520,2200,4700,6800,6800,6800,362,28,57,218.0442080099151,36.34190000593662,6812.820599996485,95.02762430939227
1777968873,100,,Aggregated,0.400000,0.000000,58,110,130,140,240,520,2200,4700,6800,6800,6800,366,29,57,216.7999868841315,36.34190000593662,6812.820599996485,93.98907103825137
1777968874,100,,Aggregated,0.400000,0.000000,58,110,130,140,240,520,2200,4700,6800,6800,6800,367,30,58,216.3837038136623,36.34190000593662,6812.820599996485,93.73297002724796
1777968875,100,,Aggregated,0.400000,0.000000,58,110,130,140,240,520,2200,4700,6800,6800,6800,368,31,58,215.96891793374,36.34190000593662,6812.820599996485,93.47826086956522
1777968876,100,,Aggregated,0.600000,0.000000,58,110,130,140,240,520,2200,4700,6800,6800,6800,369,31,58,215.62161192305507,36.34190000593662,6812.820599996485,93.22493224932249
1777968877,100,,Aggregated,0.600000,0.000000,58,110,130,140,240,520,2200,4700,6800,6800,6800,369,31,58,215.62161192305507,36.34190000593662,6812.820599996485,93.22493224932249
1777968878,100,,Aggregated,0.800000,0.300000,58,110,130,140,210,520,2200,4700,6800,6800,6800,371,31,58,214.94189838171533,36.34190000593662,6812.820599996485,92.722371967655
1777968879,100,,Aggregated,0.800000,0.300000,58,110,130,140,210,520,2200,4700,6800,6800,6800,371,31,58,214.94189838171533,36.34190000593662,6812.820599996485,92.722371967655
1777968880,100,,Aggregated,0.800000,0.300000,58,110,130,140,210,520,2200,4700,6800,6800,6800,371,31,58,214.94189838171533,36.34190000593662,6812.820599996485,92.722371967655
1777968881,100,,Aggregated,0.800000,0.300000,58,110,130,140,210,520,2200,4700,6800,6800,6800,371,31,58,214.94189838171533,36.34190000593662,6812.820599996485,92.722371967655
1777968882,100,,Aggregated,1.000000,0.300000,58,110,130,140,210,520,2200,4700,6800,6800,6800,372,31,58,214.71721343988722,36.34190000593662,6812.820599996485,92.47311827956989
1777968883,100,,Aggregated,1.000000,0.300000,58,110,130,140,230,520,2200,4700,6800,6800,6800,374,33,58,214.34174839470705,36.34190000593662,6812.820599996485,91.97860962566845
1777968884,100,,Aggregated,1.000000,0.300000,58,110,130,140,230,520,2200,4700,6800,6800,6800,374,33,58,214.34174839470705,36.34190000593662,6812.820599996485,91.97860962566845
1777968885,100,,Aggregated,1.000000,0.300000,58,110,130,140,230,520,2200,4700,6800,6800,6800,374,33,58,214.34174839470705,36.34190000593662,6812.820599996485,91.97860962566845
1777968886,100,,Aggregated,0.900000,0.500000,58,110,130,140,230,520,2200,4700,6800,6800,6800,375,34,58,213.91118533234112,36.34190000593662,6812.820599996485,91.73333333333333
1777968887,100,,Aggregated,0.700000,0.300000,58,110,130,140,230,520,2200,4700,6800,6800,6800,377,35,58,213.08531167008172,36.34190000593662,6812.820599996485,91.24668435013263
1777968888,100,,Aggregated,0.700000,0.300000,58,110,130,140,230,520,2200,4700,6800,6800,6800,377,35,58,213.08531167008172,36.34190000593662,6812.820599996485,91.24668435013263
1777968889,100,,Aggregated,0.700000,0.300000,58,110,130,140,230,520,2200,4700,6800,6800,6800,377,35,58,213.08531167008172,36.34190000593662,6812.820599996485,91.24668435013263
1777968890,100,,Aggregated,0.700000,0.300000,58,110,130,140,230,520,2200,4700,6800,6800,6800,377,35,58,213.08531167008172,36.34190000593662,6812.820599996485,91.24668435013263
1777968891,100,,Aggregated,0.700000,0.300000,58,110,130,140,230,520,2200,4700,6800,6800,6800,377,35,58,213.08531167008172,36.34190000593662,6812.820599996485,91.24668435013263
1777968892,100,,Aggregated,0.700000,0.300000,58,110,130,140,230,520,2200,4700,6800,6800,6800,377,35,58,213.08531167008172,36.34190000593662,6812.820599996485,91.24668435013263
1777968893,100,,Aggregated,0.700000,0.300000,58,110,130,140,230,520,2200,4700,6800,6800,6800,377,35,58,213.08531167008172,36.34190000593662,6812.820599996485,91.24668435013263
1777968894,100,,Aggregated,0.700000,0.300000,58,110,130,140,230,520,2200,4700,6800,6800,6800,377,35,58,213.08531167008172,36.34190000593662,6812.820599996485,91.24668435013263
1777968895,100,,Aggregated,0.500000,0.400000,58,110,130,140,230,520,2200,4700,6800,6800,6800,378,35,58,212.65366984025894,36.34190000593662,6812.820599996485,91.005291005291
1777968896,100,,Aggregated,0.300000,0.200000,58,110,130,140,230,520,2200,4700,6800,6800,6800,380,36,58,211.98439026216204,36.34190000593662,6812.820599996485,90.52631578947368
1777968897,100,,Aggregated,0.300000,0.200000,58,110,130,140,210,490,2200,4700,6800,6800,6800,381,37,58,211.96801495960463,36.34190000593662,6812.820599996485,90.28871391076116
1777968898,100,,Aggregated,0.400000,0.200000,58,110,130,140,210,490,2200,4700,6800,6800,6800,382,38,58,211.66354947543948,36.34190000593662,6812.820599996485,90.05235602094241
1777968899,100,,Aggregated,0.400000,0.200000,58,110,130,140,210,490,2200,4700,6800,6800,6800,382,38,58,211.66354947543948,36.34190000593662,6812.820599996485,90.05235602094241
1777968900,100,,Aggregated,0.400000,0.200000,58,110,130,140,210,490,2200,4700,6800,6800,6800,382,38,58,211.66354947543948,36.34190000593662,6812.820599996485,90.05235602094241
1777968901,100,,Aggregated,0.400000,0.200000,58,110,130,140,210,490,2200,4700,6800,6800,6800,382,38,58,211.66354947543948,36.34190000593662,6812.820599996485,90.05235602094241
1777968902,100,,Aggregated,0.400000,0.200000,58,110,130,140,210,490,2200,4700,6800,6800,6800,382,38,58,211.66354947543948,36.34190000593662,6812.820599996485,90.05235602094241
1777968903,100,,Aggregated,0.400000,0.200000,58,110,130,140,210,490,2200,4700,6800,6800,6800,382,38,58,211.66354947543948,36.34190000593662,6812.820599996485,90.05235602094241
1777968904,100,,Aggregated,0.500000,0.300000,58,110,130,140,210,490,2200,4700,6800,6800,6800,383,38,58,211.2668187979988,36.34190000593662,6812.820599996485,89.81723237597912
1777968905,100,,Aggregated,0.500000,0.300000,59,110,130,140,210,490,2200,4700,6800,6800,6800,384,38,58,210.98708749900652,36.34190000593662,6812.820599996485,89.58333333333333
1777968906,100,,Aggregated,0.500000,0.300000,59,110,130,140,210,490,2200,4700,6800,6800,6800,384,38,58,210.98708749900652,36.34190000593662,6812.820599996485,89.58333333333333
1777968907,100,,Aggregated,0.500000,0.300000,59,110,130,140,210,490,2200,4700,6800,6800,6800,384,38,58,210.98708749900652,36.34190000593662,6812.820599996485,89.58333333333333
1777968908,100,,Aggregated,0.500000,0.300000,58,110,130,140,210,490,2200,4700,6800,6800,6800,385,38,58,210.56177454445717,36.34190000593662,6812.820599996485,89.35064935064935
1777968909,100,,Aggregated,0.500000,0.300000,58,110,130,140,210,490,2200,4700,6800,6800,6800,385,38,58,210.56177454445717,36.34190000593662,6812.820599996485,89.35064935064935
1777968910,100,,Aggregated,0.300000,0.000000,58,110,130,140,210,490,2200,4700,6800,6800,6800,387,39,58,209.8791219628126,36.34190000593662,6812.820599996485,88.88888888888889
1777968911,100,,Aggregated,0.300000,0.000000,58,110,130,140,210,490,2200,4700,6800,6800,6800,388,39,58,209.48240412270155,36.34190000593662,6812.820599996485,88.65979381443299
1777968912,100,,Aggregated,0.300000,0.000000,58,110,130,140,210,490,2200,4700,6800,6800,6800,388,39,58,209.48240412270155,36.34190000593662,6812.820599996485,88.65979381443299
1777968913,100,,Aggregated,0.500000,0.100000,58,100,130,140,210,490,2200,4700,6800,6800,6800,389,39,58,209.09039074450894,36.34190000593662,6812.820599996485,88.4318766066838
1777968914,100,,Aggregated,0.500000,0.100000,58,100,130,140,210,490,2200,4700,6800,6800,6800,389,39,58,209.09039074450894,36.34190000593662,6812.820599996485,88.4318766066838
1777968915,100,,Aggregated,0.500000,0.100000,58,100,130,140,210,490,2200,4700,6800,6800,6800,389,39,58,209.09039074450894,36.34190000593662,6812.820599996485,88.4318766066838
1777968916,100,,Aggregated,0.500000,0.100000,58,100,130,140,210,490,2200,4700,6800,6800,6800,389,39,58,209.09039074450894,36.34190000593662,6812.820599996485,88.4318766066838
1777968917,100,,Aggregated,0.600000,0.100000,58,100,130,140,210,490,2200,4700,6800,6800,6800,391,39,58,208.32803631622684,36.34190000593662,6812.820599996485,87.97953964194373
1777968918,100,,Aggregated,0.600000,0.100000,58,100,130,140,210,490,2200,4700,6800,6800,6800,391,39,58,208.32803631622684,36.34190000593662,6812.820599996485,87.97953964194373
1777968919,100,,Aggregated,0.600000,0.100000,58,100,130,140,210,490,2200,4700,6800,6800,6800,391,39,58,208.32803631622684,36.34190000593662,6812.820599996485,87.97953964194373
1777968920,100,,Aggregated,0.600000,0.100000,58,100,130,140,210,490,2200,4700,6800,6800,6800,392,39,58,207.92463749907887,36.34190000593662,6812.820599996485,87.75510204081633
1777968921,100,,Aggregated,0.600000,0.100000,58,100,130,140,210,490,2200,4700,6800,6800,6800,393,39,58,207.5179155207116,36.34190000593662,6812.820599996485,87.53180661577608
1777968922,100,,Aggregated,0.600000,0.100000,58,100,130,140,210,490,2200,4700,6800,6800,6800,395,40,58,206.93943746737204,36.34190000593662,6812.820599996485,87.0886075949367
1777968923,100,,Aggregated,0.600000,0.000000,58,100,130,140,210,490,2200,4700,6800,6800,6800,396,40,58,206.63191313029859,36.34190000593662,6812.820599996485,86.86868686868686
1777968924,100,,Aggregated,0.600000,0.000000,58,100,130,140,210,490,2200,4700,6800,6800,6800,396,40,58,206.63191313029859,36.34190000593662,6812.820599996485,86.86868686868686
1777968925,100,,Aggregated,0.800000,0.100000,58,100,130,140,210,520,2200,4700,6800,6800,6800,397,40,58,207.5463188906706,36.34190000593662,6812.820599996485,86.64987405541562
1777968926,100,,Aggregated,0.800000,0.100000,58,100,130,140,210,520,2200,4700,6800,6800,6800,397,40,58,207.5463188906706,36.34190000593662,6812.820599996485,86.64987405541562
1777968927,100,,Aggregated,0.800000,0.100000,58,100,130,140,210,520,2200,4700,6800,6800,6800,397,40,58,207.5463188906706,36.34190000593662,6812.820599996485,86.64987405541562
1777968928,100,,Aggregated,0.800000,0.100000,58,100,130,140,210,520,2200,4700,6800,6800,6800,397,40,58,207.5463188906706,36.34190000593662,6812.820599996485,86.64987405541562
1777968929,100,,Aggregated,0.800000,0.100000,58,100,130,140,210,520,2200,4700,6800,6800,6800,397,40,58,207.5463188906706,36.34190000593662,6812.820599996485,86.64987405541562
1777968930,100,,Aggregated,0.800000,0.100000,58,100,130,140,210,520,2200,4700,6800,6800,6800,397,40,58,207.5463188906706,36.34190000593662,6812.820599996485,86.64987405541562
1777968931,100,,Aggregated,0.800000,0.100000,58,100,130,140,210,520,2200,4700,6800,6800,6800,397,40,58,207.5463188906706,36.34190000593662,6812.820599996485,86.64987405541562
1777968932,100,,Aggregated,0.800000,0.100000,58,100,130,140,210,520,2200,4700,6800,6800,6800,397,40,58,207.5463188906706,36.34190000593662,6812.820599996485,86.64987405541562
1777968933,100,,Aggregated,0.800000,0.100000,58,100,130,140,210,520,2200,4700,6800,6800,6800,397,40,58,207.5463188906706,36.34190000593662,6812.820599996485,86.64987405541562
1777968934,100,,Aggregated,0.800000,0.100000,58,100,130,140,210,520,2200,4700,6800,6800,6800,397,40,58,207.5463188906706,36.34190000593662,6812.820599996485,86.64987405541562
1777968935,100,,Aggregated,0.800000,0.100000,58,100,130,140,210,520,2200,4700,6800,6800,6800,397,40,58,207.5463188906706,36.34190000593662,6812.820599996485,86.64987405541562
1777968936,100,,Aggregated,0.800000,0.100000,58,100,130,140,210,520,2200,4700,6800,6800,6800,397,40,58,207.5463188906706,36.34190000593662,6812.820599996485,86.64987405541562
1777968937,100,,Aggregated,0.800000,0.100000,58,100,130,140,210,520,2200,4700,6800,6800,6800,397,40,58,207.5463188906706,36.34190000593662,6812.820599996485,86.64987405541562
1777968938,100,,Aggregated,0.800000,0.100000,58,100,130,140,210,520,2200,4700,6800,6800,6800,397,40,58,207.5463188906706,36.34190000593662,6812.820599996485,86.64987405541562
1777968939,100,,Aggregated,0.800000,0.100000,58,100,130,140,210,520,2200,4700,6800,6800,6800,397,40,58,207.5463188906706,36.34190000593662,6812.820599996485,86.64987405541562
1777968940,100,,Aggregated,0.000000,0.000000,58,100,130,140,210,520,2200,4700,6800,6800,6800,398,40,58,207.1630246220648,36.34190000593662,6812.820599996485,86.4321608040201
1777968941,100,,Aggregated,0.000000,0.000000,58,100,130,140,210,520,2200,4700,6800,6800,6800,398,40,58,207.1630246220648,36.34190000593662,6812.820599996485,86.4321608040201
1777968942,100,,Aggregated,0.000000,0.000000,58,100,130,140,210,520,2200,4700,6800,6800,6800,398,40,58,207.1630246220648,36.34190000593662,6812.820599996485,86.4321608040201
1777968943,100,,Aggregated,0.000000,0.000000,58,100,130,140,210,520,2200,4700,6800,6800,6800,398,40,58,207.1630246220648,36.34190000593662,6812.820599996485,86.4321608040201
1777968944,100,,Aggregated,0.000000,0.000000,58,100,130,140,210,520,2200,4700,6800,6800,6800,398,40,58,207.1630246220648,36.34190000593662,6812.820599996485,86.4321608040201
1777968945,100,,Aggregated,0.100000,0.000000,58,100,130,140,210,520,2200,4700,6800,6800,6800,399,40,58,206.9049849613152,36.34190000593662,6812.820599996485,86.2155388471178
1777968946,100,,Aggregated,0.100000,0.000000,58,100,130,140,210,520,2200,4700,6800,6800,6800,399,40,58,206.9049849613152,36.34190000593662,6812.820599996485,86.2155388471178
1777968947,100,,Aggregated,0.100000,0.000000,58,100,130,140,210,520,2200,4700,6800,6800,6800,399,40,58,206.9049849613152,36.34190000593662,6812.820599996485,86.2155388471178
1777968948,100,,Aggregated,0.100000,0.000000,58,100,130,140,210,520,2200,4700,6800,6800,6800,399,40,58,206.9049849613152,36.34190000593662,6812.820599996485,86.2155388471178
1777968949,100,,Aggregated,0.100000,0.000000,58,100,130,140,210,520,2200,4700,6800,6800,6800,399,40,58,206.9049849613152,36.34190000593662,6812.820599996485,86.2155388471178
1777968950,100,,Aggregated,0.100000,0.000000,58,100,130,140,210,520,2200,4700,6800,6800,6800,399,40,58,206.9049849613152,36.34190000593662,6812.820599996485,86.2155388471178
1777968951,100,,Aggregated,0.100000,0.000000,58,100,130,140,210,520,2200,4700,6800,6800,6800,399,40,58,206.9049849613152,36.34190000593662,6812.820599996485,86.2155388471178
1777968952,100,,Aggregated,0.100000,0.000000,58,100,130,140,210,520,2200,4700,6800,6800,6800,399,40,58,206.9049849613152,36.34190000593662,6812.820599996485,86.2155388471178
1777968953,100,,Aggregated,0.100000,0.000000,58,100,130,140,210,520,2200,4700,6800,6800,6800,400,41,58,206.4986992489139,36.34190000593662,6812.820599996485,86.0
1777968954,100,,Aggregated,0.100000,0.000000,58,100,130,140,210,520,2200,4700,6800,6800,6800,400,41,58,206.4986992489139,36.34190000593662,6812.820599996485,86.0
1777968955,100,,Aggregated,0.100000,0.000000,58,100,130,140,210,520,2200,4700,6800,6800,6800,400,41,58,206.4986992489139,36.34190000593662,6812.820599996485,86.0
1777968956,100,,Aggregated,0.100000,0.000000,58,100,130,140,210,520,2200,4700,6800,6800,6800,400,41,58,206.4986992489139,36.34190000593662,6812.820599996485,86.0
1777968957,100,,Aggregated,0.200000,0.100000,58,100,130,140,210,490,2000,4200,6800,6800,6800,401,41,58,206.0921154602749,36.34190000593662,6812.820599996485,85.785536159601
1777968959,100,,Aggregated,0.100000,0.100000,59,100,130,140,210,490,2000,4200,6800,6800,6800,404,41,58,205.54399554348853,36.34190000593662,6812.820599996485,85.14851485148515
1777968960,100,,Aggregated,0.100000,0.100000,59,100,130,140,210,490,2000,4200,6800,6800,6800,404,41,58,205.54399554348853,36.34190000593662,6812.820599996485,85.14851485148515
