timestamp,concurrent_users,test_type,question_category,question,answer,response_time_ms,ttff_ms,status_code,status
2026-05-04T17:50:51.239933,12,load,Direct,What is the process to revise or correct a Manufacturing Cost Statement that has already been submitted?,,9792.08,3754.16,200,Error - Empty Response
2026-05-04T17:51:29.705633,50,load,Indirect,"We import cotton fabric (HS 5208) from India into Singapore, dye and cut it here, then export garments to the EU. How do we determine origin under RCEP and EU-Singapore FTA, and what documentation do ","Thank you for your enquiry regarding the origin determination and documentation requirements for your cotton fabric processing and garment export scenario.

To provide you with accurate guidance on origin determination under RCEP and the EU-Singapore FTA, I need some additional information:

## Missing Required Information:

1. **Specific EU destination country**: You mentioned ""EU"" as the destination. Could you please specify which EU member state you are exporting to? (e.g., Germany, France, N",40925.8,10997.19,200,Success
2026-05-04T17:52:27.054371,107,load,Direct,How do I calculate RVC for a plastic household item under ATIGA and document it for possible verification?,"I apologize, but I encountered technical difficulties accessing our primary knowledge base and glossary systems to retrieve the specific ATIGA RVC calculation formulas and documentation requirements for your plastic household item.

However, based on the limited information I was able to retrieve before the connection issues, I can provide you with some initial guidance:

## What I Found

### Proof of Origin Under ATIGA
According to the ATIGA Operational Certification Procedure, proof of origin ",88475.48,10042.24,200,Success
2026-05-04T17:52:34.687760,115,load,Indirect,"For goods that qualify under both ATIGA and RCEP when exporting from Singapore to Thailand, how do we choose which FTA to use, and can we switch between them for different shipments of the same produc","## Choosing Between ATIGA and RCEP for Singapore to Thailand Exports

I attempted to retrieve specific guidance on selecting between multiple FTAs (ATIGA and RCEP) for your Singapore to Thailand exports, but encountered technical connectivity issues with the knowledge base systems.

### Current Analysis

Based on your scenario:
- **Export Route**: Singapore → Thailand
- **FTA Options**: Both ATIGA (ASEAN Trade in Goods Agreement) and RCEP (Regional Comprehensive Economic Partnership)
- **Questio",91025.11,10037.19,200,Success
2026-05-04T17:52:52.127812,132,load,Indirect,We import Korean cosmetics (HS 3304) under RCEP into Singapore and re-export to Japan with no further processing. Can we apply for a back-to-back RCEP certificate?,"## Can You Apply for a Back-to-Back RCEP Certificate?

**Yes, you can apply for a back-to-back RCEP certificate** for your scenario of importing Korean cosmetics (HS 3304) into Singapore and re-exporting to Japan with no further processing.

### Your Scenario Meets RCEP Requirements

Based on your provided information:
- **HS Code**: 3304 (Cosmetics)
- **Movement**: South Korea → Singapore → Japan
- **Processing in Singapore**: No further processing
- **FTA Coverage**: South Korea, Singapore, an",127661.48,3549.36,200,Success
2026-05-04T17:53:03.951133,144,load,Indirect,"We ship from Singapore to multiple ASEAN countries (Indonesia, Philippines, Vietnam) under ATIGA. Do we need one PCO per destination or one for the whole order, and what are the declaration requiremen","# ATIGA PCO Requirements for Multi-Destination Shipments

## Current Analysis

Based on the available information in the current context, I can provide the following guidance regarding your ATIGA shipment scenario:

### Your Scenario
- **Origin:** Singapore
- **Destinations:** Indonesia, Philippines, Vietnam (all ASEAN member states)
- **FTA:** ATIGA (ASEAN Trade in Goods Agreement)
- **Question:** One PCO per destination or one for the whole order?

---

## Key Findings from Available Informati",133455.61,7463.5,200,Success
2026-05-04T17:53:12.768314,152,load,Indirect,"We import raw cocoa (HS 1801) from Ghana, process it into chocolate (HS 1806) in Singapore, and export to Japan. How do we prove substantial transformation and claim preference under RCEP?","# Analysis: RCEP Preference Claim for Chocolate Exports from Singapore to Japan

## Critical Finding: Ghana is NOT an RCEP Member

Based on my verification using the FTA membership checking tool, **Ghana, Singapore, and Japan are NOT all parties to RCEP**. 

- ✅ **Singapore** is an RCEP member (ASEAN member state)
- ✅ **Japan** is an RCEP member
- ❌ **Ghana** is NOT an RCEP member

The three countries only share membership in **MFN (Most Favoured Nation)** rates, which are standard WTO rates app",147320.32,4294.05,200,Success
2026-05-04T17:53:21.575974,161,load,Indirect,"Our goods qualify under both RCEP and ATIGA for export to Thailand. Which agreement should we use for the PCO, and does it affect how we complete the origin declaration?","## Choosing Between RCEP and ATIGA for Exports to Thailand

When your goods qualify under both RCEP and ATIGA for export to Thailand, **you have the flexibility to choose which agreement to use** for claiming preferential treatment. The choice of FTA is typically made by the exporter based on which agreement offers the most favorable terms for your specific goods.

### Key Considerations for Choosing an FTA:

1. **Compare Tariff Rates**: Check which agreement offers lower duty rates for your spe",149057.04,7370.5,200,Success
2026-05-04T17:53:27.771495,167,load,Indirect,"We have a back-to-back PCO under RCEP for goods from Japan. The buyer in Indonesia wants to split the shipment into two consignments over two months. Is the original PCO still valid, and what do we ne","## Your Query
You are asking about splitting a shipment under a back-to-back PCO under RCEP, with goods originating from **Japan**, transiting through **Singapore**, and destined for **Indonesia**. Specifically, you want to know if the original PCO remains valid and what is required for the second shipment.

---

## Current Status

I attempted to retrieve the specific RCEP legal provisions regarding back-to-back PCO requirements for split or partial shipments, but encountered technical difficult",148068.06,10047.84,200,Success
2026-05-04T17:53:35.852038,175,load,Indirect,We import fresh mangoes (HS 0804.50) from Indonesia into Singapore and plan to re-export them to the Philippines. Can we request a back-to-back PCO under ATIGA?,"# Back-to-Back PCO Eligibility Assessment for Fresh Mangoes under ATIGA

## Your Query
You are importing fresh mangoes (HS 0804.50) from Indonesia into Singapore and plan to re-export them to the Philippines, and you wish to know if you can request a back-to-back PCO under ATIGA.

---

## Current Analysis

Based on the information retrieved, I have completed the following verification steps:

### ✓ Step 1: FTA Membership Verification
**All three countries are parties to ATIGA** ✓

Indonesia, Sin",164354.7,9827.58,200,Success
2026-05-04T17:53:41.425434,181,load,Indirect,"We export organic fertiliser (HS 3101) from Singapore to New Zealand. Under CPTPP, what are the rules of origin and any product-specific requirements we must meet?","# CPTPP Rules of Origin for Organic Fertiliser (HS 3101)
**Export Route:** Singapore → New Zealand

---

## Rules of Origin Under CPTPP

Based on the official tariff and Rules of Origin data retrieved from **Mendel** (using HS Code: 3101, Origin: Singapore, Destination: New Zealand), the following Rules of Origin apply to your organic fertiliser exports under CPTPP:

### Primary Rule of Origin

**Change in Tariff Classification (CTC) Rule:**
- **A change to a good of heading 31.01 from any other",171842.43,10048.94,200,Success
2026-05-04T17:53:41.535800,181,load,Indirect,I want to import semiconductor integrated circuits from South Korea to Singapore and intend to re-export them to Vietnam. The HS code is 8542.31. Am I eligible for any FTAs?,"# FTA Eligibility Analysis for Semiconductor Integrated Circuits

## Your Trade Scenario

**Product**: Semiconductor integrated circuits  
**HS Code**: 8542.31  
**Movement**: South Korea → Singapore → Vietnam  
**Country of Origin**: South Korea  
**Final Destination**: Vietnam

---

## Tariff Information

Based on **Mendel** data for imports from South Korea to Vietnam:

| Tariff Type | Rate | Notes |
|-------------|------|-------|
| **MFN (Most Favoured Nation)** | **Free (0%)** | No customs ",166994.81,7746.76,200,Success
2026-05-04T17:53:46.030724,185,load,Direct,Where can I find the rules of origin for my product under the Singapore-Australia FTA?,"Based on the information retrieved from the CFOTI Knowledge Base, here's where you can find the rules of origin for your product under the Singapore-Australia FTA (SAFTA):

## Official Resources for SAFTA Rules of Origin

### 1. **Legal Text of the Agreement**
The rules of origin for SAFTA are documented in the official legal text of the Singapore-Australia Free Trade Agreement. According to the guidance provided, you should:

- **Refer to the legal text of the Singapore-Australia FTA** to deter",161321.61,10055.89,200,Success
2026-05-04T17:53:49.510515,189,load,Indirect,"We import cotton fabric (HS 5208) from India into Singapore, dye and cut it here, then export garments to the EU. How do we determine origin under RCEP and EU-Singapore FTA, and what documentation do ","# Analysis of Origin Determination and Documentation Requirements

## Current Status

I have begun analyzing your multi-leg trade scenario involving cotton fabric imports from India to Singapore, processing in Singapore, and garment exports to the EU. However, I encountered technical limitations in retrieving complete information from the knowledge base systems.

---

## What Has Been Completed

### ✓ Initial Assessment
- **Trade Flow Identified**: India (cotton fabric HS 5208) → Singapore (dyei",183059.32,8111.59,200,Success
2026-05-04T17:53:50.533374,190,load,Indirect,We import Korean cosmetics (HS 3304) under RCEP into Singapore and re-export to Japan with no further processing. Can we apply for a back-to-back RCEP certificate?,"## Can You Apply for a Back-to-Back RCEP Certificate?

**Yes, you can apply for a back-to-back RCEP certificate** for your scenario of importing Korean cosmetics (HS 3304) into Singapore and re-exporting to Japan with no further processing.

### Requirements Met

Based on **RCEP Article 3.19: Back-to-Back Proof of Origin** (CFOTI Knowledge Base), your situation meets the key requirements:

✅ **All countries are RCEP members**: South Korea, Singapore, and Japan are all parties to the Regional Com",169881.15,10037.6,200,Success
2026-05-04T17:53:51.750742,191,load,Indirect,Can we ship goods directly from China to Indonesia with a Singapore invoice and still claim ACFTA preference?,"Based on the information retrieved from the CFOTI Knowledge Base, I can address both of your questions:

---

## Question 1: Process to Revise or Correct a Manufacturing Cost Statement (MCS) That Has Already Been Submitted

**Important: MCS forms cannot be edited or amended after submission.**

According to the CFOTI Knowledge Base guidelines on MCS Resubmission:

**There can be no changes made to an MCS form after it has been submitted. Instead, the entire form needs to be resubmitted.**

### K",177309.67,4004.44,200,Success
2026-05-04T17:53:54.331826,193,load,Indirect,Can we ship goods directly from China to Indonesia with a Singapore invoice and still claim ACFTA preference?,"## Analysis of Your Question

You are asking whether goods can be shipped **directly from China to Indonesia** while using a **Singapore invoice**, and still claim preferential tariff rates under **ACFTA (ASEAN-China Free Trade Agreement)**.

## Current Status

Unfortunately, I encountered technical difficulties while attempting to retrieve the specific information from our knowledge base regarding:
- ACFTA third-country invoicing provisions
- Certificate of Origin requirements for this scenario",151482.67,10035.38,200,Success
2026-05-04T17:54:00.077615,199,load,Direct,"Can a non-preferential Certificate of Origin be issued after shipment, and what evidence is required?","## Can a non-preferential Certificate of Origin be issued after shipment, and what evidence is required?

Based on the information retrieved from the **CFOTI Knowledge Base**, I found specific guidance on **preferential** Certificates of Origin being issued retroactively, but limited information specifically addressing **non-preferential (Ordinary) Certificate of Origin** retroactive issuance procedures.

### What I Found:

#### For Preferential Certificates of Origin (from various FTAs):

Sever",178449.14,10163.5,200,Success
2026-05-04T17:54:06.126472,205,load,Indirect,"If our PCO application is rejected by Singapore Customs due to insufficient supporting documents, what can we do to rectify and reapply, and how long does the appeal or correction process take?","# PCO Application Rejection: Rectification and Reapplication Process

Based on the available information from Singapore Customs procedures, here is what you need to know about handling a rejected PCO application:

## Understanding the Application Requirements

According to the **CFOTI Knowledge Base**, when submitting a PCO application:

> ""When submitting the application, please note that you are required to furnish all supporting documents as listed out in Section E of the application. **Failu",190595.53,6756.58,200,Success
2026-05-04T17:54:07.104767,206,load,Direct,Which FTA gives the best tariff for exporting solar panels (HS 8541.40) from Singapore to Japan?,"## Analysis of FTA Options for Exporting Solar Panels (HS 8541.40) from Singapore to Japan

Based on the information retrieved, I have identified **three Free Trade Agreements (FTAs)** available between Singapore and Japan for exporting solar panels classified under HS code 8541.40:

### Available FTAs:

1. **AJCEP (ASEAN-Japan Comprehensive Economic Partnership)**
2. **CPTPP (Comprehensive and Progressive Agreement for Trans-Pacific Partnership)**
3. **JSEPA (Japan-Singapore Economic Partnershi",206657.09,3429.71,200,Success
2026-05-04T17:54:08.040672,207,load,Direct,What is Singapore Customs' approach to border controls against counterfeit goods?,"I apologize, but I encountered technical difficulties while attempting to retrieve information about Singapore Customs' approach to border controls against counterfeit goods. Both the CFOTI Knowledge Base and glossary systems experienced connection timeouts and were unable to provide the necessary information.

## What has been attempted:

- ✅ Initiated search in CFOTI Knowledge Base for Singapore Customs border control procedures against counterfeit goods
- ✅ Attempted to retrieve glossary guid",161186.65,10037.54,200,Success
2026-05-04T17:54:09.670989,209,load,Indirect,"If we import under ASEAN-China FTA and re-export to Japan under RCEP with minimal repackaging in Singapore, can we use a back-to-back certificate, and what are the conditions and time limits?","Thank you for your enquiry about back-to-back certificate of origin eligibility for your trade scenario involving China, Singapore, and Japan.

To provide you with accurate guidance on whether you can use a back-to-back certificate under RCEP and the specific conditions and time limits, I need some additional information:

### Required Information:

**HS Code** (Required) - Please provide the 6-digit or more specific HS code for your product. This is essential for:
- Verifying tariff information",160808.44,10088.02,200,Success
2026-05-04T17:54:11.318728,210,load,Indirect,"Our company sources components from China, Thailand, and Malaysia and assembles electronic switches (HS 8536.50) in Singapore for export to Australia. Can we claim Singapore origin under AANZFTA, and ","# Analysis: Claiming Singapore Origin under AANZFTA for Electronic Switches (HS 8536.50)

## Your Scenario
- **Product**: Electronic switches (HS 8536.50)
- **Assembly location**: Singapore
- **Component sources**: China, Thailand, Malaysia
- **Export destination**: Australia
- **FTA in question**: AANZFTA

---

## 1. Can You Claim Singapore Origin under AANZFTA?

**Yes, you can potentially claim Singapore origin under AANZFTA**, provided you meet one of the following Rules of Origin criteria:

",194768.86,8077.23,200,Success
2026-05-04T17:54:16.173743,215,load,Indirect,"We are considering moving some production from China to Singapore to benefit from FTAs. For electronics (HS 8517), what origin criteria apply under RCEP and CPTPP, and what percentage of value must be","## Analysis of Origin Criteria for HS 8517 Electronics under RCEP and CPTPP

Based on the information retrieved, I can provide you with the following analysis:

### HS Code 8517 Classification
**HS 8517** covers: *Telephone sets, including smartphones and other telephones for cellular networks or for other wireless networks; other apparatus for the transmission or reception of voice, images or other data, including apparatus for communication in a wired or wireless network (such as a local or wi",170315.12,10047.51,200,Success
2026-05-04T17:54:16.809341,216,load,Indirect,"We are considering moving some production from China to Singapore to benefit from FTAs. For electronics (HS 8517), what origin criteria apply under RCEP and CPTPP, and what percentage of value must be","Based on the information retrieved from the CFOTI Knowledge Base, here is what I found regarding origin criteria for electronics (HS 8517) under RCEP and CPTPP:

## HS Code 8517 Description
**Telephone sets, including smartphones and other telephones for cellular networks or for other wireless networks; other apparatus for the transmission or reception of voice, images or other data, including apparatus for communication in a wired or wireless network (such as a local or wide area network)**

--",209338.3,4133.8,200,Success
2026-05-04T17:54:17.262829,216,load,Direct,What is the authoritative source for eligibility criteria and certifications for foreign suppliers in Singapore government procurement under specified agreements?,"I am unable to retrieve sufficient information regarding this subject matter. For further guidance, please click on the 'Email' button on the bottom right corner of the screen to arrange for a call or a one-to-one advisory session. Our specialists can offer tailored insights based on your product and trade needs, and help you address any related queries or challenges.",129044.95,10057.56,200,Success
2026-05-04T17:54:26.301305,225,load,Indirect,I import meat with HS code 0201.30.01 from Australia to Singapore and re-export to Japan. Am I eligible for preferential tariffs?,"# Back-to-Back Preferential Certificate of Origin (B2B PCO) Eligibility Analysis

## Your Trade Scenario
- **HS Code:** 0201.30.01 (Meat product)
- **Movement:** Australia → Singapore → Japan
- **Question:** Eligibility for preferential tariffs through B2B PCO

---

## Tariff Information for Australia to Japan

*Source: Mendel (HS Code: 0201.30.01, Origin: Australia, Destination: Japan)*

| Tariff Type | Rate | Description |
|-------------|------|-------------|
| **MFN Rate** | 38.5% | Most Favo",223865.97,4254.98,200,Success
2026-05-04T17:54:34.754451,234,load,Direct,"When forming a Japan–Singapore joint-venture apparel retailer, which FTAs, domestic laws, and compliance obligations need to be taken into account?","I am unable to retrieve sufficient information regarding this subject matter. For further guidance, please click on the 'Email' button on the bottom right corner of the screen to arrange for a call or a one-to-one advisory session. Our specialists can offer tailored insights based on your product and trade needs, and help you address any related queries or challenges.",140127.53,10042.27,200,Success
2026-05-04T17:54:37.987245,237,load,Direct,I have an energy product with HS code 2710.12.15.10 that is made in Canada and to be exported to the US. My goods do not meet the rules of origin under the USMCA. What is the tariff?,"# Tariff Information for HS Code 2710.12.15.10: Canada to United States

## Your Query
- **HS Code:** 2710.12.15.10 (Energy product)
- **Country of Origin:** Canada
- **Country of Destination:** United States
- **USMCA Qualification:** Goods do NOT meet rules of origin under USMCA

---

## Applicable Tariff Rate

Since your goods **do not meet the rules of origin requirements under USMCA**, the **MFN (Most Favoured Nation) rate** will apply:

### **Customs Duty**
- **MFN Rate:** **0.525 USD per ",209330.53,10047.87,200,Success
2026-05-04T17:54:39.976090,239,load,Indirect,"If our PCO application is rejected by Singapore Customs due to insufficient supporting documents, what can we do to rectify and reapply, and how long does the appeal or correction process take?","### PCO Application Rejection - Rectification and Reapplication Process

I understand you're seeking guidance on how to rectify and reapply for a PCO (Preferential Certificate of Origin) application that has been rejected by Singapore Customs due to insufficient supporting documents, as well as information about the timeline for this process.

Unfortunately, I was unable to retrieve the specific procedural information from our internal knowledge sources due to technical connectivity issues. This",207248.34,10046.28,200,Success
2026-05-04T17:54:43.001914,242,load,Indirect,"For shipments from Singapore to Australia with goods sourced from Japan and Korea, what are the steps to claim AANZFTA or RCEP preferences?","# Claiming AANZFTA or RCEP Preferences for Singapore to Australia Shipments with Materials from Japan and Korea

## Trade Scenario Summary
- **Exporting Country**: Singapore
- **Importing Country**: Australia  
- **Material Sources**: Japan and South Korea
- **FTAs in Question**: AANZFTA and RCEP

---

## Critical Finding: FTA Membership Analysis

Based on the FTA membership verification, here is the eligibility status for accumulation:

| FTA | Singapore | Australia | Japan | South Korea | Accu",225446.21,15948.65,200,Success
2026-05-04T17:54:43.708710,242,load,Indirect,"If I import products from South Korea into Singapore, store them in Singapore, and then export them to Vietnam. Is there any FTA I can use to obtain duty savings on import into Vietnam?","Thank you for your enquiry regarding the potential use of Free Trade Agreements (FTAs) for duty savings when importing products from South Korea into Vietnam via Singapore.

To provide you with accurate guidance on Back-to-Back Preferential Certificate of Origin (B2B PCO) eligibility and applicable FTAs, I need additional information:

### Required Information:
- **HS Code**: Please provide the HS code for your product. This is essential for determining tariff rates, applicable FTAs, and eligibi",185795.52,10040.76,200,Success
2026-05-04T17:54:43.710025,242,load,Indirect,"For shipments from Singapore to Australia with goods sourced from Japan and Korea, what are the steps to claim AANZFTA or RCEP preferences?","# Steps to Claim AANZFTA or RCEP Preferences for Shipments from Singapore to Australia

**Trade Scenario**: Exporting goods from Singapore to Australia, using materials sourced from Japan and South Korea

---

## Important Distinction: FTA Membership and Cumulation Eligibility

### FTA Membership Status
*Source: Mendel FTA membership verification*

| Country | RCEP Member | AANZFTA Member |
|---------|-------------|----------------|
| Singapore | ✓ Yes | ✓ Yes |
| Australia | ✓ Yes | ✓ Yes |
| J",243916.2,4657.51,200,Success
2026-05-04T17:54:53.482442,252,load,Indirect,"Under which FTAs, if any, can India-origin goods use a back-to-back mechanism via Singapore?","## Back-to-Back Mechanism for India-Origin Goods via Singapore

I apologize, but I encountered technical difficulties while attempting to retrieve information about back-to-back mechanisms for India-origin goods via Singapore. The knowledge base and glossary tools experienced connection timeouts during the search process.

### What I Attempted to Retrieve:
- ✓ Identified the query parameters (India as origin, Singapore as intermediate country)
- ✗ Guidelines on back-to-back mechanisms from the g",199591.88,10040.24,200,Success
2026-05-04T17:54:56.781994,255,load,Indirect,"Our goods qualify under both RCEP and ATIGA for export to Thailand. Which agreement should we use for the PCO, and does it affect how we complete the origin declaration?","I apologize, but I encountered technical difficulties while attempting to retrieve information from our knowledge base systems regarding your question about choosing between RCEP and ATIGA for your Preferential Certificate of Origin (PCO) when exporting to Thailand.

## Current Status

I attempted to gather information on:
- ✅ Understanding your question about PCO selection between RCEP and ATIGA for Thailand exports
- ❌ Retrieving glossary guidance on PCO procedures (connection timeout)
- ❌ Acc",201856.04,10040.02,200,Success
2026-05-04T17:55:02.349652,261,load,Direct,I have an energy product with HS code 2710.12.15.10 that is made in Canada and to be exported to the US. My goods do not meet the rules of origin under the USMCA. What is the tariff?,"## Tariff Information for HS Code 2710.12.15.10 (Canada to United States)

Based on the information retrieved from **Mendel**, since your energy product **does not meet the USMCA rules of origin**, the applicable tariff rate is:

### **MFN (Most Favoured Nation) Rate: 0.525 USD per barrel (US)**

This is the standard customs tariff rate that applies to imports from Canada when goods do not qualify for preferential treatment under the USMCA.

---

## Additional Fees and Charges

In addition to th",227449.54,10046.75,200,Success
2026-05-04T17:55:04.302618,263,load,Indirect,"We assemble vacuum cleaners (HS Code 8508.19.10) in Singapore from Chinese parts and export to Indonesia. Does simple assembly confer Singapore origin, or should we apply for a back-to-back PCO instea","# Analysis: Simple Assembly vs. Back-to-Back PCO for Vacuum Cleaners (HS 8508.19.10)

## Your Situation Summary

**Trade Route:** China → Singapore (assembly) → Indonesia  
**HS Code:** 8508.19.10 (Vacuum cleaners)  
**Processing in Singapore:** Simple assembly of Chinese parts  
**Question:** Does simple assembly confer Singapore origin, or should you apply for back-to-back PCO?

---

## Tariff Information: China to Indonesia

Based on the information retrieved from **Mendel** for HS Code 8508.",250780.21,10037.8,200,Success
2026-05-04T17:55:07.793031,266,load,Indirect,"We import headphones (HS 8518.30.10) from China and sell to Vietnam. Can CPTPP preferences ever apply, and what proof would be required?","## Can CPTPP Preferences Apply to Your Scenario?

Based on your trade scenario where you import headphones (HS 8518.30.10) from **China** and then sell/export them to **Vietnam**, I need to provide you with a critical clarification:

### Key Issue: China is NOT a CPTPP Member

**China is not a member of the Comprehensive and Progressive Agreement for Trans-Pacific Partnership (CPTPP).** Therefore, headphones originating from China cannot qualify for CPTPP preferential tariff treatment when expor",210890.1,10041.25,200,Success
2026-05-04T17:55:07.794102,266,load,Indirect,"We import headphones (HS 8518.30.10) from China and sell to Vietnam. Can CPTPP preferences ever apply, and what proof would be required?","## Can CPTPP Preferences Apply to Your Scenario?

Based on your trade scenario where you import headphones (HS 8518.30.10) from **China** and sell to **Vietnam**, I need to provide you with a critical clarification:

### Key Issue: China is NOT a CPTPP Member

**CPTPP (Comprehensive and Progressive Agreement for Trans-Pacific Partnership) preferences cannot apply to goods originating from China** because China is not a member of the CPTPP agreement.

### CPTPP Member Countries
The CPTPP members ",206799.98,10035.42,200,Success
2026-05-04T17:55:22.911691,281,load,Indirect,"We import headphones (HS 8518.30.10) from China and sell to Vietnam. Can CPTPP preferences ever apply, and what proof would be required?","## Can CPTPP Preferences Apply to Your Scenario?

Based on your trade scenario where you import headphones (HS 8518.30.10) from **China** and then export to **Vietnam**, I need to provide you with a critical clarification:

### Key Issue: China is NOT a CPTPP Member

**China is not a member of the CPTPP (Comprehensive and Progressive Agreement for Trans-Pacific Partnership).** Therefore, headphones originating from China cannot qualify for CPTPP preferential tariff rates when exported to Vietnam",215892.26,10040.47,200,Success
2026-05-04T17:55:25.187342,284,load,Indirect,"Our goods qualify under both RCEP and ATIGA for export to Thailand. Which agreement should we use for the PCO, and does it affect how we complete the origin declaration?","I apologize, but I encountered technical difficulties while attempting to retrieve information from our knowledge base systems regarding your question about choosing between RCEP and ATIGA for your Preferential Certificate of Origin (PCO) to Thailand.

## Your Question
You asked which Free Trade Agreement (RCEP vs ATIGA) you should use for the PCO when exporting goods to Thailand that qualify under both agreements, and whether this choice affects how you complete the origin declaration.

## Curr",220145.74,10049.15,200,Success
2026-05-04T17:55:25.189443,284,load,Indirect,"We consolidate shipments from multiple ASEAN countries in Singapore and then send them to Australia. Can we obtain a single certificate covering the whole consignment, or do we need separate origin do","I apologize, but I encountered technical difficulties while attempting to retrieve information from our knowledge base and glossary systems regarding your question about consolidating shipments from multiple ASEAN countries in Singapore for export to Australia.

## Your Question
You asked whether you can obtain a **single certificate of origin** covering a consolidated consignment from multiple ASEAN countries shipped via Singapore to Australia, or if you need **separate origin documentation** f",222129.08,10033.71,200,Success
2026-05-04T17:55:28.486650,287,load,Indirect,"Under which FTAs, if any, can India-origin goods use a back-to-back mechanism via Singapore?","## Back-to-Back Mechanism for India-Origin Goods via Singapore

I encountered technical difficulties while attempting to retrieve information from the knowledge base and FTA verification systems. However, I can provide you with the following analysis based on your query:

### Current Analysis

**Your Query Context:**
- **Country of Origin:** India
- **Intermediate Country:** Singapore
- **Mechanism:** Back-to-back (re-export with preferential treatment)

### What I Attempted to Verify:

1. ✅ **I",224478.86,10046.19,200,Success
2026-05-04T17:55:33.182423,291,load,Indirect,"We consolidate shipments from multiple ASEAN countries in Singapore and then send them to Australia. Can we obtain a single certificate covering the whole consignment, or do we need separate origin do","Thank you for your enquiry regarding consolidation of shipments from multiple ASEAN countries through Singapore to Australia.

---

## Current Analysis

Based on your scenario where you consolidate shipments from **multiple ASEAN countries** in **Singapore** and then send them to **Australia**, this involves a complex situation that may relate to:

1. **Back-to-Back Preferential Certificate of Origin (B2B PCO)** provisions
2. **Cumulation rules** under relevant Free Trade Agreements (particularl",251332.54,10044.37,200,Success
2026-05-04T17:55:44.467748,300,load,Indirect,"For machinery (HS 8479) assembled in Singapore from US and German parts, what are the rules of origin under the EU-Singapore FTA and UK-Singapore FTA, and how do we calculate and document RVC?",,301001.51,3204.84,200,Stream interrupted – chunked stream closed early (server/proxy/load)
2026-05-04T17:55:44.597812,300,load,Direct,I am exporting propulsion engines with HS code 8408.10.00.05 from Germany to the US. What tariffs apply?,"Based on the tariff information retrieved from **Mendel** for exporting propulsion engines with HS code **8408.10.00.05** from **Germany** to the **United States**, the following tariffs and fees apply:

## Applicable Duties and Tariffs

### 1. **Standard Import Duties**

| Duty Type | Rate | Applicable To | Conditions |
|-----------|------|---------------|------------|
| **MFN (Most Favoured Nation) Rate** | 2.5% of FOB | All countries not subject to General Rate (GEN) | Standard rate for WTO m",281969.45,10049.45,200,Success
2026-05-04T17:55:44.598616,300,load,Direct,I am exporting salmon with HS code 0303.11 from Norway to the US. What tariffs apply?,"# Tariffs for Salmon (HS Code 030311) from Norway to United States

## Summary

Based on the tariff information retrieved for **HS Code 030311** (salmon) exported from **Norway** to the **United States**, here are the applicable tariffs and fees:

---

## Duties and Tariffs

| Duty/Fee Type | Rate | Description |
|---------------|------|-------------|
| **MFN Rate** | **Free (0%)** | Most Favoured Nation rate - the standard customs duty is zero |
| **Universal Customs Duty (UCD)** | **10% of FOB",277964.93,30479.22,200,Success
2026-05-04T17:55:46.555880,300,load,Indirect,"We import headphones (HS 8518.30.10) from China and sell to Vietnam. Can CPTPP preferences ever apply, and what proof would be required?","## Can CPTPP Preferences Apply to Your Scenario?

Based on your trade scenario where you import headphones (HS 8518.30.10) from **China** and sell to **Vietnam**, I need to provide you with a critical analysis:

### Key Issue: China is NOT a CPTPP Member

**China is not a member of the CPTPP (Comprehensive and Progressive Agreement for Trans-Pacific Partnership).** This is the fundamental barrier to applying CPTPP preferences in your scenario.

### CPTPP Membership Status
The CPTPP members inclu",238546.81,10043.49,200,Success
2026-05-04T17:55:53.831340,300,load,Indirect,"Under which FTAs, if any, can India-origin goods use a back-to-back mechanism via Singapore?","## Back-to-Back Mechanism for India-Origin Goods via Singapore

I apologize, but I encountered technical difficulties while attempting to retrieve information from our knowledge base and FTA databases regarding back-to-back mechanisms for India-origin goods via Singapore.

### What I Attempted to Research:

**✓ Completed:**
- Identified your query: Which FTAs allow India-origin goods to use back-to-back mechanism via Singapore
- Attempted to retrieve glossary information on back-to-back mechanis",241776.07,10037.98,200,Success
2026-05-04T17:55:53.893768,300,load,Direct,What is SBF's role in trade documentation and FTA support for Singapore businesses?,,230728.49,10042.79,200,Error - Empty Response
2026-05-04T17:56:04.005720,300,load,Indirect,Can we ship goods directly from China to Indonesia with a Singapore invoice and still claim ACFTA preference?,"## Analysis of Your Question

You're asking whether goods can be shipped **directly from China to Indonesia** while using a **Singapore invoice** and still claim **ACFTA (ASEAN-China Free Trade Agreement)** preferential tariff rates.

## Current Status

I attempted to retrieve specific information about ACFTA's provisions regarding:
- Third-country invoicing arrangements (Singapore invoice for China-Indonesia trade)
- Direct consignment/transport requirements under ACFTA
- Back-to-back invoice p",241806.05,10145.57,200,Success
2026-05-04T17:56:06.656012,300,load,Direct,What FTAs can I use to export coffee (HS 0901.21) from Singapore to Chile?,,301015.33,10042.03,200,Stream interrupted – chunked stream closed early (server/proxy/load)
2026-05-04T17:56:08.673328,300,load,Direct,I am exporting 3305.20 from Japan to the US. Are there any additional tariffs?,,301006.34,28113.28,200,Stream interrupted – chunked stream closed early (server/proxy/load)
2026-05-04T17:56:10.704456,300,load,Indirect,"We import wine (HS 2204) from Australia under the Singapore-Australia FTA and store it in a bonded warehouse. When we re-export to Japan, can we claim preference under RCEP or CPTPP, and what evidence",,301003.35,10041.79,200,Stream interrupted – chunked stream closed early (server/proxy/load)
2026-05-04T17:56:11.687982,300,load,Indirect,I would like to leverage the AKFTA FTA for my export of 1701.12.20 from Singapore to South Korea. What is a PCO and how do I apply for it?,,301006.97,10040.19,200,Stream interrupted – chunked stream closed early (server/proxy/load)
2026-05-04T17:56:12.699568,300,load,Direct,What tariff will my aluminium rods with HS code 7604.29.10.10 be subject to if it was manufactured in Russia and exported to the US?,,301005.7,10088.58,200,Stream interrupted – chunked stream closed early (server/proxy/load)
2026-05-04T17:56:14.731656,300,load,Indirect,"Our company sources components from China, Thailand, and Malaysia and assembles electronic switches (HS 8536.50) in Singapore for export to Australia. Can we claim Singapore origin under AANZFTA, and ",,301008.83,10041.36,200,Stream interrupted – chunked stream closed early (server/proxy/load)
2026-05-04T17:56:15.806843,300,load,Indirect,"Under which FTAs, if any, can India-origin goods use a back-to-back mechanism via Singapore?","I apologize, but I encountered technical difficulties while attempting to retrieve information about back-to-back mechanisms for India-origin goods via Singapore. The knowledge base and glossary tools experienced connection timeouts, preventing me from accessing the detailed FTA regulations and guidelines needed to answer your question accurately.

## What I Was Attempting to Retrieve

I was working to identify:
- ✅ Which FTAs include both India and Singapore as members
- ⏳ **Pending**: Specific",256668.59,10039.8,200,Success
2026-05-04T17:56:16.728793,300,load,Indirect,"Our company sources components from China, Thailand, and Malaysia and assembles electronic switches (HS 8536.50) in Singapore for export to Australia. Can we claim Singapore origin under AANZFTA, and ",,300999.27,10041.96,200,Stream interrupted – chunked stream closed early (server/proxy/load)
2026-05-04T17:56:17.731649,300,load,Direct,I am exporting t-shirts with HS code 6109.10.00.14 from Colombia to the US. What tariffs apply?,,300999.84,10037.3,200,Stream interrupted – chunked stream closed early (server/proxy/load)
2026-05-04T17:56:18.757647,300,load,Indirect,I import meat with HS code 0201.30.01 from Australia to Singapore and re-export to Japan. Am I eligible for preferential tariffs?,,301011.06,10046.12,200,Stream interrupted – chunked stream closed early (server/proxy/load)
2026-05-04T17:56:19.760530,300,load,Indirect,I want to import semiconductor integrated circuits from South Korea to Singapore and intend to re-export them to Vietnam. The HS code is 8542.31. Am I eligible for any FTAs?,,300997.57,10037.3,200,Stream interrupted – chunked stream closed early (server/proxy/load)
2026-05-04T17:56:20.810959,300,load,Direct,I am an automobile manufacturer importing parts of a suspension system with HS code 8708.80.55 from Germany which will be assembled in the US. Am I eligible for lower tariffs?,,301009.4,10040.33,200,Stream interrupted – chunked stream closed early (server/proxy/load)
2026-05-04T17:56:21.769953,300,load,Direct,I am exporting T-Shirt with HS code 6109.10.10 from Singapore to Thailand. What FTAs would be beneficial for my export?,,300995.56,10045.57,200,Stream interrupted – chunked stream closed early (server/proxy/load)
2026-05-04T17:56:21.977260,300,load,Indirect,"Under which FTAs, if any, can India-origin goods use a back-to-back mechanism via Singapore?","## Back-to-Back Mechanism for India-Origin Goods via Singapore

I apologize, but I encountered technical difficulties while attempting to retrieve information about back-to-back mechanisms for India-origin goods via Singapore. The knowledge base and glossary tools experienced connection timeouts during the search process.

### What I Attempted to Retrieve:
- ✅ Identified the trade scenario: India (origin) → Singapore (intermediate) → final destination
- ✅ Attempted to check which FTAs include bo",255780.72,10041.65,200,Success
2026-05-04T17:56:24.873315,300,load,Indirect,"We import wine (HS 2204) from Australia under the Singapore-Australia FTA and store it in a bonded warehouse. When we re-export to Japan, can we claim preference under RCEP or CPTPP, and what evidence",,300999.17,10036.15,200,Stream interrupted – chunked stream closed early (server/proxy/load)
2026-05-04T17:56:26.032326,300,load,Indirect,"We import raw cocoa (HS 1801) from Ghana, process it into chocolate (HS 1806) in Singapore, and export to Japan. How do we prove substantial transformation and claim preference under RCEP?",,301015.9,10038.37,200,Stream interrupted – chunked stream closed early (server/proxy/load)
2026-05-04T17:56:28.968727,300,load,Direct,I have an energy product with HS code 2710.12.15.10 that is made in Canada and to be exported to the US. My goods do not meet the rules of origin under the USMCA. What is the tariff?,,301012.16,10036.88,200,Stream interrupted – chunked stream closed early (server/proxy/load)
2026-05-04T17:56:31.026344,300,load,Indirect,"Our company sources components from China, Thailand, and Malaysia and assembles electronic switches (HS 8536.50) in Singapore for export to Australia. Can we claim Singapore origin under AANZFTA, and ",,301004.29,10049.77,200,Stream interrupted – chunked stream closed early (server/proxy/load)
2026-05-04T17:56:31.816658,300,load,Indirect,"We consolidate shipments from multiple ASEAN countries in Singapore and then send them to Australia. Can we obtain a single certificate covering the whole consignment, or do we need separate origin do","I apologize, but I encountered technical difficulties while attempting to retrieve information from our knowledge base and glossary systems to answer your question about consolidating shipments from multiple ASEAN countries through Singapore to Australia.

## Your Question
You asked whether you can obtain a single certificate of origin covering a consolidated consignment from multiple ASEAN countries shipped via Singapore to Australia, or if you need separate origin documentation for each origin",259541.13,10036.44,200,Success
2026-05-04T17:56:31.875968,300,load,Indirect,"We plan to bring microprocessors (HS 8542.31) from Japan into Singapore for consolidation, then ship them to Indonesia. Can we claim preferential tariff treatment on the Indonesia leg?",,301004.15,10041.05,200,Stream interrupted – chunked stream closed early (server/proxy/load)
2026-05-04T17:56:32.895830,300,load,Indirect,"We import raw cocoa (HS 1801) from Ghana, process it into chocolate (HS 1806) in Singapore, and export to Japan. How do we prove substantial transformation and claim preference under RCEP?",,301017.8,10043.67,200,Stream interrupted – chunked stream closed early (server/proxy/load)
2026-05-04T17:56:33.559952,300,load,Direct,What is the process to revise or correct a Manufacturing Cost Statement that has already been submitted?,,233785.9,10039.55,200,Error - Empty Response
2026-05-04T17:56:33.897981,300,load,Indirect,"Our company sources components from China, Thailand, and Malaysia and assembles electronic switches (HS 8536.50) in Singapore for export to Australia. Can we claim Singapore origin under AANZFTA, and ",,301006.52,10055.91,200,Stream interrupted – chunked stream closed early (server/proxy/load)
2026-05-04T17:56:34.522077,300,load,Direct,"How many FTAs has Singapore signed versus those currently in force, and where can I verify the latest status?",,300998.46,10057.36,200,Stream interrupted – chunked stream closed early (server/proxy/load)
2026-05-04T17:56:35.807291,300,load,Indirect,"Our goods qualify under both RCEP and ATIGA for export to Thailand. Which agreement should we use for the PCO, and does it affect how we complete the origin declaration?",,242112.66,10043.22,200,Error - Empty Response
2026-05-04T17:56:36.954238,300,load,Indirect,I want to import semiconductor integrated circuits from South Korea to Singapore and intend to re-export them to Vietnam. The HS code is 8542.31. Am I eligible for any FTAs?,,301009.93,10044.48,200,Stream interrupted – chunked stream closed early (server/proxy/load)
2026-05-04T17:56:39.330043,300,load,Direct,"If software classified as strategic goods technology is hosted on a server in Singapore for global download, what authorisations are required under Singapore's Strategic Goods (Control) regime?","I am unable to retrieve sufficient information regarding this subject matter. For further guidance, please click on the 'Email' button on the bottom right corner of the screen to arrange for a call or a one-to-one advisory session. Our specialists can offer tailored insights based on your product and trade needs, and help you address any related queries or challenges.",164936.57,10037.37,200,Success
2026-05-04T17:56:40.032365,300,load,Indirect,I would like to leverage the AKFTA FTA for my export of 1701.12.20 from Singapore to South Korea. What is a PCO and how do I apply for it?,,301006.07,10037.11,200,Stream interrupted – chunked stream closed early (server/proxy/load)
2026-05-04T17:56:41.325458,300,load,Indirect,"We export organic fertiliser (HS 3101) from Singapore to New Zealand. Under CPTPP, what are the rules of origin and any product-specific requirements we must meet?",,301010.92,10074.18,200,Stream interrupted – chunked stream closed early (server/proxy/load)
2026-05-04T17:56:42.283934,300,load,Indirect,"If I import products from South Korea into Singapore, store them in Singapore, and then export them to Vietnam. Is there any FTA I can use to obtain duty savings on import into Vietnam?","Thank you for your enquiry regarding the use of FTAs for duty savings when importing products from South Korea into Singapore and then exporting them to Vietnam.

To assess your eligibility for **Back-to-Back Preferential Certificate of Origin (B2B PCO)** and identify applicable FTAs, I require additional information:

### Information Provided:
✅ Country of Origin: South Korea  
✅ Intermediate Country: Singapore  
✅ Final Destination: Vietnam  
✅ Movement of Goods: South Korea → Singapore → Viet",278097.33,10246.49,200,Success
2026-05-04T17:56:42.988043,300,load,Indirect,I import meat with HS code 0201.30.01 from Australia to Singapore and re-export to Japan. Am I eligible for preferential tariffs?,,301005.55,10037.11,200,Stream interrupted – chunked stream closed early (server/proxy/load)
2026-05-04T17:56:44.676885,300,load,Indirect,We import Korean cosmetics (HS 3304) under RCEP into Singapore and re-export to Japan with no further processing. Can we apply for a back-to-back RCEP certificate?,"## Back-to-Back RCEP Certificate Analysis

Based on your scenario:
- **Product**: Korean cosmetics (HS 3304)
- **Movement**: Korea → Singapore → Japan
- **Processing in Singapore**: None (re-export only)
- **FTA**: RCEP

### Current Analysis Status

I attempted to retrieve the specific requirements for back-to-back certificates of origin under RCEP, but encountered technical difficulties accessing the knowledge base and FTA verification systems. 

### What We Know About Your Scenario

Your situa",266137.64,10052.16,200,Success
2026-05-04T17:56:47.019466,300,load,Direct,I am importing ceramic tiles (HS 6908.90) from Vietnam to Singapore. What tariff applies under ATIGA?,,301012.69,10040.17,200,Stream interrupted – chunked stream closed early (server/proxy/load)
2026-05-04T17:56:50.050649,300,load,Indirect,"We export organic fertiliser (HS 3101) from Singapore to New Zealand. Under CPTPP, what are the rules of origin and any product-specific requirements we must meet?",,301016.47,10042.29,200,Stream interrupted – chunked stream closed early (server/proxy/load)
2026-05-04T17:56:50.386647,300,load,Indirect,"For shipments from Singapore to Australia with goods sourced from Japan and Korea, what are the steps to claim AANZFTA or RCEP preferences?","Thank you for your enquiry about claiming AANZFTA or RCEP preferences for shipments from Singapore to Australia with goods sourced from Japan and Korea.

To provide you with accurate guidance on the steps to claim these FTA preferences and determine your eligibility for Back-to-Back Preferential Certificate of Origin (B2B PCO), I need additional information:

## Required Information:

**1. HS Code** (Required)
   - Please provide the specific HS code for your goods
   - If you're unsure of the c",273858.57,10049.94,200,Success
2026-05-04T17:56:51.155777,300,load,Direct,I am exporting fruits with HS code 0811.10.00.50 from Thailand to the US. What tariffs apply?,,301010.43,10049.94,200,Stream interrupted – chunked stream closed early (server/proxy/load)
2026-05-04T17:56:52.073754,300,load,Direct,What documents do I need to apply for a Preferential Certificate of Origin under RCEP for export to China?,,301015.5,10038.39,200,Stream interrupted – chunked stream closed early (server/proxy/load)
2026-05-04T17:56:54.090108,300,load,Indirect,"We assemble vacuum cleaners (HS Code 8508.19.10) in Singapore from Chinese parts and export to Indonesia. Does simple assembly confer Singapore origin, or should we apply for a back-to-back PCO instea",,301018.64,10034.4,200,Stream interrupted – chunked stream closed early (server/proxy/load)
2026-05-04T17:56:55.103454,300,load,Indirect,"For shipments from Singapore to Australia with goods sourced from Japan and Korea, what are the steps to claim AANZFTA or RCEP preferences?",,301016.59,10036.93,200,Stream interrupted – chunked stream closed early (server/proxy/load)
2026-05-04T17:56:56.019405,300,load,Indirect,"We ship from Singapore to multiple ASEAN countries (Indonesia, Philippines, Vietnam) under ATIGA. Do we need one PCO per destination or one for the whole order, and what are the declaration requiremen","## PCO Requirements for Multiple ASEAN Destinations under ATIGA

I apologize, but I encountered technical difficulties accessing the knowledge base and glossary systems to retrieve the specific information about ATIGA Preferential Certificate of Origin (PCO) requirements for multiple destinations.

Based on your question about shipping from Singapore to multiple ASEAN countries (Indonesia, Philippines, Vietnam) under ATIGA, you need guidance on:

1. **Whether you need one PCO per destination or ",275373.6,10042.95,200,Success
2026-05-04T17:56:56.127750,300,load,Indirect,"We plan to bring microprocessors (HS 8542.31) from Japan into Singapore for consolidation, then ship them to Indonesia. Can we claim preferential tariff treatment on the Indonesia leg?",,301014.32,10042.64,200,Stream interrupted – chunked stream closed early (server/proxy/load)
2026-05-04T17:56:57.214089,300,load,Direct,What documents do I need to apply for a Preferential Certificate of Origin under RCEP for export to China?,,301036.72,10056.11,200,Stream interrupted – chunked stream closed early (server/proxy/load)
2026-05-04T17:56:58.116723,300,load,Indirect,"Our company sources components from China, Thailand, and Malaysia and assembles electronic switches (HS 8536.50) in Singapore for export to Australia. Can we claim Singapore origin under AANZFTA, and ",,301004.49,10038.35,200,Stream interrupted – chunked stream closed early (server/proxy/load)
2026-05-04T17:56:59.163052,300,load,Indirect,Can we ship goods directly from China to Indonesia with a Singapore invoice and still claim ACFTA preference?,,301018.55,10038.99,200,Stream interrupted – chunked stream closed early (server/proxy/load)
2026-05-04T17:56:59.689743,300,load,Indirect,"If I import products from South Korea into Singapore, store them in Singapore, and then export them to Vietnam. Is there any FTA I can use to obtain duty savings on import into Vietnam?","Thank you for your enquiry about using an FTA for duty savings when importing products from South Korea into Vietnam via Singapore.

### Current Information Provided:
- **Country of Origin**: South Korea
- **Intermediate Country**: Singapore  
- **Final Destination**: Vietnam
- **Movement of Goods**: South Korea → Singapore → Vietnam
- **Processing in Singapore**: No (storage only)

### Missing Required Information:

To assess your eligibility for Back-to-Back Preferential Certificate of Origin ",289439.05,10045.7,200,Success
2026-05-04T17:56:59.820850,300,load,Direct,We are a manufacturing company looking to export plastic bottles to customers in other countries. Can you please advise the steps and processes we have to take?,"Thank you for your question. To provide you with the most relevant guidance on exporting plastic bottles, could you please clarify the following:

1. Are the plastic bottles being shipped directly from your manufacturing facility to the destination country, or are they being processed, repacked, or undergo any transformation in a third country (such as Singapore) before reaching the final destination?

2. Are you looking to claim tariff preferences under any Free Trade Agreement (FTA)?

This inf",167240.22,10043.21,200,Success
2026-05-04T17:57:01.210268,300,load,Indirect,"We export organic fertiliser (HS 3101) from Singapore to New Zealand. Under CPTPP, what are the rules of origin and any product-specific requirements we must meet?",,301021.23,10052.36,200,Stream interrupted – chunked stream closed early (server/proxy/load)
2026-05-04T17:57:02.230592,300,load,Indirect,"What is the PCO application process for the export of my product with HS code 3924.90.90 from Singapore to Vietnam with an estimated export value of 5,000 SGD under the ATIGA FTA?",,301015.04,10057.37,200,Stream interrupted – chunked stream closed early (server/proxy/load)
2026-05-04T17:57:06.295575,300,load,Indirect,"What is the PCO application process for the export of my product with HS code 3924.90.90 from Singapore to Vietnam with an estimated export value of 5,000 SGD under the ATIGA FTA?",,301002.44,10044.48,200,Stream interrupted – chunked stream closed early (server/proxy/load)
2026-05-04T17:57:06.411024,300,load,Indirect,"Our goods qualify under both RCEP and ATIGA for export to Thailand. Which agreement should we use for the PCO, and does it affect how we complete the origin declaration?",,264613.57,10034.93,200,Error - Empty Response
2026-05-04T17:57:08.224900,300,load,Indirect,Which Free Trade Agreements (FTAs) can I utilise when exporting compact disks (HS Code: 8523.41.10) from Singapore to Indonesia?,,301008.46,10045.46,200,Stream interrupted – chunked stream closed early (server/proxy/load)
2026-05-04T17:57:10.239486,300,load,Direct,What tariff will my aluminium rods with HS code 7604.29.10.10 be subject to if it was manufactured in Russia and exported to the US?,,301008.8,10038.31,200,Stream interrupted – chunked stream closed early (server/proxy/load)
2026-05-04T17:57:11.428717,300,load,Indirect,"What are the steps and timelines to apply for a PCO under the Digital Economy Agreement between Singapore and Australia, and how does it differ from the standard goods FTA process?","I apologize, but I encountered technical difficulties accessing the knowledge base and glossary systems to retrieve information about the PCO (Paperless Certificate of Origin) application process under the Digital Economy Agreement (DEA) between Singapore and Australia.

## Current Status

**What I attempted to retrieve:**
- ✗ Glossary information on PCO (Paperless Certificate of Origin) terminology and guidelines
- ✗ Knowledge base information on the Singapore-Australia Digital Economy Agreemen",287823.09,10082.33,200,Success
2026-05-04T17:57:11.650923,300,load,Direct,"When forming a Japan–Singapore joint-venture apparel retailer, which FTAs, domestic laws, and compliance obligations need to be taken into account?","I am unable to retrieve sufficient information regarding this subject matter. For further guidance, please click on the 'Email' button on the bottom right corner of the screen to arrange for a call or a one-to-one advisory session. Our specialists can offer tailored insights based on your product and trade needs, and help you address any related queries or challenges.",194426.04,10044.4,200,Success
2026-05-04T17:57:12.226540,300,load,Indirect,I import brooms with HS code 9603.10.20 from China to Singapore and would like to re-export to Malaysia. Am I eligible for any FTAs?,,301009.36,10165.3,200,Stream interrupted – chunked stream closed early (server/proxy/load)
2026-05-04T17:57:14.292066,300,load,Direct,I would like to know more about the import duties for export from Singapore to US. HS code for my product is 9404.21.00.10. Estimated export value for each mattress is $150.,,301013.39,10043.23,200,Stream interrupted – chunked stream closed early (server/proxy/load)
2026-05-04T17:57:16.533001,300,load,Indirect,We import fresh mangoes (HS 0804.50) from Indonesia into Singapore and plan to re-export them to the Philippines. Can we request a back-to-back PCO under ATIGA?,,301017.47,10044.18,200,Stream interrupted – chunked stream closed early (server/proxy/load)
2026-05-04T17:57:18.545959,300,load,Indirect,We import fresh mangoes (HS 0804.50) from Indonesia into Singapore and plan to re-export them to the Philippines. Can we request a back-to-back PCO under ATIGA?,,301009.48,10036.29,200,Stream interrupted – chunked stream closed early (server/proxy/load)
2026-05-04T17:57:20.585604,300,load,Indirect,"We import wine (HS 2204) from Australia under the Singapore-Australia FTA and store it in a bonded warehouse. When we re-export to Japan, can we claim preference under RCEP or CPTPP, and what evidence",,301006.23,10044.38,200,Stream interrupted – chunked stream closed early (server/proxy/load)
2026-05-04T17:57:22.617635,300,load,Indirect,I want to import semiconductor integrated circuits from South Korea to Singapore and intend to re-export them to Vietnam. The HS code is 8542.31. Am I eligible for any FTAs?,,301021.41,10045.74,200,Stream interrupted – chunked stream closed early (server/proxy/load)
2026-05-04T17:57:23.846236,300,load,Indirect,"We export organic fertiliser (HS 3101) from Singapore to New Zealand. Under CPTPP, what are the rules of origin and any product-specific requirements we must meet?",,301008.63,10081.95,200,Stream interrupted – chunked stream closed early (server/proxy/load)
2026-05-04T17:57:25.773680,300,load,Indirect,I would like to leverage the AKFTA FTA for my export of 1701.12.20 from Singapore to South Korea. What is a PCO and how do I apply for it?,,301008.63,10048.19,200,Stream interrupted – chunked stream closed early (server/proxy/load)
2026-05-04T17:57:26.616320,300,load,Indirect,"We manufacture plastic containers (HS 3924) in Singapore using resin from Saudi Arabia and additives from Malaysia. How do we prove origin under ATIGA for export to Vietnam, and which FTA gives the be",,301006.87,10506.86,200,Stream interrupted – chunked stream closed early (server/proxy/load)
2026-05-04T17:57:27.641684,300,load,Direct,I want to export medicinal herbs (HS 1211.90) from Singapore to the EU. Which agreement applies?,,301015.72,10035.38,200,Stream interrupted – chunked stream closed early (server/proxy/load)
2026-05-04T17:57:28.655997,300,load,Indirect,Can we ship goods directly from China to Indonesia with a Singapore invoice and still claim ACFTA preference?,,301019.5,10034.67,200,Stream interrupted – chunked stream closed early (server/proxy/load)
2026-05-04T17:57:29.657515,300,load,Indirect,I import machinery parts from Japan to Singapore and would like to re-export to India. The HS code of the machinery parts are 8401.10. Am I eligible for any FTAs?,,301007.47,10040.23,200,Stream interrupted – chunked stream closed early (server/proxy/load)
2026-05-04T17:57:30.587913,300,load,Indirect,Which Free Trade Agreements (FTAs) can I utilise when exporting compact disks (HS Code: 8523.41.10) from Singapore to Indonesia?,,301010.43,10074.91,200,Stream interrupted – chunked stream closed early (server/proxy/load)
2026-05-04T17:57:30.693101,300,load,Indirect,Which Free Trade Agreements (FTAs) can I utilise when exporting compact disks (HS Code: 8523.41.10) from Singapore to Indonesia?,,300998.06,10036.27,200,Stream interrupted – chunked stream closed early (server/proxy/load)
2026-05-04T17:57:31.653408,300,load,Indirect,"We received a request from Indonesian customs to verify our ATIGA PCO. What is the process for Singapore exporters, what documents must we provide, and what is the typical timeline?","I apologize, but I encountered technical difficulties while attempting to retrieve information from our knowledge base and glossary systems regarding ATIGA PCO verification procedures. The connection timeout prevented me from accessing the specific guidance on:

- The verification process for Singapore exporters responding to Indonesian customs verification requests
- Required documents that must be provided
- Typical timeline for the verification process

## What I Was Attempting to Retrieve

I",279813.47,10035.48,200,Success
2026-05-04T17:57:31.676222,300,load,Indirect,"We have a back-to-back PCO under RCEP for goods from Japan. The buyer in Indonesia wants to split the shipment into two consignments over two months. Is the original PCO still valid, and what do we ne",,301013.29,10041.16,200,Stream interrupted – chunked stream closed early (server/proxy/load)
2026-05-04T17:57:32.707904,300,load,Direct,I am importing iron pipes with HS code 7303.00.00.30 from Malaysia to the US. What are the additional tariffs that apply?,,301013.19,10061.16,200,Stream interrupted – chunked stream closed early (server/proxy/load)
2026-05-04T17:57:33.716947,300,load,Direct,I would like to export beet sugar with HS code 1701.12 from Singapore to either Laos or New Zealand. What FTAs can I leverage?,,301024.02,10033.59,200,Stream interrupted – chunked stream closed early (server/proxy/load)
2026-05-04T17:57:35.791759,300,load,Direct,"Please provide guidance on enjoying FTA tariffs benefit for the export of S$100,000 worth of electric motors (HS code: 8501.10.10.30) from Singapore to the United Kingdom.",,301014.22,10038.32,200,Stream interrupted – chunked stream closed early (server/proxy/load)
2026-05-04T17:57:36.736105,300,load,Direct,Which FTA gives the best tariff for exporting solar panels (HS 8541.40) from Singapore to Japan?,,301016.4,10040.84,200,Stream interrupted – chunked stream closed early (server/proxy/load)
2026-05-04T17:57:37.737018,300,load,Indirect,"If we import under ASEAN-China FTA and re-export to Japan under RCEP with minimal repackaging in Singapore, can we use a back-to-back certificate, and what are the conditions and time limits?",,301012.75,10041.9,200,Stream interrupted – chunked stream closed early (server/proxy/load)
2026-05-04T17:57:38.699629,300,load,Indirect,"We plan to bring microprocessors (HS 8542.31) from Japan into Singapore for consolidation, then ship them to Indonesia. Can we claim preferential tariff treatment on the Indonesia leg?",,301013.16,10056.37,200,Stream interrupted – chunked stream closed early (server/proxy/load)
2026-05-04T17:57:38.741643,300,load,Indirect,"We import wine (HS 2204) from Australia under the Singapore-Australia FTA and store it in a bonded warehouse. When we re-export to Japan, can we claim preference under RCEP or CPTPP, and what evidence",,301015.38,10037.93,200,Stream interrupted – chunked stream closed early (server/proxy/load)
2026-05-04T17:57:39.388678,300,load,Direct,I am exporting essential oils with HS code 3301.29.51.03 from France to the US. What tariffs apply?,"I am unable to retrieve sufficient information regarding this subject matter. For further guidance, please click on the 'Email' button on the bottom right corner of the screen to arrange for a call or a one-to-one advisory session. Our specialists can offer tailored insights based on your product and trade needs, and help you address any related queries or challenges.",175551.24,10040.17,200,Success
2026-05-04T17:57:39.771208,300,load,Direct,I am exporting rubber gloves (HS 4015.19) from Singapore to Malaysia. Which FTA applies?,,301017.92,10035.06,200,Stream interrupted – chunked stream closed early (server/proxy/load)
2026-05-04T17:57:41.707500,300,load,Indirect,"Our goods qualify under both RCEP and ATIGA for export to Thailand. Which agreement should we use for the PCO, and does it affect how we complete the origin declaration?",,290882.17,10055.02,200,Error - Empty Response
2026-05-04T17:57:41.793818,300,load,Indirect,"If I import products from South Korea into Singapore, store them in Singapore, and then export them to Vietnam. Is there any FTA I can use to obtain duty savings on import into Vietnam?",,301014.72,10039.62,200,Stream interrupted – chunked stream closed early (server/proxy/load)
2026-05-04T17:57:41.796681,300,load,Direct,"If software classified as strategic goods technology is hosted on a server in Singapore for global download, what authorisations are required under Singapore's Strategic Goods (Control) regime?","I am unable to retrieve sufficient information regarding this subject matter. For further guidance, please click on the 'Email' button on the bottom right corner of the screen to arrange for a call or a one-to-one advisory session. Our specialists can offer tailored insights based on your product and trade needs, and help you address any related queries or challenges.",210265.49,10483.01,200,Success
2026-05-04T17:57:43.754678,300,load,Direct,I export wooden furniture (HS 9403.60) from Singapore to Australia. What is the duty rate under the relevant FTA?,,301006.97,10039.43,200,Stream interrupted – chunked stream closed early (server/proxy/load)
2026-05-04T17:57:44.850089,300,load,Indirect,"If we import under ASEAN-China FTA and re-export to Japan under RCEP with minimal repackaging in Singapore, can we use a back-to-back certificate, and what are the conditions and time limits?",,301080.93,10040.51,200,Stream interrupted – chunked stream closed early (server/proxy/load)
2026-05-04T17:57:45.847003,300,load,Indirect,Which Free Trade Agreements (FTAs) can I utilise when exporting compact disks (HS Code: 8523.41.10) from Singapore to Indonesia?,,301002.76,10042.12,200,Stream interrupted – chunked stream closed early (server/proxy/load)
2026-05-04T17:57:46.776130,300,load,Indirect,"If we import under ASEAN-China FTA and re-export to Japan under RCEP with minimal repackaging in Singapore, can we use a back-to-back certificate, and what are the conditions and time limits?",,301004.15,10036.01,200,Stream interrupted – chunked stream closed early (server/proxy/load)
2026-05-04T17:57:47.807463,300,load,Indirect,"We have a back-to-back PCO under RCEP for goods from Japan. The buyer in Indonesia wants to split the shipment into two consignments over two months. Is the original PCO still valid, and what do we ne",,301017.65,10039.11,200,Stream interrupted – chunked stream closed early (server/proxy/load)
2026-05-04T17:57:48.810858,300,load,Indirect,I import machinery parts from Japan to Singapore and would like to re-export to India. The HS code of the machinery parts are 8401.10. Am I eligible for any FTAs?,,301014.02,10049.4,200,Stream interrupted – chunked stream closed early (server/proxy/load)
2026-05-04T17:57:49.834406,300,load,Indirect,I want to import semiconductor integrated circuits from South Korea to Singapore and intend to re-export them to Vietnam. The HS code is 8542.31. Am I eligible for any FTAs?,,301014.58,10053.27,200,Stream interrupted – chunked stream closed early (server/proxy/load)
2026-05-04T17:57:50.933272,300,load,Indirect,I import meat with HS code 0201.30.01 from Australia to Singapore and re-export to Japan. Am I eligible for preferential tariffs?,,301003.14,10044.86,200,Stream interrupted – chunked stream closed early (server/proxy/load)
2026-05-04T17:57:52.775778,300,load,Direct,What is the authoritative source for eligibility criteria and certifications for foreign suppliers in Singapore government procurement under specified agreements?,"I am unable to retrieve sufficient information regarding this subject matter. For further guidance, please click on the 'Email' button on the bottom right corner of the screen to arrange for a call or a one-to-one advisory session. Our specialists can offer tailored insights based on your product and trade needs, and help you address any related queries or challenges.",209107.9,10035.93,200,Success
2026-05-04T17:57:53.869000,300,load,Direct,I export wooden furniture (HS 9403.60) from Singapore to Australia. What is the duty rate under the relevant FTA?,,301011.52,10033.98,200,Stream interrupted – chunked stream closed early (server/proxy/load)
2026-05-04T17:57:54.031541,300,load,Direct,What are the consequences and corrective actions if I inadvertently use an incorrect HS code on a Certificate of Origin?,"I apologize, but I encountered technical difficulties while attempting to retrieve information from our knowledge base and glossary systems regarding the consequences and corrective actions for using an incorrect HS code on a Certificate of Origin.

## What I Attempted to Do:
- ✅ Received your question about incorrect HS codes on Certificates of Origin
- ❌ Attempted to query the glossary for guidelines on this situation (connection timeout)
- ❌ Attempted to search the knowledge base for FTA-spec",290093.8,10041.58,200,Success
2026-05-04T17:57:54.862656,300,load,Direct,I am exporting 1001.19.00.25 from Singapore to the US. Are there any additional tariffs?,,300999.64,10039.1,200,Stream interrupted – chunked stream closed early (server/proxy/load)
2026-05-04T17:57:55.939884,300,load,Indirect,"If I import products from South Korea into Singapore, store them in Singapore, and then export them to Vietnam. Is there any FTA I can use to obtain duty savings on import into Vietnam?",,301029.81,10037.9,200,Stream interrupted – chunked stream closed early (server/proxy/load)
2026-05-04T17:57:56.874847,300,load,Indirect,I want to import semiconductor integrated circuits from South Korea to Singapore and intend to re-export them to Vietnam. The HS code is 8542.31. Am I eligible for any FTAs?,,301003.7,10036.42,200,Stream interrupted – chunked stream closed early (server/proxy/load)
2026-05-04T17:57:57.137288,300,load,Indirect,"We export organic fertiliser (HS 3101) from Singapore to New Zealand. Under CPTPP, what are the rules of origin and any product-specific requirements we must meet?",,301015.54,10053.55,200,Stream interrupted – chunked stream closed early (server/proxy/load)
2026-05-04T17:57:57.391498,300,load,Indirect,"We are considering moving some production from China to Singapore to benefit from FTAs. For electronics (HS 8517), what origin criteria apply under RCEP and CPTPP, and what percentage of value must be","I apologize, but I encountered technical difficulties accessing our knowledge base and data systems while attempting to retrieve the specific origin criteria for HS 8517 electronics under RCEP and CPTPP agreements. 

## Current Status

I was attempting to gather information about:
- **Product**: Electronics classified under HS Code 8517
- **Origin**: China
- **Destination**: Singapore
- **FTAs of Interest**: RCEP and CPTPP
- **Specific Query**: Origin criteria and Regional Value Content (RVC) pe",296459.88,10034.85,200,Success
2026-05-04T17:57:57.886826,300,load,Indirect,I want to import semiconductor integrated circuits from South Korea to Singapore and intend to re-export them to Vietnam. The HS code is 8542.31. Am I eligible for any FTAs?,,301005.65,10038.09,200,Stream interrupted – chunked stream closed early (server/proxy/load)
2026-05-04T17:57:58.930225,300,load,Indirect,"We import raw cocoa (HS 1801) from Ghana, process it into chocolate (HS 1806) in Singapore, and export to Japan. How do we prove substantial transformation and claim preference under RCEP?",,301010.33,10044.5,200,Stream interrupted – chunked stream closed early (server/proxy/load)
2026-05-04T17:57:59.910770,300,load,Direct,What documents do I need to apply for a Preferential Certificate of Origin under RCEP for export to China?,,301001.41,10037.66,200,Stream interrupted – chunked stream closed early (server/proxy/load)
2026-05-04T17:58:00.947444,300,load,Indirect,"What are the steps and timelines to apply for a PCO under the Digital Economy Agreement between Singapore and Australia, and how does it differ from the standard goods FTA process?",,301015.94,10094.48,200,Stream interrupted – chunked stream closed early (server/proxy/load)
2026-05-04T17:58:03.960782,300,load,Indirect,"What is the PCO application process for the export of my product with HS code 3924.90.90 from Singapore to Vietnam with an estimated export value of 5,000 SGD under the ATIGA FTA?",,301012.32,10040.14,200,Stream interrupted – chunked stream closed early (server/proxy/load)
2026-05-04T17:58:05.976742,300,load,Indirect,"We import wine (HS 2204) from Australia under the Singapore-Australia FTA and store it in a bonded warehouse. When we re-export to Japan, can we claim preference under RCEP or CPTPP, and what evidence",,301011.42,10035.09,200,Stream interrupted – chunked stream closed early (server/proxy/load)
2026-05-04T17:58:06.980815,300,load,Indirect,Which Free Trade Agreements (FTAs) can I utilise when exporting compact disks (HS Code: 8523.41.10) from Singapore to Indonesia?,,301016.89,10040.43,200,Stream interrupted – chunked stream closed early (server/proxy/load)
2026-05-04T17:58:08.002630,300,load,Direct,Which Free Trade Agreements (FTAs) can I utilise when exporting umbrellas (HS Code: 6601.99.00.03) from Singapore to Australia?,,301032.3,10042.68,200,Stream interrupted – chunked stream closed early (server/proxy/load)
2026-05-04T17:58:08.500530,300,load,Indirect,"We import wine (HS 2204) from Australia under the Singapore-Australia FTA and store it in a bonded warehouse. When we re-export to Japan, can we claim preference under RCEP or CPTPP, and what evidence",,301003.66,10046.25,200,Stream interrupted – chunked stream closed early (server/proxy/load)
2026-05-04T17:58:08.998860,300,load,Indirect,"If I import products from South Korea into Singapore, store them in Singapore, and then export them to Vietnam. Is there any FTA I can use to obtain duty savings on import into Vietnam?",,301012.23,10045.71,200,Stream interrupted – chunked stream closed early (server/proxy/load)
2026-05-04T17:58:09.993694,300,load,Indirect,"We assemble vacuum cleaners (HS Code 8508.19.10) in Singapore from Chinese parts and export to Indonesia. Does simple assembly confer Singapore origin, or should we apply for a back-to-back PCO instea",,300996.87,10036.05,200,Stream interrupted – chunked stream closed early (server/proxy/load)
2026-05-04T17:58:11.058853,300,load,Direct,What's the practical difference between RVC build-up and build-down methods and when is each preferable?,,301006.88,10038.7,200,Stream interrupted – chunked stream closed early (server/proxy/load)
2026-05-04T17:58:12.067145,300,load,Direct,What is the validity period of a PCO issued under ATIGA?,,301007.57,10036.7,200,Stream interrupted – chunked stream closed early (server/proxy/load)
2026-05-04T17:58:13.053603,300,load,Indirect,"We import cotton fabric (HS 5208) from India into Singapore, dye and cut it here, then export garments to the EU. How do we determine origin under RCEP and EU-Singapore FTA, and what documentation do ",,301016.8,10036.23,200,Stream interrupted – chunked stream closed early (server/proxy/load)
2026-05-04T17:58:14.138644,300,load,Direct,What documents do I need to apply for a Preferential Certificate of Origin under RCEP for export to China?,,301095.33,10118.15,200,Stream interrupted – chunked stream closed early (server/proxy/load)
2026-05-04T17:58:15.068216,300,load,Direct,Which official sources provide documentation or certification showing that companies from certain countries are eligible to participate in Singapore government procurement under specific agreements?,,301007.08,10043.0,200,Stream interrupted – chunked stream closed early (server/proxy/load)
2026-05-04T17:58:15.839752,300,load,Indirect,"We assemble vacuum cleaners (HS Code 8508.19.10) in Singapore from Chinese parts and export to Indonesia. Does simple assembly confer Singapore origin, or should we apply for a back-to-back PCO instea",,301033.22,10051.78,200,Stream interrupted – chunked stream closed early (server/proxy/load)
2026-05-04T17:58:16.092061,300,load,Indirect,"For goods that qualify under both ATIGA and RCEP when exporting from Singapore to Thailand, how do we choose which FTA to use, and can we switch between them for different shipments of the same produc",,300999.65,10036.65,200,Stream interrupted – chunked stream closed early (server/proxy/load)
2026-05-04T17:58:17.074335,300,load,Indirect,"For machinery (HS 8479) assembled in Singapore from US and German parts, what are the rules of origin under the EU-Singapore FTA and UK-Singapore FTA, and how do we calculate and document RVC?",,301008.95,10043.96,200,Stream interrupted – chunked stream closed early (server/proxy/load)
2026-05-04T17:58:18.270944,300,load,Indirect,"For shipments from Singapore to Australia with goods sourced from Japan and Korea, what are the steps to claim AANZFTA or RCEP preferences?","Thank you for your question. To better assist you, could you clarify whether the goods are processed, repacked, or undergo substantial transformation in Singapore before being exported to Australia, or are they shipped directly from Japan/Korea to Australia?",207342.54,10062.99,200,Success
2026-05-04T17:58:18.366357,300,load,Indirect,"For shipments from Singapore to Australia with goods sourced from Japan and Korea, what are the steps to claim AANZFTA or RCEP preferences?",,301003.9,10061.7,200,Stream interrupted – chunked stream closed early (server/proxy/load)
2026-05-04T17:58:19.117716,300,load,Direct,I am exporting salmon with HS code 0303.11 from Norway to the US. What tariffs apply?,,301026.3,10039.07,200,Stream interrupted – chunked stream closed early (server/proxy/load)
2026-05-04T17:58:20.117499,300,load,Indirect,I import machinery parts from Japan to Singapore and would like to re-export to India. The HS code of the machinery parts are 8401.10. Am I eligible for any FTAs?,,301017.98,10045.42,200,Stream interrupted – chunked stream closed early (server/proxy/load)
2026-05-04T17:58:21.150408,300,load,Direct,What FTAs can I use to export coffee (HS 0901.21) from Singapore to Chile?,,301021.12,10042.27,200,Stream interrupted – chunked stream closed early (server/proxy/load)
2026-05-04T17:58:22.123912,300,load,Indirect,"Our company sources components from China, Thailand, and Malaysia and assembles electronic switches (HS 8536.50) in Singapore for export to Australia. Can we claim Singapore origin under AANZFTA, and ",,301001.0,10048.67,200,Stream interrupted – chunked stream closed early (server/proxy/load)
2026-05-04T17:58:23.155979,300,load,Indirect,"For goods that qualify under both ATIGA and RCEP when exporting from Singapore to Thailand, how do we choose which FTA to use, and can we switch between them for different shipments of the same produc",,301026.14,10037.01,200,Stream interrupted – chunked stream closed early (server/proxy/load)
2026-05-04T17:58:24.153122,300,load,Direct,I am exporting salmon with HS code 0303.11 from Norway to the US. What tariffs apply?,,301000.1,10037.2,200,Stream interrupted – chunked stream closed early (server/proxy/load)
2026-05-04T17:58:25.159834,300,load,Indirect,"Our goods qualify under both RCEP and ATIGA for export to Thailand. Which agreement should we use for the PCO, and does it affect how we complete the origin declaration?",,301004.54,10034.93,200,Stream interrupted – chunked stream closed early (server/proxy/load)
2026-05-04T17:58:26.317637,300,load,Direct,"My company exports an energy resource with HS code 2710.12.18.05 from Mexico to the US, will there be additional tariffs?",,301028.25,10045.66,200,Stream interrupted – chunked stream closed early (server/proxy/load)
2026-05-04T17:58:26.798119,300,load,Direct,What is the tariff rate for exporting printed books (HS 4901.99) from Singapore to Vietnam under ATIGA?,,301005.35,10046.18,200,Stream interrupted – chunked stream closed early (server/proxy/load)
2026-05-04T17:58:27.216295,300,load,Indirect,Can we ship goods directly from China to Indonesia with a Singapore invoice and still claim ACFTA preference?,,301000.75,10035.48,200,Stream interrupted – chunked stream closed early (server/proxy/load)
2026-05-04T17:58:28.186516,300,load,Direct,I am an automobile manufacturer importing parts of a suspension system with HS code 8708.80.55 from Germany which will be assembled in the US. Am I eligible for lower tariffs?,,301008.45,10258.36,200,Stream interrupted – chunked stream closed early (server/proxy/load)
2026-05-04T17:58:29.202930,300,load,Indirect,"We have a back-to-back PCO under RCEP for goods from Japan. The buyer in Indonesia wants to split the shipment into two consignments over two months. Is the original PCO still valid, and what do we ne",,301015.12,10040.09,200,Stream interrupted – chunked stream closed early (server/proxy/load)
2026-05-04T17:58:30.222512,300,load,Direct,What are the consequences and corrective actions if I inadvertently use an incorrect HS code on a Certificate of Origin?,,301000.92,10048.68,200,Stream interrupted – chunked stream closed early (server/proxy/load)
2026-05-04T17:58:31.237851,300,load,Indirect,I import brooms with HS code 9603.10.20 from China to Singapore and would like to re-export to Malaysia. Am I eligible for any FTAs?,,301015.62,10034.35,200,Stream interrupted – chunked stream closed early (server/proxy/load)
2026-05-04T17:58:32.213576,300,load,Direct,Which FTA gives the best tariff for exporting solar panels (HS 8541.40) from Singapore to Japan?,,301001.19,10036.66,200,Stream interrupted – chunked stream closed early (server/proxy/load)
2026-05-04T17:58:33.210815,300,load,Indirect,How do I qualify for preferential treatment under the ATIGA for my export of water pumps with HS code 8413.20.90 from Singapore to Indonesia?,,301004.53,10041.22,200,Stream interrupted – chunked stream closed early (server/proxy/load)
2026-05-04T17:58:33.524680,300,load,Indirect,"We are considering moving some production from China to Singapore to benefit from FTAs. For electronics (HS 8517), what origin criteria apply under RCEP and CPTPP, and what percentage of value must be",,301006.23,10051.33,200,Stream interrupted – chunked stream closed early (server/proxy/load)
2026-05-04T17:58:34.350345,300,load,Direct,What HS code should I use for LED light fixtures (ceiling type) for export to India?,,301011.0,10037.41,200,Stream interrupted – chunked stream closed early (server/proxy/load)
2026-05-04T17:58:35.261832,300,load,Indirect,I want to import semiconductor integrated circuits from South Korea to Singapore and intend to re-export them to Vietnam. The HS code is 8542.31. Am I eligible for any FTAs?,,301016.98,10043.19,200,Stream interrupted – chunked stream closed early (server/proxy/load)
2026-05-04T17:58:36.271065,300,load,Indirect,"We manufacture plastic containers (HS 3924) in Singapore using resin from Saudi Arabia and additives from Malaysia. How do we prove origin under ATIGA for export to Vietnam, and which FTA gives the be",,301010.49,10040.45,200,Stream interrupted – chunked stream closed early (server/proxy/load)
2026-05-04T17:58:37.267524,300,load,Direct,I am exporting fruits with HS code 0811.10.00.50 from Thailand to the US. What tariffs apply?,,301002.99,10044.96,200,Stream interrupted – chunked stream closed early (server/proxy/load)
2026-05-04T17:58:38.267282,300,load,Indirect,"We import wine (HS 2204) from Australia under the Singapore-Australia FTA and store it in a bonded warehouse. When we re-export to Japan, can we claim preference under RCEP or CPTPP, and what evidence",,301018.2,10040.66,200,Stream interrupted – chunked stream closed early (server/proxy/load)
2026-05-04T17:58:39.070619,300,load,Indirect,"What are the steps and timelines to apply for a PCO under the Digital Economy Agreement between Singapore and Australia, and how does it differ from the standard goods FTA process?",,301007.63,10060.43,200,Stream interrupted – chunked stream closed early (server/proxy/load)
2026-05-04T17:58:39.286642,300,load,Direct,How do I check if my product qualifies for zero tariff under RCEP?,,301021.15,10042.42,200,Stream interrupted – chunked stream closed early (server/proxy/load)
2026-05-04T17:58:39.432066,300,load,Indirect,How do I qualify for preferential treatment under the ATIGA for my export of water pumps with HS code 8413.20.90 from Singapore to Indonesia?,,301010.38,10067.22,200,Stream interrupted – chunked stream closed early (server/proxy/load)
2026-05-04T17:58:40.346734,300,load,Indirect,"What are the steps and timelines to apply for a PCO under the Digital Economy Agreement between Singapore and Australia, and how does it differ from the standard goods FTA process?",,301019.94,10038.61,200,Stream interrupted – chunked stream closed early (server/proxy/load)
2026-05-04T17:58:41.340782,300,load,Indirect,"If our PCO application is rejected by Singapore Customs due to insufficient supporting documents, what can we do to rectify and reapply, and how long does the appeal or correction process take?",,300998.13,10044.63,200,Stream interrupted – chunked stream closed early (server/proxy/load)
2026-05-04T17:58:42.443217,300,load,Indirect,I would like to leverage the AKFTA FTA for my export of 1701.12.20 from Singapore to South Korea. What is a PCO and how do I apply for it?,,301014.65,10036.4,200,Stream interrupted – chunked stream closed early (server/proxy/load)
2026-05-04T17:58:43.309193,300,load,Direct,"Which agreements used by Singapore allow exporter self-certification, and what are the eligibility conditions?",,301002.42,10035.28,200,Stream interrupted – chunked stream closed early (server/proxy/load)
2026-05-04T17:58:44.361705,300,load,Indirect,"Our company sources components from China, Thailand, and Malaysia and assembles electronic switches (HS 8536.50) in Singapore for export to Australia. Can we claim Singapore origin under AANZFTA, and ",,301012.21,10044.37,200,Stream interrupted – chunked stream closed early (server/proxy/load)
2026-05-04T17:58:45.147612,300,load,Indirect,"We export organic fertiliser (HS 3101) from Singapore to New Zealand. Under CPTPP, what are the rules of origin and any product-specific requirements we must meet?",,301011.73,10046.2,200,Stream interrupted – chunked stream closed early (server/proxy/load)
2026-05-04T17:58:45.368211,300,load,Direct,Could you help me identify if my product with HS code 4415.10.01 is eligible for tariff concessions for export to Mexico from Singapore?,,301005.99,10036.09,200,Stream interrupted – chunked stream closed early (server/proxy/load)
2026-05-04T17:58:46.076723,300,load,Indirect,I import machinery parts from Japan to Singapore and would like to re-export to India. The HS code of the machinery parts are 8401.10. Am I eligible for any FTAs?,,301000.69,10051.28,200,Stream interrupted – chunked stream closed early (server/proxy/load)
2026-05-04T17:58:46.362386,300,load,Indirect,"If we import under ASEAN-China FTA and re-export to Japan under RCEP with minimal repackaging in Singapore, can we use a back-to-back certificate, and what are the conditions and time limits?",,301007.95,10039.08,200,Stream interrupted – chunked stream closed early (server/proxy/load)
2026-05-04T17:58:47.372809,300,load,Direct,Could you help me identify if my product with HS code 4415.10.01 is eligible for tariff concessions for export to Mexico from Singapore?,,301015.43,10046.45,200,Stream interrupted – chunked stream closed early (server/proxy/load)
2026-05-04T17:58:48.365843,300,load,Indirect,I import brooms with HS code 9603.10.20 from China to Singapore and would like to re-export to Malaysia. Am I eligible for any FTAs?,,301006.88,10041.57,200,Stream interrupted – chunked stream closed early (server/proxy/load)
2026-05-04T17:58:49.079351,300,load,Indirect,"If our PCO application is rejected by Singapore Customs due to insufficient supporting documents, what can we do to rectify and reapply, and how long does the appeal or correction process take?",,301015.83,10049.84,200,Stream interrupted – chunked stream closed early (server/proxy/load)
2026-05-04T17:58:49.378489,300,load,Indirect,"We have an existing PCO but the importer says the HS code on the certificate does not match their customs declaration. How do we correct or reissue the certificate, and will it affect the validity per",,301010.62,10037.07,200,Stream interrupted – chunked stream closed early (server/proxy/load)
2026-05-04T17:58:50.392011,300,load,Direct,Can I use the UK-Singapore FTA for exporting machinery parts (HS 8483.40) to the United Kingdom?,,301005.62,10040.02,200,Stream interrupted – chunked stream closed early (server/proxy/load)
2026-05-04T17:58:51.414750,300,load,Indirect,How do I qualify for preferential treatment under the ATIGA for my export of water pumps with HS code 8413.20.90 from Singapore to Indonesia?,,301003.74,10044.14,200,Stream interrupted – chunked stream closed early (server/proxy/load)
2026-05-04T17:58:52.413051,300,load,Direct,I am exporting steel forgings of gear boxes with HS code 8708.40.75.70 from China to the US. What tariffs apply?,,301025.13,10095.09,200,Stream interrupted – chunked stream closed early (server/proxy/load)
2026-05-04T17:58:53.446871,300,load,Indirect,Can we ship goods directly from China to Indonesia with a Singapore invoice and still claim ACFTA preference?,,301008.63,10052.84,200,Stream interrupted – chunked stream closed early (server/proxy/load)
2026-05-04T17:58:54.094649,300,load,Indirect,"We import raw cocoa (HS 1801) from Ghana, process it into chocolate (HS 1806) in Singapore, and export to Japan. How do we prove substantial transformation and claim preference under RCEP?",,301006.36,10052.07,200,Stream interrupted – chunked stream closed early (server/proxy/load)
2026-05-04T17:58:54.351585,300,load,Indirect,I want to import semiconductor integrated circuits from South Korea to Singapore and intend to re-export them to Vietnam. The HS code is 8542.31. Am I eligible for any FTAs?,,300996.25,10046.23,200,Stream interrupted – chunked stream closed early (server/proxy/load)
2026-05-04T17:58:54.420258,300,load,Indirect,"We import headphones (HS 8518.30.10) from China and sell to Vietnam. Can CPTPP preferences ever apply, and what proof would be required?",,301019.76,10038.39,200,Stream interrupted – chunked stream closed early (server/proxy/load)
2026-05-04T17:58:56.449186,300,load,Indirect,"For shipments from Singapore to Australia with goods sourced from Japan and Korea, what are the steps to claim AANZFTA or RCEP preferences?",,301010.46,10035.03,200,Stream interrupted – chunked stream closed early (server/proxy/load)
2026-05-04T17:58:57.277079,300,load,Indirect,"We import wine (HS 2204) from Australia under the Singapore-Australia FTA and store it in a bonded warehouse. When we re-export to Japan, can we claim preference under RCEP or CPTPP, and what evidence",,301002.55,10047.53,200,Stream interrupted – chunked stream closed early (server/proxy/load)
2026-05-04T17:58:57.423077,300,load,Indirect,"We export organic fertiliser (HS 3101) from Singapore to New Zealand. Under CPTPP, what are the rules of origin and any product-specific requirements we must meet?",,301009.78,10039.36,200,Stream interrupted – chunked stream closed early (server/proxy/load)
2026-05-04T17:58:58.446159,300,load,Direct,How do I identify appropriate HS codes and market requirements for exporting headphones to the Philippines?,,301004.18,10046.56,200,Stream interrupted – chunked stream closed early (server/proxy/load)
2026-05-04T17:58:59.474758,300,load,Direct,Which Free Trade Agreements (FTAs) can I utilise when exporting umbrellas (HS Code: 6601.99.00.03) from Singapore to Australia?,,301007.4,10036.53,200,Stream interrupted – chunked stream closed early (server/proxy/load)
2026-05-04T17:59:00.441049,300,load,Indirect,"For goods that qualify under both ATIGA and RCEP when exporting from Singapore to Thailand, how do we choose which FTA to use, and can we switch between them for different shipments of the same produc",,300996.36,10033.25,200,Stream interrupted – chunked stream closed early (server/proxy/load)
2026-05-04T17:59:01.505087,300,load,Indirect,"We plan to bring microprocessors (HS 8542.31) from Japan into Singapore for consolidation, then ship them to Indonesia. Can we claim preferential tariff treatment on the Indonesia leg?",,301009.05,10035.43,200,Stream interrupted – chunked stream closed early (server/proxy/load)
2026-05-04T17:59:02.512811,300,load,Direct,I am importing blowers under 125kW from China to Singapore. I don't know the HS code of my product. Could you provide some suggestions?,,301018.81,10423.91,200,Stream interrupted – chunked stream closed early (server/proxy/load)
2026-05-04T17:59:03.634182,300,load,Indirect,I want to import semiconductor integrated circuits from South Korea to Singapore and intend to re-export them to Vietnam. The HS code is 8542.31. Am I eligible for any FTAs?,,301020.63,10075.81,200,Stream interrupted – chunked stream closed early (server/proxy/load)
2026-05-04T17:59:04.451570,300,load,Direct,I want to export medicinal herbs (HS 1211.90) from Singapore to the EU. Which agreement applies?,,301016.74,10051.15,200,Stream interrupted – chunked stream closed early (server/proxy/load)
2026-05-04T17:59:04.477061,300,load,Indirect,"We have a back-to-back PCO under RCEP for goods from Japan. The buyer in Indonesia wants to split the shipment into two consignments over two months. Is the original PCO still valid, and what do we ne",,301009.15,10040.43,200,Stream interrupted – chunked stream closed early (server/proxy/load)
2026-05-04T17:59:05.488678,300,load,Indirect,"We import wine (HS 2204) from Australia under the Singapore-Australia FTA and store it in a bonded warehouse. When we re-export to Japan, can we claim preference under RCEP or CPTPP, and what evidence",,301009.96,10039.74,200,Stream interrupted – chunked stream closed early (server/proxy/load)
2026-05-04T17:59:06.501978,300,load,Indirect,We import Korean cosmetics (HS 3304) under RCEP into Singapore and re-export to Japan with no further processing. Can we apply for a back-to-back RCEP certificate?,,301004.26,10039.61,200,Stream interrupted – chunked stream closed early (server/proxy/load)
2026-05-04T17:59:07.493309,300,load,Indirect,"We import cotton fabric (HS 5208) from India into Singapore, dye and cut it here, then export garments to the EU. How do we determine origin under RCEP and EU-Singapore FTA, and what documentation do ",,300996.92,10040.9,200,Stream interrupted – chunked stream closed early (server/proxy/load)
2026-05-04T17:59:08.496711,300,load,Indirect,"We received a request from Indonesian customs to verify our ATIGA PCO. What is the process for Singapore exporters, what documents must we provide, and what is the typical timeline?",,301005.56,10057.21,200,Stream interrupted – chunked stream closed early (server/proxy/load)
2026-05-04T17:59:09.458270,300,load,Indirect,"What are the steps and timelines to apply for a PCO under the Digital Economy Agreement between Singapore and Australia, and how does it differ from the standard goods FTA process?",,301015.62,10051.31,200,Stream interrupted – chunked stream closed early (server/proxy/load)
2026-05-04T17:59:09.565894,300,load,Indirect,"If we import under ASEAN-China FTA and re-export to Japan under RCEP with minimal repackaging in Singapore, can we use a back-to-back certificate, and what are the conditions and time limits?",,301021.07,10236.15,200,Stream interrupted – chunked stream closed early (server/proxy/load)
2026-05-04T17:59:10.528796,300,load,Indirect,"We are considering moving some production from China to Singapore to benefit from FTAs. For electronics (HS 8517), what origin criteria apply under RCEP and CPTPP, and what percentage of value must be",,301014.59,10065.61,200,Stream interrupted – chunked stream closed early (server/proxy/load)
2026-05-04T17:59:11.576718,300,load,Indirect,"We export organic fertiliser (HS 3101) from Singapore to New Zealand. Under CPTPP, what are the rules of origin and any product-specific requirements we must meet?",,301021.72,10047.59,200,Stream interrupted – chunked stream closed early (server/proxy/load)
2026-05-04T17:59:11.981041,300,load,Indirect,"We export organic fertiliser (HS 3101) from Singapore to New Zealand. Under CPTPP, what are the rules of origin and any product-specific requirements we must meet?",,301004.33,10049.69,200,Stream interrupted – chunked stream closed early (server/proxy/load)
2026-05-04T17:59:12.974867,300,load,Indirect,We import fresh mangoes (HS 0804.50) from Indonesia into Singapore and plan to re-export them to the Philippines. Can we request a back-to-back PCO under ATIGA?,,301015.98,10129.28,200,Stream interrupted – chunked stream closed early (server/proxy/load)
2026-05-04T17:59:13.036874,300,load,Direct,Could you help me identify if my product with HS code 4415.10.01 is eligible for tariff concessions for export to Mexico from Singapore?,,301015.06,10048.06,200,Stream interrupted – chunked stream closed early (server/proxy/load)
2026-05-04T17:59:14.363327,300,load,Indirect,How do I qualify for preferential treatment under the ATIGA for my export of water pumps with HS code 8413.20.90 from Singapore to Indonesia?,,301005.7,10050.15,200,Stream interrupted – chunked stream closed early (server/proxy/load)
2026-05-04T17:59:14.563015,300,load,Indirect,"We consolidate shipments from multiple ASEAN countries in Singapore and then send them to Australia. Can we obtain a single certificate covering the whole consignment, or do we need separate origin do",,301005.2,10043.56,200,Stream interrupted – chunked stream closed early (server/proxy/load)
2026-05-04T17:59:15.569156,300,load,Indirect,"We import wine (HS 2204) from Australia under the Singapore-Australia FTA and store it in a bonded warehouse. When we re-export to Japan, can we claim preference under RCEP or CPTPP, and what evidence",,301002.85,10041.6,200,Stream interrupted – chunked stream closed early (server/proxy/load)
2026-05-04T17:59:16.633102,300,load,Direct,I would like to export my product of HS 4819.60 from Singapore to India. What is the duty rate and what FTAs can I leverage?,,301026.35,10035.57,200,Stream interrupted – chunked stream closed early (server/proxy/load)
2026-05-04T17:59:17.592137,300,load,Direct,Could you help me identify if my product with HS code 4415.10.01 is eligible for tariff concessions for export to Mexico from Singapore?,,300999.82,10037.62,200,Stream interrupted – chunked stream closed early (server/proxy/load)
2026-05-04T17:59:18.625458,300,load,Direct,Which official sources provide documentation or certification showing that companies from certain countries are eligible to participate in Singapore government procurement under specific agreements?,,301016.05,10036.2,200,Stream interrupted – chunked stream closed early (server/proxy/load)
2026-05-04T17:59:19.779125,300,load,Indirect,I want to import semiconductor integrated circuits from South Korea to Singapore and intend to re-export them to Vietnam. The HS code is 8542.31. Am I eligible for any FTAs?,,301002.18,10049.41,200,Stream interrupted – chunked stream closed early (server/proxy/load)
2026-05-04T17:59:19.879681,300,load,Indirect,"For machinery (HS 8479) assembled in Singapore from US and German parts, what are the rules of origin under the EU-Singapore FTA and UK-Singapore FTA, and how do we calculate and document RVC?",,301017.43,10035.87,200,Stream interrupted – chunked stream closed early (server/proxy/load)
2026-05-04T17:59:20.628105,300,load,Indirect,"We consolidate shipments from multiple ASEAN countries in Singapore and then send them to Australia. Can we obtain a single certificate covering the whole consignment, or do we need separate origin do",,301006.76,10039.22,200,Stream interrupted – chunked stream closed early (server/proxy/load)
2026-05-04T17:59:20.801996,300,load,Indirect,"We received a request from Indonesian customs to verify our ATIGA PCO. What is the process for Singapore exporters, what documents must we provide, and what is the typical timeline?",,300998.23,10047.51,200,Stream interrupted – chunked stream closed early (server/proxy/load)
2026-05-04T17:59:22.002668,300,load,Direct,How do I check if my product qualifies for zero tariff under RCEP?,,301007.81,10057.69,200,Stream interrupted – chunked stream closed early (server/proxy/load)
2026-05-04T17:59:22.651985,300,load,Indirect,Can we ship goods directly from China to Indonesia with a Singapore invoice and still claim ACFTA preference?,,301004.24,10038.42,200,Stream interrupted – chunked stream closed early (server/proxy/load)
2026-05-04T17:59:22.913082,300,load,Direct,I am exporting T-Shirt with HS code 6109.10.10 from Singapore to Thailand. What FTAs would be beneficial for my export?,,301020.94,10051.53,200,Stream interrupted – chunked stream closed early (server/proxy/load)
2026-05-04T17:59:23.697097,300,load,Indirect,"We import wine (HS 2204) from Australia under the Singapore-Australia FTA and store it in a bonded warehouse. When we re-export to Japan, can we claim preference under RCEP or CPTPP, and what evidence",,301027.78,10041.89,200,Stream interrupted – chunked stream closed early (server/proxy/load)
2026-05-04T17:59:24.068205,300,load,Indirect,"We consolidate shipments from multiple ASEAN countries in Singapore and then send them to Australia. Can we obtain a single certificate covering the whole consignment, or do we need separate origin do","I notice you've asked multiple questions at once. To provide you with the most accurate and comprehensive information, I'd like to address your requests one at a time. 

Let me clarify what I understand you're asking about:

1. **Rules of Origin for machinery (HS 8479)** assembled in Singapore from US and German parts under:
   - EU-Singapore FTA
   - UK-Singapore FTA
   - Including RVC calculation and documentation requirements

2. **Consolidation of shipments** from multiple ASEAN countries th",217107.53,10131.16,200,Success
2026-05-04T17:59:25.673914,300,load,Indirect,"We ship from Singapore to multiple ASEAN countries (Indonesia, Philippines, Vietnam) under ATIGA. Do we need one PCO per destination or one for the whole order, and what are the declaration requiremen",,301005.21,10039.99,200,Stream interrupted – chunked stream closed early (server/proxy/load)
2026-05-04T17:59:26.720530,300,load,Indirect,Which Free Trade Agreements (FTAs) can I utilise when exporting compact disks (HS Code: 8523.41.10) from Singapore to Indonesia?,,301014.68,10044.29,200,Stream interrupted – chunked stream closed early (server/proxy/load)
2026-05-04T17:59:27.680132,300,load,Indirect,"We import cotton fabric (HS 5208) from India into Singapore, dye and cut it here, then export garments to the EU. How do we determine origin under RCEP and EU-Singapore FTA, and what documentation do ",,301000.32,10044.04,200,Stream interrupted – chunked stream closed early (server/proxy/load)
2026-05-04T17:59:28.696100,300,load,Indirect,"We assemble vacuum cleaners (HS Code 8508.19.10) in Singapore from Chinese parts and export to Indonesia. Does simple assembly confer Singapore origin, or should we apply for a back-to-back PCO instea",,301015.38,10044.56,200,Stream interrupted – chunked stream closed early (server/proxy/load)
2026-05-04T17:59:29.719617,300,load,Indirect,"We are considering moving some production from China to Singapore to benefit from FTAs. For electronics (HS 8517), what origin criteria apply under RCEP and CPTPP, and what percentage of value must be",,301006.51,10046.63,200,Stream interrupted – chunked stream closed early (server/proxy/load)
2026-05-04T17:59:30.721149,300,load,Direct,Where can I find the rules of origin for my product under the Singapore-Australia FTA?,,301000.37,10041.67,200,Stream interrupted – chunked stream closed early (server/proxy/load)
2026-05-04T17:59:31.166392,300,load,Indirect,Which Free Trade Agreements (FTAs) can I utilise when exporting compact disks (HS Code: 8523.41.10) from Singapore to Indonesia?,,301016.2,10069.45,200,Stream interrupted – chunked stream closed early (server/proxy/load)
2026-05-04T17:59:31.759904,300,load,Indirect,"We import wine (HS 2204) from Australia under the Singapore-Australia FTA and store it in a bonded warehouse. When we re-export to Japan, can we claim preference under RCEP or CPTPP, and what evidence",,301011.89,10044.09,200,Stream interrupted – chunked stream closed early (server/proxy/load)
2026-05-04T17:59:32.754363,300,load,Indirect,We import Korean cosmetics (HS 3304) under RCEP into Singapore and re-export to Japan with no further processing. Can we apply for a back-to-back RCEP certificate?,,301019.19,10035.0,200,Stream interrupted – chunked stream closed early (server/proxy/load)
2026-05-04T17:59:33.762305,300,load,Indirect,"We assemble vacuum cleaners (HS Code 8508.19.10) in Singapore from Chinese parts and export to Indonesia. Does simple assembly confer Singapore origin, or should we apply for a back-to-back PCO instea",,301016.57,10042.46,200,Stream interrupted – chunked stream closed early (server/proxy/load)
2026-05-04T17:59:34.764949,300,load,Direct,I am exporting 3305.20 from Japan to the US. Are there any additional tariffs?,,301004.33,10040.57,200,Stream interrupted – chunked stream closed early (server/proxy/load)
2026-05-04T17:59:35.778567,300,load,Indirect,"For shipments from Singapore to Australia with goods sourced from Japan and Korea, what are the steps to claim AANZFTA or RCEP preferences?",,301014.97,10087.97,200,Stream interrupted – chunked stream closed early (server/proxy/load)
2026-05-04T17:59:36.821034,300,load,Direct,"My company exports an energy resource with HS code 2710.12.18.05 from Mexico to the US, will there be additional tariffs?",,301005.54,10044.76,200,Stream interrupted – chunked stream closed early (server/proxy/load)
2026-05-04T17:59:37.813975,300,load,Indirect,We import fresh mangoes (HS 0804.50) from Indonesia into Singapore and plan to re-export them to the Philippines. Can we request a back-to-back PCO under ATIGA?,,301019.74,10085.66,200,Stream interrupted – chunked stream closed early (server/proxy/load)
2026-05-04T17:59:38.799613,300,load,Direct,How do I check if my product qualifies for zero tariff under RCEP?,,300997.67,10177.0,200,Stream interrupted – chunked stream closed early (server/proxy/load)
2026-05-04T17:59:39.811078,300,load,Indirect,"We received a request from Indonesian customs to verify our ATIGA PCO. What is the process for Singapore exporters, what documents must we provide, and what is the typical timeline?",,301000.84,10040.56,200,Stream interrupted – chunked stream closed early (server/proxy/load)
2026-05-04T17:59:39.864615,300,load,Indirect,I would like to leverage the AKFTA FTA for my export of 1701.12.20 from Singapore to South Korea. What is a PCO and how do I apply for it?,,301002.14,10051.14,200,Stream interrupted – chunked stream closed early (server/proxy/load)
2026-05-04T17:59:40.879081,300,load,Indirect,"We consolidate shipments from multiple ASEAN countries in Singapore and then send them to Australia. Can we obtain a single certificate covering the whole consignment, or do we need separate origin do",,301031.26,10038.01,200,Stream interrupted – chunked stream closed early (server/proxy/load)
2026-05-04T17:59:41.866802,300,load,Direct,"Does Singapore have an FTA with Turkey? If yes, what is the tariff for exporting textiles (HS 5407)?",,301011.41,10040.76,200,Stream interrupted – chunked stream closed early (server/proxy/load)
2026-05-04T17:59:42.161663,300,load,Indirect,"We import headphones (HS 8518.30.10) from China and sell to Vietnam. Can CPTPP preferences ever apply, and what proof would be required?",,301023.2,10047.88,200,Stream interrupted – chunked stream closed early (server/proxy/load)
2026-05-04T17:59:42.840958,300,load,Direct,Can I use the UK-Singapore FTA for exporting machinery parts (HS 8483.40) to the United Kingdom?,,301006.41,10038.97,200,Stream interrupted – chunked stream closed early (server/proxy/load)
2026-05-04T17:59:43.676645,300,load,Indirect,"For goods that qualify under both ATIGA and RCEP when exporting from Singapore to Thailand, how do we choose which FTA to use, and can we switch between them for different shipments of the same produc",,301014.31,10059.51,200,Stream interrupted – chunked stream closed early (server/proxy/load)
2026-05-04T17:59:43.856532,300,load,Indirect,"We import headphones (HS 8518.30.10) from China and sell to Vietnam. Can CPTPP preferences ever apply, and what proof would be required?",,301013.93,10035.99,200,Stream interrupted – chunked stream closed early (server/proxy/load)
2026-05-04T17:59:45.900858,300,load,Indirect,"We assemble vacuum cleaners (HS Code 8508.19.10) in Singapore from Chinese parts and export to Indonesia. Does simple assembly confer Singapore origin, or should we apply for a back-to-back PCO instea",,301009.33,10040.76,200,Stream interrupted – chunked stream closed early (server/proxy/load)
2026-05-04T17:59:46.930632,300,load,Direct,Are there any tariffs for the import of fresh apples with HS code 0808.10.00.45 into the US from Canada?,,301018.93,10038.48,200,Stream interrupted – chunked stream closed early (server/proxy/load)
2026-05-04T17:59:47.814471,300,load,Indirect,"We are considering moving some production from China to Singapore to benefit from FTAs. For electronics (HS 8517), what origin criteria apply under RCEP and CPTPP, and what percentage of value must be",,301023.79,10065.94,200,Stream interrupted – chunked stream closed early (server/proxy/load)
2026-05-04T17:59:47.884886,300,load,Indirect,"What are the steps and timelines to apply for a PCO under the Digital Economy Agreement between Singapore and Australia, and how does it differ from the standard goods FTA process?",,301008.98,10079.44,200,Stream interrupted – chunked stream closed early (server/proxy/load)
2026-05-04T17:59:48.027488,300,load,Indirect,"We import headphones (HS 8518.30.10) from China and sell to Vietnam. Can CPTPP preferences ever apply, and what proof would be required?",,301003.73,10051.4,200,Stream interrupted – chunked stream closed early (server/proxy/load)
2026-05-04T17:59:48.688638,300,load,Indirect,"If we import under ASEAN-China FTA and re-export to Japan under RCEP with minimal repackaging in Singapore, can we use a back-to-back certificate, and what are the conditions and time limits?",,301026.18,10135.0,200,Stream interrupted – chunked stream closed early (server/proxy/load)
2026-05-04T17:59:48.890107,300,load,Indirect,"We import raw cocoa (HS 1801) from Ghana, process it into chocolate (HS 1806) in Singapore, and export to Japan. How do we prove substantial transformation and claim preference under RCEP?",,301002.7,10038.47,200,Stream interrupted – chunked stream closed early (server/proxy/load)
2026-05-04T17:59:49.909050,300,load,Indirect,"We received a request from Indonesian customs to verify our ATIGA PCO. What is the process for Singapore exporters, what documents must we provide, and what is the typical timeline?",,301008.34,10040.7,200,Stream interrupted – chunked stream closed early (server/proxy/load)
2026-05-04T17:59:50.899621,300,load,Indirect,I import brooms with HS code 9603.10.20 from China to Singapore and would like to re-export to Malaysia. Am I eligible for any FTAs?,,300998.19,10047.34,200,Stream interrupted – chunked stream closed early (server/proxy/load)
2026-05-04T17:59:52.935575,300,load,Indirect,"Our goods qualify under both RCEP and ATIGA for export to Thailand. Which agreement should we use for the PCO, and does it affect how we complete the origin declaration?",,301021.35,10040.99,200,Stream interrupted – chunked stream closed early (server/proxy/load)
2026-05-04T17:59:53.937932,300,load,Direct,Which FTA gives the best tariff for exporting solar panels (HS 8541.40) from Singapore to Japan?,,301009.61,10041.5,200,Stream interrupted – chunked stream closed early (server/proxy/load)
2026-05-04T17:59:54.928119,300,load,Indirect,"For machinery (HS 8479) assembled in Singapore from US and German parts, what are the rules of origin under the EU-Singapore FTA and UK-Singapore FTA, and how do we calculate and document RVC?",,301000.58,10058.71,200,Stream interrupted – chunked stream closed early (server/proxy/load)
2026-05-04T17:59:55.949150,300,load,Direct,"What is the validity period of back-to-back COs issued by Singapore Customs, and can validity be extended?",,301007.47,10040.45,200,Stream interrupted – chunked stream closed early (server/proxy/load)
2026-05-04T17:59:56.999835,300,load,Indirect,Can we ship goods directly from China to Indonesia with a Singapore invoice and still claim ACFTA preference?,,301010.86,10041.35,200,Stream interrupted – chunked stream closed early (server/proxy/load)
2026-05-04T17:59:57.983389,300,load,Indirect,"We export organic fertiliser (HS 3101) from Singapore to New Zealand. Under CPTPP, what are the rules of origin and any product-specific requirements we must meet?",,301002.8,10046.31,200,Stream interrupted – chunked stream closed early (server/proxy/load)
2026-05-04T17:59:58.994097,300,load,Indirect,"We are considering moving some production from China to Singapore to benefit from FTAs. For electronics (HS 8517), what origin criteria apply under RCEP and CPTPP, and what percentage of value must be",,301007.43,10042.28,200,Stream interrupted – chunked stream closed early (server/proxy/load)
2026-05-04T17:59:59.157219,300,load,Direct,I am exporting fruits with HS code 0811.10.00.50 from Thailand to the US. What tariffs apply?,,301026.5,10060.94,200,Stream interrupted – chunked stream closed early (server/proxy/load)
2026-05-04T18:00:00.043827,300,load,Indirect,"We assemble vacuum cleaners (HS Code 8508.19.10) in Singapore from Chinese parts and export to Indonesia. Does simple assembly confer Singapore origin, or should we apply for a back-to-back PCO instea",,301035.16,10056.41,200,Stream interrupted – chunked stream closed early (server/proxy/load)
2026-05-04T18:00:00.045874,300,load,Indirect,"If our PCO application is rejected by Singapore Customs due to insufficient supporting documents, what can we do to rectify and reapply, and how long does the appeal or correction process take?",,301007.82,10050.87,200,Stream interrupted – chunked stream closed early (server/proxy/load)
2026-05-04T18:00:01.119459,300,load,Indirect,I want to import semiconductor integrated circuits from South Korea to Singapore and intend to re-export them to Vietnam. The HS code is 8542.31. Am I eligible for any FTAs?,,301013.29,10063.06,200,Stream interrupted – chunked stream closed early (server/proxy/load)
2026-05-04T18:00:02.135653,300,load,Direct,I am exporting rubber gloves (HS 4015.19) from Singapore to Malaysia. Which FTA applies?,,301019.68,10092.9,200,Stream interrupted – chunked stream closed early (server/proxy/load)
2026-05-04T18:00:03.108436,300,load,Indirect,"We export organic fertiliser (HS 3101) from Singapore to New Zealand. Under CPTPP, what are the rules of origin and any product-specific requirements we must meet?",,301009.98,10491.22,200,Stream interrupted – chunked stream closed early (server/proxy/load)
2026-05-04T18:00:04.056804,300,load,Indirect,"For machinery (HS 8479) assembled in Singapore from US and German parts, what are the rules of origin under the EU-Singapore FTA and UK-Singapore FTA, and how do we calculate and document RVC?",,301011.88,10043.33,200,Stream interrupted – chunked stream closed early (server/proxy/load)
2026-05-04T18:00:05.052580,300,load,Indirect,"We consolidate shipments from multiple ASEAN countries in Singapore and then send them to Australia. Can we obtain a single certificate covering the whole consignment, or do we need separate origin do",,300999.9,10036.66,200,Stream interrupted – chunked stream closed early (server/proxy/load)
2026-05-04T18:00:06.092435,300,load,Direct,What is the difference between a Certificate of Origin and a Preferential Certificate of Origin?,,301017.12,10042.77,200,Stream interrupted – chunked stream closed early (server/proxy/load)
2026-05-04T18:00:07.212278,300,load,Direct,Which Free Trade Agreements (FTAs) can I utilise when exporting umbrellas (HS Code: 6601.99.00.03) from Singapore to Australia?,,301017.3,10039.91,200,Stream interrupted – chunked stream closed early (server/proxy/load)
2026-05-04T18:00:07.670270,300,load,Indirect,Can we ship goods directly from China to Indonesia with a Singapore invoice and still claim ACFTA preference?,,301000.72,10052.29,200,Stream interrupted – chunked stream closed early (server/proxy/load)
2026-05-04T18:00:08.058438,300,load,Direct,I am exporting fruits with HS code 0811.10.00.50 from Thailand to the US. What tariffs apply?,,301002.97,10045.88,200,Stream interrupted – chunked stream closed early (server/proxy/load)
2026-05-04T18:00:09.095131,300,load,Indirect,"We import headphones (HS 8518.30.10) from China and sell to Vietnam. Can CPTPP preferences ever apply, and what proof would be required?",,301017.89,10039.05,200,Stream interrupted – chunked stream closed early (server/proxy/load)
2026-05-04T18:00:09.894926,300,load,Direct,I would like to export my product of HS 4819.60 from Singapore to India. What is the duty rate and what FTAs can I leverage?,,301018.73,10057.64,200,Stream interrupted – chunked stream closed early (server/proxy/load)
2026-05-04T18:00:10.095638,300,load,Indirect,"We have a back-to-back PCO under RCEP for goods from Japan. The buyer in Indonesia wants to split the shipment into two consignments over two months. Is the original PCO still valid, and what do we ne",,301020.18,10041.85,200,Stream interrupted – chunked stream closed early (server/proxy/load)
2026-05-04T18:00:11.154626,300,load,Direct,"Does Singapore have an FTA with Turkey? If yes, what is the tariff for exporting textiles (HS 5407)?",,301008.42,10039.14,200,Stream interrupted – chunked stream closed early (server/proxy/load)
2026-05-04T18:00:11.281909,300,load,Direct,What is the process to revise or correct a Manufacturing Cost Statement that has already been submitted?,,301007.3,10046.89,200,Stream interrupted – chunked stream closed early (server/proxy/load)
2026-05-04T18:00:12.122519,300,load,Indirect,"For goods that qualify under both ATIGA and RCEP when exporting from Singapore to Thailand, how do we choose which FTA to use, and can we switch between them for different shipments of the same produc",,301014.03,10038.96,200,Stream interrupted – chunked stream closed early (server/proxy/load)
2026-05-04T18:00:12.877781,300,load,Indirect,"We are considering moving some production from China to Singapore to benefit from FTAs. For electronics (HS 8517), what origin criteria apply under RCEP and CPTPP, and what percentage of value must be",,301010.82,10054.49,200,Stream interrupted – chunked stream closed early (server/proxy/load)
2026-05-04T18:00:13.097814,300,load,Indirect,"If I import products from South Korea into Singapore, store them in Singapore, and then export them to Vietnam. Is there any FTA I can use to obtain duty savings on import into Vietnam?",,301006.88,10039.08,200,Stream interrupted – chunked stream closed early (server/proxy/load)
2026-05-04T18:00:14.102055,300,load,Indirect,"If our PCO application is rejected by Singapore Customs due to insufficient supporting documents, what can we do to rectify and reapply, and how long does the appeal or correction process take?",,301002.03,10038.17,200,Stream interrupted – chunked stream closed early (server/proxy/load)
2026-05-04T18:00:15.102313,300,load,Indirect,"We consolidate shipments from multiple ASEAN countries in Singapore and then send them to Australia. Can we obtain a single certificate covering the whole consignment, or do we need separate origin do",,300997.82,10035.11,200,Stream interrupted – chunked stream closed early (server/proxy/load)
2026-05-04T18:00:16.126711,300,load,Indirect,"We import raw cocoa (HS 1801) from Ghana, process it into chocolate (HS 1806) in Singapore, and export to Japan. How do we prove substantial transformation and claim preference under RCEP?",,301016.65,10066.97,200,Stream interrupted – chunked stream closed early (server/proxy/load)
2026-05-04T18:00:17.169369,300,load,Direct,I would like to export beet sugar with HS code 1701.12 from Singapore to either Laos or New Zealand. What FTAs can I leverage?,,301006.73,10045.43,200,Stream interrupted – chunked stream closed early (server/proxy/load)
2026-05-04T18:00:18.153160,300,load,Indirect,"We import raw cocoa (HS 1801) from Ghana, process it into chocolate (HS 1806) in Singapore, and export to Japan. How do we prove substantial transformation and claim preference under RCEP?",,301019.0,10040.47,200,Stream interrupted – chunked stream closed early (server/proxy/load)
2026-05-04T18:00:19.154396,300,load,Indirect,I want to import semiconductor integrated circuits from South Korea to Singapore and intend to re-export them to Vietnam. The HS code is 8542.31. Am I eligible for any FTAs?,,301009.18,10040.63,200,Stream interrupted – chunked stream closed early (server/proxy/load)
2026-05-04T18:00:20.162575,300,load,Direct,What is the process to revise or correct a Manufacturing Cost Statement that has already been submitted?,,301018.6,10038.48,200,Stream interrupted – chunked stream closed early (server/proxy/load)
2026-05-04T18:00:21.189397,300,load,Direct,I am exporting T-Shirt with HS code 6109.10.10 from Singapore to Thailand. What FTAs would be beneficial for my export?,,301006.14,10040.06,200,Stream interrupted – chunked stream closed early (server/proxy/load)
2026-05-04T18:00:22.222207,300,load,Indirect,"Our company sources components from China, Thailand, and Malaysia and assembles electronic switches (HS 8536.50) in Singapore for export to Australia. Can we claim Singapore origin under AANZFTA, and ",,301003.63,10044.32,200,Stream interrupted – chunked stream closed early (server/proxy/load)
2026-05-04T18:00:23.188136,300,load,Indirect,"If we import under ASEAN-China FTA and re-export to Japan under RCEP with minimal repackaging in Singapore, can we use a back-to-back certificate, and what are the conditions and time limits?",,301006.35,10036.61,200,Stream interrupted – chunked stream closed early (server/proxy/load)
2026-05-04T18:00:24.246489,300,load,Indirect,Which Free Trade Agreements (FTAs) can I utilise when exporting compact disks (HS Code: 8523.41.10) from Singapore to Indonesia?,,301008.73,10038.65,200,Stream interrupted – chunked stream closed early (server/proxy/load)
2026-05-04T18:00:25.229811,300,load,Direct,I am exporting salmon with HS code 0303.11 from Norway to the US. What tariffs apply?,,301021.7,10038.88,200,Stream interrupted – chunked stream closed early (server/proxy/load)
2026-05-04T18:00:26.241842,300,load,Indirect,Which Free Trade Agreements (FTAs) can I utilise when exporting compact disks (HS Code: 8523.41.10) from Singapore to Indonesia?,,301013.91,10039.39,200,Stream interrupted – chunked stream closed early (server/proxy/load)
2026-05-04T18:00:26.540087,300,load,Indirect,"We have an existing PCO but the importer says the HS code on the certificate does not match their customs declaration. How do we correct or reissue the certificate, and will it affect the validity per",,301026.64,10048.52,200,Stream interrupted – chunked stream closed early (server/proxy/load)
2026-05-04T18:00:27.274847,300,load,Direct,I export wooden furniture (HS 9403.60) from Singapore to Australia. What is the duty rate under the relevant FTA?,,301005.62,10036.07,200,Stream interrupted – chunked stream closed early (server/proxy/load)
2026-05-04T18:00:28.251795,300,load,Indirect,We import Korean cosmetics (HS 3304) under RCEP into Singapore and re-export to Japan with no further processing. Can we apply for a back-to-back RCEP certificate?,,301002.96,10042.84,200,Stream interrupted – chunked stream closed early (server/proxy/load)
2026-05-04T18:00:29.266632,300,load,Direct,What is the process to revise or correct a Manufacturing Cost Statement that has already been submitted?,,301003.96,10043.09,200,Stream interrupted – chunked stream closed early (server/proxy/load)
2026-05-04T18:00:29.973008,300,load,Indirect,"We assemble vacuum cleaners (HS Code 8508.19.10) in Singapore from Chinese parts and export to Indonesia. Does simple assembly confer Singapore origin, or should we apply for a back-to-back PCO instea",,301000.58,10045.87,200,Stream interrupted – chunked stream closed early (server/proxy/load)
2026-05-04T18:00:30.257655,300,load,Indirect,"If I import products from South Korea into Singapore, store them in Singapore, and then export them to Vietnam. Is there any FTA I can use to obtain duty savings on import into Vietnam?",,301013.8,10042.77,200,Stream interrupted – chunked stream closed early (server/proxy/load)
2026-05-04T18:00:30.758675,300,load,Indirect,"If we import under ASEAN-China FTA and re-export to Japan under RCEP with minimal repackaging in Singapore, can we use a back-to-back certificate, and what are the conditions and time limits?",,300996.56,10048.79,200,Stream interrupted – chunked stream closed early (server/proxy/load)
2026-05-04T18:00:31.257136,300,load,Indirect,"We manufacture plastic containers (HS 3924) in Singapore using resin from Saudi Arabia and additives from Malaysia. How do we prove origin under ATIGA for export to Vietnam, and which FTA gives the be",,301009.53,10047.43,200,Stream interrupted – chunked stream closed early (server/proxy/load)
2026-05-04T18:00:31.907674,300,load,Indirect,"We have a back-to-back PCO under RCEP for goods from Japan. The buyer in Indonesia wants to split the shipment into two consignments over two months. Is the original PCO still valid, and what do we ne",,301010.79,10054.46,200,Stream interrupted – chunked stream closed early (server/proxy/load)
2026-05-04T18:00:32.287613,300,load,Indirect,"We have an existing PCO but the importer says the HS code on the certificate does not match their customs declaration. How do we correct or reissue the certificate, and will it affect the validity per",,301013.95,10045.16,200,Stream interrupted – chunked stream closed early (server/proxy/load)
2026-05-04T18:00:33.269171,300,load,Direct,Can a Singapore company apply for a PCO for goods manufactured in Malaysia and exported to Indonesia?,,301005.5,10035.71,200,Stream interrupted – chunked stream closed early (server/proxy/load)
2026-05-04T18:00:34.303018,300,load,Direct,I am exporting essential oils with HS code 3301.29.51.03 from France to the US. What tariffs apply?,,301007.42,10039.68,200,Stream interrupted – chunked stream closed early (server/proxy/load)
2026-05-04T18:00:35.286823,300,load,Direct,I would like to know more about the import duties for export from Singapore to US. HS code for my product is 9404.21.00.10. Estimated export value for each mattress is $150.,,301000.29,10047.46,200,Stream interrupted – chunked stream closed early (server/proxy/load)
2026-05-04T18:00:36.312675,300,load,Direct,I am exporting essential oils with HS code 3301.29.51.03 from France to the US. What tariffs apply?,,301004.39,10035.73,200,Stream interrupted – chunked stream closed early (server/proxy/load)
2026-05-04T18:00:37.347164,300,load,Direct,"Can a non-preferential Certificate of Origin be issued after shipment, and what evidence is required?",,301011.41,10035.19,200,Stream interrupted – chunked stream closed early (server/proxy/load)
2026-05-04T18:00:38.301300,300,load,Indirect,I would like to leverage the AKFTA FTA for my export of 1701.12.20 from Singapore to South Korea. What is a PCO and how do I apply for it?,,301010.62,10057.0,200,Stream interrupted – chunked stream closed early (server/proxy/load)
2026-05-04T18:00:38.322678,300,load,Indirect,I import machinery parts from Japan to Singapore and would like to re-export to India. The HS code of the machinery parts are 8401.10. Am I eligible for any FTAs?,,301005.87,10086.35,200,Stream interrupted – chunked stream closed early (server/proxy/load)
2026-05-04T18:00:39.345522,300,load,Direct,I am importing iron pipes with HS code 7303.00.00.30 from Malaysia to the US. What are the additional tariffs that apply?,,301007.0,10120.02,200,Stream interrupted – chunked stream closed early (server/proxy/load)
2026-05-04T18:00:40.366172,300,load,Indirect,I import brooms with HS code 9603.10.20 from China to Singapore and would like to re-export to Malaysia. Am I eligible for any FTAs?,,301016.38,10038.12,200,Stream interrupted – chunked stream closed early (server/proxy/load)
2026-05-04T18:00:41.375347,300,load,Direct,I am exporting 3305.20 from Japan to the US. Are there any additional tariffs?,,301007.33,10040.48,200,Stream interrupted – chunked stream closed early (server/proxy/load)
2026-05-04T18:00:42.385741,300,load,Direct,Are there any tariffs for the import of fresh apples with HS code 0808.10.00.45 into the US from Canada?,,301015.09,10033.56,200,Stream interrupted – chunked stream closed early (server/proxy/load)
2026-05-04T18:00:44.218892,300,load,Direct,"When forming a Japan–Singapore joint-venture apparel retailer, which FTAs, domestic laws, and compliance obligations need to be taken into account?","I am unable to retrieve sufficient information regarding this subject matter. For further guidance, please click on the 'Email' button on the bottom right corner of the screen to arrange for a call or a one-to-one advisory session. Our specialists can offer tailored insights based on your product and trade needs, and help you address any related queries or challenges.",209245.91,10057.92,200,Success
2026-05-04T18:00:49.957828,300,load,Direct,I would like to export beet sugar with HS code 1701.12 from Singapore to either Laos or New Zealand. What FTAs can I leverage?,,301017.78,10053.06,200,Stream interrupted – chunked stream closed early (server/proxy/load)
2026-05-04T18:00:50.156486,300,load,Direct,I am exporting umbrella parts with HS code 6603.90.41 from Brazil to the US. What are the additional tariffs?,,301016.42,10051.86,200,Stream interrupted – chunked stream closed early (server/proxy/load)
2026-05-04T18:00:50.750060,300,load,Direct,I am exporting umbrella parts with HS code 6603.90.41 from Brazil to the US. What are the additional tariffs?,,301017.51,10046.5,200,Stream interrupted – chunked stream closed early (server/proxy/load)
2026-05-04T18:00:57.651451,300,load,Indirect,I import meat with HS code 0201.30.01 from Australia to Singapore and re-export to Japan. Am I eligible for preferential tariffs?,,301007.14,10045.3,200,Stream interrupted – chunked stream closed early (server/proxy/load)
2026-05-04T18:00:58.001298,300,load,Indirect,"If I import products from South Korea into Singapore, store them in Singapore, and then export them to Vietnam. Is there any FTA I can use to obtain duty savings on import into Vietnam?",,301000.02,10061.82,200,Stream interrupted – chunked stream closed early (server/proxy/load)
2026-05-04T18:01:08.490004,300,load,Indirect,"We import cotton fabric (HS 5208) from India into Singapore, dye and cut it here, then export garments to the EU. How do we determine origin under RCEP and EU-Singapore FTA, and what documentation do ",,301007.55,10055.34,200,Stream interrupted – chunked stream closed early (server/proxy/load)
2026-05-04T18:01:10.776678,300,load,Indirect,"We import headphones (HS 8518.30.10) from China and sell to Vietnam. Can CPTPP preferences ever apply, and what proof would be required?",,301092.68,10125.83,200,Stream interrupted – chunked stream closed early (server/proxy/load)
2026-05-04T18:01:13.189413,300,load,Direct,I am importing blowers under 125kW from China to Singapore. I don't know the HS code of my product. Could you provide some suggestions?,,301030.57,10077.71,200,Stream interrupted – chunked stream closed early (server/proxy/load)
2026-05-04T18:01:14.096284,300,load,Indirect,We import fresh mangoes (HS 0804.50) from Indonesia into Singapore and plan to re-export them to the Philippines. Can we request a back-to-back PCO under ATIGA?,,301035.07,10081.27,200,Stream interrupted – chunked stream closed early (server/proxy/load)
2026-05-04T18:01:16.747216,300,load,Indirect,"We have an existing PCO but the importer says the HS code on the certificate does not match their customs declaration. How do we correct or reissue the certificate, and will it affect the validity per",,301064.72,10104.54,200,Stream interrupted – chunked stream closed early (server/proxy/load)
2026-05-04T18:01:18.458304,300,load,Direct,What documents do I need to apply for a Preferential Certificate of Origin under RCEP for export to China?,,301047.17,10080.03,200,Stream interrupted – chunked stream closed early (server/proxy/load)
2026-05-04T18:01:19.890816,300,load,Indirect,"We assemble vacuum cleaners (HS Code 8508.19.10) in Singapore from Chinese parts and export to Indonesia. Does simple assembly confer Singapore origin, or should we apply for a back-to-back PCO instea",,301058.87,10097.01,200,Stream interrupted – chunked stream closed early (server/proxy/load)
2026-05-04T18:01:20.726869,300,load,Indirect,How do I qualify for preferential treatment under the ATIGA for my export of water pumps with HS code 8413.20.90 from Singapore to Indonesia?,,301042.38,10086.23,200,Stream interrupted – chunked stream closed early (server/proxy/load)
2026-05-04T18:01:21.346008,300,load,Direct,Are there any tariffs for the import of fresh apples with HS code 0808.10.00.45 into the US from Canada?,,301005.76,10050.44,200,Stream interrupted – chunked stream closed early (server/proxy/load)
2026-05-04T18:01:21.956423,300,load,Indirect,"We manufacture plastic containers (HS 3924) in Singapore using resin from Saudi Arabia and additives from Malaysia. How do we prove origin under ATIGA for export to Vietnam, and which FTA gives the be",,301071.45,10106.23,200,Stream interrupted – chunked stream closed early (server/proxy/load)
2026-05-04T18:01:23.180300,300,load,Direct,"When forming a Japan–Singapore joint-venture apparel retailer, which FTAs, domestic laws, and compliance obligations need to be taken into account?",,301081.52,10108.8,200,Stream interrupted – chunked stream closed early (server/proxy/load)
2026-05-04T18:01:23.859772,300,load,Indirect,"We plan to bring microprocessors (HS 8542.31) from Japan into Singapore for consolidation, then ship them to Indonesia. Can we claim preferential tariff treatment on the Indonesia leg?",,301059.05,10097.92,200,Stream interrupted – chunked stream closed early (server/proxy/load)
2026-05-04T18:01:24.835515,300,load,Indirect,"If we import under ASEAN-China FTA and re-export to Japan under RCEP with minimal repackaging in Singapore, can we use a back-to-back certificate, and what are the conditions and time limits?",,301044.36,10080.85,200,Stream interrupted – chunked stream closed early (server/proxy/load)
2026-05-04T18:01:25.894220,300,load,Direct,I export seafood (HS 0304) from Singapore to South Korea. What FTA and duty rate apply?,,301025.87,10075.71,200,Stream interrupted – chunked stream closed early (server/proxy/load)
2026-05-04T18:01:26.522913,300,load,Indirect,"If we import under ASEAN-China FTA and re-export to Japan under RCEP with minimal repackaging in Singapore, can we use a back-to-back certificate, and what are the conditions and time limits?",,301019.07,10062.16,200,Stream interrupted – chunked stream closed early (server/proxy/load)
2026-05-04T18:01:29.947027,300,load,Indirect,"We import raw cocoa (HS 1801) from Ghana, process it into chocolate (HS 1806) in Singapore, and export to Japan. How do we prove substantial transformation and claim preference under RCEP?",,301107.38,10152.11,200,Stream interrupted – chunked stream closed early (server/proxy/load)
2026-05-04T18:01:30.057241,300,load,Direct,I am exporting T-Shirt with HS code 6109.10.10 from Singapore to Thailand. What FTAs would be beneficial for my export?,,301031.74,10081.37,200,Stream interrupted – chunked stream closed early (server/proxy/load)
2026-05-04T18:01:33.459260,300,load,Indirect,We import fresh mangoes (HS 0804.50) from Indonesia into Singapore and plan to re-export them to the Philippines. Can we request a back-to-back PCO under ATIGA?,,301042.93,10083.61,200,Stream interrupted – chunked stream closed early (server/proxy/load)
2026-05-04T18:01:35.762925,300,load,Direct,I have an energy product with HS code 2710.12.15.10 that is made in Canada and to be exported to the US. My goods do not meet the rules of origin under the USMCA. What is the tariff?,,301027.08,10072.36,200,Stream interrupted – chunked stream closed early (server/proxy/load)
2026-05-04T18:01:35.786596,300,load,Indirect,"We ship from Singapore to multiple ASEAN countries (Indonesia, Philippines, Vietnam) under ATIGA. Do we need one PCO per destination or one for the whole order, and what are the declaration requiremen",,301081.72,10114.6,200,Stream interrupted – chunked stream closed early (server/proxy/load)
2026-05-04T18:01:36.362542,300,load,Indirect,I would like to leverage the AKFTA FTA for my export of 1701.12.20 from Singapore to South Korea. What is a PCO and how do I apply for it?,,301002.26,10047.98,200,Stream interrupted – chunked stream closed early (server/proxy/load)
2026-05-04T18:01:36.787440,300,load,Direct,"Which agreements used by Singapore allow exporter self-certification, and what are the eligibility conditions?",,301008.19,10065.69,200,Stream interrupted – chunked stream closed early (server/proxy/load)
2026-05-04T18:01:38.609568,300,load,Direct,Where can I find the rules of origin for my product under the Singapore-Australia FTA?,,301042.25,10076.54,200,Stream interrupted – chunked stream closed early (server/proxy/load)
2026-05-04T18:01:38.749825,300,load,Indirect,"We have an existing PCO but the importer says the HS code on the certificate does not match their customs declaration. How do we correct or reissue the certificate, and will it affect the validity per",,301047.79,10079.01,200,Stream interrupted – chunked stream closed early (server/proxy/load)
2026-05-04T18:01:38.895402,300,load,Indirect,I would like to leverage the AKFTA FTA for my export of 1701.12.20 from Singapore to South Korea. What is a PCO and how do I apply for it?,,301021.69,10064.55,200,Stream interrupted – chunked stream closed early (server/proxy/load)
2026-05-04T18:01:39.136729,300,load,Indirect,"If our PCO application is rejected by Singapore Customs due to insufficient supporting documents, what can we do to rectify and reapply, and how long does the appeal or correction process take?",,301008.92,10040.62,200,Stream interrupted – chunked stream closed early (server/proxy/load)
2026-05-04T18:01:40.287365,300,load,Indirect,Can we ship goods directly from China to Indonesia with a Singapore invoice and still claim ACFTA preference?,,301058.4,10140.17,200,Stream interrupted – chunked stream closed early (server/proxy/load)
2026-05-04T18:01:43.989822,300,load,Indirect,"We import cotton fabric (HS 5208) from India into Singapore, dye and cut it here, then export garments to the EU. How do we determine origin under RCEP and EU-Singapore FTA, and what documentation do ",,301025.21,10061.59,200,Stream interrupted – chunked stream closed early (server/proxy/load)
2026-05-04T18:01:45.104250,300,load,Indirect,I import brooms with HS code 9603.10.20 from China to Singapore and would like to re-export to Malaysia. Am I eligible for any FTAs?,,301065.95,10113.62,200,Stream interrupted – chunked stream closed early (server/proxy/load)
2026-05-04T18:01:46.640269,300,load,Indirect,"We have an existing PCO but the importer says the HS code on the certificate does not match their customs declaration. How do we correct or reissue the certificate, and will it affect the validity per",,301001.85,10050.12,200,Stream interrupted – chunked stream closed early (server/proxy/load)
2026-05-04T18:01:47.135687,300,load,Direct,What HS code should I use for LED light fixtures (ceiling type) for export to India?,,301027.25,10076.74,200,Stream interrupted – chunked stream closed early (server/proxy/load)
2026-05-04T18:01:48.593710,300,load,Direct,I would like to know more about the import duties for export from Singapore to US. HS code for my product is 9404.21.00.10. Estimated export value for each mattress is $150.,,301025.78,10051.96,200,Stream interrupted – chunked stream closed early (server/proxy/load)
2026-05-04T18:01:48.973213,300,load,Indirect,I want to import semiconductor integrated circuits from South Korea to Singapore and intend to re-export them to Vietnam. The HS code is 8542.31. Am I eligible for any FTAs?,,301060.88,10092.83,200,Stream interrupted – chunked stream closed early (server/proxy/load)
2026-05-04T18:01:50.909163,300,load,Direct,What is SBF's role in trade documentation and FTA support for Singapore businesses?,,301073.71,10138.69,200,Stream interrupted – chunked stream closed early (server/proxy/load)
2026-05-04T18:01:53.840037,300,load,Indirect,How do I qualify for preferential treatment under the ATIGA for my export of water pumps with HS code 8413.20.90 from Singapore to Indonesia?,,301011.31,10061.52,200,Stream interrupted – chunked stream closed early (server/proxy/load)
2026-05-04T18:01:54.426596,300,load,Direct,I am exporting essential oils with HS code 3301.29.51.03 from France to the US. What tariffs apply?,"I am unable to retrieve sufficient information regarding this subject matter. For further guidance, please click on the 'Email' button on the bottom right corner of the screen to arrange for a call or a one-to-one advisory session. Our specialists can offer tailored insights based on your product and trade needs, and help you address any related queries or challenges.",187499.21,10170.34,200,Success
2026-05-04T18:01:55.168843,300,load,Indirect,"We have an existing PCO but the importer says the HS code on the certificate does not match their customs declaration. How do we correct or reissue the certificate, and will it affect the validity per",,301022.09,10088.08,200,Stream interrupted – chunked stream closed early (server/proxy/load)
2026-05-04T18:01:55.172777,300,load,Direct,I am exporting rubber gloves (HS 4015.19) from Singapore to Malaysia. Which FTA applies?,,301025.35,10072.56,200,Stream interrupted – chunked stream closed early (server/proxy/load)
2026-05-04T18:01:56.538399,300,load,Direct,"What is the validity period of back-to-back COs issued by Singapore Customs, and can validity be extended?",,301056.76,10119.63,200,Stream interrupted – chunked stream closed early (server/proxy/load)
2026-05-04T18:01:57.454403,300,load,Indirect,"We received a request from Indonesian customs to verify our ATIGA PCO. What is the process for Singapore exporters, what documents must we provide, and what is the typical timeline?",,301023.85,10061.61,200,Stream interrupted – chunked stream closed early (server/proxy/load)
2026-05-04T18:01:59.631834,300,load,Indirect,"We have a back-to-back PCO under RCEP for goods from Japan. The buyer in Indonesia wants to split the shipment into two consignments over two months. Is the original PCO still valid, and what do we ne",,301005.48,10046.14,200,Stream interrupted – chunked stream closed early (server/proxy/load)
2026-05-04T18:01:59.868755,300,load,Indirect,"We manufacture plastic containers (HS 3924) in Singapore using resin from Saudi Arabia and additives from Malaysia. How do we prove origin under ATIGA for export to Vietnam, and which FTA gives the be",,301037.41,10088.86,200,Stream interrupted – chunked stream closed early (server/proxy/load)
2026-05-04T18:02:01.009842,300,load,Indirect,"We import headphones (HS 8518.30.10) from China and sell to Vietnam. Can CPTPP preferences ever apply, and what proof would be required?",,301058.47,10147.08,200,Stream interrupted – chunked stream closed early (server/proxy/load)
2026-05-04T18:02:02.477299,300,load,Direct,"Please provide guidance on enjoying FTA tariffs benefit for the export of S$100,000 worth of electric motors (HS code: 8501.10.10.30) from Singapore to the United Kingdom.",,301067.07,10237.47,200,Stream interrupted – chunked stream closed early (server/proxy/load)
2026-05-04T18:02:02.620461,300,load,Direct,"When forming a Japan–Singapore joint-venture apparel retailer, which FTAs, domestic laws, and compliance obligations need to be taken into account?",,301022.87,10132.63,200,Stream interrupted – chunked stream closed early (server/proxy/load)
2026-05-04T18:02:03.037237,300,load,Direct,What is the process to revise or correct a Manufacturing Cost Statement that has already been submitted?,,301020.3,10120.73,200,Stream interrupted – chunked stream closed early (server/proxy/load)
2026-05-04T18:02:04.640240,300,load,Indirect,"For goods that qualify under both ATIGA and RCEP when exporting from Singapore to Thailand, how do we choose which FTA to use, and can we switch between them for different shipments of the same produc",,301052.37,10097.88,200,Stream interrupted – chunked stream closed early (server/proxy/load)
2026-05-04T18:02:05.052604,300,load,Indirect,I import machinery parts from Japan to Singapore and would like to re-export to India. The HS code of the machinery parts are 8401.10. Am I eligible for any FTAs?,,301015.19,10049.38,200,Stream interrupted – chunked stream closed early (server/proxy/load)
2026-05-04T18:02:05.162776,300,load,Indirect,"We plan to bring microprocessors (HS 8542.31) from Japan into Singapore for consolidation, then ship them to Indonesia. Can we claim preferential tariff treatment on the Indonesia leg?",,301009.93,10056.47,200,Stream interrupted – chunked stream closed early (server/proxy/load)
2026-05-04T18:02:06.162419,300,load,Indirect,Can we ship goods directly from China to Indonesia with a Singapore invoice and still claim ACFTA preference?,,301020.41,10071.98,200,Stream interrupted – chunked stream closed early (server/proxy/load)
2026-05-04T18:02:11.949182,300,load,Indirect,"Our goods qualify under both RCEP and ATIGA for export to Thailand. Which agreement should we use for the PCO, and does it affect how we complete the origin declaration?",,301009.66,10628.25,200,Stream interrupted – chunked stream closed early (server/proxy/load)
2026-05-04T18:02:12.256999,300,load,Indirect,"We received a request from Indonesian customs to verify our ATIGA PCO. What is the process for Singapore exporters, what documents must we provide, and what is the typical timeline?",,301067.37,10108.43,200,Stream interrupted – chunked stream closed early (server/proxy/load)
2026-05-04T18:02:12.296981,300,load,Indirect,I import brooms with HS code 9603.10.20 from China to Singapore and would like to re-export to Malaysia. Am I eligible for any FTAs?,,301013.77,10062.08,200,Stream interrupted – chunked stream closed early (server/proxy/load)
2026-05-04T18:02:13.568283,300,load,Direct,"Please provide guidance on enjoying FTA tariffs benefit for the export of S$100,000 worth of electric motors (HS code: 8501.10.10.30) from Singapore to the United Kingdom.",,301021.18,10198.16,200,Stream interrupted – chunked stream closed early (server/proxy/load)
2026-05-04T18:02:16.036020,300,load,Indirect,"Can we use exporter self-certification under the UK-Singapore FTA for our exports of pharmaceutical products (HS 3004), and what are the exact conditions and record-keeping requirements?",,301023.84,10072.47,200,Stream interrupted – chunked stream closed early (server/proxy/load)
2026-05-04T18:02:17.058832,300,load,Indirect,"We consolidate shipments from multiple ASEAN countries in Singapore and then send them to Australia. Can we obtain a single certificate covering the whole consignment, or do we need separate origin do",,301007.48,10069.31,200,Stream interrupted – chunked stream closed early (server/proxy/load)
2026-05-04T18:02:19.500507,300,load,Indirect,"We have a back-to-back PCO under RCEP for goods from Japan. The buyer in Indonesia wants to split the shipment into two consignments over two months. Is the original PCO still valid, and what do we ne",,301067.6,10102.56,200,Stream interrupted – chunked stream closed early (server/proxy/load)
2026-05-04T18:02:20.979899,300,load,Indirect,We import fresh mangoes (HS 0804.50) from Indonesia into Singapore and plan to re-export them to the Philippines. Can we request a back-to-back PCO under ATIGA?,,301032.56,10081.53,200,Stream interrupted – chunked stream closed early (server/proxy/load)
2026-05-04T18:02:24.299718,300,load,Indirect,"If I import products from South Korea into Singapore, store them in Singapore, and then export them to Vietnam. Is there any FTA I can use to obtain duty savings on import into Vietnam?",,301032.4,10103.4,200,Stream interrupted – chunked stream closed early (server/proxy/load)
2026-05-04T18:02:24.550719,300,load,Indirect,"We import raw cocoa (HS 1801) from Ghana, process it into chocolate (HS 1806) in Singapore, and export to Japan. How do we prove substantial transformation and claim preference under RCEP?",,301051.57,10093.51,200,Stream interrupted – chunked stream closed early (server/proxy/load)
2026-05-04T18:02:27.948032,300,load,Direct,What is the tariff for importing stainless steel sheets (HS 7219.13) from Indonesia into Singapore under ATIGA?,,301029.83,10082.64,200,Stream interrupted – chunked stream closed early (server/proxy/load)
2026-05-04T18:02:29.419367,300,load,Indirect,"For shipments from Singapore to Australia with goods sourced from Japan and Korea, what are the steps to claim AANZFTA or RCEP preferences?",,301049.72,10188.09,200,Stream interrupted – chunked stream closed early (server/proxy/load)
2026-05-04T18:02:29.428460,300,load,Indirect,"If we import under ASEAN-China FTA and re-export to Japan under RCEP with minimal repackaging in Singapore, can we use a back-to-back certificate, and what are the conditions and time limits?",,301059.71,10112.65,200,Stream interrupted – chunked stream closed early (server/proxy/load)
2026-05-04T18:02:31.798945,300,load,Indirect,"We import wine (HS 2204) from Australia under the Singapore-Australia FTA and store it in a bonded warehouse. When we re-export to Japan, can we claim preference under RCEP or CPTPP, and what evidence",,301030.3,10066.06,200,Stream interrupted – chunked stream closed early (server/proxy/load)
2026-05-04T18:02:32.354538,300,load,Indirect,We import fresh mangoes (HS 0804.50) from Indonesia into Singapore and plan to re-export them to the Philippines. Can we request a back-to-back PCO under ATIGA?,,301026.99,10070.15,200,Stream interrupted – chunked stream closed early (server/proxy/load)
2026-05-04T18:02:33.554704,300,load,Indirect,Can we ship goods directly from China to Indonesia with a Singapore invoice and still claim ACFTA preference?,,301028.34,10063.99,200,Stream interrupted – chunked stream closed early (server/proxy/load)
2026-05-04T18:02:33.693393,300,load,Indirect,"Our company sources components from China, Thailand, and Malaysia and assembles electronic switches (HS 8536.50) in Singapore for export to Australia. Can we claim Singapore origin under AANZFTA, and ",,301027.75,10061.86,200,Stream interrupted – chunked stream closed early (server/proxy/load)
2026-05-04T18:02:34.487179,300,load,Direct,I am importing ceramic tiles (HS 6908.90) from Vietnam to Singapore. What tariff applies under ATIGA?,,301073.35,10114.13,200,Stream interrupted – chunked stream closed early (server/proxy/load)
2026-05-04T18:02:34.746544,300,load,Direct,I am exporting t-shirts with HS code 6109.10.00.14 from Colombia to the US. What tariffs apply?,,301009.11,10051.46,200,Stream interrupted – chunked stream closed early (server/proxy/load)
2026-05-04T18:02:35.246130,300,load,Direct,I am exporting fruits with HS code 0811.10.00.50 from Thailand to the US. What tariffs apply?,,301053.96,10111.82,200,Stream interrupted – chunked stream closed early (server/proxy/load)
2026-05-04T18:02:35.413692,300,load,Direct,Can I use the UK-Singapore FTA for exporting machinery parts (HS 8483.40) to the United Kingdom?,,301022.14,10064.93,200,Stream interrupted – chunked stream closed early (server/proxy/load)
2026-05-04T18:02:36.629373,300,load,Indirect,How do I qualify for preferential treatment under the ATIGA for my export of water pumps with HS code 8413.20.90 from Singapore to Indonesia?,,301039.11,10073.45,200,Stream interrupted – chunked stream closed early (server/proxy/load)
2026-05-04T18:02:37.851380,300,load,Direct,I am an automobile manufacturer importing parts of a suspension system with HS code 8708.80.55 from Germany which will be assembled in the US. Am I eligible for lower tariffs?,"I am unable to retrieve sufficient information regarding this subject matter. For further guidance, please click on the 'Email' button on the bottom right corner of the screen to arrange for a call or a one-to-one advisory session. Our specialists can offer tailored insights based on your product and trade needs, and help you address any related queries or challenges.",205618.1,10091.44,200,Success
2026-05-04T18:02:38.438525,300,load,Indirect,"Can we use exporter self-certification under the UK-Singapore FTA for our exports of pharmaceutical products (HS 3004), and what are the exact conditions and record-keeping requirements?",,301040.75,10082.16,200,Stream interrupted – chunked stream closed early (server/proxy/load)
2026-05-04T18:02:40.740062,300,load,Direct,What tariff will my aluminium rods with HS code 7604.29.10.10 be subject to if it was manufactured in Russia and exported to the US?,"I notice you've asked multiple questions at once. To provide you with the most accurate and thorough assistance, I can only address one request at a time. 

Could you please confirm which question you'd like me to help you with first?

1. **HS code suggestions for blowers under 125kW** importing from China to Singapore
2. **Tariff information for aluminium rods (HS code 7604.29.10.10)** manufactured in Russia and exported to the US

Please let me know which one you'd like to prioritize, and I'll",216186.81,10079.11,200,Success
2026-05-04T18:02:41.472625,300,load,Indirect,"We have an existing PCO but the importer says the HS code on the certificate does not match their customs declaration. How do we correct or reissue the certificate, and will it affect the validity per",,301055.22,10094.0,200,Stream interrupted – chunked stream closed early (server/proxy/load)
2026-05-04T18:02:41.655978,300,load,Indirect,"We import cotton fabric (HS 5208) from India into Singapore, dye and cut it here, then export garments to the EU. How do we determine origin under RCEP and EU-Singapore FTA, and what documentation do ",,301035.19,10067.41,200,Stream interrupted – chunked stream closed early (server/proxy/load)
2026-05-04T18:02:43.119679,300,load,Indirect,I want to import semiconductor integrated circuits from South Korea to Singapore and intend to re-export them to Vietnam. The HS code is 8542.31. Am I eligible for any FTAs?,,301029.79,10081.13,200,Stream interrupted – chunked stream closed early (server/proxy/load)
2026-05-04T18:02:43.486602,300,load,Indirect,"For goods that qualify under both ATIGA and RCEP when exporting from Singapore to Thailand, how do we choose which FTA to use, and can we switch between them for different shipments of the same produc",,301006.33,10053.38,200,Stream interrupted – chunked stream closed early (server/proxy/load)
2026-05-04T18:02:44.514985,300,load,Indirect,"We import wine (HS 2204) from Australia under the Singapore-Australia FTA and store it in a bonded warehouse. When we re-export to Japan, can we claim preference under RCEP or CPTPP, and what evidence",,301057.99,10096.97,200,Stream interrupted – chunked stream closed early (server/proxy/load)
2026-05-04T18:02:44.720827,300,load,Direct,"Please provide guidance on enjoying FTA tariffs benefit for the export of S$100,000 worth of electric motors (HS code: 8501.10.10.30) from Singapore to the United Kingdom.",,301018.16,10077.35,200,Stream interrupted – chunked stream closed early (server/proxy/load)
2026-05-04T18:02:44.728671,300,load,Indirect,"We assemble vacuum cleaners (HS Code 8508.19.10) in Singapore from Chinese parts and export to Indonesia. Does simple assembly confer Singapore origin, or should we apply for a back-to-back PCO instea",,301003.81,10044.23,200,Stream interrupted – chunked stream closed early (server/proxy/load)
2026-05-04T18:02:45.360495,300,load,Indirect,"Our company sources components from China, Thailand, and Malaysia and assembles electronic switches (HS 8536.50) in Singapore for export to Australia. Can we claim Singapore origin under AANZFTA, and ","I notice you've submitted multiple questions at once. To provide you with the most accurate and thorough assistance, I can only address one request at a time. This ensures I can gather all the necessary information and give you detailed, reliable guidance.

Could you please confirm which scenario you'd like me to focus on first?

1. **Machinery (HS 8479)** assembled in Singapore from US and German parts - Rules of Origin under EU-Singapore FTA and UK-Singapore FTA

2. **Electronic switches (HS 8",203228.45,10065.12,200,Success
2026-05-04T18:02:45.759833,300,load,Indirect,"We ship from Singapore to multiple ASEAN countries (Indonesia, Philippines, Vietnam) under ATIGA. Do we need one PCO per destination or one for the whole order, and what are the declaration requiremen",,301117.06,10156.19,200,Stream interrupted – chunked stream closed early (server/proxy/load)
2026-05-04T18:02:45.892524,300,load,Indirect,"We are considering moving some production from China to Singapore to benefit from FTAs. For electronics (HS 8517), what origin criteria apply under RCEP and CPTPP, and what percentage of value must be",,301003.3,10051.06,200,Stream interrupted – chunked stream closed early (server/proxy/load)
2026-05-04T18:02:47.294607,300,load,Direct,"Which agreements used by Singapore allow exporter self-certification, and what are the eligibility conditions?",,301049.32,10099.6,200,Stream interrupted – chunked stream closed early (server/proxy/load)
2026-05-04T18:02:48.162164,300,load,Direct,We are a manufacturing company looking to export plastic bottles to customers in other countries. Can you please advise the steps and processes we have to take?,,301022.54,10064.97,200,Stream interrupted – chunked stream closed early (server/proxy/load)
2026-05-04T18:02:49.017856,300,load,Indirect,"We are considering moving some production from China to Singapore to benefit from FTAs. For electronics (HS 8517), what origin criteria apply under RCEP and CPTPP, and what percentage of value must be",,301017.65,10078.63,200,Stream interrupted – chunked stream closed early (server/proxy/load)
2026-05-04T18:02:51.267951,300,load,Indirect,"Can we use exporter self-certification under the UK-Singapore FTA for our exports of pharmaceutical products (HS 3004), and what are the exact conditions and record-keeping requirements?",,301038.29,10082.43,200,Stream interrupted – chunked stream closed early (server/proxy/load)
2026-05-04T18:02:52.021464,300,load,Indirect,"We import wine (HS 2204) from Australia under the Singapore-Australia FTA and store it in a bonded warehouse. When we re-export to Japan, can we claim preference under RCEP or CPTPP, and what evidence",,301063.01,10100.39,200,Stream interrupted – chunked stream closed early (server/proxy/load)
2026-05-04T18:02:52.318381,300,load,Indirect,I want to import semiconductor integrated circuits from South Korea to Singapore and intend to re-export them to Vietnam. The HS code is 8542.31. Am I eligible for any FTAs?,,301029.96,10637.56,200,Stream interrupted – chunked stream closed early (server/proxy/load)
2026-05-04T18:02:53.155891,300,load,Direct,"What is the validity period of back-to-back COs issued by Singapore Customs, and can validity be extended?",,301027.78,10075.43,200,Stream interrupted – chunked stream closed early (server/proxy/load)
2026-05-04T18:02:54.116551,300,load,Indirect,I want to import semiconductor integrated circuits from South Korea to Singapore and intend to re-export them to Vietnam. The HS code is 8542.31. Am I eligible for any FTAs?,,301039.66,10082.96,200,Stream interrupted – chunked stream closed early (server/proxy/load)
2026-05-04T18:02:55.777092,300,load,Indirect,"If I import products from South Korea into Singapore, store them in Singapore, and then export them to Vietnam. Is there any FTA I can use to obtain duty savings on import into Vietnam?",,301068.3,10104.32,200,Stream interrupted – chunked stream closed early (server/proxy/load)
2026-05-04T18:02:56.578543,300,load,Indirect,"If I import products from South Korea into Singapore, store them in Singapore, and then export them to Vietnam. Is there any FTA I can use to obtain duty savings on import into Vietnam?",,301010.81,10062.07,200,Stream interrupted – chunked stream closed early (server/proxy/load)
2026-05-04T18:02:57.918391,300,load,Indirect,"For shipments from Singapore to Australia with goods sourced from Japan and Korea, what are the steps to claim AANZFTA or RCEP preferences?",,301042.63,10092.51,200,Stream interrupted – chunked stream closed early (server/proxy/load)
2026-05-04T18:02:58.143280,300,load,Direct,What is the tariff rate for exporting printed books (HS 4901.99) from Singapore to Vietnam under ATIGA?,,301033.4,10070.33,200,Stream interrupted – chunked stream closed early (server/proxy/load)
2026-05-04T18:02:58.583411,300,load,Indirect,"We are considering moving some production from China to Singapore to benefit from FTAs. For electronics (HS 8517), what origin criteria apply under RCEP and CPTPP, and what percentage of value must be",,301019.71,10595.17,200,Stream interrupted – chunked stream closed early (server/proxy/load)
2026-05-04T18:02:59.044994,300,load,Indirect,"For shipments from Singapore to Australia with goods sourced from Japan and Korea, what are the steps to claim AANZFTA or RCEP preferences?","I appreciate your detailed questions about claiming FTA preferences in these complex trade scenarios. However, I notice you're asking about **multiple different situations at once**:

1. **Scenario 1**: Wine (HS 2204) from Australia → Singapore (bonded warehouse) → re-export to Japan under RCEP/CPTPP
2. **Scenario 2**: Goods from Japan and Korea → Singapore → export to Australia under AANZFTA/RCEP

To provide you with accurate and comprehensive guidance, **I can only address one scenario at a ti",203866.01,10072.28,200,Success
2026-05-04T18:02:59.971418,300,load,Direct,"Please provide guidance on enjoying FTA tariffs benefit for the export of S$100,000 worth of electric motors (HS code: 8501.10.10.30) from Singapore to the United Kingdom.",,301040.56,10084.94,200,Stream interrupted – chunked stream closed early (server/proxy/load)
2026-05-04T18:03:01.456664,300,load,Indirect,"Our company sources components from China, Thailand, and Malaysia and assembles electronic switches (HS 8536.50) in Singapore for export to Australia. Can we claim Singapore origin under AANZFTA, and ",,301026.4,10067.09,200,Stream interrupted – chunked stream closed early (server/proxy/load)
2026-05-04T18:03:01.871585,300,load,Direct,Which Free Trade Agreements (FTAs) can I utilise when exporting umbrellas (HS Code: 6601.99.00.03) from Singapore to Australia?,,301006.69,10052.52,200,Stream interrupted – chunked stream closed early (server/proxy/load)
2026-05-04T18:03:02.889444,300,load,Indirect,"We ship from Singapore to multiple ASEAN countries (Indonesia, Philippines, Vietnam) under ATIGA. Do we need one PCO per destination or one for the whole order, and what are the declaration requiremen",,301078.72,10218.78,200,Stream interrupted – chunked stream closed early (server/proxy/load)
2026-05-04T18:03:03.021500,300,load,Indirect,"We import headphones (HS 8518.30.10) from China and sell to Vietnam. Can CPTPP preferences ever apply, and what proof would be required?",,301022.97,10164.48,200,Stream interrupted – chunked stream closed early (server/proxy/load)
2026-05-04T18:03:03.941158,300,load,Indirect,"For goods that qualify under both ATIGA and RCEP when exporting from Singapore to Thailand, how do we choose which FTA to use, and can we switch between them for different shipments of the same produc",,301025.22,10069.92,200,Stream interrupted – chunked stream closed early (server/proxy/load)
2026-05-04T18:03:04.289774,300,load,Direct,I am an automobile manufacturer importing parts of a suspension system with HS code 8708.80.55 from Germany which will be assembled in the US. Am I eligible for lower tariffs?,"I appreciate your questions, but I need to address them one at a time to provide you with accurate and comprehensive information.

You've asked about **three different topics**:

1. **Choosing between ATIGA and RCEP** for exports from Singapore to Thailand
2. **Tariff eligibility** for importing suspension system parts (HS 8708.80.55) from Germany to the US
3. **Additional research** on the tariff eligibility question

To ensure I provide you with the most accurate and detailed guidance, **pleas",196224.99,10076.28,200,Success
2026-05-04T18:03:04.701108,300,load,Direct,"My company exports an energy resource with HS code 2710.12.18.05 from Mexico to the US, will there be additional tariffs?",,301018.39,10083.95,200,Stream interrupted – chunked stream closed early (server/proxy/load)
2026-05-04T18:03:06.043337,300,load,Direct,What is the process to revise or correct a Manufacturing Cost Statement that has already been submitted?,,301042.46,10078.74,200,Stream interrupted – chunked stream closed early (server/proxy/load)
2026-05-04T18:03:09.756327,300,load,Indirect,"We have an existing PCO but the importer says the HS code on the certificate does not match their customs declaration. How do we correct or reissue the certificate, and will it affect the validity per",,301077.72,10112.62,200,Stream interrupted – chunked stream closed early (server/proxy/load)
2026-05-04T18:03:11.054558,300,load,Indirect,I import brooms with HS code 9603.10.20 from China to Singapore and would like to re-export to Malaysia. Am I eligible for any FTAs?,,301034.32,10071.09,200,Stream interrupted – chunked stream closed early (server/proxy/load)
2026-05-04T18:03:11.107829,300,load,Direct,I am exporting 3305.20 from Japan to the US. Are there any additional tariffs?,,301026.37,10077.22,200,Stream interrupted – chunked stream closed early (server/proxy/load)
2026-05-04T18:03:11.923093,300,load,Indirect,"For machinery (HS 8479) assembled in Singapore from US and German parts, what are the rules of origin under the EU-Singapore FTA and UK-Singapore FTA, and how do we calculate and document RVC?",,301030.85,10086.07,200,Stream interrupted – chunked stream closed early (server/proxy/load)
2026-05-04T18:03:13.471853,300,load,Direct,"What is the validity period of back-to-back COs issued by Singapore Customs, and can validity be extended?",,301033.43,10083.14,200,Stream interrupted – chunked stream closed early (server/proxy/load)
2026-05-04T18:03:14.137531,300,load,Direct,"What is the validity period of back-to-back COs issued by Singapore Customs, and can validity be extended?",,301125.14,10155.75,200,Stream interrupted – chunked stream closed early (server/proxy/load)
2026-05-04T18:03:14.798106,300,load,Indirect,"For shipments from Singapore to Australia with goods sourced from Japan and Korea, what are the steps to claim AANZFTA or RCEP preferences?",,301054.81,10092.45,200,Stream interrupted – chunked stream closed early (server/proxy/load)
2026-05-04T18:03:15.459856,300,load,Indirect,"We export organic fertiliser (HS 3101) from Singapore to New Zealand. Under CPTPP, what are the rules of origin and any product-specific requirements we must meet?",,301042.91,10083.05,200,Stream interrupted – chunked stream closed early (server/proxy/load)
2026-05-04T18:03:15.525597,300,load,Indirect,How do I qualify for preferential treatment under the ATIGA for my export of water pumps with HS code 8413.20.90 from Singapore to Indonesia?,"I notice you've asked multiple questions at once. To provide you with the most accurate and comprehensive assistance, I'd like to focus on one request at a time. 

Looking at your questions, I can see:
1. **Question about machinery (HS 8479)** assembled in Singapore from US and German parts under EU-Singapore FTA and UK-Singapore FTA
2. **Question about water pumps (HS 8413.20.90)** exported from Singapore to Indonesia under ATIGA (repeated multiple times)

Could you please confirm which questio",197696.27,10071.93,200,Success
2026-05-04T18:03:17.260724,300,load,Direct,I am exporting T-Shirt with HS code 6109.10.10 from Singapore to Thailand. What FTAs would be beneficial for my export?,,301015.95,10062.5,200,Stream interrupted – chunked stream closed early (server/proxy/load)
2026-05-04T18:03:17.396337,300,load,Direct,I am exporting T-Shirt with HS code 6109.10.10 from Singapore to Thailand. What FTAs would be beneficial for my export?,,301027.61,10084.33,200,Stream interrupted – chunked stream closed early (server/proxy/load)
2026-05-04T18:03:17.604097,300,load,Direct,What are the consequences and corrective actions if I inadvertently use an incorrect HS code on a Certificate of Origin?,,301033.3,10119.09,200,Stream interrupted – chunked stream closed early (server/proxy/load)
2026-05-04T18:03:19.001302,300,load,Indirect,"We ship from Singapore to multiple ASEAN countries (Indonesia, Philippines, Vietnam) under ATIGA. Do we need one PCO per destination or one for the whole order, and what are the declaration requiremen",,301053.11,10090.78,200,Stream interrupted – chunked stream closed early (server/proxy/load)
2026-05-04T18:03:20.948619,300,load,Indirect,"For goods that qualify under both ATIGA and RCEP when exporting from Singapore to Thailand, how do we choose which FTA to use, and can we switch between them for different shipments of the same produc",,301080.87,10148.18,200,Stream interrupted – chunked stream closed early (server/proxy/load)
2026-05-04T18:03:20.960258,300,load,Indirect,"If I import products from South Korea into Singapore, store them in Singapore, and then export them to Vietnam. Is there any FTA I can use to obtain duty savings on import into Vietnam?",,301060.77,10137.65,200,Stream interrupted – chunked stream closed early (server/proxy/load)
2026-05-04T18:03:21.520566,300,load,Indirect,"We are considering moving some production from China to Singapore to benefit from FTAs. For electronics (HS 8517), what origin criteria apply under RCEP and CPTPP, and what percentage of value must be",,301027.71,10106.02,200,Stream interrupted – chunked stream closed early (server/proxy/load)
2026-05-04T18:03:21.529987,300,load,Indirect,"We import cotton fabric (HS 5208) from India into Singapore, dye and cut it here, then export garments to the EU. How do we determine origin under RCEP and EU-Singapore FTA, and what documentation do ",,301039.7,10081.39,200,Stream interrupted – chunked stream closed early (server/proxy/load)
2026-05-04T18:03:22.456423,300,load,Indirect,"We ship from Singapore to multiple ASEAN countries (Indonesia, Philippines, Vietnam) under ATIGA. Do we need one PCO per destination or one for the whole order, and what are the declaration requiremen",,301044.91,10083.47,200,Stream interrupted – chunked stream closed early (server/proxy/load)
2026-05-04T18:03:23.739410,300,load,Indirect,"We import headphones (HS 8518.30.10) from China and sell to Vietnam. Can CPTPP preferences ever apply, and what proof would be required?",,301036.1,10069.5,200,Stream interrupted – chunked stream closed early (server/proxy/load)
2026-05-04T18:03:23.798184,300,load,Direct,How do I calculate RVC for a plastic household item under ATIGA and document it for possible verification?,,301001.14,10057.21,200,Stream interrupted – chunked stream closed early (server/proxy/load)
2026-05-04T18:03:25.969364,300,load,Direct,Are there any tariffs for the import of fresh apples with HS code 0808.10.00.45 into the US from Canada?,,301051.91,10091.26,200,Stream interrupted – chunked stream closed early (server/proxy/load)
2026-05-04T18:03:26.721626,300,load,Indirect,"We received a request from Indonesian customs to verify our ATIGA PCO. What is the process for Singapore exporters, what documents must we provide, and what is the typical timeline?",,301024.25,10061.27,200,Stream interrupted – chunked stream closed early (server/proxy/load)
2026-05-04T18:03:27.079044,300,load,Indirect,I would like to leverage the AKFTA FTA for my export of 1701.12.20 from Singapore to South Korea. What is a PCO and how do I apply for it?,,301043.53,10090.65,200,Stream interrupted – chunked stream closed early (server/proxy/load)
2026-05-04T18:03:28.679494,300,load,Indirect,"We manufacture plastic containers (HS 3924) in Singapore using resin from Saudi Arabia and additives from Malaysia. How do we prove origin under ATIGA for export to Vietnam, and which FTA gives the be",,301022.87,10061.05,200,Stream interrupted – chunked stream closed early (server/proxy/load)
2026-05-04T18:03:29.778118,300,load,Indirect,"We import cotton fabric (HS 5208) from India into Singapore, dye and cut it here, then export garments to the EU. How do we determine origin under RCEP and EU-Singapore FTA, and what documentation do ",,301059.81,10102.37,200,Stream interrupted – chunked stream closed early (server/proxy/load)
2026-05-04T18:03:29.851315,300,load,Indirect,"We received a request from Indonesian customs to verify our ATIGA PCO. What is the process for Singapore exporters, what documents must we provide, and what is the typical timeline?",,301029.0,10067.5,200,Stream interrupted – chunked stream closed early (server/proxy/load)
2026-05-04T18:03:30.763983,300,load,Indirect,Which Free Trade Agreements (FTAs) can I utilise when exporting compact disks (HS Code: 8523.41.10) from Singapore to Indonesia?,,301070.56,10114.58,200,Stream interrupted – chunked stream closed early (server/proxy/load)
2026-05-04T18:03:31.381595,300,load,Indirect,"We import headphones (HS 8518.30.10) from China and sell to Vietnam. Can CPTPP preferences ever apply, and what proof would be required?",,301035.02,10068.53,200,Stream interrupted – chunked stream closed early (server/proxy/load)
2026-05-04T18:03:33.189476,300,load,Indirect,I import brooms with HS code 9603.10.20 from China to Singapore and would like to re-export to Malaysia. Am I eligible for any FTAs?,,301041.32,10082.58,200,Stream interrupted – chunked stream closed early (server/proxy/load)
2026-05-04T18:03:33.877079,300,load,Indirect,"Under which FTAs, if any, can India-origin goods use a back-to-back mechanism via Singapore?",,303165.95,12217.76,200,Stream interrupted – chunked stream closed early (server/proxy/load)
2026-05-04T18:03:34.086558,300,load,Indirect,"We manufacture plastic containers (HS 3924) in Singapore using resin from Saudi Arabia and additives from Malaysia. How do we prove origin under ATIGA for export to Vietnam, and which FTA gives the be",,301020.94,10068.6,200,Stream interrupted – chunked stream closed early (server/proxy/load)
2026-05-04T18:03:34.343021,300,load,Indirect,"We import headphones (HS 8518.30.10) from China and sell to Vietnam. Can CPTPP preferences ever apply, and what proof would be required?",,301046.27,63238.14,200,Stream interrupted – chunked stream closed early (server/proxy/load)
2026-05-04T18:03:34.709997,300,load,Direct,I am exporting rubber gloves (HS 4015.19) from Singapore to Malaysia. Which FTA applies?,"I notice you've provided multiple questions at once. To ensure I provide you with accurate and comprehensive information, I can only address one request at a time. This allows me to thoroughly research and deliver the most relevant guidance for your specific situation.

## Your Questions:

1. **Electronics (HS 8517) production relocation from China to Singapore** - Origin criteria under RCEP and CPTPP, and value-added requirements
2. **Rubber gloves (HS 4015.19) export from Singapore to Malaysia",223186.95,10099.16,200,Success
2026-05-04T18:03:37.267638,300,load,Indirect,"For goods that qualify under both ATIGA and RCEP when exporting from Singapore to Thailand, how do we choose which FTA to use, and can we switch between them for different shipments of the same produc",,301086.83,10138.85,200,Stream interrupted – chunked stream closed early (server/proxy/load)
2026-05-04T18:03:37.326505,300,load,Indirect,"We consolidate shipments from multiple ASEAN countries in Singapore and then send them to Australia. Can we obtain a single certificate covering the whole consignment, or do we need separate origin do",,301022.49,10066.93,200,Stream interrupted – chunked stream closed early (server/proxy/load)
2026-05-04T18:03:37.668598,300,load,Direct,What is the tariff rate for exporting printed books (HS 4901.99) from Singapore to Vietnam under ATIGA?,,301021.21,10069.75,200,Stream interrupted – chunked stream closed early (server/proxy/load)
2026-05-04T18:03:38.783529,300,load,Indirect,"We have an existing PCO but the importer says the HS code on the certificate does not match their customs declaration. How do we correct or reissue the certificate, and will it affect the validity per",,301033.36,10070.4,200,Stream interrupted – chunked stream closed early (server/proxy/load)
2026-05-04T18:03:39.323971,300,load,Indirect,"For machinery (HS 8479) assembled in Singapore from US and German parts, what are the rules of origin under the EU-Singapore FTA and UK-Singapore FTA, and how do we calculate and document RVC?",,301028.91,10067.97,200,Stream interrupted – chunked stream closed early (server/proxy/load)
2026-05-04T18:03:39.747925,300,load,Indirect,"We import cotton fabric (HS 5208) from India into Singapore, dye and cut it here, then export garments to the EU. How do we determine origin under RCEP and EU-Singapore FTA, and what documentation do ",,301031.46,10071.91,200,Stream interrupted – chunked stream closed early (server/proxy/load)
2026-05-04T18:03:40.832771,300,load,Indirect,I import meat with HS code 0201.30.01 from Australia to Singapore and re-export to Japan. Am I eligible for preferential tariffs?,,301027.91,10068.49,200,Stream interrupted – chunked stream closed early (server/proxy/load)
2026-05-04T18:03:42.870845,300,load,Direct,I am exporting essential oils with HS code 3301.29.51.03 from France to the US. What tariffs apply?,,301113.7,10104.17,200,Stream interrupted – chunked stream closed early (server/proxy/load)
2026-05-04T18:03:43.927761,300,load,Indirect,I want to import semiconductor integrated circuits from South Korea to Singapore and intend to re-export them to Vietnam. The HS code is 8542.31. Am I eligible for any FTAs?,,301065.52,10699.18,200,Stream interrupted – chunked stream closed early (server/proxy/load)
2026-05-04T18:03:44.113825,300,load,Indirect,"We export organic fertiliser (HS 3101) from Singapore to New Zealand. Under CPTPP, what are the rules of origin and any product-specific requirements we must meet?",,301049.51,10099.37,200,Stream interrupted – chunked stream closed early (server/proxy/load)
2026-05-04T18:03:44.313071,300,load,Direct,I would like to export beet sugar with HS code 1701.12 from Singapore to either Laos or New Zealand. What FTAs can I leverage?,,301034.32,10068.08,200,Stream interrupted – chunked stream closed early (server/proxy/load)
2026-05-04T18:03:45.469271,300,load,Indirect,"Our goods qualify under both RCEP and ATIGA for export to Thailand. Which agreement should we use for the PCO, and does it affect how we complete the origin declaration?",,301071.25,10108.17,200,Stream interrupted – chunked stream closed early (server/proxy/load)
2026-05-04T18:03:45.542110,300,load,Indirect,"For shipments from Singapore to Australia with goods sourced from Japan and Korea, what are the steps to claim AANZFTA or RCEP preferences?",,301022.9,10063.88,200,Stream interrupted – chunked stream closed early (server/proxy/load)
2026-05-04T18:03:47.080692,300,load,Indirect,I would like to leverage the AKFTA FTA for my export of 1701.12.20 from Singapore to South Korea. What is a PCO and how do I apply for it?,,301038.24,10067.55,200,Stream interrupted – chunked stream closed early (server/proxy/load)
2026-05-04T18:03:47.980622,300,load,Indirect,"For goods that qualify under both ATIGA and RCEP when exporting from Singapore to Thailand, how do we choose which FTA to use, and can we switch between them for different shipments of the same produc",,301067.6,10195.08,200,Stream interrupted – chunked stream closed early (server/proxy/load)
2026-05-04T18:03:49.016395,300,load,Indirect,"We are considering moving some production from China to Singapore to benefit from FTAs. For electronics (HS 8517), what origin criteria apply under RCEP and CPTPP, and what percentage of value must be",,301032.28,10078.92,200,Stream interrupted – chunked stream closed early (server/proxy/load)
2026-05-04T18:03:49.254375,300,load,Indirect,"We ship from Singapore to multiple ASEAN countries (Indonesia, Philippines, Vietnam) under ATIGA. Do we need one PCO per destination or one for the whole order, and what are the declaration requiremen",,301030.68,10063.32,200,Stream interrupted – chunked stream closed early (server/proxy/load)
2026-05-04T18:03:50.215404,300,load,Direct,I am exporting fruits with HS code 0811.10.00.50 from Thailand to the US. What tariffs apply?,,301021.02,10064.3,200,Stream interrupted – chunked stream closed early (server/proxy/load)
2026-05-04T18:03:50.549151,300,load,Indirect,I import machinery parts from Japan to Singapore and would like to re-export to India. The HS code of the machinery parts are 8401.10. Am I eligible for any FTAs?,,301041.01,10080.03,200,Stream interrupted – chunked stream closed early (server/proxy/load)
2026-05-04T18:03:50.917722,300,load,Direct,What is the tariff rate for exporting printed books (HS 4901.99) from Singapore to Vietnam under ATIGA?,,301020.73,10084.13,200,Stream interrupted – chunked stream closed early (server/proxy/load)
2026-05-04T18:03:52.635646,300,load,Indirect,"Our goods qualify under both RCEP and ATIGA for export to Thailand. Which agreement should we use for the PCO, and does it affect how we complete the origin declaration?",,301059.39,10093.95,200,Stream interrupted – chunked stream closed early (server/proxy/load)
2026-05-04T18:03:53.303493,300,load,Indirect,"We assemble vacuum cleaners (HS Code 8508.19.10) in Singapore from Chinese parts and export to Indonesia. Does simple assembly confer Singapore origin, or should we apply for a back-to-back PCO instea",,301034.98,10077.78,200,Stream interrupted – chunked stream closed early (server/proxy/load)
2026-05-04T18:03:53.723980,300,load,Indirect,"We import headphones (HS 8518.30.10) from China and sell to Vietnam. Can CPTPP preferences ever apply, and what proof would be required?",,301035.66,10069.72,200,Stream interrupted – chunked stream closed early (server/proxy/load)
2026-05-04T18:03:53.927600,300,load,Direct,"What is the validity period of back-to-back COs issued by Singapore Customs, and can validity be extended?",,301029.92,10067.78,200,Stream interrupted – chunked stream closed early (server/proxy/load)
2026-05-04T18:03:56.298969,300,load,Direct,We are a manufacturing company looking to export plastic bottles to customers in other countries. Can you please advise the steps and processes we have to take?,,301036.3,10093.61,200,Stream interrupted – chunked stream closed early (server/proxy/load)
2026-05-04T18:03:57.151602,300,load,Direct,I am importing iron pipes with HS code 7303.00.00.30 from Malaysia to the US. What are the additional tariffs that apply?,,301031.08,10075.24,200,Stream interrupted – chunked stream closed early (server/proxy/load)
2026-05-04T18:03:58.688888,300,load,Indirect,I import machinery parts from Japan to Singapore and would like to re-export to India. The HS code of the machinery parts are 8401.10. Am I eligible for any FTAs?,,301139.46,10185.28,200,Stream interrupted – chunked stream closed early (server/proxy/load)
2026-05-04T18:03:59.009768,300,load,Indirect,"For goods that qualify under both ATIGA and RCEP when exporting from Singapore to Thailand, how do we choose which FTA to use, and can we switch between them for different shipments of the same produc",,301040.6,10067.93,200,Stream interrupted – chunked stream closed early (server/proxy/load)
2026-05-04T18:03:59.262046,300,load,Indirect,"We import cotton fabric (HS 5208) from India into Singapore, dye and cut it here, then export garments to the EU. How do we determine origin under RCEP and EU-Singapore FTA, and what documentation do ",,301030.53,10069.1,200,Stream interrupted – chunked stream closed early (server/proxy/load)
2026-05-04T18:03:59.555355,300,load,Direct,Could you help me identify if my product with HS code 4415.10.01 is eligible for tariff concessions for export to Mexico from Singapore?,,301028.14,10092.43,200,Stream interrupted – chunked stream closed early (server/proxy/load)
2026-05-04T18:03:59.565586,300,load,Indirect,"We are considering moving some production from China to Singapore to benefit from FTAs. For electronics (HS 8517), what origin criteria apply under RCEP and CPTPP, and what percentage of value must be",,301028.97,10060.72,200,Stream interrupted – chunked stream closed early (server/proxy/load)
2026-05-04T18:04:01.927727,300,load,Indirect,"We ship from Singapore to multiple ASEAN countries (Indonesia, Philippines, Vietnam) under ATIGA. Do we need one PCO per destination or one for the whole order, and what are the declaration requiremen",,301030.73,10070.97,200,Stream interrupted – chunked stream closed early (server/proxy/load)
2026-05-04T18:04:03.074961,300,load,Indirect,Which Free Trade Agreements (FTAs) can I utilise when exporting compact disks (HS Code: 8523.41.10) from Singapore to Indonesia?,,301035.14,10118.3,200,Stream interrupted – chunked stream closed early (server/proxy/load)
2026-05-04T18:04:03.338888,300,load,Indirect,How do I qualify for preferential treatment under the ATIGA for my export of water pumps with HS code 8413.20.90 from Singapore to Indonesia?,,301013.18,10077.29,200,Stream interrupted – chunked stream closed early (server/proxy/load)
2026-05-04T18:04:03.477795,300,load,Direct,I have an energy product with HS code 2710.12.15.10 that is made in Canada and to be exported to the US. My goods do not meet the rules of origin under the USMCA. What is the tariff?,,301062.22,10161.74,200,Stream interrupted – chunked stream closed early (server/proxy/load)
2026-05-04T18:04:05.175437,300,load,Direct,What is the tariff rate for exporting printed books (HS 4901.99) from Singapore to Vietnam under ATIGA?,,301076.82,10125.51,200,Stream interrupted – chunked stream closed early (server/proxy/load)
2026-05-04T18:04:05.272360,300,load,Indirect,"We ship from Singapore to multiple ASEAN countries (Indonesia, Philippines, Vietnam) under ATIGA. Do we need one PCO per destination or one for the whole order, and what are the declaration requiremen",,301015.34,10068.84,200,Stream interrupted – chunked stream closed early (server/proxy/load)
2026-05-04T18:04:07.437491,300,load,Indirect,"If we import under ASEAN-China FTA and re-export to Japan under RCEP with minimal repackaging in Singapore, can we use a back-to-back certificate, and what are the conditions and time limits?",,301033.22,10066.9,200,Stream interrupted – chunked stream closed early (server/proxy/load)
2026-05-04T18:04:08.300849,300,load,Indirect,"We import headphones (HS 8518.30.10) from China and sell to Vietnam. Can CPTPP preferences ever apply, and what proof would be required?",,301024.46,10074.96,200,Stream interrupted – chunked stream closed early (server/proxy/load)
2026-05-04T18:04:09.775164,300,load,Indirect,"We have a back-to-back PCO under RCEP for goods from Japan. The buyer in Indonesia wants to split the shipment into two consignments over two months. Is the original PCO still valid, and what do we ne",,301062.66,10098.01,200,Stream interrupted – chunked stream closed early (server/proxy/load)
2026-05-04T18:04:09.816816,300,load,Indirect,"For goods that qualify under both ATIGA and RCEP when exporting from Singapore to Thailand, how do we choose which FTA to use, and can we switch between them for different shipments of the same produc",,301028.92,10074.92,200,Stream interrupted – chunked stream closed early (server/proxy/load)
2026-05-04T18:04:10.816183,300,load,Indirect,"What is the PCO application process for the export of my product with HS code 3924.90.90 from Singapore to Vietnam with an estimated export value of 5,000 SGD under the ATIGA FTA?",,301043.1,10079.03,200,Stream interrupted – chunked stream closed early (server/proxy/load)
2026-05-04T18:04:11.741743,300,load,Indirect,Can we ship goods directly from China to Indonesia with a Singapore invoice and still claim ACFTA preference?,,301036.54,10080.64,200,Stream interrupted – chunked stream closed early (server/proxy/load)
2026-05-04T18:04:11.906084,300,load,Indirect,"Under which FTAs, if any, can India-origin goods use a back-to-back mechanism via Singapore?",,301031.53,10074.09,200,Stream interrupted – chunked stream closed early (server/proxy/load)
2026-05-04T18:04:14.660685,300,load,Indirect,Which Free Trade Agreements (FTAs) can I utilise when exporting compact disks (HS Code: 8523.41.10) from Singapore to Indonesia?,,301063.4,10239.01,200,Stream interrupted – chunked stream closed early (server/proxy/load)
2026-05-04T18:04:15.095952,300,load,Indirect,I import brooms with HS code 9603.10.20 from China to Singapore and would like to re-export to Malaysia. Am I eligible for any FTAs?,,301030.04,10071.52,200,Stream interrupted – chunked stream closed early (server/proxy/load)
2026-05-04T18:04:16.579715,300,load,Indirect,"If we import under ASEAN-China FTA and re-export to Japan under RCEP with minimal repackaging in Singapore, can we use a back-to-back certificate, and what are the conditions and time limits?",,301052.01,10099.0,200,Stream interrupted – chunked stream closed early (server/proxy/load)
2026-05-04T18:04:16.586207,300,load,Indirect,Which Free Trade Agreements (FTAs) can I utilise when exporting compact disks (HS Code: 8523.41.10) from Singapore to Indonesia?,,301048.38,10085.74,200,Stream interrupted – chunked stream closed early (server/proxy/load)
2026-05-04T18:04:18.358255,300,load,Indirect,"We plan to bring microprocessors (HS 8542.31) from Japan into Singapore for consolidation, then ship them to Indonesia. Can we claim preferential tariff treatment on the Indonesia leg?",,301025.43,10066.35,200,Stream interrupted – chunked stream closed early (server/proxy/load)
2026-05-04T18:04:18.959935,300,load,Indirect,"We manufacture plastic containers (HS 3924) in Singapore using resin from Saudi Arabia and additives from Malaysia. How do we prove origin under ATIGA for export to Vietnam, and which FTA gives the be",,301051.8,10104.15,200,Stream interrupted – chunked stream closed early (server/proxy/load)
2026-05-04T18:04:19.560391,300,load,Indirect,"We have a back-to-back PCO under RCEP for goods from Japan. The buyer in Indonesia wants to split the shipment into two consignments over two months. Is the original PCO still valid, and what do we ne",,301063.05,10114.36,200,Stream interrupted – chunked stream closed early (server/proxy/load)
2026-05-04T18:04:19.871748,300,load,Indirect,"We assemble vacuum cleaners (HS Code 8508.19.10) in Singapore from Chinese parts and export to Indonesia. Does simple assembly confer Singapore origin, or should we apply for a back-to-back PCO instea",,301034.85,10077.67,200,Stream interrupted – chunked stream closed early (server/proxy/load)
2026-05-04T18:04:20.571979,300,load,Direct,Which FTA gives the best tariff for exporting solar panels (HS 8541.40) from Singapore to Japan?,,301037.43,10078.14,200,Stream interrupted – chunked stream closed early (server/proxy/load)
2026-05-04T18:04:21.305458,300,load,Indirect,"Our company sources components from China, Thailand, and Malaysia and assembles electronic switches (HS 8536.50) in Singapore for export to Australia. Can we claim Singapore origin under AANZFTA, and ",,301054.19,10091.61,200,Stream interrupted – chunked stream closed early (server/proxy/load)
2026-05-04T18:04:22.109420,300,load,Indirect,"If our PCO application is rejected by Singapore Customs due to insufficient supporting documents, what can we do to rectify and reapply, and how long does the appeal or correction process take?","I am unable to retrieve sufficient information regarding this subject matter. For further guidance, please click on the 'Email' button on the bottom right corner of the screen to arrange for a call or a one-to-one advisory session. Our specialists can offer tailored insights based on your product and trade needs, and help you address any related queries or challenges.",217679.05,10145.15,200,Success
2026-05-04T18:04:23.017874,300,load,Indirect,"Our company sources components from China, Thailand, and Malaysia and assembles electronic switches (HS 8536.50) in Singapore for export to Australia. Can we claim Singapore origin under AANZFTA, and ",,301026.19,10070.72,200,Stream interrupted – chunked stream closed early (server/proxy/load)
2026-05-04T18:04:23.329461,300,load,Direct,I export wooden furniture (HS 9403.60) from Singapore to Australia. What is the duty rate under the relevant FTA?,,301026.9,10075.27,200,Stream interrupted – chunked stream closed early (server/proxy/load)
2026-05-04T18:04:24.477437,300,load,Direct,Can we issue a back-to-back PCO when the import CO was issued under a different FTA than the export FTA?,,301055.17,10102.05,200,Stream interrupted – chunked stream closed early (server/proxy/load)
2026-05-04T18:04:25.249434,300,load,Indirect,"Can we use exporter self-certification under the UK-Singapore FTA for our exports of pharmaceutical products (HS 3004), and what are the exact conditions and record-keeping requirements?",,301023.31,10073.66,200,Stream interrupted – chunked stream closed early (server/proxy/load)
2026-05-04T18:04:25.401207,300,load,Indirect,"We have an existing PCO but the importer says the HS code on the certificate does not match their customs declaration. How do we correct or reissue the certificate, and will it affect the validity per",,301028.08,10073.75,200,Stream interrupted – chunked stream closed early (server/proxy/load)
2026-05-04T18:04:26.621694,300,load,Indirect,"We import headphones (HS 8518.30.10) from China and sell to Vietnam. Can CPTPP preferences ever apply, and what proof would be required?",,301035.62,10094.27,200,Stream interrupted – chunked stream closed early (server/proxy/load)
2026-05-04T18:04:27.071558,300,load,Indirect,"Our goods qualify under both RCEP and ATIGA for export to Thailand. Which agreement should we use for the PCO, and does it affect how we complete the origin declaration?",,301020.19,10065.95,200,Stream interrupted – chunked stream closed early (server/proxy/load)
2026-05-04T18:04:28.162102,300,load,Indirect,"Our company sources components from China, Thailand, and Malaysia and assembles electronic switches (HS 8536.50) in Singapore for export to Australia. Can we claim Singapore origin under AANZFTA, and ",,301027.3,10066.39,200,Stream interrupted – chunked stream closed early (server/proxy/load)
2026-05-04T18:04:28.331306,300,load,Direct,I would like to know more about the import duties for export from Singapore to US. HS code for my product is 9404.21.00.10. Estimated export value for each mattress is $150.,,301024.21,10089.91,200,Stream interrupted – chunked stream closed early (server/proxy/load)
2026-05-04T18:04:29.070289,300,load,Indirect,I import machinery parts from Japan to Singapore and would like to re-export to India. The HS code of the machinery parts are 8401.10. Am I eligible for any FTAs?,,301006.62,10050.46,200,Stream interrupted – chunked stream closed early (server/proxy/load)
2026-05-04T18:04:30.185947,300,load,Indirect,"We export organic fertiliser (HS 3101) from Singapore to New Zealand. Under CPTPP, what are the rules of origin and any product-specific requirements we must meet?",,301059.89,10103.23,200,Stream interrupted – chunked stream closed early (server/proxy/load)
2026-05-04T18:04:30.796945,300,load,Direct,What is the validity period of a PCO issued under ATIGA?,,301032.77,10071.05,200,Stream interrupted – chunked stream closed early (server/proxy/load)
2026-05-04T18:04:32.476438,300,load,Indirect,"For shipments from Singapore to Australia with goods sourced from Japan and Korea, what are the steps to claim AANZFTA or RCEP preferences?",,301011.46,10064.33,200,Stream interrupted – chunked stream closed early (server/proxy/load)
2026-05-04T18:04:33.897639,300,load,Indirect,"We manufacture plastic containers (HS 3924) in Singapore using resin from Saudi Arabia and additives from Malaysia. How do we prove origin under ATIGA for export to Vietnam, and which FTA gives the be",,301037.71,10090.12,200,Stream interrupted – chunked stream closed early (server/proxy/load)
2026-05-04T18:04:34.506982,300,load,Indirect,"We have a back-to-back PCO under RCEP for goods from Japan. The buyer in Indonesia wants to split the shipment into two consignments over two months. Is the original PCO still valid, and what do we ne",,301048.94,10097.3,200,Stream interrupted – chunked stream closed early (server/proxy/load)
2026-05-04T18:04:34.508030,300,load,Direct,I am importing ceramic tiles (HS 6908.90) from Vietnam to Singapore. What tariff applies under ATIGA?,,301019.49,10064.49,200,Stream interrupted – chunked stream closed early (server/proxy/load)
2026-05-04T18:04:35.683726,300,load,Indirect,"We ship from Singapore to multiple ASEAN countries (Indonesia, Philippines, Vietnam) under ATIGA. Do we need one PCO per destination or one for the whole order, and what are the declaration requiremen",,301033.89,10078.22,200,Stream interrupted – chunked stream closed early (server/proxy/load)
2026-05-04T18:04:35.791888,300,load,Indirect,I import machinery parts from Japan to Singapore and would like to re-export to India. The HS code of the machinery parts are 8401.10. Am I eligible for any FTAs?,,301025.91,10065.74,200,Stream interrupted – chunked stream closed early (server/proxy/load)
2026-05-04T18:04:38.996022,300,load,Indirect,"For shipments from Singapore to Australia with goods sourced from Japan and Korea, what are the steps to claim AANZFTA or RCEP preferences?",,301063.71,10100.57,200,Stream interrupted – chunked stream closed early (server/proxy/load)
2026-05-04T18:04:39.767579,300,load,Indirect,How do I qualify for preferential treatment under the ATIGA for my export of water pumps with HS code 8413.20.90 from Singapore to Indonesia?,,301055.76,10101.86,200,Stream interrupted – chunked stream closed early (server/proxy/load)
2026-05-04T18:04:39.967570,300,load,Direct,What is an Ordinary Certificate of Origin and when do I need it?,,301085.56,10121.05,200,Stream interrupted – chunked stream closed early (server/proxy/load)
2026-05-04T18:04:40.317134,300,load,Indirect,"We are considering moving some production from China to Singapore to benefit from FTAs. For electronics (HS 8517), what origin criteria apply under RCEP and CPTPP, and what percentage of value must be",,301027.47,10086.89,200,Stream interrupted – chunked stream closed early (server/proxy/load)
2026-05-04T18:04:42.344396,300,load,Indirect,We import Korean cosmetics (HS 3304) under RCEP into Singapore and re-export to Japan with no further processing. Can we apply for a back-to-back RCEP certificate?,,301029.68,10075.78,200,Stream interrupted – chunked stream closed early (server/proxy/load)
2026-05-04T18:04:42.389891,300,load,Indirect,I import machinery parts from Japan to Singapore and would like to re-export to India. The HS code of the machinery parts are 8401.10. Am I eligible for any FTAs?,,301030.93,10077.7,200,Stream interrupted – chunked stream closed early (server/proxy/load)
2026-05-04T18:04:44.650978,300,load,Direct,"In what ways do digital trade provisions in relevant agreements create sector-specific opportunities and advantages, and how do they improve market access and cross-border dealings?",,301039.86,10095.71,200,Stream interrupted – chunked stream closed early (server/proxy/load)
2026-05-04T18:04:44.695105,300,load,Direct,What is the validity period of a PCO issued under ATIGA?,,301021.3,10059.22,200,Stream interrupted – chunked stream closed early (server/proxy/load)
2026-05-04T18:04:44.792115,300,load,Direct,Which Free Trade Agreements (FTAs) can I utilise when exporting umbrellas (HS Code: 6601.99.00.03) from Singapore to Australia?,,301025.64,10055.73,200,Stream interrupted – chunked stream closed early (server/proxy/load)
2026-05-04T18:04:46.338094,300,load,Direct,I would like to know more about the import duties for export from Singapore to US. HS code for my product is 9404.21.00.10. Estimated export value for each mattress is $150.,,301058.19,10102.72,200,Stream interrupted – chunked stream closed early (server/proxy/load)
2026-05-04T18:04:46.385770,300,load,Indirect,"We ship from Singapore to multiple ASEAN countries (Indonesia, Philippines, Vietnam) under ATIGA. Do we need one PCO per destination or one for the whole order, and what are the declaration requiremen",,301029.64,10077.17,200,Stream interrupted – chunked stream closed early (server/proxy/load)
2026-05-04T18:04:47.628096,300,load,Indirect,"What is the PCO application process for the export of my product with HS code 3924.90.90 from Singapore to Vietnam with an estimated export value of 5,000 SGD under the ATIGA FTA?",,301059.77,10110.51,200,Stream interrupted – chunked stream closed early (server/proxy/load)
2026-05-04T18:04:47.725647,300,load,Direct,"How many FTAs has Singapore signed versus those currently in force, and where can I verify the latest status?",,301033.04,10660.46,200,Stream interrupted – chunked stream closed early (server/proxy/load)
2026-05-04T18:04:50.576398,300,load,Indirect,We import Korean cosmetics (HS 3304) under RCEP into Singapore and re-export to Japan with no further processing. Can we apply for a back-to-back RCEP certificate?,,301076.46,10699.56,200,Stream interrupted – chunked stream closed early (server/proxy/load)
2026-05-04T18:04:50.846131,300,load,Indirect,We import Korean cosmetics (HS 3304) under RCEP into Singapore and re-export to Japan with no further processing. Can we apply for a back-to-back RCEP certificate?,,301017.85,10394.67,200,Stream interrupted – chunked stream closed early (server/proxy/load)
2026-05-04T18:04:52.172576,300,load,Indirect,I would like to leverage the AKFTA FTA for my export of 1701.12.20 from Singapore to South Korea. What is a PCO and how do I apply for it?,,301024.23,10085.7,200,Stream interrupted – chunked stream closed early (server/proxy/load)
2026-05-04T18:04:52.428954,300,load,Indirect,"We assemble vacuum cleaners (HS Code 8508.19.10) in Singapore from Chinese parts and export to Indonesia. Does simple assembly confer Singapore origin, or should we apply for a back-to-back PCO instea",,301045.43,10118.28,200,Stream interrupted – chunked stream closed early (server/proxy/load)
2026-05-04T18:04:53.066674,300,load,Indirect,I import brooms with HS code 9603.10.20 from China to Singapore and would like to re-export to Malaysia. Am I eligible for any FTAs?,,301028.36,10073.79,200,Stream interrupted – chunked stream closed early (server/proxy/load)
2026-05-04T18:04:53.863085,300,load,Indirect,"We import cotton fabric (HS 5208) from India into Singapore, dye and cut it here, then export garments to the EU. How do we determine origin under RCEP and EU-Singapore FTA, and what documentation do ",,301031.96,10076.37,200,Stream interrupted – chunked stream closed early (server/proxy/load)
2026-05-04T18:04:54.342878,300,load,Indirect,"If I import products from South Korea into Singapore, store them in Singapore, and then export them to Vietnam. Is there any FTA I can use to obtain duty savings on import into Vietnam?",,301028.59,10089.38,200,Stream interrupted – chunked stream closed early (server/proxy/load)
2026-05-04T18:04:54.637640,300,load,Indirect,"We plan to bring microprocessors (HS 8542.31) from Japan into Singapore for consolidation, then ship them to Indonesia. Can we claim preferential tariff treatment on the Indonesia leg?",,301027.28,10083.86,200,Stream interrupted – chunked stream closed early (server/proxy/load)
2026-05-04T18:04:57.265926,300,load,Indirect,We import fresh mangoes (HS 0804.50) from Indonesia into Singapore and plan to re-export them to the Philippines. Can we request a back-to-back PCO under ATIGA?,,301073.74,10117.02,200,Stream interrupted – chunked stream closed early (server/proxy/load)
2026-05-04T18:04:59.284332,300,load,Indirect,"Under which FTAs, if any, can India-origin goods use a back-to-back mechanism via Singapore?",,301018.5,10083.82,200,Stream interrupted – chunked stream closed early (server/proxy/load)
2026-05-04T18:05:00.901777,300,load,Indirect,We import Korean cosmetics (HS 3304) under RCEP into Singapore and re-export to Japan with no further processing. Can we apply for a back-to-back RCEP certificate?,,301031.7,10120.31,200,Stream interrupted – chunked stream closed early (server/proxy/load)
2026-05-04T18:05:02.336017,300,load,Direct,What is Singapore Customs' approach to border controls against counterfeit goods?,,301062.59,10266.8,200,Stream interrupted – chunked stream closed early (server/proxy/load)
2026-05-04T18:05:02.480992,300,load,Indirect,"We import raw cocoa (HS 1801) from Ghana, process it into chocolate (HS 1806) in Singapore, and export to Japan. How do we prove substantial transformation and claim preference under RCEP?",,301040.82,10615.17,200,Stream interrupted – chunked stream closed early (server/proxy/load)
2026-05-04T18:05:02.739236,300,load,Indirect,We import Korean cosmetics (HS 3304) under RCEP into Singapore and re-export to Japan with no further processing. Can we apply for a back-to-back RCEP certificate?,,301031.33,10691.5,200,Stream interrupted – chunked stream closed early (server/proxy/load)
2026-05-04T18:05:03.207982,300,load,Direct,I export seafood (HS 0304) from Singapore to South Korea. What FTA and duty rate apply?,,301047.03,10241.01,200,Stream interrupted – chunked stream closed early (server/proxy/load)
2026-05-04T18:05:04.838069,300,load,Direct,What tariff will my aluminium rods with HS code 7604.29.10.10 be subject to if it was manufactured in Russia and exported to the US?,,301025.85,10102.06,200,Stream interrupted – chunked stream closed early (server/proxy/load)
2026-05-04T18:05:04.911950,300,load,Indirect,"We export organic fertiliser (HS 3101) from Singapore to New Zealand. Under CPTPP, what are the rules of origin and any product-specific requirements we must meet?",,301022.06,10083.1,200,Stream interrupted – chunked stream closed early (server/proxy/load)
2026-05-04T18:05:06.150007,300,load,Indirect,"We have an existing PCO but the importer says the HS code on the certificate does not match their customs declaration. How do we correct or reissue the certificate, and will it affect the validity per",,301044.74,10099.73,200,Stream interrupted – chunked stream closed early (server/proxy/load)
2026-05-04T18:05:07.897292,300,load,Indirect,"We consolidate shipments from multiple ASEAN countries in Singapore and then send them to Australia. Can we obtain a single certificate covering the whole consignment, or do we need separate origin do",,301044.58,10096.95,200,Stream interrupted – chunked stream closed early (server/proxy/load)
2026-05-04T18:05:08.059204,300,load,Indirect,"Our goods qualify under both RCEP and ATIGA for export to Thailand. Which agreement should we use for the PCO, and does it affect how we complete the origin declaration?",,301020.0,10102.24,200,Stream interrupted – chunked stream closed early (server/proxy/load)
2026-05-04T18:05:08.994750,300,load,Direct,How do I identify appropriate HS codes and market requirements for exporting headphones to the Philippines?,,301041.76,10076.97,200,Stream interrupted – chunked stream closed early (server/proxy/load)
2026-05-04T18:05:10.514403,300,load,Indirect,"We assemble vacuum cleaners (HS Code 8508.19.10) in Singapore from Chinese parts and export to Indonesia. Does simple assembly confer Singapore origin, or should we apply for a back-to-back PCO instea",,301026.87,10115.06,200,Stream interrupted – chunked stream closed early (server/proxy/load)
2026-05-04T18:05:10.524331,300,load,Indirect,I want to import semiconductor integrated circuits from South Korea to Singapore and intend to re-export them to Vietnam. The HS code is 8542.31. Am I eligible for any FTAs?,,301046.21,10144.97,200,Stream interrupted – chunked stream closed early (server/proxy/load)
2026-05-04T18:05:11.283436,300,load,Indirect,"Our company sources components from China, Thailand, and Malaysia and assembles electronic switches (HS 8536.50) in Singapore for export to Australia. Can we claim Singapore origin under AANZFTA, and ",,301024.58,10076.6,200,Stream interrupted – chunked stream closed early (server/proxy/load)
2026-05-04T18:05:12.351999,300,load,Indirect,"We received a request from Indonesian customs to verify our ATIGA PCO. What is the process for Singapore exporters, what documents must we provide, and what is the typical timeline?",,301049.62,10084.76,200,Stream interrupted – chunked stream closed early (server/proxy/load)
2026-05-04T18:05:13.277169,300,load,Direct,What is Singapore Customs' approach to border controls against counterfeit goods?,,301074.58,10117.56,200,Stream interrupted – chunked stream closed early (server/proxy/load)
2026-05-04T18:05:13.679948,300,load,Indirect,"For goods that qualify under both ATIGA and RCEP when exporting from Singapore to Thailand, how do we choose which FTA to use, and can we switch between them for different shipments of the same produc",,301025.56,10069.38,200,Stream interrupted – chunked stream closed early (server/proxy/load)
2026-05-04T18:05:15.157132,300,load,Indirect,"If we import under ASEAN-China FTA and re-export to Japan under RCEP with minimal repackaging in Singapore, can we use a back-to-back certificate, and what are the conditions and time limits?",,301055.57,10098.38,200,Stream interrupted – chunked stream closed early (server/proxy/load)
2026-05-04T18:05:15.168715,300,load,Indirect,"We import wine (HS 2204) from Australia under the Singapore-Australia FTA and store it in a bonded warehouse. When we re-export to Japan, can we claim preference under RCEP or CPTPP, and what evidence",,301039.73,10079.62,200,Stream interrupted – chunked stream closed early (server/proxy/load)
2026-05-04T18:05:16.331007,300,load,Indirect,"For machinery (HS 8479) assembled in Singapore from US and German parts, what are the rules of origin under the EU-Singapore FTA and UK-Singapore FTA, and how do we calculate and document RVC?",,301030.4,10067.31,200,Stream interrupted – chunked stream closed early (server/proxy/load)
2026-05-04T18:05:16.386910,300,load,Indirect,"Our goods qualify under both RCEP and ATIGA for export to Thailand. Which agreement should we use for the PCO, and does it affect how we complete the origin declaration?",,301025.37,10075.64,200,Stream interrupted – chunked stream closed early (server/proxy/load)
2026-05-04T18:05:16.569951,300,load,Indirect,"We import raw cocoa (HS 1801) from Ghana, process it into chocolate (HS 1806) in Singapore, and export to Japan. How do we prove substantial transformation and claim preference under RCEP?",,301020.29,10072.83,200,Stream interrupted – chunked stream closed early (server/proxy/load)
2026-05-04T18:05:17.039157,300,load,Indirect,I import machinery parts from Japan to Singapore and would like to re-export to India. The HS code of the machinery parts are 8401.10. Am I eligible for any FTAs?,,301019.53,10068.26,200,Stream interrupted – chunked stream closed early (server/proxy/load)
2026-05-04T18:05:19.126425,300,load,Indirect,"Our company sources components from China, Thailand, and Malaysia and assembles electronic switches (HS 8536.50) in Singapore for export to Australia. Can we claim Singapore origin under AANZFTA, and ",,301069.57,10104.44,200,Stream interrupted – chunked stream closed early (server/proxy/load)
2026-05-04T18:05:19.476785,300,load,Direct,I would like to know more about the import duties for export from Singapore to US. HS code for my product is 9404.21.00.10. Estimated export value for each mattress is $150.,,301045.64,10094.95,200,Stream interrupted – chunked stream closed early (server/proxy/load)
2026-05-04T18:05:19.668994,300,load,Indirect,"If our PCO application is rejected by Singapore Customs due to insufficient supporting documents, what can we do to rectify and reapply, and how long does the appeal or correction process take?",,301029.88,10073.8,200,Stream interrupted – chunked stream closed early (server/proxy/load)
2026-05-04T18:05:20.126792,300,load,Indirect,"We have an existing PCO but the importer says the HS code on the certificate does not match their customs declaration. How do we correct or reissue the certificate, and will it affect the validity per",,301037.08,10079.27,200,Stream interrupted – chunked stream closed early (server/proxy/load)
2026-05-04T18:05:20.695693,300,load,Direct,"I am exporting meat with HS code 0210.19.90 from Singapore to Indonesia. The export value is 10,000 SGD. Which FTAs can I leverage?",,301032.25,10082.47,200,Stream interrupted – chunked stream closed early (server/proxy/load)
2026-05-04T18:05:21.681527,300,load,Indirect,"We are considering moving some production from China to Singapore to benefit from FTAs. For electronics (HS 8517), what origin criteria apply under RCEP and CPTPP, and what percentage of value must be",,301024.61,10076.2,200,Stream interrupted – chunked stream closed early (server/proxy/load)
2026-05-04T18:05:24.581723,300,load,Indirect,"We import headphones (HS 8518.30.10) from China and sell to Vietnam. Can CPTPP preferences ever apply, and what proof would be required?",,301051.2,10091.29,200,Stream interrupted – chunked stream closed early (server/proxy/load)
2026-05-04T18:05:25.917467,300,load,Indirect,"We import cotton fabric (HS 5208) from India into Singapore, dye and cut it here, then export garments to the EU. How do we determine origin under RCEP and EU-Singapore FTA, and what documentation do ",,301047.0,10086.67,200,Stream interrupted – chunked stream closed early (server/proxy/load)
2026-05-04T18:05:26.186398,300,load,Indirect,"For goods that qualify under both ATIGA and RCEP when exporting from Singapore to Thailand, how do we choose which FTA to use, and can we switch between them for different shipments of the same produc",,301050.82,10087.44,200,Stream interrupted – chunked stream closed early (server/proxy/load)
2026-05-04T18:05:27.734166,300,load,Indirect,"We received a request from Indonesian customs to verify our ATIGA PCO. What is the process for Singapore exporters, what documents must we provide, and what is the typical timeline?",,301040.49,10067.49,200,Stream interrupted – chunked stream closed early (server/proxy/load)
2026-05-04T18:05:28.914758,300,load,Direct,Could you help me identify if my product with HS code 4415.10.01 is eligible for tariff concessions for export to Mexico from Singapore?,,301039.0,10073.52,200,Stream interrupted – chunked stream closed early (server/proxy/load)
2026-05-04T18:05:29.054128,300,load,Direct,I am exporting t-shirts with HS code 6109.10.00.14 from Colombia to the US. What tariffs apply?,,301022.9,10073.8,200,Stream interrupted – chunked stream closed early (server/proxy/load)
2026-05-04T18:05:30.010885,300,load,Indirect,"We have a back-to-back PCO under RCEP for goods from Japan. The buyer in Indonesia wants to split the shipment into two consignments over two months. Is the original PCO still valid, and what do we ne",,301044.89,10097.28,200,Stream interrupted – chunked stream closed early (server/proxy/load)
2026-05-04T18:05:30.935737,300,load,Indirect,"What are the steps and timelines to apply for a PCO under the Digital Economy Agreement between Singapore and Australia, and how does it differ from the standard goods FTA process?",,301019.13,10072.09,200,Stream interrupted – chunked stream closed early (server/proxy/load)
2026-05-04T18:05:31.307451,300,load,Indirect,"We import headphones (HS 8518.30.10) from China and sell to Vietnam. Can CPTPP preferences ever apply, and what proof would be required?",,301032.51,10069.06,200,Stream interrupted – chunked stream closed early (server/proxy/load)
2026-05-04T18:05:31.399244,300,load,Direct,Could you help me identify if my product with HS code 4415.10.01 is eligible for tariff concessions for export to Mexico from Singapore?,,301011.85,10069.31,200,Stream interrupted – chunked stream closed early (server/proxy/load)
2026-05-04T18:05:32.387488,300,load,Direct,I am exporting T-Shirt with HS code 6109.10.10 from Singapore to Thailand. What FTAs would be beneficial for my export?,,301025.4,10083.03,200,Stream interrupted – chunked stream closed early (server/proxy/load)
2026-05-04T18:05:32.427697,300,load,Indirect,I import meat with HS code 0201.30.01 from Australia to Singapore and re-export to Japan. Am I eligible for preferential tariffs?,,301028.26,10083.76,200,Stream interrupted – chunked stream closed early (server/proxy/load)
2026-05-04T18:05:35.207700,300,load,Indirect,"We import wine (HS 2204) from Australia under the Singapore-Australia FTA and store it in a bonded warehouse. When we re-export to Japan, can we claim preference under RCEP or CPTPP, and what evidence",,301063.2,10116.0,200,Stream interrupted – chunked stream closed early (server/proxy/load)
2026-05-04T18:05:35.665203,300,load,Indirect,"What are the steps and timelines to apply for a PCO under the Digital Economy Agreement between Singapore and Australia, and how does it differ from the standard goods FTA process?",,301032.43,10066.3,200,Stream interrupted – chunked stream closed early (server/proxy/load)
2026-05-04T18:05:35.688131,300,load,Indirect,"We manufacture plastic containers (HS 3924) in Singapore using resin from Saudi Arabia and additives from Malaysia. How do we prove origin under ATIGA for export to Vietnam, and which FTA gives the be",,301021.5,10074.96,200,Stream interrupted – chunked stream closed early (server/proxy/load)
2026-05-04T18:05:35.691433,300,load,Indirect,I would like to leverage the AKFTA FTA for my export of 1701.12.20 from Singapore to South Korea. What is a PCO and how do I apply for it?,,301028.02,10093.04,200,Stream interrupted – chunked stream closed early (server/proxy/load)
2026-05-04T18:05:35.969042,300,load,Indirect,"We plan to bring microprocessors (HS 8542.31) from Japan into Singapore for consolidation, then ship them to Indonesia. Can we claim preferential tariff treatment on the Indonesia leg?",,301039.49,10084.37,200,Stream interrupted – chunked stream closed early (server/proxy/load)
2026-05-04T18:05:36.868080,300,load,Indirect,"We consolidate shipments from multiple ASEAN countries in Singapore and then send them to Australia. Can we obtain a single certificate covering the whole consignment, or do we need separate origin do",,301049.34,10109.17,200,Stream interrupted – chunked stream closed early (server/proxy/load)
2026-05-04T18:05:37.217359,300,load,Indirect,"We consolidate shipments from multiple ASEAN countries in Singapore and then send them to Australia. Can we obtain a single certificate covering the whole consignment, or do we need separate origin do",,301058.24,10098.3,200,Stream interrupted – chunked stream closed early (server/proxy/load)
2026-05-04T18:05:37.603417,300,load,Indirect,"For shipments from Singapore to Australia with goods sourced from Japan and Korea, what are the steps to claim AANZFTA or RCEP preferences?",,301072.66,10117.0,200,Stream interrupted – chunked stream closed early (server/proxy/load)
2026-05-04T18:05:38.590167,300,load,Indirect,Can we ship goods directly from China to Indonesia with a Singapore invoice and still claim ACFTA preference?,,301027.61,10070.79,200,Stream interrupted – chunked stream closed early (server/proxy/load)
2026-05-04T18:05:39.539031,300,load,Indirect,"If our PCO application is rejected by Singapore Customs due to insufficient supporting documents, what can we do to rectify and reapply, and how long does the appeal or correction process take?",,301053.72,10092.78,200,Stream interrupted – chunked stream closed early (server/proxy/load)
2026-05-04T18:05:41.040225,300,load,Indirect,I want to import semiconductor integrated circuits from South Korea to Singapore and intend to re-export them to Vietnam. The HS code is 8542.31. Am I eligible for any FTAs?,,301026.75,10070.64,200,Stream interrupted – chunked stream closed early (server/proxy/load)
2026-05-04T18:05:43.123415,300,load,Indirect,"For shipments from Singapore to Australia with goods sourced from Japan and Korea, what are the steps to claim AANZFTA or RCEP preferences?",,301022.68,10076.51,200,Stream interrupted – chunked stream closed early (server/proxy/load)
2026-05-04T18:05:43.574291,300,load,Indirect,"We import wine (HS 2204) from Australia under the Singapore-Australia FTA and store it in a bonded warehouse. When we re-export to Japan, can we claim preference under RCEP or CPTPP, and what evidence",,301071.0,10107.63,200,Stream interrupted – chunked stream closed early (server/proxy/load)
2026-05-04T18:05:44.227036,300,load,Indirect,"What are the steps and timelines to apply for a PCO under the Digital Economy Agreement between Singapore and Australia, and how does it differ from the standard goods FTA process?",,301026.62,10068.03,200,Stream interrupted – chunked stream closed early (server/proxy/load)
2026-05-04T18:05:44.337022,300,load,Direct,I am importing ceramic tiles (HS 6908.90) from Vietnam to Singapore. What tariff applies under ATIGA?,,301057.13,10082.83,200,Stream interrupted – chunked stream closed early (server/proxy/load)
2026-05-04T18:05:46.592541,300,load,Direct,We are a manufacturing company looking to export plastic bottles to customers in other countries. Can you please advise the steps and processes we have to take?,"I notice you've asked multiple questions at once. To provide you with the most accurate and comprehensive assistance, I can only address one request at a time. This ensures I can thoroughly research and provide detailed guidance for each specific scenario.

Let me help you prioritize:

1. **Organic fertiliser (HS 3101) export from Singapore to New Zealand under CPTPP** - Rules of origin and product-specific requirements
2. **Rubber gloves (HS 4015.19) export from Singapore to Malaysia** - Applic",226440.8,10085.07,200,Success
2026-05-04T18:05:46.968166,300,load,Indirect,"We consolidate shipments from multiple ASEAN countries in Singapore and then send them to Australia. Can we obtain a single certificate covering the whole consignment, or do we need separate origin do",,301068.45,10109.67,200,Stream interrupted – chunked stream closed early (server/proxy/load)
2026-05-04T18:05:49.434817,300,load,Indirect,I import machinery parts from Japan to Singapore and would like to re-export to India. The HS code of the machinery parts are 8401.10. Am I eligible for any FTAs?,,301012.05,10048.22,200,Stream interrupted – chunked stream closed early (server/proxy/load)
2026-05-04T18:05:54.355909,300,load,Indirect,Can we ship goods directly from China to Indonesia with a Singapore invoice and still claim ACFTA preference?,,301065.72,10102.79,200,Stream interrupted – chunked stream closed early (server/proxy/load)
2026-05-04T18:05:54.955880,300,load,Indirect,I import machinery parts from Japan to Singapore and would like to re-export to India. The HS code of the machinery parts are 8401.10. Am I eligible for any FTAs?,,301062.03,10101.67,200,Stream interrupted – chunked stream closed early (server/proxy/load)
2026-05-04T18:05:55.209625,300,load,Direct,I am exporting T-Shirt with HS code 6109.10.10 from Singapore to Thailand. What FTAs would be beneficial for my export?,,301031.87,10077.58,200,Stream interrupted – chunked stream closed early (server/proxy/load)
2026-05-04T18:06:03.250355,300,load,Direct,I am exporting rubber gloves (HS 4015.19) from Singapore to Malaysia. Which FTA applies?,,301065.49,10205.81,200,Stream interrupted – chunked stream closed early (server/proxy/load)
2026-05-04T18:06:03.397522,300,load,Indirect,"For goods that qualify under both ATIGA and RCEP when exporting from Singapore to Thailand, how do we choose which FTA to use, and can we switch between them for different shipments of the same produc",,301040.6,10198.75,200,Stream interrupted – chunked stream closed early (server/proxy/load)
2026-05-04T18:06:09.383704,300,load,Indirect,"If we import under ASEAN-China FTA and re-export to Japan under RCEP with minimal repackaging in Singapore, can we use a back-to-back certificate, and what are the conditions and time limits?","I am unable to retrieve sufficient information regarding this subject matter. For further guidance, please click on the 'Email' button on the bottom right corner of the screen to arrange for a call or a one-to-one advisory session. Our specialists can offer tailored insights based on your product and trade needs, and help you address any related queries or challenges.",213885.16,10088.1,200,Success
2026-05-04T18:06:09.387134,300,load,Indirect,"We ship from Singapore to multiple ASEAN countries (Indonesia, Philippines, Vietnam) under ATIGA. Do we need one PCO per destination or one for the whole order, and what are the declaration requiremen","I appreciate you providing detailed information about your trade scenarios. However, I notice you've asked **multiple complex questions at once**, covering several different topics:

1. Import duties for export from Singapore to US (HS code 9404.21.00.10)
2. Back-to-back PCO under RCEP for goods from Japan, with shipment splitting
3. PCO requirements for shipping to multiple ASEAN countries under ATIGA

To provide you with accurate and comprehensive guidance, **I can only address one question at",225127.04,10157.22,200,Success
2026-05-04T18:06:14.557070,300,load,Direct,I would like to export my product of HS 4819.60 from Singapore to India. What is the duty rate and what FTAs can I leverage?,,301061.32,10120.43,200,Stream interrupted – chunked stream closed early (server/proxy/load)
2026-05-04T18:06:14.592155,300,load,Indirect,"We ship from Singapore to multiple ASEAN countries (Indonesia, Philippines, Vietnam) under ATIGA. Do we need one PCO per destination or one for the whole order, and what are the declaration requiremen",,301043.88,10080.76,200,Stream interrupted – chunked stream closed early (server/proxy/load)
2026-05-04T18:06:16.561269,300,load,Indirect,"We import wine (HS 2204) from Australia under the Singapore-Australia FTA and store it in a bonded warehouse. When we re-export to Japan, can we claim preference under RCEP or CPTPP, and what evidence",,301025.22,10071.46,200,Stream interrupted – chunked stream closed early (server/proxy/load)
2026-05-04T18:06:19.211837,300,load,Indirect,How do I qualify for preferential treatment under the ATIGA for my export of water pumps with HS code 8413.20.90 from Singapore to Indonesia?,,301157.65,10193.18,200,Stream interrupted – chunked stream closed early (server/proxy/load)
2026-05-04T18:06:21.039063,300,load,Indirect,"If our PCO application is rejected by Singapore Customs due to insufficient supporting documents, what can we do to rectify and reapply, and how long does the appeal or correction process take?",,301060.12,10097.89,200,Stream interrupted – chunked stream closed early (server/proxy/load)
2026-05-04T18:06:22.478868,300,load,Indirect,I import brooms with HS code 9603.10.20 from China to Singapore and would like to re-export to Malaysia. Am I eligible for any FTAs?,,301045.43,10088.75,200,Stream interrupted – chunked stream closed early (server/proxy/load)
2026-05-04T18:06:23.856745,300,load,Direct,Can a Singapore company apply for a PCO for goods manufactured in Malaysia and exported to Indonesia?,,301037.27,10079.37,200,Stream interrupted – chunked stream closed early (server/proxy/load)
2026-05-04T18:06:25.229605,300,load,Direct,I am an automobile manufacturer importing parts of a suspension system with HS code 8708.80.55 from Germany which will be assembled in the US. Am I eligible for lower tariffs?,,301025.86,10070.07,200,Stream interrupted – chunked stream closed early (server/proxy/load)
2026-05-04T18:06:25.543588,300,load,Indirect,"We received a request from Indonesian customs to verify our ATIGA PCO. What is the process for Singapore exporters, what documents must we provide, and what is the typical timeline?",,301104.53,10143.99,200,Stream interrupted – chunked stream closed early (server/proxy/load)
2026-05-04T18:06:25.910989,300,load,Direct,"Please provide guidance on enjoying FTA tariffs benefit for the export of S$100,000 worth of electric motors (HS code: 8501.10.10.30) from Singapore to the United Kingdom.",,301035.24,10079.15,200,Stream interrupted – chunked stream closed early (server/proxy/load)
2026-05-04T18:06:28.504536,300,load,Indirect,"If our PCO application is rejected by Singapore Customs due to insufficient supporting documents, what can we do to rectify and reapply, and how long does the appeal or correction process take?",,301025.86,10065.95,200,Stream interrupted – chunked stream closed early (server/proxy/load)
2026-05-04T18:06:28.936975,300,load,Indirect,I want to import semiconductor integrated circuits from South Korea to Singapore and intend to re-export them to Vietnam. The HS code is 8542.31. Am I eligible for any FTAs?,,301026.48,10073.29,200,Stream interrupted – chunked stream closed early (server/proxy/load)
2026-05-04T18:06:28.998542,300,load,Indirect,"Our goods qualify under both RCEP and ATIGA for export to Thailand. Which agreement should we use for the PCO, and does it affect how we complete the origin declaration?",,301021.62,10086.91,200,Stream interrupted – chunked stream closed early (server/proxy/load)
2026-05-04T18:06:30.014819,300,load,Direct,What is the tariff for importing stainless steel sheets (HS 7219.13) from Indonesia into Singapore under ATIGA?,,301027.17,10067.2,200,Stream interrupted – chunked stream closed early (server/proxy/load)
2026-05-04T18:06:31.381558,300,load,Indirect,We import Korean cosmetics (HS 3304) under RCEP into Singapore and re-export to Japan with no further processing. Can we apply for a back-to-back RCEP certificate?,,301057.14,10097.35,200,Stream interrupted – chunked stream closed early (server/proxy/load)
2026-05-04T18:06:33.176030,300,load,Direct,I have an energy product with HS code 2710.12.15.10 that is made in Canada and to be exported to the US. My goods do not meet the rules of origin under the USMCA. What is the tariff?,,301030.05,10068.92,200,Stream interrupted – chunked stream closed early (server/proxy/load)
2026-05-04T18:06:33.310351,300,load,Direct,How long does it take to get a PCO from Singapore Customs for ATIGA export to Thailand?,,301023.25,10080.32,200,Stream interrupted – chunked stream closed early (server/proxy/load)
2026-05-04T18:06:34.272144,300,load,Direct,I am exporting t-shirts with HS code 6109.10.00.14 from Colombia to the US. What tariffs apply?,"I am unable to retrieve sufficient information regarding this subject matter. For further guidance, please click on the 'Email' button on the bottom right corner of the screen to arrange for a call or a one-to-one advisory session. Our specialists can offer tailored insights based on your product and trade needs, and help you address any related queries or challenges.",236378.18,10084.33,200,Success
2026-05-04T18:06:36.668294,300,load,Indirect,"We plan to bring microprocessors (HS 8542.31) from Japan into Singapore for consolidation, then ship them to Indonesia. Can we claim preferential tariff treatment on the Indonesia leg?",,301064.84,10123.71,200,Stream interrupted – chunked stream closed early (server/proxy/load)
2026-05-04T18:06:39.593929,300,load,Indirect,"We import cotton fabric (HS 5208) from India into Singapore, dye and cut it here, then export garments to the EU. How do we determine origin under RCEP and EU-Singapore FTA, and what documentation do ",,301042.96,10093.11,200,Stream interrupted – chunked stream closed early (server/proxy/load)
2026-05-04T18:06:40.291060,300,load,Indirect,"If I import products from South Korea into Singapore, store them in Singapore, and then export them to Vietnam. Is there any FTA I can use to obtain duty savings on import into Vietnam?",,301023.86,10081.54,200,Stream interrupted – chunked stream closed early (server/proxy/load)
2026-05-04T18:06:41.844695,300,load,Indirect,"Our company sources components from China, Thailand, and Malaysia and assembles electronic switches (HS 8536.50) in Singapore for export to Australia. Can we claim Singapore origin under AANZFTA, and ",,301113.13,10149.16,200,Stream interrupted – chunked stream closed early (server/proxy/load)
2026-05-04T18:06:42.188844,300,load,Indirect,"We import raw cocoa (HS 1801) from Ghana, process it into chocolate (HS 1806) in Singapore, and export to Japan. How do we prove substantial transformation and claim preference under RCEP?",,301017.61,10061.36,200,Stream interrupted – chunked stream closed early (server/proxy/load)
2026-05-04T18:06:43.039738,300,load,Direct,We are a manufacturing company looking to export plastic bottles to customers in other countries. Can you please advise the steps and processes we have to take?,,301041.68,10084.88,200,Stream interrupted – chunked stream closed early (server/proxy/load)
2026-05-04T18:06:44.168716,300,load,Indirect,"Can we use exporter self-certification under the UK-Singapore FTA for our exports of pharmaceutical products (HS 3004), and what are the exact conditions and record-keeping requirements?",,301050.99,10085.48,200,Stream interrupted – chunked stream closed early (server/proxy/load)
2026-05-04T18:06:44.172127,300,load,Indirect,"Can we use exporter self-certification under the UK-Singapore FTA for our exports of pharmaceutical products (HS 3004), and what are the exact conditions and record-keeping requirements?",,301025.51,10069.99,200,Stream interrupted – chunked stream closed early (server/proxy/load)
2026-05-04T18:06:44.254921,300,load,Direct,What is the tariff for importing stainless steel sheets (HS 7219.13) from Indonesia into Singapore under ATIGA?,,301024.47,10067.18,200,Stream interrupted – chunked stream closed early (server/proxy/load)
2026-05-04T18:06:44.678281,300,load,Direct,What tariff will my aluminium rods with HS code 7604.29.10.10 be subject to if it was manufactured in Russia and exported to the US?,,301036.02,10076.59,200,Stream interrupted – chunked stream closed early (server/proxy/load)
2026-05-04T18:06:47.226022,300,load,Indirect,"Our goods qualify under both RCEP and ATIGA for export to Thailand. Which agreement should we use for the PCO, and does it affect how we complete the origin declaration?",,301085.53,10637.26,200,Stream interrupted – chunked stream closed early (server/proxy/load)
2026-05-04T18:06:50.753473,300,load,Indirect,"We ship from Singapore to multiple ASEAN countries (Indonesia, Philippines, Vietnam) under ATIGA. Do we need one PCO per destination or one for the whole order, and what are the declaration requiremen",,301022.86,10077.94,200,Stream interrupted – chunked stream closed early (server/proxy/load)
2026-05-04T18:06:50.807095,300,load,Direct,Could you help me identify if my product with HS code 4415.10.01 is eligible for tariff concessions for export to Mexico from Singapore?,,301012.79,10062.0,200,Stream interrupted – chunked stream closed early (server/proxy/load)
2026-05-04T18:06:51.971935,300,load,Direct,I would like to know more about the import duties for export from Singapore to US. HS code for my product is 9404.21.00.10. Estimated export value for each mattress is $150.,,301041.51,10148.92,200,Stream interrupted – chunked stream closed early (server/proxy/load)
2026-05-04T18:06:51.974673,300,load,Direct,What is the tariff for importing stainless steel sheets (HS 7219.13) from Indonesia into Singapore under ATIGA?,,301063.8,10167.72,200,Stream interrupted – chunked stream closed early (server/proxy/load)
2026-05-04T18:06:51.990765,300,load,Direct,"When forming a Japan–Singapore joint-venture apparel retailer, which FTAs, domestic laws, and compliance obligations need to be taken into account?","I am unable to retrieve sufficient information regarding this subject matter. For further guidance, please click on the 'Email' button on the bottom right corner of the screen to arrange for a call or a one-to-one advisory session. Our specialists can offer tailored insights based on your product and trade needs, and help you address any related queries or challenges.",242914.0,10050.21,200,Success
2026-05-04T18:06:52.643836,300,load,Indirect,"We assemble vacuum cleaners (HS Code 8508.19.10) in Singapore from Chinese parts and export to Indonesia. Does simple assembly confer Singapore origin, or should we apply for a back-to-back PCO instea",,301034.26,10074.55,200,Stream interrupted – chunked stream closed early (server/proxy/load)
2026-05-04T18:06:55.638695,300,load,Indirect,We import fresh mangoes (HS 0804.50) from Indonesia into Singapore and plan to re-export them to the Philippines. Can we request a back-to-back PCO under ATIGA?,,301020.36,10077.36,200,Stream interrupted – chunked stream closed early (server/proxy/load)
2026-05-04T18:06:58.003046,300,load,Direct,Which Free Trade Agreements (FTAs) can I utilise when exporting umbrellas (HS Code: 6601.99.00.03) from Singapore to Australia?,,301052.17,10099.04,200,Stream interrupted – chunked stream closed early (server/proxy/load)
2026-05-04T18:06:59.323986,300,load,Indirect,"We import raw cocoa (HS 1801) from Ghana, process it into chocolate (HS 1806) in Singapore, and export to Japan. How do we prove substantial transformation and claim preference under RCEP?",,301020.41,10060.58,200,Stream interrupted – chunked stream closed early (server/proxy/load)
2026-05-04T18:06:59.674877,300,load,Indirect,"We are considering moving some production from China to Singapore to benefit from FTAs. For electronics (HS 8517), what origin criteria apply under RCEP and CPTPP, and what percentage of value must be",,301031.23,10079.94,200,Stream interrupted – chunked stream closed early (server/proxy/load)
2026-05-04T18:07:00.372046,300,load,Indirect,I import machinery parts from Japan to Singapore and would like to re-export to India. The HS code of the machinery parts are 8401.10. Am I eligible for any FTAs?,,301026.19,10072.06,200,Stream interrupted – chunked stream closed early (server/proxy/load)
2026-05-04T18:07:00.486464,300,load,Indirect,Which Free Trade Agreements (FTAs) can I utilise when exporting compact disks (HS Code: 8523.41.10) from Singapore to Indonesia?,"I notice you've asked multiple questions at once. To provide you with the most accurate and comprehensive assistance, I can only address one request at a time. This ensures I can thoroughly research and deliver precise information tailored to your specific needs.

Could you please let me know which question you'd like me to prioritize first?

1. **RVC calculation for a plastic household item under ATIGA** - How to calculate Regional Value Content and document it for verification
2. **FTAs for ex",211924.39,10076.37,200,Success
2026-05-04T18:07:01.673067,300,load,Indirect,I import machinery parts from Japan to Singapore and would like to re-export to India. The HS code of the machinery parts are 8401.10. Am I eligible for any FTAs?,,301023.84,10069.11,200,Stream interrupted – chunked stream closed early (server/proxy/load)
2026-05-04T18:07:04.083287,300,load,Indirect,We import Korean cosmetics (HS 3304) under RCEP into Singapore and re-export to Japan with no further processing. Can we apply for a back-to-back RCEP certificate?,,301053.1,10108.61,200,Stream interrupted – chunked stream closed early (server/proxy/load)
2026-05-04T18:07:05.318515,300,load,Indirect,"What are the steps and timelines to apply for a PCO under the Digital Economy Agreement between Singapore and Australia, and how does it differ from the standard goods FTA process?",,301031.09,10078.13,200,Stream interrupted – chunked stream closed early (server/proxy/load)
2026-05-04T18:07:05.484008,300,load,Indirect,"Can we use exporter self-certification under the UK-Singapore FTA for our exports of pharmaceutical products (HS 3004), and what are the exact conditions and record-keeping requirements?",,301026.17,10070.54,200,Stream interrupted – chunked stream closed early (server/proxy/load)
2026-05-04T18:07:06.167957,300,load,Indirect,"We assemble vacuum cleaners (HS Code 8508.19.10) in Singapore from Chinese parts and export to Indonesia. Does simple assembly confer Singapore origin, or should we apply for a back-to-back PCO instea",,301026.43,10071.09,200,Stream interrupted – chunked stream closed early (server/proxy/load)
2026-05-04T18:07:07.937970,300,load,Indirect,How do I qualify for preferential treatment under the ATIGA for my export of water pumps with HS code 8413.20.90 from Singapore to Indonesia?,,301149.03,10078.56,200,Stream interrupted – chunked stream closed early (server/proxy/load)
2026-05-04T18:07:08.826923,300,load,Indirect,"Our company sources components from China, Thailand, and Malaysia and assembles electronic switches (HS 8536.50) in Singapore for export to Australia. Can we claim Singapore origin under AANZFTA, and ",,301057.65,10116.93,200,Stream interrupted – chunked stream closed early (server/proxy/load)
2026-05-04T18:07:09.016695,300,load,Indirect,I want to import semiconductor integrated circuits from South Korea to Singapore and intend to re-export them to Vietnam. The HS code is 8542.31. Am I eligible for any FTAs?,,301043.16,10088.54,200,Stream interrupted – chunked stream closed early (server/proxy/load)
2026-05-04T18:07:09.021347,300,load,Direct,"In what ways do digital trade provisions in relevant agreements create sector-specific opportunities and advantages, and how do they improve market access and cross-border dealings?",,301016.82,10067.96,200,Stream interrupted – chunked stream closed early (server/proxy/load)
2026-05-04T18:07:10.513813,300,load,Indirect,"We have an existing PCO but the importer says the HS code on the certificate does not match their customs declaration. How do we correct or reissue the certificate, and will it affect the validity per",,301045.55,10089.2,200,Stream interrupted – chunked stream closed early (server/proxy/load)
2026-05-04T18:07:10.709145,300,load,Direct,Can I use the UK-Singapore FTA for exporting machinery parts (HS 8483.40) to the United Kingdom?,,301022.92,10066.57,200,Stream interrupted – chunked stream closed early (server/proxy/load)
2026-05-04T18:07:12.745478,300,load,Direct,I am exporting fruits with HS code 0811.10.00.50 from Thailand to the US. What tariffs apply?,"I notice you've asked multiple questions at once. To provide you with the most accurate and thorough assistance, **I can only address one request at a time**. This ensures I can gather all the necessary information and give you a complete, well-researched answer.

Could you please let me know which question you'd like me to prioritize? Here are your questions:

1. **PCO and Origin Declaration**: Choosing between RCEP and ATIGA for exports to Thailand and how it affects origin declaration complet",220249.83,10089.24,200,Success
2026-05-04T18:07:15.819020,300,load,Direct,Can we issue a back-to-back PCO when the import CO was issued under a different FTA than the export FTA?,,301069.05,10118.14,200,Stream interrupted – chunked stream closed early (server/proxy/load)
2026-05-04T18:07:17.018883,300,load,Indirect,"We have an existing PCO but the importer says the HS code on the certificate does not match their customs declaration. How do we correct or reissue the certificate, and will it affect the validity per",,301020.66,10068.83,200,Stream interrupted – chunked stream closed early (server/proxy/load)
2026-05-04T18:07:17.325687,300,load,Direct,"Please provide guidance on enjoying FTA tariffs benefit for the export of S$100,000 worth of electric motors (HS code: 8501.10.10.30) from Singapore to the United Kingdom.",,301032.23,10076.64,200,Stream interrupted – chunked stream closed early (server/proxy/load)
2026-05-04T18:07:17.645858,300,load,Direct,"Can a non-preferential Certificate of Origin be issued after shipment, and what evidence is required?",,301023.4,10092.04,200,Stream interrupted – chunked stream closed early (server/proxy/load)
2026-05-04T18:07:21.797804,300,load,Indirect,We import Korean cosmetics (HS 3304) under RCEP into Singapore and re-export to Japan with no further processing. Can we apply for a back-to-back RCEP certificate?,,301048.45,10096.74,200,Stream interrupted – chunked stream closed early (server/proxy/load)
2026-05-04T18:07:22.148862,300,load,Direct,My company manufactures porcelain cups in Singapore and sells them to customers in the Philippines. I would like to find out more about FTAs and whether they can help me in my exports.,,301026.15,10092.71,200,Stream interrupted – chunked stream closed early (server/proxy/load)
2026-05-04T18:07:26.190363,300,load,Direct,What is the tariff for importing stainless steel sheets (HS 7219.13) from Indonesia into Singapore under ATIGA?,,301047.44,10084.03,200,Stream interrupted – chunked stream closed early (server/proxy/load)
2026-05-04T18:07:27.787284,300,load,Direct,I am importing ceramic tiles (HS 6908.90) from Vietnam to Singapore. What tariff applies under ATIGA?,,301074.97,10111.5,200,Stream interrupted – chunked stream closed early (server/proxy/load)
2026-05-04T18:07:29.941246,300,load,Indirect,"We import wine (HS 2204) from Australia under the Singapore-Australia FTA and store it in a bonded warehouse. When we re-export to Japan, can we claim preference under RCEP or CPTPP, and what evidence",,301033.69,10080.48,200,Stream interrupted – chunked stream closed early (server/proxy/load)
2026-05-04T18:07:33.637752,300,load,Direct,What's the practical difference between RVC build-up and build-down methods and when is each preferable?,,301050.93,10101.58,200,Stream interrupted – chunked stream closed early (server/proxy/load)
2026-05-04T18:07:33.673208,300,load,Direct,"Please provide guidance on enjoying FTA tariffs benefit for the export of S$100,000 worth of electric motors (HS code: 8501.10.10.30) from Singapore to the United Kingdom.",,301024.79,10101.76,200,Stream interrupted – chunked stream closed early (server/proxy/load)
2026-05-04T18:07:34.887955,300,load,Indirect,"For machinery (HS 8479) assembled in Singapore from US and German parts, what are the rules of origin under the EU-Singapore FTA and UK-Singapore FTA, and how do we calculate and document RVC?",,301020.77,10066.02,200,Stream interrupted – chunked stream closed early (server/proxy/load)
2026-05-04T18:07:37.048030,300,load,Direct,What tariff will my aluminium rods with HS code 7604.29.10.10 be subject to if it was manufactured in Russia and exported to the US?,,301052.95,10092.38,200,Stream interrupted – chunked stream closed early (server/proxy/load)
2026-05-04T18:07:37.849745,300,load,Direct,I am importing ceramic tiles (HS 6908.90) from Vietnam to Singapore. What tariff applies under ATIGA?,,301033.48,10067.14,200,Stream interrupted – chunked stream closed early (server/proxy/load)
2026-05-04T18:07:38.559973,300,load,Indirect,We import Korean cosmetics (HS 3304) under RCEP into Singapore and re-export to Japan with no further processing. Can we apply for a back-to-back RCEP certificate?,,301063.1,10094.28,200,Stream interrupted – chunked stream closed early (server/proxy/load)
2026-05-04T18:07:39.134619,300,load,Indirect,"We have an existing PCO but the importer says the HS code on the certificate does not match their customs declaration. How do we correct or reissue the certificate, and will it affect the validity per",,301031.87,10076.01,200,Stream interrupted – chunked stream closed early (server/proxy/load)
2026-05-04T18:07:39.226503,300,load,Indirect,"We import raw cocoa (HS 1801) from Ghana, process it into chocolate (HS 1806) in Singapore, and export to Japan. How do we prove substantial transformation and claim preference under RCEP?","I am unable to retrieve sufficient information regarding this subject matter. For further guidance, please click on the 'Email' button on the bottom right corner of the screen to arrange for a call or a one-to-one advisory session. Our specialists can offer tailored insights based on your product and trade needs, and help you address any related queries or challenges.",222134.8,10082.41,200,Success
2026-05-04T18:07:39.326792,300,load,Indirect,"For goods that qualify under both ATIGA and RCEP when exporting from Singapore to Thailand, how do we choose which FTA to use, and can we switch between them for different shipments of the same produc",,301039.3,10085.42,200,Stream interrupted – chunked stream closed early (server/proxy/load)
2026-05-04T18:07:39.643399,300,load,Indirect,"Under which FTAs, if any, can India-origin goods use a back-to-back mechanism via Singapore?",,301070.85,10106.92,200,Stream interrupted – chunked stream closed early (server/proxy/load)
2026-05-04T18:07:41.956242,300,load,Indirect,"We have an existing PCO but the importer says the HS code on the certificate does not match their customs declaration. How do we correct or reissue the certificate, and will it affect the validity per",,301006.36,10056.97,200,Stream interrupted – chunked stream closed early (server/proxy/load)
2026-05-04T18:07:42.324815,300,load,Indirect,Which Free Trade Agreements (FTAs) can I utilise when exporting compact disks (HS Code: 8523.41.10) from Singapore to Indonesia?,,301048.13,10084.77,200,Stream interrupted – chunked stream closed early (server/proxy/load)
2026-05-04T18:07:42.905354,300,load,Direct,I am exporting umbrella parts with HS code 6603.90.41 from Brazil to the US. What are the additional tariffs?,"I notice you've asked multiple questions at once. To provide you with the most accurate and thorough assistance, I can only address one request at a time. This ensures I can gather all the necessary information and give you a complete, well-researched answer.

Could you please let me know which question you'd like me to prioritize? Here are your questions:

1. **Back-to-back certificate under ASEAN-China FTA and RCEP**: Importing under ASEAN-China FTA and re-exporting to Japan under RCEP with mi",230296.36,10083.82,200,Success
2026-05-04T18:07:43.950156,300,load,Indirect,"We have a back-to-back PCO under RCEP for goods from Japan. The buyer in Indonesia wants to split the shipment into two consignments over two months. Is the original PCO still valid, and what do we ne",,301051.31,10098.45,200,Stream interrupted – chunked stream closed early (server/proxy/load)
2026-05-04T18:07:45.427588,300,load,Direct,Are there any tariffs for the import of fresh apples with HS code 0808.10.00.45 into the US from Canada?,,301050.52,10881.65,200,Stream interrupted – chunked stream closed early (server/proxy/load)
2026-05-04T18:07:45.476162,300,load,Indirect,"We import headphones (HS 8518.30.10) from China and sell to Vietnam. Can CPTPP preferences ever apply, and what proof would be required?",,301021.53,10814.57,200,Stream interrupted – chunked stream closed early (server/proxy/load)
2026-05-04T18:07:45.637894,300,load,Indirect,"We import wine (HS 2204) from Australia under the Singapore-Australia FTA and store it in a bonded warehouse. When we re-export to Japan, can we claim preference under RCEP or CPTPP, and what evidence",,301007.79,10650.9,200,Stream interrupted – chunked stream closed early (server/proxy/load)
2026-05-04T18:07:47.735114,300,load,Indirect,Which Free Trade Agreements (FTAs) can I utilise when exporting compact disks (HS Code: 8523.41.10) from Singapore to Indonesia?,,301111.56,10161.01,200,Stream interrupted – chunked stream closed early (server/proxy/load)
2026-05-04T18:07:47.839328,300,load,Indirect,"We have a back-to-back PCO under RCEP for goods from Japan. The buyer in Indonesia wants to split the shipment into two consignments over two months. Is the original PCO still valid, and what do we ne",,301030.03,10078.85,200,Stream interrupted – chunked stream closed early (server/proxy/load)
2026-05-04T18:07:48.020794,300,load,Indirect,"We import headphones (HS 8518.30.10) from China and sell to Vietnam. Can CPTPP preferences ever apply, and what proof would be required?",,301026.26,10074.42,200,Stream interrupted – chunked stream closed early (server/proxy/load)
2026-05-04T18:07:48.574600,300,load,Indirect,"We are considering moving some production from China to Singapore to benefit from FTAs. For electronics (HS 8517), what origin criteria apply under RCEP and CPTPP, and what percentage of value must be","I notice you've submitted multiple questions at once. To provide you with the most accurate and comprehensive assistance, I'd like to address them one at a time. This ensures I can give each query the detailed attention it deserves.

Let me start with your **first question** about HS code 4415.10.01 for export to Mexico from Singapore, and then we can proceed to the others systematically.

However, I also see your **most recent request** is specifically about electronics (HS 8517) and FTAs when ",235594.95,10082.02,200,Success
2026-05-04T18:07:49.303505,300,load,Indirect,"We are considering moving some production from China to Singapore to benefit from FTAs. For electronics (HS 8517), what origin criteria apply under RCEP and CPTPP, and what percentage of value must be",,301064.16,10111.12,200,Stream interrupted – chunked stream closed early (server/proxy/load)
2026-05-04T18:07:49.532758,300,load,Direct,I am exporting 1001.19.00.25 from Singapore to the US. Are there any additional tariffs?,,301033.99,10081.44,200,Stream interrupted – chunked stream closed early (server/proxy/load)
2026-05-04T18:07:49.813252,300,load,Direct,I am exporting T-Shirt with HS code 6109.10.10 from Singapore to Thailand. What FTAs would be beneficial for my export?,,301036.11,10072.16,200,Stream interrupted – chunked stream closed early (server/proxy/load)
2026-05-04T18:07:50.556749,300,load,Indirect,"We assemble vacuum cleaners (HS Code 8508.19.10) in Singapore from Chinese parts and export to Indonesia. Does simple assembly confer Singapore origin, or should we apply for a back-to-back PCO instea",,301029.85,10072.49,200,Stream interrupted – chunked stream closed early (server/proxy/load)
2026-05-04T18:07:51.792381,300,load,Indirect,I import meat with HS code 0201.30.01 from Australia to Singapore and re-export to Japan. Am I eligible for preferential tariffs?,,301030.08,10069.87,200,Stream interrupted – chunked stream closed early (server/proxy/load)
2026-05-04T18:07:52.882507,300,load,Indirect,"Can we use exporter self-certification under the UK-Singapore FTA for our exports of pharmaceutical products (HS 3004), and what are the exact conditions and record-keeping requirements?",,301033.06,10073.05,200,Stream interrupted – chunked stream closed early (server/proxy/load)
2026-05-04T18:07:54.657274,300,load,Direct,I am importing ceramic tiles (HS 6908.90) from Vietnam to Singapore. What tariff applies under ATIGA?,,301093.6,10137.96,200,Stream interrupted – chunked stream closed early (server/proxy/load)
2026-05-04T18:07:56.128671,300,load,Indirect,"We have an existing PCO but the importer says the HS code on the certificate does not match their customs declaration. How do we correct or reissue the certificate, and will it affect the validity per",,301022.08,10071.23,200,Stream interrupted – chunked stream closed early (server/proxy/load)
2026-05-04T18:07:56.891059,300,load,Indirect,I import brooms with HS code 9603.10.20 from China to Singapore and would like to re-export to Malaysia. Am I eligible for any FTAs?,,301041.04,10126.14,200,Stream interrupted – chunked stream closed early (server/proxy/load)
2026-05-04T18:07:57.252360,300,load,Indirect,"For shipments from Singapore to Australia with goods sourced from Japan and Korea, what are the steps to claim AANZFTA or RCEP preferences?",,301041.98,10081.54,200,Stream interrupted – chunked stream closed early (server/proxy/load)
2026-05-04T18:07:58.055920,300,load,Indirect,"We import wine (HS 2204) from Australia under the Singapore-Australia FTA and store it in a bonded warehouse. When we re-export to Japan, can we claim preference under RCEP or CPTPP, and what evidence",,301025.95,10066.11,200,Stream interrupted – chunked stream closed early (server/proxy/load)
2026-05-04T18:07:58.857708,300,load,Indirect,We import fresh mangoes (HS 0804.50) from Indonesia into Singapore and plan to re-export them to the Philippines. Can we request a back-to-back PCO under ATIGA?,,301027.84,10077.55,200,Stream interrupted – chunked stream closed early (server/proxy/load)
2026-05-04T18:07:59.050518,300,load,Direct,What HS code should I use for LED light fixtures (ceiling type) for export to India?,,301036.96,10081.44,200,Stream interrupted – chunked stream closed early (server/proxy/load)
2026-05-04T18:08:01.425624,300,load,Indirect,"We manufacture plastic containers (HS 3924) in Singapore using resin from Saudi Arabia and additives from Malaysia. How do we prove origin under ATIGA for export to Vietnam, and which FTA gives the be",,301069.74,10114.81,200,Stream interrupted – chunked stream closed early (server/proxy/load)
2026-05-04T18:08:01.829526,300,load,Indirect,"We have an existing PCO but the importer says the HS code on the certificate does not match their customs declaration. How do we correct or reissue the certificate, and will it affect the validity per",,301049.7,10096.97,200,Stream interrupted – chunked stream closed early (server/proxy/load)
2026-05-04T18:08:02.267492,300,load,Direct,I am exporting salmon with HS code 0303.11 from Norway to the US. What tariffs apply?,,301006.8,10059.25,200,Stream interrupted – chunked stream closed early (server/proxy/load)
2026-05-04T18:08:02.399327,300,load,Indirect,"We import cotton fabric (HS 5208) from India into Singapore, dye and cut it here, then export garments to the EU. How do we determine origin under RCEP and EU-Singapore FTA, and what documentation do ",,301035.92,10184.65,200,Stream interrupted – chunked stream closed early (server/proxy/load)
2026-05-04T18:08:02.403628,300,load,Indirect,"We have a back-to-back PCO under RCEP for goods from Japan. The buyer in Indonesia wants to split the shipment into two consignments over two months. Is the original PCO still valid, and what do we ne",,301029.43,10330.23,200,Stream interrupted – chunked stream closed early (server/proxy/load)
2026-05-04T18:08:03.901560,300,load,Indirect,"What is the PCO application process for the export of my product with HS code 3924.90.90 from Singapore to Vietnam with an estimated export value of 5,000 SGD under the ATIGA FTA?",,301024.4,10067.53,200,Stream interrupted – chunked stream closed early (server/proxy/load)
2026-05-04T18:08:05.810071,300,load,Indirect,We import fresh mangoes (HS 0804.50) from Indonesia into Singapore and plan to re-export them to the Philippines. Can we request a back-to-back PCO under ATIGA?,,301032.99,10079.7,200,Stream interrupted – chunked stream closed early (server/proxy/load)
2026-05-04T18:08:07.021917,300,load,Indirect,"We ship from Singapore to multiple ASEAN countries (Indonesia, Philippines, Vietnam) under ATIGA. Do we need one PCO per destination or one for the whole order, and what are the declaration requiremen",,301138.58,10184.23,200,Stream interrupted – chunked stream closed early (server/proxy/load)
2026-05-04T18:08:07.862665,300,load,Indirect,"We are considering moving some production from China to Singapore to benefit from FTAs. For electronics (HS 8517), what origin criteria apply under RCEP and CPTPP, and what percentage of value must be",,301027.91,10069.53,200,Stream interrupted – chunked stream closed early (server/proxy/load)
2026-05-04T18:08:08.391033,300,load,Direct,How long does it take to get a PCO from Singapore Customs for ATIGA export to Thailand?,,301062.22,10074.92,200,Stream interrupted – chunked stream closed early (server/proxy/load)
2026-05-04T18:08:08.460876,300,load,Indirect,I import machinery parts from Japan to Singapore and would like to re-export to India. The HS code of the machinery parts are 8401.10. Am I eligible for any FTAs?,,301022.39,10064.78,200,Stream interrupted – chunked stream closed early (server/proxy/load)
2026-05-04T18:08:08.694773,300,load,Direct,My company manufactures porcelain cups in Singapore and sells them to customers in the Philippines. I would like to find out more about FTAs and whether they can help me in my exports.,,301004.31,10048.94,200,Stream interrupted – chunked stream closed early (server/proxy/load)
2026-05-04T18:08:09.488873,300,load,Indirect,"We ship from Singapore to multiple ASEAN countries (Indonesia, Philippines, Vietnam) under ATIGA. Do we need one PCO per destination or one for the whole order, and what are the declaration requiremen",,301048.85,10089.09,200,Stream interrupted – chunked stream closed early (server/proxy/load)
2026-05-04T18:08:11.101767,300,load,Indirect,"We import raw cocoa (HS 1801) from Ghana, process it into chocolate (HS 1806) in Singapore, and export to Japan. How do we prove substantial transformation and claim preference under RCEP?",,90362.0,10084.28,200,Error - Empty Response
2026-05-04T18:08:12.028702,300,load,Direct,What is the process to revise or correct a Manufacturing Cost Statement that has already been submitted?,,301052.17,10106.59,200,Stream interrupted – chunked stream closed early (server/proxy/load)
2026-05-04T18:08:13.626759,300,load,Direct,I am exporting steel forgings of gear boxes with HS code 8708.40.75.70 from China to the US. What tariffs apply?,,301017.27,10072.81,200,Stream interrupted – chunked stream closed early (server/proxy/load)
2026-05-04T18:08:15.749559,300,load,Indirect,Which Free Trade Agreements (FTAs) can I utilise when exporting compact disks (HS Code: 8523.41.10) from Singapore to Indonesia?,,301059.43,10102.14,200,Stream interrupted – chunked stream closed early (server/proxy/load)
2026-05-04T18:08:16.568074,300,load,Direct,"How many FTAs has Singapore signed versus those currently in force, and where can I verify the latest status?",,301041.95,10535.17,200,Stream interrupted – chunked stream closed early (server/proxy/load)
2026-05-04T18:08:16.628308,300,load,Indirect,"Our goods qualify under both RCEP and ATIGA for export to Thailand. Which agreement should we use for the PCO, and does it affect how we complete the origin declaration?",,301051.93,10077.14,200,Stream interrupted – chunked stream closed early (server/proxy/load)
2026-05-04T18:08:17.028558,300,load,Direct,I am exporting steel forgings of gear boxes with HS code 8708.40.75.70 from China to the US. What tariffs apply?,,301046.04,10091.29,200,Stream interrupted – chunked stream closed early (server/proxy/load)
2026-05-04T18:08:18.223702,300,load,Indirect,We import Korean cosmetics (HS 3304) under RCEP into Singapore and re-export to Japan with no further processing. Can we apply for a back-to-back RCEP certificate?,,301045.01,10088.3,200,Stream interrupted – chunked stream closed early (server/proxy/load)
2026-05-04T18:08:18.656001,300,load,Direct,"Which Singapore FTA covers trade in services, not just goods?",,301027.57,10079.4,200,Stream interrupted – chunked stream closed early (server/proxy/load)
2026-05-04T18:08:20.187159,300,load,Direct,I am exporting steel forgings of gear boxes with HS code 8708.40.75.70 from China to the US. What tariffs apply?,,301006.1,10045.63,200,Stream interrupted – chunked stream closed early (server/proxy/load)
2026-05-04T18:08:20.406747,300,load,Indirect,"For shipments from Singapore to Australia with goods sourced from Japan and Korea, what are the steps to claim AANZFTA or RCEP preferences?",,301024.03,10088.46,200,Stream interrupted – chunked stream closed early (server/proxy/load)
2026-05-04T18:08:21.778797,300,load,Indirect,"We ship from Singapore to multiple ASEAN countries (Indonesia, Philippines, Vietnam) under ATIGA. Do we need one PCO per destination or one for the whole order, and what are the declaration requiremen",,301062.2,10105.03,200,Stream interrupted – chunked stream closed early (server/proxy/load)
2026-05-04T18:08:22.007158,300,load,Indirect,Which Free Trade Agreements (FTAs) can I utilise when exporting compact disks (HS Code: 8523.41.10) from Singapore to Indonesia?,,301025.81,10066.55,200,Stream interrupted – chunked stream closed early (server/proxy/load)
2026-05-04T18:08:22.169940,300,load,Indirect,"We import wine (HS 2204) from Australia under the Singapore-Australia FTA and store it in a bonded warehouse. When we re-export to Japan, can we claim preference under RCEP or CPTPP, and what evidence",,301031.69,10072.3,200,Stream interrupted – chunked stream closed early (server/proxy/load)
2026-05-04T18:08:22.606091,300,load,Indirect,We import fresh mangoes (HS 0804.50) from Indonesia into Singapore and plan to re-export them to the Philippines. Can we request a back-to-back PCO under ATIGA?,,301034.95,10071.42,200,Stream interrupted – chunked stream closed early (server/proxy/load)
2026-05-04T18:08:25.025837,300,load,Direct,What is the validity period of a PCO issued under ATIGA?,,301027.21,10071.77,200,Stream interrupted – chunked stream closed early (server/proxy/load)
2026-05-04T18:08:25.027789,300,load,Indirect,Can we ship goods directly from China to Indonesia with a Singapore invoice and still claim ACFTA preference?,,301028.44,10074.87,200,Stream interrupted – chunked stream closed early (server/proxy/load)
2026-05-04T18:08:25.446482,300,load,Direct,"How many FTAs has Singapore signed versus those currently in force, and where can I verify the latest status?",,301037.96,10086.62,200,Stream interrupted – chunked stream closed early (server/proxy/load)
2026-05-04T18:08:26.452506,300,load,Indirect,"Can we use exporter self-certification under the UK-Singapore FTA for our exports of pharmaceutical products (HS 3004), and what are the exact conditions and record-keeping requirements?",,301046.43,10102.46,200,Stream interrupted – chunked stream closed early (server/proxy/load)
2026-05-04T18:08:27.461349,300,load,Direct,I am an automobile manufacturer importing parts of a suspension system with HS code 8708.80.55 from Germany which will be assembled in the US. Am I eligible for lower tariffs?,,301025.57,10071.87,200,Stream interrupted – chunked stream closed early (server/proxy/load)
2026-05-04T18:08:29.032821,300,load,Indirect,"We consolidate shipments from multiple ASEAN countries in Singapore and then send them to Australia. Can we obtain a single certificate covering the whole consignment, or do we need separate origin do",,301029.57,10069.32,200,Stream interrupted – chunked stream closed early (server/proxy/load)
2026-05-04T18:08:30.336895,300,load,Indirect,"We have a back-to-back PCO under RCEP for goods from Japan. The buyer in Indonesia wants to split the shipment into two consignments over two months. Is the original PCO still valid, and what do we ne",,301077.22,10120.82,200,Stream interrupted – chunked stream closed early (server/proxy/load)
2026-05-04T18:08:30.349393,300,load,Indirect,Which Free Trade Agreements (FTAs) can I utilise when exporting compact disks (HS Code: 8523.41.10) from Singapore to Indonesia?,,301087.69,10118.23,200,Stream interrupted – chunked stream closed early (server/proxy/load)
2026-05-04T18:08:30.887622,300,load,Indirect,"We plan to bring microprocessors (HS 8542.31) from Japan into Singapore for consolidation, then ship them to Indonesia. Can we claim preferential tariff treatment on the Indonesia leg?",,301038.34,10100.46,200,Stream interrupted – chunked stream closed early (server/proxy/load)
2026-05-04T18:08:32.934219,300,load,Indirect,"Under which FTAs, if any, can India-origin goods use a back-to-back mechanism via Singapore?",,301061.41,10116.16,200,Stream interrupted – chunked stream closed early (server/proxy/load)
2026-05-04T18:08:34.798266,300,load,Indirect,"We ship from Singapore to multiple ASEAN countries (Indonesia, Philippines, Vietnam) under ATIGA. Do we need one PCO per destination or one for the whole order, and what are the declaration requiremen",,301022.33,10063.56,200,Stream interrupted – chunked stream closed early (server/proxy/load)
2026-05-04T18:08:36.193423,300,load,Indirect,"We received a request from Indonesian customs to verify our ATIGA PCO. What is the process for Singapore exporters, what documents must we provide, and what is the typical timeline?",,301044.51,10110.2,200,Stream interrupted – chunked stream closed early (server/proxy/load)
2026-05-04T18:08:36.210015,300,load,Direct,I am importing iron pipes with HS code 7303.00.00.30 from Malaysia to the US. What are the additional tariffs that apply?,,301030.26,10081.53,200,Stream interrupted – chunked stream closed early (server/proxy/load)
2026-05-04T18:08:37.111246,300,load,Indirect,Which Free Trade Agreements (FTAs) can I utilise when exporting compact disks (HS Code: 8523.41.10) from Singapore to Indonesia?,,301018.6,10075.17,200,Stream interrupted – chunked stream closed early (server/proxy/load)
2026-05-04T18:08:37.857073,300,load,Direct,I would like to know more about the import duties for export from Singapore to US. HS code for my product is 9404.21.00.10. Estimated export value for each mattress is $150.,,300998.76,10049.64,200,Stream interrupted – chunked stream closed early (server/proxy/load)
2026-05-04T18:08:38.660153,300,load,Indirect,"We import wine (HS 2204) from Australia under the Singapore-Australia FTA and store it in a bonded warehouse. When we re-export to Japan, can we claim preference under RCEP or CPTPP, and what evidence",,301051.94,10092.28,200,Stream interrupted – chunked stream closed early (server/proxy/load)
2026-05-04T18:08:39.203047,300,load,Indirect,"For goods that qualify under both ATIGA and RCEP when exporting from Singapore to Thailand, how do we choose which FTA to use, and can we switch between them for different shipments of the same produc",,301035.73,10079.92,200,Stream interrupted – chunked stream closed early (server/proxy/load)
2026-05-04T18:08:40.341808,300,load,Direct,I would like to export beet sugar with HS code 1701.12 from Singapore to either Laos or New Zealand. What FTAs can I leverage?,,301066.21,10105.65,200,Stream interrupted – chunked stream closed early (server/proxy/load)
2026-05-04T18:08:41.417856,300,load,Direct,I am exporting essential oils with HS code 3301.29.51.03 from France to the US. What tariffs apply?,,301024.81,10067.11,200,Stream interrupted – chunked stream closed early (server/proxy/load)
2026-05-04T18:08:41.991528,300,load,Indirect,Can we ship goods directly from China to Indonesia with a Singapore invoice and still claim ACFTA preference?,,301083.31,10122.98,200,Stream interrupted – chunked stream closed early (server/proxy/load)
2026-05-04T18:08:42.588077,300,load,Direct,I would like to know more about the import duties for export from Singapore to US. HS code for my product is 9404.21.00.10. Estimated export value for each mattress is $150.,,301027.05,10066.29,200,Stream interrupted – chunked stream closed early (server/proxy/load)
2026-05-04T18:08:42.992889,300,load,Indirect,"What is the PCO application process for the export of my product with HS code 3924.90.90 from Singapore to Vietnam with an estimated export value of 5,000 SGD under the ATIGA FTA?",,301026.96,10079.67,200,Stream interrupted – chunked stream closed early (server/proxy/load)
2026-05-04T18:08:43.153498,300,load,Indirect,"We import raw cocoa (HS 1801) from Ghana, process it into chocolate (HS 1806) in Singapore, and export to Japan. How do we prove substantial transformation and claim preference under RCEP?",,301026.05,10071.92,200,Stream interrupted – chunked stream closed early (server/proxy/load)
2026-05-04T18:08:45.073708,300,load,Indirect,How do I qualify for preferential treatment under the ATIGA for my export of water pumps with HS code 8413.20.90 from Singapore to Indonesia?,,301095.7,10141.88,200,Stream interrupted – chunked stream closed early (server/proxy/load)
2026-05-04T18:08:46.753046,300,load,Indirect,"We import raw cocoa (HS 1801) from Ghana, process it into chocolate (HS 1806) in Singapore, and export to Japan. How do we prove substantial transformation and claim preference under RCEP?",,301096.88,10264.63,200,Stream interrupted – chunked stream closed early (server/proxy/load)
2026-05-04T18:08:47.381981,300,load,Indirect,"Our company sources components from China, Thailand, and Malaysia and assembles electronic switches (HS 8536.50) in Singapore for export to Australia. Can we claim Singapore origin under AANZFTA, and ",,301070.03,10114.67,200,Stream interrupted – chunked stream closed early (server/proxy/load)
2026-05-04T18:08:47.537278,300,load,Indirect,I import machinery parts from Japan to Singapore and would like to re-export to India. The HS code of the machinery parts are 8401.10. Am I eligible for any FTAs?,,301100.81,10276.52,200,Stream interrupted – chunked stream closed early (server/proxy/load)
2026-05-04T18:08:47.808933,300,load,Indirect,"Our company sources components from China, Thailand, and Malaysia and assembles electronic switches (HS 8536.50) in Singapore for export to Australia. Can we claim Singapore origin under AANZFTA, and ",,301038.77,10322.34,200,Stream interrupted – chunked stream closed early (server/proxy/load)
2026-05-04T18:08:48.874593,300,load,Indirect,"We import raw cocoa (HS 1801) from Ghana, process it into chocolate (HS 1806) in Singapore, and export to Japan. How do we prove substantial transformation and claim preference under RCEP?",,301023.14,10071.37,200,Stream interrupted – chunked stream closed early (server/proxy/load)
2026-05-04T18:08:49.042871,300,load,Indirect,"We import cotton fabric (HS 5208) from India into Singapore, dye and cut it here, then export garments to the EU. How do we determine origin under RCEP and EU-Singapore FTA, and what documentation do ",,301064.35,10104.53,200,Stream interrupted – chunked stream closed early (server/proxy/load)
2026-05-04T18:08:51.034451,300,load,Indirect,"If I import products from South Korea into Singapore, store them in Singapore, and then export them to Vietnam. Is there any FTA I can use to obtain duty savings on import into Vietnam?",,301055.43,10097.93,200,Stream interrupted – chunked stream closed early (server/proxy/load)
2026-05-04T18:08:51.786547,300,load,Indirect,Can we ship goods directly from China to Indonesia with a Singapore invoice and still claim ACFTA preference?,,301035.58,10237.44,200,Stream interrupted – chunked stream closed early (server/proxy/load)
2026-05-04T18:08:52.142119,300,load,Indirect,"We export organic fertiliser (HS 3101) from Singapore to New Zealand. Under CPTPP, what are the rules of origin and any product-specific requirements we must meet?",,301034.0,10072.52,200,Stream interrupted – chunked stream closed early (server/proxy/load)
2026-05-04T18:08:52.405084,300,load,Indirect,"If our PCO application is rejected by Singapore Customs due to insufficient supporting documents, what can we do to rectify and reapply, and how long does the appeal or correction process take?",,301044.65,10088.73,200,Stream interrupted – chunked stream closed early (server/proxy/load)
2026-05-04T18:08:53.876329,300,load,Indirect,"For goods that qualify under both ATIGA and RCEP when exporting from Singapore to Thailand, how do we choose which FTA to use, and can we switch between them for different shipments of the same produc",,301041.21,10095.3,200,Stream interrupted – chunked stream closed early (server/proxy/load)
2026-05-04T18:08:56.208210,300,load,Indirect,I import meat with HS code 0201.30.01 from Australia to Singapore and re-export to Japan. Am I eligible for preferential tariffs?,,301064.33,10104.69,200,Stream interrupted – chunked stream closed early (server/proxy/load)
2026-05-04T18:08:56.487827,300,load,Direct,I am exporting t-shirts with HS code 6109.10.00.14 from Colombia to the US. What tariffs apply?,,301041.64,10084.09,200,Stream interrupted – chunked stream closed early (server/proxy/load)
2026-05-04T18:08:57.509282,300,load,Direct,What are the consequences and corrective actions if I inadvertently use an incorrect HS code on a Certificate of Origin?,,301030.87,10092.57,200,Stream interrupted – chunked stream closed early (server/proxy/load)
2026-05-04T18:08:57.584346,300,load,Indirect,I import brooms with HS code 9603.10.20 from China to Singapore and would like to re-export to Malaysia. Am I eligible for any FTAs?,,301026.39,10068.91,200,Stream interrupted – chunked stream closed early (server/proxy/load)
2026-05-04T18:09:01.324528,300,load,Indirect,"Can we use exporter self-certification under the UK-Singapore FTA for our exports of pharmaceutical products (HS 3004), and what are the exact conditions and record-keeping requirements?",,301064.12,10101.47,200,Stream interrupted – chunked stream closed early (server/proxy/load)
2026-05-04T18:09:02.292196,300,load,Direct,Can I use the UK-Singapore FTA for exporting machinery parts (HS 8483.40) to the United Kingdom?,,301034.1,10116.75,200,Stream interrupted – chunked stream closed early (server/proxy/load)
2026-05-04T18:09:03.867374,300,load,Indirect,I import meat with HS code 0201.30.01 from Australia to Singapore and re-export to Japan. Am I eligible for preferential tariffs?,,301032.09,10078.09,200,Stream interrupted – chunked stream closed early (server/proxy/load)
2026-05-04T18:09:04.104384,300,load,Indirect,I want to import semiconductor integrated circuits from South Korea to Singapore and intend to re-export them to Vietnam. The HS code is 8542.31. Am I eligible for any FTAs?,,301027.44,10071.02,200,Stream interrupted – chunked stream closed early (server/proxy/load)
2026-05-04T18:09:05.021947,300,load,Indirect,I want to import semiconductor integrated circuits from South Korea to Singapore and intend to re-export them to Vietnam. The HS code is 8542.31. Am I eligible for any FTAs?,,301028.02,10072.15,200,Stream interrupted – chunked stream closed early (server/proxy/load)
2026-05-04T18:09:05.146965,300,load,Indirect,I import brooms with HS code 9603.10.20 from China to Singapore and would like to re-export to Malaysia. Am I eligible for any FTAs?,,301025.19,10075.19,200,Stream interrupted – chunked stream closed early (server/proxy/load)
2026-05-04T18:09:05.602980,300,load,Direct,"Which Singapore FTA covers trade in services, not just goods?",,301067.17,10111.84,200,Stream interrupted – chunked stream closed early (server/proxy/load)
2026-05-04T18:09:05.781961,300,load,Indirect,"Our company sources components from China, Thailand, and Malaysia and assembles electronic switches (HS 8536.50) in Singapore for export to Australia. Can we claim Singapore origin under AANZFTA, and ",,301043.1,10076.5,200,Stream interrupted – chunked stream closed early (server/proxy/load)
2026-05-04T18:09:07.027736,300,load,Indirect,"We import cotton fabric (HS 5208) from India into Singapore, dye and cut it here, then export garments to the EU. How do we determine origin under RCEP and EU-Singapore FTA, and what documentation do ",,301040.34,10086.22,200,Stream interrupted – chunked stream closed early (server/proxy/load)
2026-05-04T18:09:08.378613,300,load,Indirect,I import brooms with HS code 9603.10.20 from China to Singapore and would like to re-export to Malaysia. Am I eligible for any FTAs?,,301027.39,10076.75,200,Stream interrupted – chunked stream closed early (server/proxy/load)
2026-05-04T18:09:08.730008,300,load,Indirect,"We import raw cocoa (HS 1801) from Ghana, process it into chocolate (HS 1806) in Singapore, and export to Japan. How do we prove substantial transformation and claim preference under RCEP?",,301096.83,10075.4,200,Stream interrupted – chunked stream closed early (server/proxy/load)
2026-05-04T18:09:08.891077,300,load,Indirect,I import brooms with HS code 9603.10.20 from China to Singapore and would like to re-export to Malaysia. Am I eligible for any FTAs?,"Thank you for your questions. I notice you've asked multiple questions covering different topics. To provide you with the most accurate guidance, I'd like to clarify one important point regarding your brooms import/re-export scenario:

**Could you clarify if the brooms are processed, repacked, or undergo any substantial transformation in Singapore before being re-exported to Malaysia, or are they shipped directly from China to Malaysia through Singapore without any processing?**

This will help ",274193.36,10071.0,200,Success
2026-05-04T18:09:09.649074,300,load,Indirect,"Under which FTAs, if any, can India-origin goods use a back-to-back mechanism via Singapore?",,301022.37,10070.91,200,Stream interrupted – chunked stream closed early (server/proxy/load)
2026-05-04T18:09:10.452032,300,load,Direct,I would like to export beet sugar with HS code 1701.12 from Singapore to either Laos or New Zealand. What FTAs can I leverage?,,301074.87,10120.33,200,Stream interrupted – chunked stream closed early (server/proxy/load)
2026-05-04T18:09:10.827878,300,load,Direct,I am exporting t-shirts with HS code 6109.10.00.14 from Colombia to the US. What tariffs apply?,,301059.85,10091.76,200,Stream interrupted – chunked stream closed early (server/proxy/load)
2026-05-04T18:09:12.945667,300,load,Indirect,We import Korean cosmetics (HS 3304) under RCEP into Singapore and re-export to Japan with no further processing. Can we apply for a back-to-back RCEP certificate?,,301045.62,10082.53,200,Stream interrupted – chunked stream closed early (server/proxy/load)
2026-05-04T18:09:13.266411,300,load,Indirect,"We plan to bring microprocessors (HS 8542.31) from Japan into Singapore for consolidation, then ship them to Indonesia. Can we claim preferential tariff treatment on the Indonesia leg?",,301025.12,10075.62,200,Stream interrupted – chunked stream closed early (server/proxy/load)
2026-05-04T18:09:15.400581,300,load,Direct,"When forming a Japan–Singapore joint-venture apparel retailer, which FTAs, domestic laws, and compliance obligations need to be taken into account?",,301057.63,10106.28,200,Stream interrupted – chunked stream closed early (server/proxy/load)
2026-05-04T18:09:15.507898,300,load,Indirect,I import machinery parts from Japan to Singapore and would like to re-export to India. The HS code of the machinery parts are 8401.10. Am I eligible for any FTAs?,,301025.97,10071.23,200,Stream interrupted – chunked stream closed early (server/proxy/load)
2026-05-04T18:09:16.210365,300,load,Indirect,"We import cotton fabric (HS 5208) from India into Singapore, dye and cut it here, then export garments to the EU. How do we determine origin under RCEP and EU-Singapore FTA, and what documentation do ",,301027.12,10069.45,200,Stream interrupted – chunked stream closed early (server/proxy/load)
2026-05-04T18:09:16.661689,300,load,Indirect,"We export organic fertiliser (HS 3101) from Singapore to New Zealand. Under CPTPP, what are the rules of origin and any product-specific requirements we must meet?",,301027.96,10075.09,200,Stream interrupted – chunked stream closed early (server/proxy/load)
2026-05-04T18:09:18.756855,300,load,Indirect,"We manufacture plastic containers (HS 3924) in Singapore using resin from Saudi Arabia and additives from Malaysia. How do we prove origin under ATIGA for export to Vietnam, and which FTA gives the be",,301034.35,10068.69,200,Stream interrupted – chunked stream closed early (server/proxy/load)
2026-05-04T18:09:19.649353,300,load,Indirect,"We import raw cocoa (HS 1801) from Ghana, process it into chocolate (HS 1806) in Singapore, and export to Japan. How do we prove substantial transformation and claim preference under RCEP?",,301030.43,10100.67,200,Stream interrupted – chunked stream closed early (server/proxy/load)
2026-05-04T18:09:19.677444,300,load,Indirect,"If we import under ASEAN-China FTA and re-export to Japan under RCEP with minimal repackaging in Singapore, can we use a back-to-back certificate, and what are the conditions and time limits?",,301028.02,10149.35,200,Stream interrupted – chunked stream closed early (server/proxy/load)
2026-05-04T18:09:19.937933,300,load,Indirect,"For shipments from Singapore to Australia with goods sourced from Japan and Korea, what are the steps to claim AANZFTA or RCEP preferences?",,301023.15,10075.43,200,Stream interrupted – chunked stream closed early (server/proxy/load)
2026-05-04T18:09:22.566478,300,load,Direct,What is the tariff rate for exporting printed books (HS 4901.99) from Singapore to Vietnam under ATIGA?,,301113.28,10153.72,200,Stream interrupted – chunked stream closed early (server/proxy/load)
2026-05-04T18:09:22.706633,300,load,Direct,I am exporting essential oils with HS code 3301.29.51.03 from France to the US. What tariffs apply?,,301037.34,10074.8,200,Stream interrupted – chunked stream closed early (server/proxy/load)
2026-05-04T18:09:22.926488,300,load,Indirect,"We received a request from Indonesian customs to verify our ATIGA PCO. What is the process for Singapore exporters, what documents must we provide, and what is the typical timeline?",,301023.02,10071.3,200,Stream interrupted – chunked stream closed early (server/proxy/load)
2026-05-04T18:09:23.552747,300,load,Indirect,How do I qualify for preferential treatment under the ATIGA for my export of water pumps with HS code 8413.20.90 from Singapore to Indonesia?,,60042.05,60041.96,200,Error - Empty Response
2026-05-04T18:09:24.653711,300,load,Direct,How do I identify appropriate HS codes and market requirements for exporting headphones to the Philippines?,"I appreciate your questions, but I can only address one request at a time to ensure I provide you with accurate and comprehensive information.

You've asked about several different scenarios:

1. **China to Indonesia shipment with Singapore invoice under ACFTA**
2. **Electronic switches (HS 8536.50) assembled in Singapore, claiming origin under AANZFTA for export to Australia** - including RVC method and supporting documents
3. **Identifying HS codes and market requirements for exporting headpho",250021.75,10098.17,200,Success
2026-05-04T18:09:24.916451,300,load,Indirect,"We manufacture plastic containers (HS 3924) in Singapore using resin from Saudi Arabia and additives from Malaysia. How do we prove origin under ATIGA for export to Vietnam, and which FTA gives the be",,301031.67,10558.55,200,Stream interrupted – chunked stream closed early (server/proxy/load)
2026-05-04T18:09:25.495838,300,load,Indirect,I import machinery parts from Japan to Singapore and would like to re-export to India. The HS code of the machinery parts are 8401.10. Am I eligible for any FTAs?,,301017.51,10075.78,200,Stream interrupted – chunked stream closed early (server/proxy/load)
2026-05-04T18:09:25.802364,300,load,Indirect,"We import headphones (HS 8518.30.10) from China and sell to Vietnam. Can CPTPP preferences ever apply, and what proof would be required?",,301030.65,10076.27,200,Stream interrupted – chunked stream closed early (server/proxy/load)
2026-05-04T18:09:25.854463,300,load,Direct,I am exporting T-Shirt with HS code 6109.10.10 from Singapore to Thailand. What FTAs would be beneficial for my export?,,301005.99,10050.89,200,Stream interrupted – chunked stream closed early (server/proxy/load)
2026-05-04T18:09:27.836055,300,load,Indirect,"We manufacture plastic containers (HS 3924) in Singapore using resin from Saudi Arabia and additives from Malaysia. How do we prove origin under ATIGA for export to Vietnam, and which FTA gives the be",,301053.52,10095.74,200,Stream interrupted – chunked stream closed early (server/proxy/load)
2026-05-04T18:09:28.004453,300,load,Indirect,We import fresh mangoes (HS 0804.50) from Indonesia into Singapore and plan to re-export them to the Philippines. Can we request a back-to-back PCO under ATIGA?,,301027.09,10071.23,200,Stream interrupted – chunked stream closed early (server/proxy/load)
2026-05-04T18:09:30.120304,300,load,Direct,What is the difference between a Certificate of Origin and a Preferential Certificate of Origin?,,301048.04,10096.74,200,Stream interrupted – chunked stream closed early (server/proxy/load)
2026-05-04T18:09:30.129716,300,load,Direct,I am importing iron pipes with HS code 7303.00.00.30 from Malaysia to the US. What are the additional tariffs that apply?,,301025.76,10076.76,200,Stream interrupted – chunked stream closed early (server/proxy/load)
2026-05-04T18:09:30.812990,300,load,Indirect,We import Korean cosmetics (HS 3304) under RCEP into Singapore and re-export to Japan with no further processing. Can we apply for a back-to-back RCEP certificate?,,301023.27,10065.75,200,Stream interrupted – chunked stream closed early (server/proxy/load)
2026-05-04T18:09:31.240313,300,load,Indirect,I want to import semiconductor integrated circuits from South Korea to Singapore and intend to re-export them to Vietnam. The HS code is 8542.31. Am I eligible for any FTAs?,,301029.08,10082.34,200,Stream interrupted – chunked stream closed early (server/proxy/load)
2026-05-04T18:09:32.303088,300,load,Direct,"In what ways do digital trade provisions in relevant agreements create sector-specific opportunities and advantages, and how do they improve market access and cross-border dealings?",,301035.55,10080.07,200,Stream interrupted – chunked stream closed early (server/proxy/load)
2026-05-04T18:09:33.048442,300,load,Direct,Can we issue a back-to-back PCO when the import CO was issued under a different FTA than the export FTA?,,301117.59,10161.3,200,Stream interrupted – chunked stream closed early (server/proxy/load)
2026-05-04T18:09:33.756147,300,load,Indirect,How do I qualify for preferential treatment under the ATIGA for my export of water pumps with HS code 8413.20.90 from Singapore to Indonesia?,,301024.06,10069.44,200,Stream interrupted – chunked stream closed early (server/proxy/load)
2026-05-04T18:09:34.605318,300,load,Indirect,"What is the PCO application process for the export of my product with HS code 3924.90.90 from Singapore to Vietnam with an estimated export value of 5,000 SGD under the ATIGA FTA?",,301027.12,10192.34,200,Stream interrupted – chunked stream closed early (server/proxy/load)
2026-05-04T18:09:34.822128,300,load,Indirect,"We import cotton fabric (HS 5208) from India into Singapore, dye and cut it here, then export garments to the EU. How do we determine origin under RCEP and EU-Singapore FTA, and what documentation do ",,301026.63,10662.85,200,Stream interrupted – chunked stream closed early (server/proxy/load)
2026-05-04T18:09:36.537445,300,load,Indirect,"We import cotton fabric (HS 5208) from India into Singapore, dye and cut it here, then export garments to the EU. How do we determine origin under RCEP and EU-Singapore FTA, and what documentation do ",,301028.73,10075.05,200,Stream interrupted – chunked stream closed early (server/proxy/load)
2026-05-04T18:09:37.763367,300,load,Indirect,"What is the PCO application process for the export of my product with HS code 3924.90.90 from Singapore to Vietnam with an estimated export value of 5,000 SGD under the ATIGA FTA?",,301092.2,10132.42,200,Stream interrupted – chunked stream closed early (server/proxy/load)
2026-05-04T18:09:38.522059,300,load,Indirect,Can we ship goods directly from China to Indonesia with a Singapore invoice and still claim ACFTA preference?,,301040.0,10081.47,200,Stream interrupted – chunked stream closed early (server/proxy/load)
2026-05-04T18:09:38.617852,300,load,Direct,What is SBF's role in trade documentation and FTA support for Singapore businesses?,,301030.36,10070.33,200,Stream interrupted – chunked stream closed early (server/proxy/load)
2026-05-04T18:09:41.267649,300,load,Indirect,"We assemble vacuum cleaners (HS Code 8508.19.10) in Singapore from Chinese parts and export to Indonesia. Does simple assembly confer Singapore origin, or should we apply for a back-to-back PCO instea",,301026.27,10066.84,200,Stream interrupted – chunked stream closed early (server/proxy/load)
2026-05-04T18:09:41.532462,300,load,Indirect,"If our PCO application is rejected by Singapore Customs due to insufficient supporting documents, what can we do to rectify and reapply, and how long does the appeal or correction process take?",,301025.8,10076.06,200,Stream interrupted – chunked stream closed early (server/proxy/load)
2026-05-04T18:09:42.585681,300,load,Indirect,"Our company sources components from China, Thailand, and Malaysia and assembles electronic switches (HS 8536.50) in Singapore for export to Australia. Can we claim Singapore origin under AANZFTA, and ",,301058.51,10132.36,200,Stream interrupted – chunked stream closed early (server/proxy/load)
2026-05-04T18:09:43.398154,300,load,Indirect,"We export organic fertiliser (HS 3101) from Singapore to New Zealand. Under CPTPP, what are the rules of origin and any product-specific requirements we must meet?",,301030.38,10080.53,200,Stream interrupted – chunked stream closed early (server/proxy/load)
2026-05-04T18:09:44.572545,300,load,Indirect,"We have a back-to-back PCO under RCEP for goods from Japan. The buyer in Indonesia wants to split the shipment into two consignments over two months. Is the original PCO still valid, and what do we ne",,301023.42,10080.22,200,Stream interrupted – chunked stream closed early (server/proxy/load)
2026-05-04T18:09:44.845992,300,load,Indirect,"For machinery (HS 8479) assembled in Singapore from US and German parts, what are the rules of origin under the EU-Singapore FTA and UK-Singapore FTA, and how do we calculate and document RVC?",,301019.1,10071.98,200,Stream interrupted – chunked stream closed early (server/proxy/load)
2026-05-04T18:09:47.706027,300,load,Direct,We are a manufacturing company looking to export plastic bottles to customers in other countries. Can you please advise the steps and processes we have to take?,,301058.66,10101.59,200,Stream interrupted – chunked stream closed early (server/proxy/load)
2026-05-04T18:09:48.278961,300,load,Indirect,"Our company sources components from China, Thailand, and Malaysia and assembles electronic switches (HS 8536.50) in Singapore for export to Australia. Can we claim Singapore origin under AANZFTA, and ",,301027.87,10075.88,200,Stream interrupted – chunked stream closed early (server/proxy/load)
2026-05-04T18:09:48.730708,300,load,Indirect,"We are considering moving some production from China to Singapore to benefit from FTAs. For electronics (HS 8517), what origin criteria apply under RCEP and CPTPP, and what percentage of value must be",,301028.47,10071.68,200,Stream interrupted – chunked stream closed early (server/proxy/load)
2026-05-04T18:09:48.807927,300,load,Indirect,"We ship from Singapore to multiple ASEAN countries (Indonesia, Philippines, Vietnam) under ATIGA. Do we need one PCO per destination or one for the whole order, and what are the declaration requiremen",,301019.22,10067.76,200,Stream interrupted – chunked stream closed early (server/proxy/load)
2026-05-04T18:09:49.871208,300,load,Indirect,"We import headphones (HS 8518.30.10) from China and sell to Vietnam. Can CPTPP preferences ever apply, and what proof would be required?",,301043.07,10083.53,200,Stream interrupted – chunked stream closed early (server/proxy/load)
2026-05-04T18:09:50.214590,300,load,Direct,I am exporting 1001.19.00.25 from Singapore to the US. Are there any additional tariffs?,,301045.53,10085.04,200,Stream interrupted – chunked stream closed early (server/proxy/load)
2026-05-04T18:09:50.533950,300,load,Indirect,"We consolidate shipments from multiple ASEAN countries in Singapore and then send them to Australia. Can we obtain a single certificate covering the whole consignment, or do we need separate origin do",,301160.13,10210.62,200,Stream interrupted – chunked stream closed early (server/proxy/load)
2026-05-04T18:09:51.086259,300,load,Indirect,I would like to leverage the AKFTA FTA for my export of 1701.12.20 from Singapore to South Korea. What is a PCO and how do I apply for it?,,301025.85,10070.63,200,Stream interrupted – chunked stream closed early (server/proxy/load)
2026-05-04T18:09:53.409109,300,load,Indirect,"We consolidate shipments from multiple ASEAN countries in Singapore and then send them to Australia. Can we obtain a single certificate covering the whole consignment, or do we need separate origin do",,301058.44,10109.55,200,Stream interrupted – chunked stream closed early (server/proxy/load)
2026-05-04T18:09:54.482590,300,load,Indirect,"What is the PCO application process for the export of my product with HS code 3924.90.90 from Singapore to Vietnam with an estimated export value of 5,000 SGD under the ATIGA FTA?",,301034.76,10081.23,200,Stream interrupted – chunked stream closed early (server/proxy/load)
2026-05-04T18:09:55.603138,300,load,Indirect,"Our company sources components from China, Thailand, and Malaysia and assembles electronic switches (HS 8536.50) in Singapore for export to Australia. Can we claim Singapore origin under AANZFTA, and ",,301028.73,10078.4,200,Stream interrupted – chunked stream closed early (server/proxy/load)
2026-05-04T18:09:56.169998,300,load,Direct,What is the tariff rate for exporting printed books (HS 4901.99) from Singapore to Vietnam under ATIGA?,,301018.41,10066.12,200,Stream interrupted – chunked stream closed early (server/proxy/load)
2026-05-04T18:09:56.706091,300,load,Indirect,I import meat with HS code 0201.30.01 from Australia to Singapore and re-export to Japan. Am I eligible for preferential tariffs?,,301024.92,10068.42,200,Stream interrupted – chunked stream closed early (server/proxy/load)
2026-05-04T18:09:58.094312,300,load,Direct,"Which Singapore FTA covers trade in services, not just goods?","I notice you've asked multiple questions at once. To provide you with the most accurate and thorough assistance, I can only address one request at a time. This ensures I can gather all the necessary information and give you a comprehensive answer.

Let me help you prioritize:

1. **Additional tariffs for iron pipes (HS 7303.00.00.30) from Malaysia to the US**
2. **Steps to claim AANZFTA or RCEP preferences for shipments from Singapore to Australia with goods from Japan and Korea**
3. **Which Sin",252576.44,10083.05,200,Success
2026-05-04T18:09:58.263304,300,load,Direct,I am an automobile manufacturer importing parts of a suspension system with HS code 8708.80.55 from Germany which will be assembled in the US. Am I eligible for lower tariffs?,,301023.51,10064.67,200,Stream interrupted – chunked stream closed early (server/proxy/load)
2026-05-04T18:09:58.568780,300,load,Direct,I am exporting 1001.19.00.25 from Singapore to the US. Are there any additional tariffs?,,301061.77,10093.49,200,Stream interrupted – chunked stream closed early (server/proxy/load)
2026-05-04T18:09:59.830507,300,load,Indirect,"We manufacture plastic containers (HS 3924) in Singapore using resin from Saudi Arabia and additives from Malaysia. How do we prove origin under ATIGA for export to Vietnam, and which FTA gives the be",,301026.96,10077.8,200,Stream interrupted – chunked stream closed early (server/proxy/load)
2026-05-04T18:10:00.240302,300,load,Indirect,I import brooms with HS code 9603.10.20 from China to Singapore and would like to re-export to Malaysia. Am I eligible for any FTAs?,,301027.2,10069.9,200,Stream interrupted – chunked stream closed early (server/proxy/load)
2026-05-04T18:10:00.729232,300,load,Indirect,Can we ship goods directly from China to Indonesia with a Singapore invoice and still claim ACFTA preference?,,301038.03,10084.64,200,Stream interrupted – chunked stream closed early (server/proxy/load)
2026-05-04T18:10:05.273202,300,load,Indirect,"We assemble vacuum cleaners (HS Code 8508.19.10) in Singapore from Chinese parts and export to Indonesia. Does simple assembly confer Singapore origin, or should we apply for a back-to-back PCO instea",,301064.97,10119.95,200,Stream interrupted – chunked stream closed early (server/proxy/load)
2026-05-04T18:10:05.719332,300,load,Indirect,"We import raw cocoa (HS 1801) from Ghana, process it into chocolate (HS 1806) in Singapore, and export to Japan. How do we prove substantial transformation and claim preference under RCEP?",,301031.79,10079.53,200,Stream interrupted – chunked stream closed early (server/proxy/load)
2026-05-04T18:10:06.829716,300,load,Direct,I am exporting essential oils with HS code 3301.29.51.03 from France to the US. What tariffs apply?,,301048.87,10095.49,200,Stream interrupted – chunked stream closed early (server/proxy/load)
2026-05-04T18:10:06.911321,300,load,Indirect,"We import cotton fabric (HS 5208) from India into Singapore, dye and cut it here, then export garments to the EU. How do we determine origin under RCEP and EU-Singapore FTA, and what documentation do ",,301024.4,10072.48,200,Stream interrupted – chunked stream closed early (server/proxy/load)
2026-05-04T18:10:08.465508,300,load,Direct,I am exporting essential oils with HS code 3301.29.51.03 from France to the US. What tariffs apply?,,301037.01,10090.44,200,Stream interrupted – chunked stream closed early (server/proxy/load)
2026-05-04T18:10:08.598038,300,load,Indirect,"We manufacture plastic containers (HS 3924) in Singapore using resin from Saudi Arabia and additives from Malaysia. How do we prove origin under ATIGA for export to Vietnam, and which FTA gives the be",,301023.52,10071.32,200,Stream interrupted – chunked stream closed early (server/proxy/load)
2026-05-04T18:10:10.132991,300,load,Indirect,I import machinery parts from Japan to Singapore and would like to re-export to India. The HS code of the machinery parts are 8401.10. Am I eligible for any FTAs?,,301074.48,10123.43,200,Stream interrupted – chunked stream closed early (server/proxy/load)
2026-05-04T18:10:10.503292,300,load,Indirect,"We consolidate shipments from multiple ASEAN countries in Singapore and then send them to Australia. Can we obtain a single certificate covering the whole consignment, or do we need separate origin do",,301024.38,10099.25,200,Stream interrupted – chunked stream closed early (server/proxy/load)
2026-05-04T18:10:11.371622,300,load,Direct,I am exporting fruits with HS code 0811.10.00.50 from Thailand to the US. What tariffs apply?,,301061.56,10090.07,200,Stream interrupted – chunked stream closed early (server/proxy/load)
2026-05-04T18:10:11.420860,300,load,Direct,I export wooden furniture (HS 9403.60) from Singapore to Australia. What is the duty rate under the relevant FTA?,,301020.66,10067.26,200,Stream interrupted – chunked stream closed early (server/proxy/load)
2026-05-04T18:10:13.542283,300,load,Indirect,"What is the PCO application process for the export of my product with HS code 3924.90.90 from Singapore to Vietnam with an estimated export value of 5,000 SGD under the ATIGA FTA?",,301057.18,10101.52,200,Stream interrupted – chunked stream closed early (server/proxy/load)
2026-05-04T18:10:13.655387,300,load,Indirect,I import meat with HS code 0201.30.01 from Australia to Singapore and re-export to Japan. Am I eligible for preferential tariffs?,,301014.56,10066.62,200,Stream interrupted – chunked stream closed early (server/proxy/load)
2026-05-04T18:10:14.344619,300,load,Indirect,Which Free Trade Agreements (FTAs) can I utilise when exporting compact disks (HS Code: 8523.41.10) from Singapore to Indonesia?,,301050.79,10087.62,200,Stream interrupted – chunked stream closed early (server/proxy/load)
2026-05-04T18:10:15.922185,300,load,Indirect,"We are considering moving some production from China to Singapore to benefit from FTAs. For electronics (HS 8517), what origin criteria apply under RCEP and CPTPP, and what percentage of value must be",,301037.75,10093.5,200,Stream interrupted – chunked stream closed early (server/proxy/load)
2026-05-04T18:10:18.225430,300,load,Direct,I am exporting t-shirts with HS code 6109.10.00.14 from Colombia to the US. What tariffs apply?,,301032.27,10088.38,200,Stream interrupted – chunked stream closed early (server/proxy/load)
2026-05-04T18:10:18.758170,300,load,Indirect,"If we import under ASEAN-China FTA and re-export to Japan under RCEP with minimal repackaging in Singapore, can we use a back-to-back certificate, and what are the conditions and time limits?",,301023.27,10078.79,200,Stream interrupted – chunked stream closed early (server/proxy/load)
2026-05-04T18:10:19.287751,300,load,Indirect,We import fresh mangoes (HS 0804.50) from Indonesia into Singapore and plan to re-export them to the Philippines. Can we request a back-to-back PCO under ATIGA?,,301030.01,10072.41,200,Stream interrupted – chunked stream closed early (server/proxy/load)
2026-05-04T18:10:19.496875,300,load,Indirect,"Our company sources components from China, Thailand, and Malaysia and assembles electronic switches (HS 8536.50) in Singapore for export to Australia. Can we claim Singapore origin under AANZFTA, and ",,301015.73,10065.48,200,Stream interrupted – chunked stream closed early (server/proxy/load)
2026-05-04T18:10:20.527693,300,load,Direct,"Which Singapore FTA covers trade in services, not just goods?",,301060.3,10111.93,200,Stream interrupted – chunked stream closed early (server/proxy/load)
2026-05-04T18:10:20.681550,300,load,Indirect,"We manufacture plastic containers (HS 3924) in Singapore using resin from Saudi Arabia and additives from Malaysia. How do we prove origin under ATIGA for export to Vietnam, and which FTA gives the be",,301029.25,10076.33,200,Stream interrupted – chunked stream closed early (server/proxy/load)
2026-05-04T18:10:21.583080,300,load,Indirect,"We received a request from Indonesian customs to verify our ATIGA PCO. What is the process for Singapore exporters, what documents must we provide, and what is the typical timeline?",,301029.01,10080.85,200,Stream interrupted – chunked stream closed early (server/proxy/load)
2026-05-04T18:10:21.765480,300,load,Indirect,Can we ship goods directly from China to Indonesia with a Singapore invoice and still claim ACFTA preference?,,301038.14,10079.33,200,Stream interrupted – chunked stream closed early (server/proxy/load)
2026-05-04T18:10:22.547386,300,load,Direct,I am exporting 1001.19.00.25 from Singapore to the US. Are there any additional tariffs?,,301026.32,10073.12,200,Stream interrupted – chunked stream closed early (server/proxy/load)
2026-05-04T18:10:22.951142,300,load,Direct,Which Free Trade Agreements (FTAs) can I utilise when exporting umbrellas (HS Code: 6601.99.00.03) from Singapore to Australia?,,301039.4,10090.09,200,Stream interrupted – chunked stream closed early (server/proxy/load)
2026-05-04T18:10:23.635381,300,load,Indirect,"We import cotton fabric (HS 5208) from India into Singapore, dye and cut it here, then export garments to the EU. How do we determine origin under RCEP and EU-Singapore FTA, and what documentation do ",,301048.56,10083.42,200,Stream interrupted – chunked stream closed early (server/proxy/load)
2026-05-04T18:10:24.178956,300,load,Indirect,I import machinery parts from Japan to Singapore and would like to re-export to India. The HS code of the machinery parts are 8401.10. Am I eligible for any FTAs?,,301052.24,10085.39,200,Stream interrupted – chunked stream closed early (server/proxy/load)
2026-05-04T18:10:25.973292,300,load,Indirect,I import meat with HS code 0201.30.01 from Australia to Singapore and re-export to Japan. Am I eligible for preferential tariffs?,,301070.57,10116.44,200,Stream interrupted – chunked stream closed early (server/proxy/load)
2026-05-04T18:10:26.523449,300,load,Indirect,"We export organic fertiliser (HS 3101) from Singapore to New Zealand. Under CPTPP, what are the rules of origin and any product-specific requirements we must meet?",,301028.35,10076.39,200,Stream interrupted – chunked stream closed early (server/proxy/load)
2026-05-04T18:10:27.171303,300,load,Direct,Which FTA gives the best tariff for exporting solar panels (HS 8541.40) from Singapore to Japan?,,301096.26,10661.53,200,Stream interrupted – chunked stream closed early (server/proxy/load)
2026-05-04T18:10:28.286881,300,load,Direct,How do I check if my product qualifies for zero tariff under RCEP?,,301030.67,10074.09,200,Stream interrupted – chunked stream closed early (server/proxy/load)
2026-05-04T18:10:29.390293,300,load,Indirect,"For machinery (HS 8479) assembled in Singapore from US and German parts, what are the rules of origin under the EU-Singapore FTA and UK-Singapore FTA, and how do we calculate and document RVC?",,301039.66,10097.7,200,Stream interrupted – chunked stream closed early (server/proxy/load)
2026-05-04T18:10:31.607610,300,load,Indirect,"For goods that qualify under both ATIGA and RCEP when exporting from Singapore to Thailand, how do we choose which FTA to use, and can we switch between them for different shipments of the same produc",,301056.85,10111.0,200,Stream interrupted – chunked stream closed early (server/proxy/load)
2026-05-04T18:10:33.017871,300,load,Indirect,"For machinery (HS 8479) assembled in Singapore from US and German parts, what are the rules of origin under the EU-Singapore FTA and UK-Singapore FTA, and how do we calculate and document RVC?",,301036.2,10070.91,200,Stream interrupted – chunked stream closed early (server/proxy/load)
2026-05-04T18:10:33.454152,300,load,Indirect,"We assemble vacuum cleaners (HS Code 8508.19.10) in Singapore from Chinese parts and export to Indonesia. Does simple assembly confer Singapore origin, or should we apply for a back-to-back PCO instea",,301025.03,10073.53,200,Stream interrupted – chunked stream closed early (server/proxy/load)
2026-05-04T18:10:33.637069,300,load,Indirect,I import machinery parts from Japan to Singapore and would like to re-export to India. The HS code of the machinery parts are 8401.10. Am I eligible for any FTAs?,,301028.71,10065.24,200,Stream interrupted – chunked stream closed early (server/proxy/load)
2026-05-04T18:10:33.753145,300,load,Indirect,"What are the steps and timelines to apply for a PCO under the Digital Economy Agreement between Singapore and Australia, and how does it differ from the standard goods FTA process?","I notice you've asked multiple questions at once. To provide you with the most accurate and thorough assistance, **I can only address one question at a time**. This ensures I can gather all the necessary information and give you a comprehensive answer.

From your message, I can see several distinct questions:

1. **CPTPP Rules of Origin** for organic fertiliser (HS 3101) from Singapore to New Zealand
2. **HS Code identification** for LED light fixtures (ceiling type) for export to India
3. **Tar",217977.13,10072.02,200,Success
2026-05-04T18:10:34.075074,300,load,Indirect,"For machinery (HS 8479) assembled in Singapore from US and German parts, what are the rules of origin under the EU-Singapore FTA and UK-Singapore FTA, and how do we calculate and document RVC?",,301025.9,10086.57,200,Stream interrupted – chunked stream closed early (server/proxy/load)
2026-05-04T18:10:34.281081,300,load,Direct,How do I check if my product qualifies for zero tariff under RCEP?,,301048.64,10097.93,200,Stream interrupted – chunked stream closed early (server/proxy/load)
2026-05-04T18:10:34.541659,300,load,Indirect,I import brooms with HS code 9603.10.20 from China to Singapore and would like to re-export to Malaysia. Am I eligible for any FTAs?,,301031.62,10078.92,200,Stream interrupted – chunked stream closed early (server/proxy/load)
2026-05-04T18:10:35.182466,300,load,Direct,I am exporting 1001.19.00.25 from Singapore to the US. Are there any additional tariffs?,,301065.24,10109.42,200,Stream interrupted – chunked stream closed early (server/proxy/load)
2026-05-04T18:10:35.658753,300,load,Indirect,"Can we use exporter self-certification under the UK-Singapore FTA for our exports of pharmaceutical products (HS 3004), and what are the exact conditions and record-keeping requirements?",,301021.08,10089.37,200,Stream interrupted – chunked stream closed early (server/proxy/load)
2026-05-04T18:10:35.949883,300,load,Indirect,How do I qualify for preferential treatment under the ATIGA for my export of water pumps with HS code 8413.20.90 from Singapore to Indonesia?,,301021.88,10066.39,200,Stream interrupted – chunked stream closed early (server/proxy/load)
2026-05-04T18:10:38.245772,300,load,Direct,Where do I get help with FTA and Certificate of Origin queries in Singapore?,"I am unable to retrieve sufficient information regarding this subject matter. For further guidance, please click on the 'Email' button on the bottom right corner of the screen to arrange for a call or a one-to-one advisory session. Our specialists can offer tailored insights based on your product and trade needs, and help you address any related queries or challenges.",200716.53,10047.25,200,Success
