Timestamp,User Count,Type,Name,Requests/s,Failures/s,50%,66%,75%,80%,90%,95%,98%,99%,99.9%,99.99%,100%,Total Request Count,Total Failure Count,Total Median Response Time,Total Average Response Time,Total Min Response Time,Total Max Response Time,Total Average Content Size
1777888239,0,,Aggregated,0.000000,0.000000,N/A,N/A,N/A,N/A,N/A,N/A,N/A,N/A,N/A,N/A,N/A,0,0,0,0.0,0,0,0
1777888240,1,,Aggregated,0.000000,0.000000,490,490,490,490,490,490,490,490,490,490,490,2,0,21,256.03409999166615,20.50409998628311,491.5640999970492,172.0
1777888241,2,,Aggregated,0.000000,0.000000,74,74,490,490,490,490,490,490,490,490,490,4,0,38,156.01274999426096,20.50409998628311,491.5640999970492,172.0
1777888242,4,,Aggregated,0.000000,0.000000,60,60,74,74,490,490,490,490,490,490,490,6,0,38,120.15196666228196,20.50409998628311,491.5640999970492,172.0
1777888243,5,,Aggregated,2.000000,0.000000,54,60,74,74,490,490,490,490,490,490,490,8,0,38,99.30973749578698,19.798399996943772,491.5640999970492,172.0
1777888244,6,,Aggregated,2.000000,0.000000,54,60,69,74,490,490,490,490,490,490,490,10,0,38,88.49360999738565,19.798399996943772,491.5640999970492,172.0
1777888245,7,,Aggregated,2.000000,0.000000,54,60,69,69,74,490,490,490,490,490,490,12,0,38,80.73460833111312,19.798399996943772,491.5640999970492,172.0
1777888246,8,,Aggregated,2.000000,0.000000,38,60,62,69,74,490,490,490,490,490,490,14,0,36,73.15643571304723,19.130100001348183,491.5640999970492,172.0
1777888247,9,,Aggregated,2.000000,0.000000,38,54,62,62,74,490,490,490,490,490,490,16,0,36,67.66421249994892,19.130100001348183,491.5640999970492,172.0
1777888248,10,,Aggregated,2.000000,0.000000,38,40,60,62,74,490,490,490,490,490,490,18,0,36,63.80321111161417,19.130100001348183,491.5640999970492,172.0
1777888249,11,,Aggregated,2.000000,0.000000,38,54,62,69,320,490,490,490,490,490,490,20,0,38,75.60558000113815,19.130100001348183,491.5640999970492,172.0
1777888250,12,,Aggregated,2.000000,0.000000,38,54,62,69,140,320,490,490,490,490,490,22,0,38,76.21202727353771,19.130100001348183,491.5640999970492,172.0
1777888251,13,,Aggregated,2.000000,0.000000,38,49,60,69,140,320,490,490,490,490,490,25,1,38,70.3843280003639,13.887099994462915,491.5640999970492,165.12
1777888252,14,,Aggregated,2.000000,0.000000,36,48,60,62,140,320,490,490,490,490,490,27,1,36,67.30210000036836,13.887099994462915,491.5640999970492,165.62962962962962
1777888253,15,,Aggregated,2.000000,0.000000,36,48,54,62,140,320,490,490,490,490,490,29,1,36,65.02120000067376,13.887099994462915,491.5640999970492,166.06896551724137
1777888254,16,,Aggregated,2.000000,0.000000,36,48,54,60,74,320,490,490,490,490,490,31,1,36,62.90947096826013,13.887099994462915,491.5640999970492,166.4516129032258
1777888255,17,,Aggregated,2.100000,0.100000,36,48,54,62,74,320,490,490,490,490,490,33,1,36,61.597103030759506,13.887099994462915,491.5640999970492,166.78787878787878
1777888256,18,,Aggregated,2.100000,0.100000,36,48,54,62,74,320,490,490,490,490,490,35,1,36,59.7129600001998,13.887099994462915,491.5640999970492,167.0857142857143
1777888257,19,,Aggregated,2.100000,0.100000,36,43,49,60,74,320,490,490,490,490,490,37,1,36,57.84572162146277,13.887099994462915,491.5640999970492,167.35135135135135
1777888258,20,,Aggregated,2.100000,0.100000,36,40,49,60,74,320,490,490,490,490,490,39,1,36,56.349984615315826,13.887099994462915,491.5640999970492,167.5897435897436
1777888259,21,,Aggregated,2.100000,0.100000,36,43,48,54,69,140,490,490,490,490,490,41,1,36,55.271265853662044,13.887099994462915,491.5640999970492,167.8048780487805
1777888260,22,,Aggregated,2.100000,0.100000,36,43,49,60,74,160,490,490,490,490,490,43,1,36,56.9114046510401,13.887099994462915,491.5640999970492,168.0
1777888261,23,,Aggregated,2.100000,0.100000,36,46,54,62,74,160,490,490,490,490,490,45,1,36,57.2153266668061,13.887099994462915,491.5640999970492,168.17777777777778
1777888262,24,,Aggregated,2.100000,0.100000,37,46,54,60,74,160,490,490,490,490,490,47,1,37,56.69482340423163,13.887099994462915,491.5640999970492,168.3404255319149
1777888263,25,,Aggregated,2.100000,0.100000,37,46,54,60,74,160,490,490,490,490,490,49,1,37,55.9239244900468,13.887099994462915,491.5640999970492,168.48979591836735
1777888264,26,,Aggregated,2.100000,0.100000,37,46,55,60,74,160,320,490,490,490,490,51,1,37,55.749960784690785,13.887099994462915,491.5640999970492,168.62745098039215
1777888265,27,,Aggregated,2.000000,0.000000,37,46,55,62,78,160,320,490,490,490,490,53,1,37,56.362256604051304,13.887099994462915,491.5640999970492,168.75471698113208
1777888266,28,,Aggregated,2.000000,0.000000,37,46,55,62,78,160,320,490,490,490,490,55,1,37,55.50023636394392,13.887099994462915,491.5640999970492,168.87272727272727
1777888267,29,,Aggregated,2.000000,0.000000,37,46,54,60,78,160,320,490,490,490,490,57,1,37,54.58435789491009,13.887099994462915,491.5640999970492,168.98245614035088
1777888268,30,,Aggregated,2.000000,0.000000,37,46,54,60,78,160,320,490,490,490,490,59,1,37,54.011100000194745,13.887099994462915,491.5640999970492,169.08474576271186
1777888269,31,,Aggregated,2.000000,0.000000,37,46,51,58,74,140,320,490,490,490,490,61,1,37,53.27870819687111,13.887099994462915,491.5640999970492,169.18032786885246
1777888270,32,,Aggregated,2.000000,0.000000,37,46,54,60,74,140,320,490,490,490,490,63,1,37,53.064212698483885,13.887099994462915,491.5640999970492,169.26984126984127
1777888271,33,,Aggregated,2.000000,0.000000,37,44,51,60,74,140,320,490,490,490,490,65,1,37,52.32830000011465,13.887099994462915,491.5640999970492,169.35384615384615
1777888272,34,,Aggregated,2.000000,0.000000,37,44,51,58,74,140,320,490,490,490,490,67,1,37,51.65202089554088,13.887099994462915,491.5640999970492,169.43283582089552
1777888273,35,,Aggregated,2.000000,0.000000,37,44,51,58,74,140,320,490,490,490,490,69,1,37,51.36917246399326,13.887099994462915,491.5640999970492,169.5072463768116
1777888274,36,,Aggregated,2.000000,0.000000,37,44,53,56,70,140,320,490,490,490,490,71,1,37,51.01775492989937,13.887099994462915,491.5640999970492,169.57746478873239
1777888275,37,,Aggregated,2.000000,0.000000,37,46,53,58,74,160,320,490,490,490,490,73,1,37,52.925319178627916,13.887099994462915,491.5640999970492,169.64383561643837
1777888276,38,,Aggregated,2.000000,0.000000,37,44,53,58,74,160,320,490,490,490,490,75,1,37,52.34769466721142,13.887099994462915,491.5640999970492,169.70666666666668
1777888277,39,,Aggregated,2.000000,0.000000,37,43,51,56,74,160,320,490,490,490,490,77,1,37,51.71685714358554,13.887099994462915,491.5640999970492,169.76623376623377
1777888278,40,,Aggregated,2.000000,0.000000,37,44,51,56,74,160,320,490,490,490,490,79,1,37,51.21999620323665,13.887099994462915,491.5640999970492,169.8227848101266
1777888279,41,,Aggregated,2.000000,0.000000,37,43,49,55,70,140,320,490,490,490,490,81,1,37,50.76614691427461,13.887099994462915,491.5640999970492,169.87654320987653
1777888280,42,,Aggregated,2.000000,0.000000,37,43,51,56,73,140,320,490,490,490,490,83,1,37,50.6669397596326,13.887099994462915,491.5640999970492,169.9277108433735
1777888281,43,,Aggregated,2.000000,0.000000,36,43,49,56,73,140,320,490,490,490,490,85,1,36,50.10976705936414,13.887099994462915,491.5640999970492,169.9764705882353
1777888282,44,,Aggregated,2.000000,0.000000,36,43,49,55,73,140,320,490,490,490,490,87,1,36,49.81580114991661,13.887099994462915,491.5640999970492,170.02298850574712
1777888283,45,,Aggregated,2.000000,0.000000,37,44,49,55,73,140,320,490,490,490,490,89,1,37,49.71818202286383,13.887099994462915,491.5640999970492,170.06741573033707
1777888284,46,,Aggregated,2.000000,0.000000,37,44,49,55,73,140,320,490,490,490,490,91,1,37,49.842872527993414,13.887099994462915,491.5640999970492,170.1098901098901
1777888285,47,,Aggregated,2.000000,0.000000,37,44,49,56,74,160,320,490,490,490,490,93,1,37,51.34825806508356,13.887099994462915,491.5640999970492,170.1505376344086
1777888286,48,,Aggregated,2.000000,0.000000,37,44,51,56,74,160,320,490,490,490,490,95,1,37,51.04992421111092,13.887099994462915,491.5640999970492,170.18947368421053
1777888287,49,,Aggregated,2.000000,0.000000,37,44,49,55,74,160,320,490,490,490,490,97,1,37,50.62565876344416,13.887099994462915,491.5640999970492,170.22680412371133
1777888288,50,,Aggregated,1.900000,0.000000,37,44,51,56,78,160,320,490,490,490,490,99,1,37,51.248039394550055,13.887099994462915,491.5640999970492,170.26262626262627
1777888289,51,,Aggregated,2.000000,0.000000,37,44,49,55,74,140,210,320,490,490,490,102,1,37,50.546497059615064,13.887099994462915,491.5640999970492,168.62745098039215
1777888290,52,,Aggregated,2.000000,0.000000,37,44,51,56,78,160,210,320,490,490,490,104,1,37,51.72782019312413,13.887099994462915,491.5640999970492,168.69230769230768
1777888291,53,,Aggregated,2.000000,0.000000,37,44,49,55,78,160,210,320,490,490,490,106,1,37,51.42456981205746,13.887099994462915,491.5640999970492,168.75471698113208
1777888292,54,,Aggregated,2.000000,0.000000,37,44,49,55,78,160,210,320,490,490,490,108,1,37,51.0612250006859,13.887099994462915,491.5640999970492,168.8148148148148
1777888293,55,,Aggregated,2.000000,0.000000,37,44,49,55,78,160,210,320,490,490,490,110,1,37,50.73020454623144,13.887099994462915,491.5640999970492,168.87272727272727
1777888294,56,,Aggregated,2.100000,0.000000,37,44,49,55,74,160,210,320,490,490,490,112,1,37,50.40347589355016,13.887099994462915,491.5640999970492,168.92857142857142
1777888295,57,,Aggregated,2.100000,0.000000,37,44,49,55,74,160,210,320,490,490,490,114,1,37,50.26268508842342,13.887099994462915,491.5640999970492,168.98245614035088
1777888296,58,,Aggregated,2.100000,0.000000,37,44,49,55,78,160,210,320,490,490,490,116,1,37,50.26406638002111,13.887099994462915,491.5640999970492,169.0344827586207
1777888297,59,,Aggregated,2.100000,0.000000,37,44,49,55,78,160,210,320,490,490,490,118,1,36,49.91846017022045,13.887099994462915,491.5640999970492,169.08474576271186
1777888298,60,,Aggregated,2.200000,0.000000,37,44,49,55,78,160,210,320,490,490,490,120,1,36,49.66268750079811,13.887099994462915,491.5640999970492,169.13333333333333
1777888299,61,,Aggregated,2.100000,0.000000,37,44,49,55,74,140,210,320,490,490,490,122,1,36,49.476998361480256,13.887099994462915,491.5640999970492,169.18032786885246
1777888300,62,,Aggregated,2.100000,0.000000,37,44,49,56,78,160,320,390,490,490,490,124,1,36,51.965072581351116,13.887099994462915,491.5640999970492,169.2258064516129
1777888301,63,,Aggregated,2.100000,0.000000,37,45,49,56,78,160,320,390,490,490,490,126,1,36,51.772754762616444,13.887099994462915,491.5640999970492,169.26984126984127
1777888302,64,,Aggregated,1.900000,0.000000,37,44,49,56,78,160,320,390,490,490,490,128,1,36,51.433287500685765,13.887099994462915,491.5640999970492,169.3125
1777888303,65,,Aggregated,2.000000,0.000000,37,44,49,58,80,160,320,390,490,490,490,130,1,36,51.55972461607934,13.887099994462915,491.5640999970492,169.35384615384615
1777888304,66,,Aggregated,2.000000,0.000000,37,44,49,56,78,160,320,390,490,490,490,132,1,36,51.2408590915253,13.887099994462915,491.5640999970492,169.3939393939394
1777888305,67,,Aggregated,1.800000,0.000000,37,44,49,58,78,160,320,390,490,490,490,134,1,36,51.16619104532518,13.887099994462915,491.5640999970492,169.43283582089552
1777888306,68,,Aggregated,1.900000,0.000000,37,44,49,56,78,160,320,390,490,490,490,136,1,36,50.83525000051903,13.887099994462915,491.5640999970492,169.47058823529412
1777888307,69,,Aggregated,1.800000,0.000000,37,44,49,56,78,160,320,390,490,490,490,138,1,36,50.59857173962856,13.887099994462915,491.5640999970492,169.5072463768116
1777888308,70,,Aggregated,1.900000,0.000000,37,44,49,56,78,160,320,390,490,490,490,140,1,36,50.299100000536,13.887099994462915,491.5640999970492,169.54285714285714
1777888309,71,,Aggregated,1.900000,0.000000,37,44,49,55,74,140,320,390,490,490,490,142,1,36,50.081266197773566,13.887099994462915,491.5640999970492,169.57746478873239
1777888310,72,,Aggregated,1.900000,0.000000,37,44,49,56,78,150,320,390,490,490,490,144,1,36,50.56154583396872,13.887099994462915,491.5640999970492,169.61111111111111
1777888311,73,,Aggregated,2.000000,0.000000,37,44,49,55,78,150,320,390,490,490,490,146,1,36,50.3423979458254,13.887099994462915,491.5640999970492,169.64383561643837
1777888313,74,,Aggregated,2.000000,0.000000,37,43,49,55,78,150,320,390,490,490,490,148,1,36,50.07065743297603,13.887099994462915,491.5640999970492,169.67567567567568
1777888314,75,,Aggregated,1.800000,0.000000,37,44,49,55,78,150,320,390,490,490,490,150,1,36,49.83614600050108,13.887099994462915,491.5640999970492,169.70666666666668
1777888315,76,,Aggregated,1.800000,0.000000,37,44,49,55,74,150,210,390,490,490,490,152,1,36,49.632076974184635,13.887099994462915,491.5640999970492,169.73684210526315
1777888316,77,,Aggregated,2.000000,0.000000,37,44,49,55,74,150,210,390,490,490,490,154,1,36,49.57021168871955,13.887099994462915,491.5640999970492,169.76623376623377
1777888317,78,,Aggregated,1.900000,0.000000,37,44,49,55,78,150,210,390,490,490,490,156,1,37,49.823790385021425,13.887099994462915,491.5640999970492,169.7948717948718
1777888318,79,,Aggregated,2.000000,0.000000,37,44,49,55,78,150,210,390,490,490,490,158,1,37,49.63401645603236,13.887099994462915,491.5640999970492,169.8227848101266
1777888319,80,,Aggregated,1.900000,0.000000,37,44,49,56,78,150,210,390,490,490,490,160,1,37,49.570759375365014,13.887099994462915,491.5640999970492,169.85
1777888320,81,,Aggregated,1.900000,0.000000,37,44,49,55,74,140,210,390,490,490,490,162,1,37,49.37714197562237,13.887099994462915,491.5640999970492,169.87654320987653
1777888321,82,,Aggregated,1.900000,0.000000,37,44,49,56,78,140,210,390,490,490,490,164,1,37,49.43591524423071,13.887099994462915,491.5640999970492,169.90243902439025
1777888322,83,,Aggregated,2.000000,0.000000,37,44,49,56,80,140,210,390,490,490,490,166,1,37,49.63093554248321,13.887099994462915,491.5640999970492,169.9277108433735
1777888323,84,,Aggregated,2.000000,0.000000,38,45,51,56,80,140,210,390,490,490,490,168,1,37,49.665828571700594,13.887099994462915,491.5640999970492,169.95238095238096
1777888324,85,,Aggregated,2.000000,0.000000,38,45,50,56,80,140,210,390,490,490,490,170,1,37,49.46629882384406,13.887099994462915,491.5640999970492,169.9764705882353
1777888325,86,,Aggregated,2.000000,0.000000,38,45,50,55,78,140,210,390,490,490,490,172,1,37,49.31209651189166,13.887099994462915,491.5640999970492,170.0
1777888326,87,,Aggregated,2.000000,0.000000,38,45,50,56,80,150,210,390,490,490,490,174,1,37,49.77199540258754,13.887099994462915,491.5640999970492,170.02298850574712
1777888327,88,,Aggregated,2.000000,0.000000,38,45,51,55,80,150,210,390,490,490,490,176,1,37,49.61050909117727,13.887099994462915,491.5640999970492,170.04545454545453
1777888328,89,,Aggregated,2.000000,0.000000,38,45,50,55,80,150,210,390,490,490,490,178,1,37,49.482279775577226,13.887099994462915,491.5640999970492,170.06741573033707
1777888329,90,,Aggregated,2.000000,0.000000,38,45,51,55,80,150,210,390,490,490,490,180,1,37,49.34147944473403,13.887099994462915,491.5640999970492,170.0888888888889
1777888330,91,,Aggregated,2.000000,0.000000,38,45,51,55,78,140,210,390,490,490,490,182,1,37,49.24434945084843,13.887099994462915,491.5640999970492,170.1098901098901
1777888331,92,,Aggregated,2.000000,0.000000,38,45,51,56,78,140,210,390,490,490,490,184,1,37,49.186641304597444,13.887099994462915,491.5640999970492,170.1304347826087
1777888332,93,,Aggregated,2.000000,0.000000,37,45,51,55,78,140,210,390,490,490,490,186,1,37,48.94250215077209,13.887099994462915,491.5640999970492,170.1505376344086
1777888333,94,,Aggregated,2.000000,0.000000,37,45,51,55,78,140,210,390,490,490,490,188,1,37,48.83619148955752,13.887099994462915,491.5640999970492,170.17021276595744
1777888334,95,,Aggregated,2.000000,0.000000,37,45,51,55,78,140,210,390,490,490,490,190,1,37,48.67027052647532,13.887099994462915,491.5640999970492,170.18947368421053
1777888335,96,,Aggregated,2.000000,0.000000,37,45,51,55,78,150,210,390,490,490,490,192,1,37,49.09604583349392,13.887099994462915,491.5640999970492,170.20833333333334
1777888336,97,,Aggregated,2.000000,0.000000,37,45,51,55,78,150,210,390,490,490,490,194,1,37,48.91988402082508,13.887099994462915,491.5640999970492,170.22680412371133
1777888337,98,,Aggregated,2.000000,0.000000,37,45,51,55,78,150,210,390,490,490,490,196,1,37,48.743416836909354,13.887099994462915,491.5640999970492,170.24489795918367
1777888338,99,,Aggregated,2.000000,0.000000,37,45,50,55,78,150,210,390,490,490,490,198,1,37,48.590086868889465,13.887099994462915,491.5640999970492,170.26262626262627
1777888339,100,,Aggregated,2.000000,0.000000,37,45,50,55,78,150,210,390,490,490,490,200,1,37,48.410684000191395,13.887099994462915,491.5640999970492,170.28
1777888340,101,,Aggregated,2.000000,0.000000,37,45,50,55,74,140,200,320,490,490,490,202,1,37,48.377566336867936,13.887099994462915,491.5640999970492,170.2970297029703
1777888341,102,,Aggregated,2.000000,0.000000,37,45,51,55,78,140,200,320,490,490,490,204,1,37,48.472157353150095,13.887099994462915,491.5640999970492,170.31372549019608
1777888342,103,,Aggregated,2.000000,0.000000,37,44,50,55,78,140,200,320,490,490,490,206,1,37,48.281494660364594,13.887099994462915,491.5640999970492,170.33009708737865
1777888343,104,,Aggregated,2.000000,0.000000,37,45,51,55,80,150,210,320,490,490,490,208,1,37,49.2302153847609,13.887099994462915,491.5640999970492,170.34615384615384
1777888344,105,,Aggregated,2.000000,0.000000,37,45,50,55,80,150,210,320,490,490,490,210,1,37,49.035038571552526,13.887099994462915,491.5640999970492,170.36190476190475
1777888345,106,,Aggregated,2.000000,0.000000,37,45,51,55,80,160,210,320,490,490,490,212,1,37,49.59127641522396,13.887099994462915,491.5640999970492,170.37735849056602
1777888346,107,,Aggregated,2.000000,0.000000,37,45,50,55,80,160,210,320,490,490,490,214,1,37,49.36278037396129,13.887099994462915,491.5640999970492,170.39252336448598
1777888347,108,,Aggregated,2.000000,0.000000,37,44,50,55,80,160,210,320,490,490,490,217,1,37,48.98908940107135,13.887099994462915,491.5640999970492,169.6221198156682
1777888348,109,,Aggregated,2.000000,0.000000,36,44,50,55,80,160,210,320,490,490,490,219,1,36,48.79991826501656,13.887099994462915,491.5640999970492,169.64383561643837
1777888349,110,,Aggregated,2.000000,0.000000,36,44,49,55,78,150,210,320,490,490,490,221,1,36,48.632640271683066,13.887099994462915,491.5640999970492,169.66515837104072
1777888350,111,,Aggregated,2.000000,0.000000,36,44,50,55,80,150,210,320,490,490,490,223,1,36,48.64493183873337,13.887099994462915,491.5640999970492,169.68609865470853
1777888351,112,,Aggregated,2.100000,0.000000,36,44,49,55,80,150,210,320,490,490,490,225,1,36,48.455508444652274,13.887099994462915,491.5640999970492,169.70666666666668
1777888352,113,,Aggregated,2.100000,0.000000,36,44,50,55,80,150,210,320,490,490,490,227,1,36,48.3482330398391,13.887099994462915,491.5640999970492,169.72687224669605
1777888353,114,,Aggregated,2.100000,0.000000,36,44,49,55,80,150,210,320,490,490,490,229,1,36,48.21347598273431,13.887099994462915,491.5640999970492,169.74672489082968
1777888354,115,,Aggregated,2.100000,0.000000,36,44,49,55,78,150,210,320,490,490,490,231,1,36,48.041591342151555,13.887099994462915,491.5640999970492,169.76623376623377
1777888355,116,,Aggregated,2.100000,0.000000,36,44,49,55,80,150,210,320,490,490,490,234,1,36,48.055500427408255,13.887099994462915,491.5640999970492,169.05982905982907
1777888356,117,,Aggregated,2.100000,0.000000,36,44,49,55,80,150,210,320,490,490,490,236,1,36,47.927627118659046,13.887099994462915,491.5640999970492,169.08474576271186
1777888357,118,,Aggregated,2.100000,0.000000,36,44,49,55,80,150,210,320,490,490,490,238,1,36,47.78311890757842,13.887099994462915,491.5640999970492,169.109243697479
1777888358,119,,Aggregated,2.200000,0.000000,36,43,49,55,80,150,210,320,490,490,490,240,1,36,47.60857791673819,13.887099994462915,491.5640999970492,169.13333333333333
1777888359,120,,Aggregated,2.200000,0.000000,36,43,49,54,78,140,210,320,490,490,490,242,1,36,47.47979256209258,13.887099994462915,491.5640999970492,169.15702479338842
1777888360,121,,Aggregated,2.200000,0.000000,36,43,49,55,78,140,210,320,490,490,490,244,1,36,47.4621508197504,13.887099994462915,491.5640999970492,169.18032786885246
1777888361,122,,Aggregated,2.100000,0.000000,36,43,49,55,78,140,210,320,490,490,490,246,1,36,47.44313089439657,13.887099994462915,491.5640999970492,169.20325203252034
1777888362,123,,Aggregated,2.100000,0.000000,36,43,49,55,80,140,210,320,490,490,490,248,1,36,47.48708145175882,13.887099994462915,491.5640999970492,169.2258064516129
1777888363,124,,Aggregated,2.100000,0.000000,36,43,49,55,80,140,210,320,490,490,490,250,1,35,47.31074040016392,13.887099994462915,491.5640999970492,169.248
1777888364,125,,Aggregated,2.100000,0.000000,36,43,49,55,78,140,200,320,490,490,490,252,1,35,47.179859920842794,13.887099994462915,491.5640999970492,169.26984126984127
1777888365,126,,Aggregated,2.100000,0.000000,36,43,49,55,80,140,200,320,490,490,490,256,1,35,47.20281679709615,13.887099994462915,491.5640999970492,169.3125
1777888366,127,,Aggregated,2.100000,0.000000,36,43,49,55,80,140,200,320,490,490,490,258,1,35,47.06928604673874,13.887099994462915,491.5640999970492,169.33333333333334
1777888367,128,,Aggregated,2.000000,0.000000,35,43,49,55,80,140,200,320,490,490,490,260,1,35,46.916245384804476,13.887099994462915,491.5640999970492,169.35384615384615
1777888368,129,,Aggregated,2.000000,0.000000,35,43,49,54,78,140,200,320,490,490,490,261,1,35,46.90219003850348,13.887099994462915,491.5640999970492,169.46360153256705
1777888369,130,,Aggregated,2.000000,0.000000,35,43,49,54,78,140,200,320,490,490,490,262,1,35,46.810217939136386,13.887099994462915,491.5640999970492,169.3740458015267
1777888370,131,,Aggregated,2.000000,0.000000,35,43,49,55,80,140,200,320,490,490,490,265,1,35,47.04090113227721,13.887099994462915,491.5640999970492,169.50188679245284
1777888371,132,,Aggregated,2.000000,0.000000,34,43,49,54,80,140,200,320,490,490,490,267,1,34,46.883584644433114,13.887099994462915,491.5640999970492,169.52059925093633
1777888372,133,,Aggregated,2.000000,0.000000,34,43,48,54,80,140,200,320,490,490,490,269,1,34,46.662891078281625,13.887099994462915,491.5640999970492,168.80297397769516
1777888373,134,,Aggregated,2.000000,0.000000,34,43,49,53,78,140,200,320,490,490,490,272,1,34,46.56914779437049,13.887099994462915,491.5640999970492,168.93382352941177
1777888374,135,,Aggregated,2.000000,0.000000,34,43,48,53,78,140,200,320,490,490,490,273,1,34,46.48853296728723,13.887099994462915,491.5640999970492,168.84981684981685
1777888375,136,,Aggregated,2.100000,0.000000,34,43,49,53,80,140,200,320,490,490,490,276,1,34,46.50029891321986,13.887099994462915,491.5640999970492,168.97826086956522
1777888376,137,,Aggregated,2.100000,0.000000,34,43,48,53,80,140,200,320,490,490,490,277,1,34,46.42273429622546,13.887099994462915,491.5640999970492,168.8953068592058
1777888377,138,,Aggregated,2.100000,0.000000,34,43,48,53,80,140,200,320,490,490,490,279,1,34,46.2954179212738,13.887099994462915,491.5640999970492,168.91756272401435
1777888378,139,,Aggregated,2.100000,0.000000,34,43,48,53,78,140,200,320,490,490,490,281,1,34,46.25277224211627,13.887099994462915,491.5640999970492,168.93950177935943
1777888379,140,,Aggregated,2.100000,0.000000,34,43,48,53,78,140,200,320,490,490,490,283,1,34,46.157884452392864,13.887099994462915,491.5640999970492,168.96113074204948
1777888380,141,,Aggregated,2.100000,0.000000,34,43,48,54,78,140,200,320,490,490,490,285,1,34,46.12819298258329,13.887099994462915,491.5640999970492,168.98245614035088
1777888381,142,,Aggregated,2.100000,0.000000,34,43,49,53,78,140,200,320,490,490,490,287,1,34,46.06731951230437,13.887099994462915,491.5640999970492,169.0034843205575
1777888382,143,,Aggregated,2.100000,0.000000,34,43,49,54,78,140,200,320,490,490,490,288,1,34,46.14313784734097,13.887099994462915,491.5640999970492,169.10416666666666
1777888383,144,,Aggregated,2.100000,0.000000,34,43,49,54,78,140,200,320,490,490,490,290,1,34,46.065575172542594,13.887099994462915,491.5640999970492,169.12413793103448
1777888384,145,,Aggregated,2.100000,0.000000,34,43,48,53,74,140,200,320,490,490,490,293,1,34,45.845067576966535,13.887099994462915,491.5640999970492,168.5665529010239
1777888385,146,,Aggregated,2.000000,0.000000,34,43,49,54,74,140,200,320,490,490,490,295,1,34,45.799204745868586,13.887099994462915,491.5640999970492,168.58983050847456
1777888386,147,,Aggregated,1.900000,0.000000,34,43,48,53,74,140,200,320,490,490,490,297,1,34,45.717650505148505,13.887099994462915,491.5640999970492,168.6127946127946
1777888387,148,,Aggregated,2.000000,0.000000,34,43,48,53,74,140,200,320,490,490,490,299,1,34,45.624534782671674,13.887099994462915,491.5640999970492,168.63545150501673
1777888388,149,,Aggregated,2.000000,0.000000,34,43,48,53,73,120,190,250,490,490,490,301,1,34,45.53853255819198,13.887099994462915,491.5640999970492,168.6578073089701
1777888389,150,,Aggregated,2.000000,0.000000,34,42,48,53,73,120,190,250,490,490,490,303,1,34,45.43181914196845,13.887099994462915,491.5640999970492,168.67986798679868
1777888390,151,,Aggregated,2.000000,0.000000,34,43,48,53,74,120,190,250,490,490,490,305,1,34,45.4958672131427,13.887099994462915,491.5640999970492,168.7016393442623
1777888391,152,,Aggregated,2.000000,0.000000,34,43,48,53,78,120,190,250,490,490,490,307,1,34,45.541591205234496,13.887099994462915,491.5640999970492,168.72312703583063
1777888392,153,,Aggregated,1.800000,0.000000,34,43,48,53,78,120,190,250,490,490,490,310,1,34,45.3941380645002,13.887099994462915,491.5640999970492,168.2
1777888393,154,,Aggregated,1.800000,0.000000,34,43,48,53,74,120,190,250,490,490,490,312,1,34,45.31471794871322,13.887099994462915,491.5640999970492,168.22435897435898
1777888394,155,,Aggregated,1.900000,0.000000,34,43,48,53,74,120,190,250,490,490,490,314,1,34,45.282343949035926,13.887099994462915,491.5640999970492,168.2484076433121
1777888396,156,,Aggregated,2.000000,0.000000,34,43,49,53,75,120,190,250,490,490,490,316,1,34,45.30456645567673,13.887099994462915,491.5640999970492,168.27215189873417
1777888397,157,,Aggregated,1.900000,0.000000,34,43,48,53,75,120,190,250,490,490,490,318,1,34,45.21519276727161,13.887099994462915,491.5640999970492,168.29559748427673
1777888398,158,,Aggregated,1.900000,0.000000,34,43,49,54,78,140,200,310,490,490,490,320,1,34,46.018476874951375,13.887099994462915,491.5640999970492,168.31875
1777888399,159,,Aggregated,1.900000,0.000000,34,43,48,53,75,120,200,310,490,490,490,322,1,34,45.93078105588247,13.887099994462915,491.5640999970492,168.3416149068323
1777888400,160,,Aggregated,1.900000,0.000000,34,43,49,53,75,120,200,310,490,490,490,324,1,34,45.855623456763745,13.887099994462915,491.5640999970492,168.3641975308642
1777888401,161,,Aggregated,1.900000,0.000000,34,43,49,53,75,120,200,310,490,490,490,326,1,34,45.83564355825338,13.887099994462915,491.5640999970492,168.38650306748465
1777888402,162,,Aggregated,1.900000,0.000000,34,43,48,53,75,120,200,310,490,490,490,329,1,34,45.66372401216549,13.887099994462915,491.5640999970492,167.89665653495442
1777888403,163,,Aggregated,2.100000,0.000000,34,43,48,53,74,120,200,310,490,490,490,331,1,34,45.56250604227596,13.887099994462915,491.5640999970492,167.9214501510574
1777888404,164,,Aggregated,2.100000,0.000000,34,43,48,53,74,120,200,310,490,490,490,333,1,34,45.5023192192023,13.887099994462915,491.5640999970492,167.94594594594594
1777888405,165,,Aggregated,2.200000,0.000000,34,43,48,53,74,120,200,310,490,490,490,335,1,34,45.40658746268287,13.887099994462915,491.5640999970492,167.97014925373134
1777888406,166,,Aggregated,2.100000,0.000000,34,43,48,53,75,140,200,310,490,490,490,337,1,34,45.70663382790814,13.887099994462915,491.5640999970492,167.9940652818991
1777888407,167,,Aggregated,2.100000,0.000000,34,43,48,53,78,140,200,310,490,490,490,339,1,34,45.76533067849386,13.887099994462915,491.5640999970492,168.01769911504425
1777888408,168,,Aggregated,2.100000,0.000000,34,43,48,53,75,120,200,310,490,490,490,342,1,34,45.605340643295044,13.887099994462915,491.5640999970492,167.54970760233917
1777888409,169,,Aggregated,2.100000,0.000000,34,43,48,53,75,120,200,310,490,490,490,344,1,34,45.5249639534761,13.887099994462915,491.5640999970492,167.57558139534885
1777888410,170,,Aggregated,2.100000,0.000000,34,43,48,53,75,120,200,310,490,490,490,346,1,34,45.506341907529176,13.887099994462915,491.5640999970492,167.60115606936415
1777888411,171,,Aggregated,2.200000,0.000000,34,43,48,53,75,120,200,310,490,490,490,348,1,34,45.498556896568154,13.887099994462915,491.5640999970492,167.6264367816092
1777888412,172,,Aggregated,2.200000,0.000000,34,43,48,54,75,120,200,310,490,490,490,350,1,34,45.46310571429785,13.887099994462915,491.5640999970492,167.65142857142857
1777888413,173,,Aggregated,2.200000,0.000000,34,43,48,53,74,120,190,310,490,490,490,352,1,34,45.37707954548089,13.887099994462915,491.5640999970492,167.67613636363637
1777888414,174,,Aggregated,2.200000,0.000000,34,43,48,54,75,140,190,310,490,490,490,354,1,34,45.636107627127124,13.887099994462915,491.5640999970492,167.70056497175142
1777888415,175,,Aggregated,2.100000,0.000000,34,43,49,54,75,140,190,310,490,490,490,356,1,34,45.588642134819395,13.887099994462915,491.5640999970492,167.72471910112358
1777888416,176,,Aggregated,2.100000,0.000000,34,43,49,54,75,140,190,310,490,490,490,359,1,34,45.52045153206036,13.887099994462915,491.5640999970492,167.28133704735376
1777888417,177,,Aggregated,2.100000,0.000000,34,43,49,54,74,120,190,310,490,490,490,361,1,34,45.50697340724643,13.887099994462915,491.5640999970492,167.30747922437672
1777888418,178,,Aggregated,2.100000,0.000000,34,43,49,54,74,120,190,310,490,490,490,363,1,34,45.41160413225216,13.887099994462915,491.5640999970492,167.33333333333334
1777888419,179,,Aggregated,2.200000,0.000000,34,43,49,54,75,140,200,320,36000,36000,36000,366,1,34,144.88480928968804,13.887099994462915,36484.04890000529,167.30054644808743
1777888420,180,,Aggregated,2.200000,0.000000,34,43,49,54,78,140,200,320,36000,36000,36000,368,1,34,144.39530135875785,13.887099994462915,36484.04890000529,167.32608695652175
1777888421,181,,Aggregated,2.100000,0.000000,34,43,49,55,80,140,200,320,36000,36000,36000,370,1,34,143.93486324331968,13.887099994462915,36484.04890000529,167.35135135135135
1777888422,182,,Aggregated,2.200000,0.000000,34,43,49,55,80,140,200,320,36000,36000,36000,374,1,34,143.02957192519187,13.887099994462915,36484.04890000529,166.48128342245988
1777888423,183,,Aggregated,2.200000,0.000000,34,43,49,54,80,140,200,320,36000,36000,36000,376,1,34,142.4388542553525,13.887099994462915,36484.04890000529,166.51063829787233
1777888424,184,,Aggregated,2.200000,0.000000,34,43,49,55,80,140,200,320,36000,36000,36000,378,1,34,141.93645608468967,13.887099994462915,36484.04890000529,166.53968253968253
1777888425,185,,Aggregated,2.400000,0.000000,34,43,49,55,80,140,200,320,36000,36000,36000,380,1,34,141.45041947370996,13.887099994462915,36484.04890000529,166.56842105263158
1777888426,186,,Aggregated,2.400000,0.000000,34,43,49,55,79,140,200,320,36000,36000,36000,383,1,34,140.63138015668258,13.887099994462915,36484.04890000529,166.16187989556136
1777888427,187,,Aggregated,2.400000,0.000000,34,43,49,55,79,140,200,320,36000,36000,36000,385,1,34,140.10758857142977,13.887099994462915,36484.04890000529,166.1922077922078
1777888428,188,,Aggregated,2.400000,0.000000,34,43,49,55,79,140,200,320,36000,36000,36000,387,1,34,139.56631679587682,13.887099994462915,36484.04890000529,166.22222222222223
1777888429,189,,Aggregated,2.300000,0.000000,34,43,49,55,79,140,200,320,36000,36000,36000,389,1,34,139.0274789203485,13.887099994462915,36484.04890000529,166.25192802056554
1777888430,190,,Aggregated,2.400000,0.000000,34,43,49,55,78,140,200,320,36000,36000,36000,392,1,34,138.23059285719606,13.887099994462915,36484.04890000529,165.85714285714286
1777888431,191,,Aggregated,2.400000,0.000000,34,43,49,55,79,140,200,320,36000,36000,36000,395,1,34,137.47826000002118,13.887099994462915,36484.04890000529,165.46835443037975
1777888432,192,,Aggregated,2.300000,0.000000,34,43,49,55,79,140,200,320,36000,36000,36000,398,1,34,136.64848366842944,13.887099994462915,36484.04890000529,165.0854271356784
1777888433,193,,Aggregated,2.400000,0.000000,34,43,49,55,79,140,200,320,36000,36000,36000,400,1,34,136.24488500008738,13.887099994462915,36484.04890000529,165.12
1777888434,194,,Aggregated,2.400000,0.000000,34,43,49,55,78,120,190,310,36000,36000,36000,403,1,34,135.43168461547788,13.887099994462915,36484.04890000529,164.74441687344913
1777888435,195,,Aggregated,2.400000,0.000000,34,43,49,55,78,120,190,310,36000,36000,36000,405,1,34,134.90896419759258,13.887099994462915,36484.04890000529,164.78024691358024
1777888436,196,,Aggregated,2.400000,0.000000,34,43,49,55,79,120,190,310,36000,36000,36000,407,1,34,134.4834656019996,13.887099994462915,36484.04890000529,164.81572481572482
1777888437,197,,Aggregated,2.400000,0.000000,34,43,49,55,79,120,190,310,36000,36000,36000,409,1,34,133.9719887530903,13.887099994462915,36484.04890000529,164.85085574572128
1777888438,198,,Aggregated,2.500000,0.000000,34,43,49,54,78,120,190,310,36000,36000,36000,411,1,34,133.4961858880961,13.887099994462915,36484.04890000529,164.88564476885645
1777888439,199,,Aggregated,2.500000,0.000000,34,43,49,55,78,120,190,310,36000,36000,36000,413,1,34,133.06691138015736,13.887099994462915,36484.04890000529,164.92009685230025
1777888440,200,,Aggregated,2.400000,0.000000,34,43,49,54,78,120,190,310,36000,36000,36000,416,1,34,132.31842932688008,13.887099994462915,36484.04890000529,164.55769230769232
1777888441,201,,Aggregated,2.400000,0.000000,34,43,49,55,79,120,190,310,36000,36000,36000,418,1,34,131.94737105260484,13.887099994462915,36484.04890000529,164.5933014354067
1777888442,202,,Aggregated,2.400000,0.000000,34,43,49,55,79,120,190,310,36000,36000,36000,420,1,34,131.57408166662208,13.887099994462915,36484.04890000529,164.62857142857143
1777888443,203,,Aggregated,2.300000,0.000000,34,43,49,55,79,120,190,310,36000,36000,36000,422,1,34,131.45443838860336,13.887099994462915,36484.04890000529,164.66350710900474
1777888444,204,,Aggregated,2.300000,0.000000,34,43,49,55,79,120,190,310,36000,36000,36000,424,1,34,130.98695801883602,13.887099994462915,36484.04890000529,164.69811320754718
1777888445,205,,Aggregated,2.200000,0.000000,34,43,49,55,79,120,190,310,36000,36000,36000,426,1,34,130.54833380280536,13.887099994462915,36484.04890000529,164.73239436619718
1777888446,206,,Aggregated,2.200000,0.000000,34,43,49,55,79,120,190,310,36000,36000,36000,429,1,34,129.85993496501615,13.887099994462915,36484.04890000529,164.38228438228438
1777888447,207,,Aggregated,2.100000,0.000000,34,43,49,55,79,120,190,310,36000,36000,36000,432,1,34,129.23265115737362,13.887099994462915,36484.04890000529,164.03703703703704
1777888448,208,,Aggregated,2.100000,0.000000,34,43,49,55,79,120,190,310,36000,36000,36000,435,1,34,128.5241634482598,13.887099994462915,36484.04890000529,163.69655172413792
1777888449,209,,Aggregated,2.100000,0.000000,34,43,49,55,79,120,190,310,36000,36000,36000,437,1,34,128.16154988552125,13.887099994462915,36484.04890000529,163.7345537757437
1777888450,210,,Aggregated,2.200000,0.000000,34,43,49,55,79,120,190,310,36000,36000,36000,440,1,34,127.45741886359279,13.887099994462915,36484.04890000529,163.4
1777888451,211,,Aggregated,2.400000,0.000000,34,43,49,55,78,120,190,310,36000,36000,36000,443,1,34,126.83341828436758,13.887099994462915,36484.04890000529,163.06997742663657
1777888452,212,,Aggregated,2.400000,0.000000,34,43,49,55,78,120,190,310,36000,36000,36000,445,1,34,126.38503348309641,13.887099994462915,36484.04890000529,163.11011235955056
1777888453,213,,Aggregated,2.500000,0.000000,34,43,49,55,78,120,190,310,36000,36000,36000,447,1,34,126.01403914981493,13.887099994462915,36484.04890000529,163.14988814317672
1777888454,214,,Aggregated,2.400000,0.000000,34,43,49,55,78,120,190,310,36000,36000,36000,449,1,34,125.58577639190273,13.887099994462915,36484.04890000529,163.18930957683742
1777888455,215,,Aggregated,2.500000,0.000000,34,43,49,55,76,120,190,310,36000,36000,36000,451,1,34,125.16848115293575,13.887099994462915,36484.04890000529,163.22838137472283
1777888456,216,,Aggregated,2.500000,0.000000,34,43,49,55,76,120,190,310,36000,36000,36000,454,1,34,124.57641035236705,13.887099994462915,36484.04890000529,162.90748898678413
1777888457,217,,Aggregated,2.500000,0.000000,34,43,49,55,76,120,190,310,36000,36000,36000,458,1,33,123.71270567681117,13.326700005563907,36484.04890000529,162.235807860262
1777888458,218,,Aggregated,2.500000,0.000000,34,42,49,55,76,120,190,310,36000,36000,36000,460,1,33,123.308694999951,13.326700005563907,36484.04890000529,162.27826086956523
1777888459,219,,Aggregated,2.500000,0.000000,34,42,49,55,76,120,190,310,36000,36000,36000,462,1,33,123.43394264065533,13.326700005563907,36484.04890000529,162.32034632034632
1777888460,220,,Aggregated,2.600000,0.000000,34,42,49,55,76,120,190,310,36000,36000,36000,464,1,33,123.03309612064461,13.326700005563907,36484.04890000529,162.36206896551724
1777888461,221,,Aggregated,2.600000,0.000000,34,42,49,55,78,120,200,320,36000,36000,36000,466,1,33,123.4106740343388,13.326700005563907,36484.04890000529,162.40343347639484
1777888462,222,,Aggregated,2.500000,0.000000,34,42,49,55,78,120,200,320,36000,36000,36000,468,1,33,123.02904722222841,13.326700005563907,36484.04890000529,162.44444444444446
1777888463,223,,Aggregated,2.400000,0.000000,34,43,49,55,78,120,200,320,36000,36000,36000,470,1,33,122.67092319154007,13.326700005563907,36484.04890000529,162.48510638297873
1777888464,224,,Aggregated,2.400000,0.000000,34,43,49,54,76,120,200,320,36000,36000,36000,472,1,33,122.28940084753697,13.326700005563907,36484.04890000529,162.52542372881356
1777888465,225,,Aggregated,2.300000,0.000000,34,42,48,54,76,120,200,320,36000,36000,36000,474,1,33,121.90452616044466,13.326700005563907,36484.04890000529,162.56540084388186
1777888466,226,,Aggregated,2.300000,0.000000,33,42,48,54,76,120,200,320,36000,36000,36000,477,1,33,121.38623123703206,13.326700005563907,36484.04890000529,162.26415094339623
1777888467,227,,Aggregated,2.300000,0.000000,33,42,48,54,76,120,200,320,36000,36000,36000,479,1,33,120.99690521934306,13.326700005563907,36484.04890000529,162.30480167014613
1777888468,228,,Aggregated,2.300000,0.000000,33,42,48,54,75,120,200,320,36000,36000,36000,481,1,33,120.6151517672915,13.326700005563907,36484.04890000529,162.34511434511435
1777888469,229,,Aggregated,2.300000,0.000000,33,42,48,54,75,120,200,320,36000,36000,36000,483,1,33,120.27496728792669,13.326700005563907,36484.04890000529,162.38509316770185
1777888470,230,,Aggregated,2.200000,0.000000,33,42,48,54,75,120,200,320,36000,36000,36000,485,1,33,119.92219587645167,13.326700005563907,36484.04890000529,162.42474226804123
1777888471,231,,Aggregated,2.100000,0.000000,33,42,49,54,75,120,200,320,36000,36000,36000,487,1,33,119.60431334718696,13.326700005563907,36484.04890000529,162.4640657084189
1777888472,232,,Aggregated,2.100000,0.000000,33,42,48,54,75,120,200,320,36000,36000,36000,489,1,33,119.23552106356235,13.326700005563907,36484.04890000529,162.50306748466258
1777888473,233,,Aggregated,2.100000,0.000000,33,42,48,54,75,120,200,320,36000,36000,36000,491,1,33,118.86236334030845,13.326700005563907,36484.04890000529,162.5417515274949
1777888474,234,,Aggregated,2.100000,0.000000,33,42,48,54,75,120,200,320,36000,36000,36000,493,1,33,118.49762170400109,13.326700005563907,36484.04890000529,162.58012170385396
1777888475,235,,Aggregated,2.100000,0.000000,33,42,48,53,75,120,200,320,36000,36000,36000,496,1,33,117.92643467754627,13.326700005563907,36484.04890000529,162.29032258064515
1777888476,236,,Aggregated,2.100000,0.000000,33,42,48,54,75,120,200,320,36000,36000,36000,498,1,33,117.64395702823138,13.326700005563907,36484.04890000529,162.3293172690763
1777888477,237,,Aggregated,2.100000,0.000000,33,42,48,54,75,120,200,320,36000,36000,36000,500,1,33,117.30191100013326,13.326700005563907,36484.04890000529,162.368
1777888478,238,,Aggregated,2.200000,0.000000,33,42,48,53,75,110,190,310,36000,36000,36000,503,1,33,116.8014395627458,13.326700005563907,36484.04890000529,162.08349900596423
1777888479,239,,Aggregated,2.200000,0.000000,33,42,48,54,75,110,190,310,36000,36000,36000,505,1,33,116.48103920803382,13.326700005563907,36484.04890000529,162.1227722772277
1777888480,240,,Aggregated,2.100000,0.000000,33,42,48,54,75,110,190,310,36000,36000,36000,508,1,33,116.02630216548565,13.326700005563907,36484.04890000529,161.84251968503938
1777888481,241,,Aggregated,2.200000,0.000000,33,42,48,54,75,110,190,310,36000,36000,36000,510,1,33,115.72751705897127,13.326700005563907,36484.04890000529,161.88235294117646
1777888482,242,,Aggregated,2.200000,0.000000,33,42,48,54,75,110,190,310,36000,36000,36000,512,1,33,115.39971289076334,13.326700005563907,36484.04890000529,161.921875
1777888483,243,,Aggregated,2.300000,0.000000,32,42,48,53,75,110,190,310,36000,36000,36000,517,1,32,114.5253005804081,13.326700005563907,36484.04890000529,161.0212765957447
1777888484,244,,Aggregated,2.300000,0.000000,32,42,48,53,75,110,190,310,36000,36000,36000,519,1,32,114.21059653191443,13.326700005563907,36484.04890000529,161.0635838150289
1777888485,245,,Aggregated,2.300000,0.000000,32,42,48,53,75,99,190,310,36000,36000,36000,521,1,32,113.96574491374986,13.326700005563907,36484.04890000529,161.10556621880997
1777888486,246,,Aggregated,2.300000,0.000000,32,42,48,54,75,99,190,310,36000,36000,36000,523,1,32,113.74832045899689,13.326700005563907,36484.04890000529,161.1472275334608
1777888487,247,,Aggregated,2.600000,0.000000,32,42,48,54,75,99,190,310,36000,36000,36000,525,1,32,113.43673028581266,13.326700005563907,36484.04890000529,161.18857142857144
1777888488,248,,Aggregated,2.500000,0.000000,32,42,48,53,75,99,190,310,36000,36000,36000,527,1,32,113.1343984820896,13.326700005563907,36484.04890000529,161.22960151802656
1777888489,249,,Aggregated,2.500000,0.000000,32,42,48,53,75,99,190,310,36000,36000,36000,529,1,32,112.83274064284933,13.326700005563907,36484.04890000529,161.2703213610586
1777888490,250,,Aggregated,2.500000,0.000000,32,42,48,53,75,99,190,310,36000,36000,36000,531,1,32,112.51943860652027,13.326700005563907,36484.04890000529,161.31073446327684
1777888491,251,,Aggregated,2.400000,0.000000,32,42,48,53,75,99,190,310,36000,36000,36000,533,1,32,112.24762926841487,13.326700005563907,36484.04890000529,161.35084427767356
1777888492,252,,Aggregated,2.400000,0.000000,32,42,48,53,75,99,190,310,36000,36000,36000,535,1,32,111.9316527103977,13.326700005563907,36484.04890000529,161.3906542056075
1777888493,253,,Aggregated,2.300000,0.000000,32,42,47,53,75,99,190,310,36000,36000,36000,538,1,32,111.45636635695841,13.326700005563907,36484.04890000529,161.13011152416357
1777888494,254,,Aggregated,2.300000,0.000000,32,42,47,53,75,99,190,310,36000,36000,36000,540,1,32,111.14255907415537,13.326700005563907,36484.04890000529,161.17037037037036
1777888495,255,,Aggregated,2.300000,0.000000,32,42,47,53,74,96,190,310,36000,36000,36000,542,1,32,110.82988081189994,13.326700005563907,36484.04890000529,161.21033210332104
1777888496,256,,Aggregated,2.100000,0.000000,32,42,47,53,74,96,190,310,36000,36000,36000,545,1,32,110.40768458725833,13.326700005563907,36484.04890000529,160.954128440367
1777888497,257,,Aggregated,2.100000,0.000000,32,42,47,53,74,96,190,310,36000,36000,36000,547,1,32,110.13594808053652,13.326700005563907,36484.04890000529,160.9945155393053
1777888498,258,,Aggregated,2.100000,0.000000,32,42,47,53,74,96,190,310,36000,36000,36000,549,1,32,109.84876830612592,13.326700005563907,36484.04890000529,161.03460837887067
1777888499,259,,Aggregated,2.200000,0.000000,32,42,47,53,73,96,190,310,36000,36000,36000,551,1,32,109.5890620690988,13.326700005563907,36484.04890000529,161.0744101633394
1777888500,260,,Aggregated,2.200000,0.000000,32,42,47,53,74,99,190,310,36000,36000,36000,553,1,32,109.49252459324688,13.326700005563907,36484.04890000529,161.1139240506329
1777888501,261,,Aggregated,2.100000,0.000000,32,42,48,54,75,100,190,310,36000,36000,36000,555,1,32,109.38742846858305,13.326700005563907,36484.04890000529,161.15315315315314
1777888502,262,,Aggregated,2.000000,0.000000,33,42,48,54,75,100,190,310,36000,36000,36000,558,1,32,109.10039444453075,13.326700005563907,36484.04890000529,160.90322580645162
1777888503,263,,Aggregated,2.000000,0.000000,33,42,48,54,75,100,190,310,36000,36000,36000,560,1,32,108.8559050000965,13.326700005563907,36484.04890000529,160.94285714285715
1777888504,264,,Aggregated,2.000000,0.000000,32,42,48,54,75,99,190,310,36000,36000,36000,563,1,32,108.42800817060426,13.326700005563907,36484.04890000529,160.69626998223802
1777888505,265,,Aggregated,2.100000,0.000000,32,42,48,54,75,99,190,310,36000,36000,36000,565,1,32,108.21617345142269,13.326700005563907,36484.04890000529,160.7362831858407
1777888506,266,,Aggregated,2.000000,0.000000,32,42,48,54,75,100,190,310,36000,36000,36000,567,1,32,108.19946119938653,13.326700005563907,36484.04890000529,160.77601410934744
1777888508,267,,Aggregated,2.100000,0.000000,32,42,48,54,75,100,190,310,36000,36000,36000,571,1,32,107.61453169884263,13.326700005563907,36484.04890000529,160.2521891418564
1777888509,268,,Aggregated,2.100000,0.000000,32,42,48,54,75,100,190,310,36000,36000,36000,573,1,32,107.35895462484703,13.326700005563907,36484.04890000529,160.2931937172775
1777888510,269,,Aggregated,2.000000,0.000000,32,42,48,54,75,100,190,310,36000,36000,36000,575,1,32,107.08648747832858,13.326700005563907,36484.04890000529,160.33391304347825
1777888511,270,,Aggregated,2.200000,0.000000,32,42,48,54,75,100,190,310,36000,36000,36000,577,1,32,106.91802010402277,13.326700005563907,36484.04890000529,160.3743500866551
1777888512,271,,Aggregated,2.300000,0.000000,32,42,48,54,75,100,190,310,36000,36000,36000,579,1,32,106.68011018999837,13.326700005563907,36484.04890000529,160.41450777202073
1777888513,272,,Aggregated,2.400000,0.000000,32,42,48,54,75,99,190,310,36000,36000,36000,581,1,32,106.40642908779986,13.326700005563907,36484.04890000529,160.45438898450948
1777888514,273,,Aggregated,2.400000,0.000000,32,42,48,54,75,99,190,310,36000,36000,36000,583,1,32,106.13788387649909,13.326700005563907,36484.04890000529,160.49399656946827
1777888515,274,,Aggregated,2.400000,0.000000,32,42,48,54,75,99,190,310,36000,36000,36000,585,1,32,105.86541623932321,13.326700005563907,36484.04890000529,160.53333333333333
1777888516,275,,Aggregated,2.300000,0.000000,32,42,48,54,75,99,190,310,36000,36000,36000,587,1,32,105.59894889268371,13.326700005563907,36484.04890000529,160.57240204429303
1777888517,276,,Aggregated,2.300000,0.000000,32,42,48,54,75,99,190,310,36000,36000,36000,589,1,32,105.39657164689494,13.326700005563907,36484.04890000529,160.61120543293717
1777888518,277,,Aggregated,2.200000,0.000000,32,42,48,54,75,99,190,310,36000,36000,36000,591,1,32,105.13923925555144,13.326700005563907,36484.04890000529,160.6497461928934
1777888519,278,,Aggregated,2.200000,0.000000,32,42,48,54,75,99,190,310,36000,36000,36000,593,1,32,104.89304704895136,13.326700005563907,36484.04890000529,160.68802698145026
1777888520,279,,Aggregated,2.200000,0.000000,32,42,48,54,75,99,190,310,36000,36000,36000,595,1,32,104.63044739498545,13.326700005563907,36484.04890000529,160.72605042016806
1777888521,280,,Aggregated,2.000000,0.000000,32,42,47,53,75,99,190,310,36000,36000,36000,597,1,32,104.40368643221625,13.326700005563907,36484.04890000529,160.76381909547737
1777888522,281,,Aggregated,2.000000,0.000000,32,42,48,54,75,99,190,310,36000,36000,36000,599,1,32,104.22907929887135,13.326700005563907,36484.04890000529,160.80133555926545
1777888523,282,,Aggregated,2.000000,0.000000,32,42,47,53,75,96,180,290,36000,36000,36000,602,1,32,103.83452956814283,13.326700005563907,36484.04890000529,160.57142857142858
1777888524,283,,Aggregated,2.000000,0.000000,32,42,48,54,75,96,180,290,36000,36000,36000,604,1,32,103.65685513247416,13.326700005563907,36484.04890000529,160.60927152317882
1777888525,284,,Aggregated,2.000000,0.000000,32,42,47,53,75,96,180,290,36000,36000,36000,606,1,32,103.42539537954683,13.326700005563907,36484.04890000529,160.64686468646866
1777888526,285,,Aggregated,2.100000,0.000000,32,42,47,53,75,96,180,290,36000,36000,36000,610,1,32,102.91701213115078,13.326700005563907,36484.04890000529,160.15737704918033
1777888527,286,,Aggregated,2.100000,0.000000,32,42,47,53,75,96,180,290,36000,36000,36000,612,1,32,102.74196029412944,13.326700005563907,36484.04890000529,160.19607843137254
1777888528,287,,Aggregated,2.100000,0.000000,32,42,47,53,75,96,180,290,36000,36000,36000,614,1,32,102.5254710097784,13.326700005563907,36484.04890000529,160.2345276872964
1777888529,288,,Aggregated,2.300000,0.000000,32,42,47,53,75,96,180,290,36000,36000,36000,617,1,32,102.19351312803988,13.326700005563907,36484.04890000529,160.0129659643436
1777888530,289,,Aggregated,2.300000,0.000000,32,42,47,53,75,96,180,290,36000,36000,36000,619,1,32,101.95945492729895,13.326700005563907,36484.04890000529,160.05169628432955
1777888531,290,,Aggregated,2.300000,0.000000,32,42,47,53,74,94,180,290,36000,36000,36000,621,1,32,101.7255016102796,13.326700005563907,36484.04890000529,160.0901771336554
1777888532,291,,Aggregated,2.400000,0.000000,32,42,47,53,74,94,180,290,36000,36000,36000,623,1,32,101.53417110749663,13.326700005563907,36484.04890000529,160.12841091492777
1777888533,292,,Aggregated,2.400000,0.000000,32,42,47,53,74,94,180,290,36000,36000,36000,626,1,32,101.18709137375369,13.326700005563907,36484.04890000529,159.91054313099042
1777888534,293,,Aggregated,2.400000,0.000000,32,42,47,53,74,94,180,290,36000,36000,36000,628,1,32,101.00498662414927,13.326700005563907,36484.04890000529,159.94904458598725
1777888535,294,,Aggregated,2.400000,0.000000,32,42,47,53,74,94,180,290,36000,36000,36000,630,1,32,100.7867819047071,13.326700005563907,36484.04890000529,159.98730158730157
1777888536,295,,Aggregated,2.300000,0.000000,32,42,47,53,74,94,180,290,36000,36000,36000,632,1,32,100.58471344932572,13.326700005563907,36484.04890000529,160.0253164556962
1777888537,296,,Aggregated,2.400000,0.000000,32,42,47,53,74,94,180,290,36000,36000,36000,634,1,32,100.42000630911225,13.326700005563907,36484.04890000529,160.06309148264984
1777888538,297,,Aggregated,2.400000,0.000000,32,42,47,53,74,94,180,290,36000,36000,36000,636,1,32,100.21950062889215,13.326700005563907,36484.04890000529,160.1006289308176
1777888539,298,,Aggregated,2.200000,0.000000,32,42,47,53,74,94,180,290,36000,36000,36000,638,1,32,100.03461551720325,13.326700005563907,36484.04890000529,160.13793103448276
1777888540,299,,Aggregated,2.200000,0.000000,32,42,47,53,74,94,180,290,36000,36000,36000,640,1,32,99.84519937495406,13.326700005563907,36484.04890000529,160.175
1777888541,300,,Aggregated,2.200000,0.000000,32,42,47,53,74,94,180,290,36000,36000,36000,642,1,32,99.6758316198728,13.326700005563907,36484.04890000529,160.21183800623052
1777888542,300,,Aggregated,2.100000,0.000000,32,42,47,54,74,94,180,290,36000,36000,36000,644,1,32,99.49997732912368,13.326700005563907,36484.04890000529,160.24844720496895
1777888543,300,,Aggregated,2.100000,0.000000,32,42,47,54,74,94,180,290,36000,36000,36000,644,1,32,99.49997732912368,13.326700005563907,36484.04890000529,160.24844720496895
1777888544,300,,Aggregated,2.100000,0.000000,32,42,47,54,74,94,180,290,36000,36000,36000,644,1,32,99.49997732912368,13.326700005563907,36484.04890000529,160.24844720496895
1777888545,300,,Aggregated,2.100000,0.000000,32,42,47,53,74,94,180,290,36000,36000,36000,647,2,32,99.13987001541634,13.326700005563907,36484.04890000529,159.50540958268934
1777888546,300,,Aggregated,2.100000,0.000000,32,42,47,53,74,94,180,290,36000,36000,36000,647,2,32,99.13987001541634,13.326700005563907,36484.04890000529,159.50540958268934
1777888547,300,,Aggregated,1.600000,0.000000,32,42,47,53,74,94,180,290,36000,36000,36000,648,2,31,99.0159478394757,13.326700005563907,36484.04890000529,159.25925925925927
1777888548,300,,Aggregated,1.600000,0.000000,32,42,47,53,74,94,180,290,36000,36000,36000,648,2,31,99.0159478394757,13.326700005563907,36484.04890000529,159.25925925925927
1777888549,300,,Aggregated,1.600000,0.000000,32,42,47,53,74,94,180,290,36000,36000,36000,648,2,31,99.0159478394757,13.326700005563907,36484.04890000529,159.25925925925927
1777888550,300,,Aggregated,1.600000,0.000000,32,42,47,53,74,94,180,290,36000,36000,36000,648,2,31,99.0159478394757,13.326700005563907,36484.04890000529,159.25925925925927
1777888551,300,,Aggregated,1.600000,0.000000,32,42,47,53,74,94,180,290,36000,36000,36000,648,2,31,99.0159478394757,13.326700005563907,36484.04890000529,159.25925925925927
1777888552,300,,Aggregated,1.600000,0.000000,32,42,47,53,74,94,180,290,36000,36000,36000,648,2,31,99.0159478394757,13.326700005563907,36484.04890000529,159.25925925925927
1777888553,300,,Aggregated,1.600000,0.000000,32,42,47,53,74,94,180,290,36000,36000,36000,648,2,31,99.0159478394757,13.326700005563907,36484.04890000529,159.25925925925927
1777888554,300,,Aggregated,0.600000,0.100000,31,42,47,53,74,94,180,290,36000,36000,36000,650,3,31,98.78238307690481,13.326700005563907,36484.04890000529,158.76923076923077
1777888555,300,,Aggregated,0.600000,0.100000,31,42,47,53,74,94,180,290,36000,36000,36000,650,3,31,98.78238307690481,13.326700005563907,36484.04890000529,158.76923076923077
1777888556,300,,Aggregated,0.600000,0.100000,31,42,47,53,74,94,180,290,36000,36000,36000,650,3,31,98.78238307690481,13.326700005563907,36484.04890000529,158.76923076923077
1777888557,300,,Aggregated,0.600000,0.100000,31,42,47,53,74,94,180,290,36000,36000,36000,650,3,31,98.78238307690481,13.326700005563907,36484.04890000529,158.76923076923077
1777888558,300,,Aggregated,0.600000,0.100000,31,42,47,53,74,94,180,290,36000,36000,36000,650,3,31,98.78238307690481,13.326700005563907,36484.04890000529,158.76923076923077
1777888559,300,,Aggregated,0.600000,0.100000,31,42,47,53,74,94,180,290,36000,36000,36000,650,3,31,98.78238307690481,13.326700005563907,36484.04890000529,158.76923076923077
1777888560,300,,Aggregated,0.600000,0.100000,31,42,47,53,74,94,180,290,36000,36000,36000,650,3,31,98.78238307690481,13.326700005563907,36484.04890000529,158.76923076923077
1777888561,300,,Aggregated,0.600000,0.100000,31,42,47,53,74,94,180,290,36000,36000,36000,650,3,31,98.78238307690481,13.326700005563907,36484.04890000529,158.76923076923077
1777888562,300,,Aggregated,0.600000,0.100000,31,42,47,53,74,94,180,290,36000,36000,36000,650,3,31,98.78238307690481,13.326700005563907,36484.04890000529,158.76923076923077
1777888563,300,,Aggregated,0.600000,0.100000,31,42,47,53,74,94,180,290,36000,36000,36000,650,3,31,98.78238307690481,13.326700005563907,36484.04890000529,158.76923076923077
1777888564,300,,Aggregated,0.200000,0.100000,31,42,47,53,74,94,180,290,36000,36000,36000,651,3,31,98.78786374806671,13.326700005563907,36484.04890000529,158.52534562211983
1777888565,300,,Aggregated,0.200000,0.100000,31,42,47,53,74,94,180,290,36000,36000,36000,651,3,31,98.78786374806671,13.326700005563907,36484.04890000529,158.52534562211983
1777888566,300,,Aggregated,0.200000,0.100000,31,42,47,53,74,94,180,290,36000,36000,36000,651,3,31,98.78786374806671,13.326700005563907,36484.04890000529,158.52534562211983
1777888567,300,,Aggregated,0.000000,0.000000,31,42,47,53,74,94,180,290,36000,36000,36000,652,4,31,98.6594599693088,13.326700005563907,36484.04890000529,158.28220858895705
1777888568,300,,Aggregated,0.000000,0.000000,31,42,47,53,74,94,180,290,36000,36000,36000,652,4,31,98.6594599693088,13.326700005563907,36484.04890000529,158.28220858895705
1777888569,300,,Aggregated,0.100000,0.000000,31,42,47,54,74,96,180,310,36000,36000,36000,653,5,31,99.00574471668614,13.326700005563907,36484.04890000529,158.0398162327718
1777888570,300,,Aggregated,0.100000,0.000000,31,42,47,54,74,96,180,310,36000,36000,36000,653,5,31,99.00574471668614,13.326700005563907,36484.04890000529,158.0398162327718
1777888571,300,,Aggregated,0.200000,0.100000,31,42,47,54,74,96,180,310,36000,36000,36000,654,6,31,98.87780305808973,13.326700005563907,36484.04890000529,157.7981651376147
1777888572,300,,Aggregated,0.300000,0.200000,31,42,47,54,74,96,180,310,36000,36000,36000,655,7,31,98.75376793890943,13.326700005563907,36484.04890000529,157.55725190839695
1777888573,300,,Aggregated,0.300000,0.200000,31,42,47,53,74,96,180,310,36000,36000,36000,656,8,31,98.63309740853211,13.326700005563907,36484.04890000529,157.3170731707317
1777888574,300,,Aggregated,0.300000,0.200000,31,42,47,53,74,96,180,310,36000,36000,36000,656,8,31,98.63309740853211,13.326700005563907,36484.04890000529,157.3170731707317
1777888575,300,,Aggregated,0.500000,0.400000,31,42,47,53,74,96,180,310,36000,36000,36000,657,9,31,98.50935068494807,13.326700005563907,36484.04890000529,157.07762557077626
1777888576,300,,Aggregated,0.600000,0.500000,31,42,47,53,74,96,180,310,36000,36000,36000,658,9,31,98.3867536474394,13.326700005563907,36484.04890000529,156.838905775076
1777888577,300,,Aggregated,0.600000,0.500000,31,42,47,53,74,96,180,310,36000,36000,36000,659,10,31,98.27024946891514,13.326700005563907,36484.04890000529,156.6009104704097
1777888578,300,,Aggregated,0.600000,0.600000,31,42,47,53,74,96,180,310,36000,36000,36000,660,11,30,98.14394196970777,13.326700005563907,36484.04890000529,156.36363636363637
1777888579,300,,Aggregated,0.700000,0.600000,30,42,47,53,74,94,180,310,36000,36000,36000,661,12,30,98.01891664145747,13.326700005563907,36484.04890000529,156.1270801815431
1777888580,300,,Aggregated,0.700000,0.600000,30,42,47,53,74,94,180,310,36000,36000,36000,662,13,30,97.89394622356835,13.326700005563907,36484.04890000529,155.89123867069486
1777888581,300,,Aggregated,0.800000,0.700000,30,42,47,53,74,94,180,310,36000,36000,36000,663,14,30,97.77069834089413,13.326700005563907,36484.04890000529,155.65610859728505
1777888582,300,,Aggregated,0.800000,0.700000,30,42,47,53,74,94,180,310,36000,36000,36000,665,15,30,97.52979278196825,13.326700005563907,36484.04890000529,155.18796992481202
1777888583,300,,Aggregated,0.800000,0.700000,30,42,47,53,74,94,180,310,36000,36000,36000,665,15,30,97.52979278196825,13.326700005563907,36484.04890000529,155.18796992481202
1777888584,300,,Aggregated,0.800000,0.700000,30,42,47,53,74,94,180,310,36000,36000,36000,665,15,30,97.52979278196825,13.326700005563907,36484.04890000529,155.18796992481202
1777888585,300,,Aggregated,1.000000,0.800000,30,42,47,53,74,94,180,310,36000,36000,36000,666,16,29,97.40604744744648,13.326700005563907,36484.04890000529,154.95495495495496
1777888586,300,,Aggregated,0.900000,0.700000,29,42,47,53,74,94,180,310,36000,36000,36000,667,17,29,97.29658860569775,13.326700005563907,36484.04890000529,154.72263868065966
1777888587,300,,Aggregated,0.900000,0.700000,29,42,47,53,74,94,180,310,36000,36000,36000,667,17,29,97.29658860569775,13.326700005563907,36484.04890000529,154.72263868065966
1777888588,300,,Aggregated,0.900000,0.700000,29,42,47,53,74,94,180,310,36000,36000,36000,667,17,29,97.29658860569775,13.326700005563907,36484.04890000529,154.72263868065966
1777888589,300,,Aggregated,0.800000,0.700000,29,42,47,53,74,94,180,310,36000,36000,36000,668,18,28,97.17428997004946,13.326700005563907,36484.04890000529,154.49101796407186
1777888590,300,,Aggregated,0.800000,0.700000,29,42,47,53,74,94,180,310,36000,36000,36000,668,18,28,97.17428997004946,13.326700005563907,36484.04890000529,154.49101796407186
1777888591,300,,Aggregated,0.700000,0.600000,28,42,47,53,74,94,180,310,36000,36000,36000,669,19,28,97.05756292973369,13.326700005563907,36484.04890000529,154.26008968609867
1777888592,300,,Aggregated,0.700000,0.600000,28,41,47,53,73,94,180,310,36000,36000,36000,671,20,28,96.8170408345568,13.326700005563907,36484.04890000529,153.80029806259316
1777888593,300,,Aggregated,0.500000,0.400000,28,41,47,53,73,94,180,310,36000,36000,36000,673,22,28,96.5815982169435,13.326700005563907,36484.04890000529,153.34323922734026
1777888594,300,,Aggregated,0.600000,0.500000,28,41,47,53,73,94,180,310,36000,36000,36000,675,24,28,96.36909274073939,13.326700005563907,36484.04890000529,152.88888888888889
1777888595,300,,Aggregated,0.700000,0.600000,28,41,47,53,73,94,180,310,36000,36000,36000,676,25,27,96.25705369823001,13.326700005563907,36484.04890000529,152.66272189349112
1777888596,300,,Aggregated,0.700000,0.600000,28,41,47,53,73,94,180,310,36000,36000,36000,676,25,27,96.25705369823001,13.326700005563907,36484.04890000529,152.66272189349112
1777888597,300,,Aggregated,0.900000,0.800000,27,41,47,53,73,94,180,310,36000,36000,36000,677,26,27,96.14452067947468,13.326700005563907,36484.04890000529,152.43722304283605
1777888598,300,,Aggregated,0.900000,0.800000,27,41,47,53,73,94,180,310,36000,36000,36000,677,26,27,96.14452067947468,13.326700005563907,36484.04890000529,152.43722304283605
1777888599,300,,Aggregated,1.000000,0.900000,27,41,47,53,73,94,180,310,36000,36000,36000,678,26,27,96.02528126844395,13.326700005563907,36484.04890000529,152.21238938053096
1777888600,300,,Aggregated,1.000000,0.900000,27,41,47,53,73,94,180,310,36000,36000,36000,679,27,27,95.90818865980133,13.326700005563907,36484.04890000529,151.9882179675994
1777888601,300,,Aggregated,0.900000,0.800000,27,41,47,53,73,94,180,310,36000,36000,36000,680,28,27,95.79233602941231,13.326700005563907,36484.04890000529,151.76470588235293
1777888602,300,,Aggregated,1.000000,0.800000,27,41,46,53,72,94,180,310,36000,36000,36000,681,28,27,95.67648898679373,13.326700005563907,36484.04890000529,151.5418502202643
1777888603,300,,Aggregated,1.000000,0.800000,27,41,46,53,72,94,180,310,36000,36000,36000,682,29,27,95.56044897360213,13.326700005563907,36484.04890000529,151.31964809384164
1777888604,300,,Aggregated,0.900000,0.800000,27,41,46,53,72,94,180,310,36000,36000,36000,683,29,27,95.45945212298508,13.326700005563907,36484.04890000529,151.09809663250365
1777888605,300,,Aggregated,0.900000,0.800000,27,41,46,53,72,94,180,310,36000,36000,36000,683,29,27,95.45945212298508,13.326700005563907,36484.04890000529,151.09809663250365
1777888606,300,,Aggregated,0.900000,0.800000,27,41,46,53,72,94,180,310,36000,36000,36000,683,29,27,95.45945212298508,13.326700005563907,36484.04890000529,151.09809663250365
1777888607,300,,Aggregated,0.800000,0.500000,27,41,46,53,72,94,180,310,36000,36000,36000,684,30,27,95.35017558479458,13.326700005563907,36484.04890000529,150.87719298245614
1777888608,300,,Aggregated,0.800000,0.500000,27,41,46,53,72,94,180,310,36000,36000,36000,684,30,27,95.35017558479458,13.326700005563907,36484.04890000529,150.87719298245614
1777888609,300,,Aggregated,0.800000,0.500000,27,41,46,53,72,94,180,310,36000,36000,36000,684,30,27,95.35017558479458,13.326700005563907,36484.04890000529,150.87719298245614
1777888610,300,,Aggregated,0.700000,0.400000,27,41,46,51,72,94,180,310,36000,36000,36000,686,31,27,95.1403517492588,13.326700005563907,36484.04890000529,150.43731778425655
1777888611,300,,Aggregated,0.700000,0.400000,27,41,46,51,72,94,180,310,36000,36000,36000,687,32,27,95.04241048034469,13.326700005563907,36484.04890000529,150.2183406113537
1777888612,300,,Aggregated,0.600000,0.400000,27,41,46,51,72,94,180,310,36000,36000,36000,688,33,27,94.92846191860312,13.326700005563907,36484.04890000529,150.0
1777888613,300,,Aggregated,0.600000,0.400000,27,41,46,51,72,94,180,310,36000,36000,36000,688,33,27,94.92846191860312,13.326700005563907,36484.04890000529,150.0
1777888615,300,,Aggregated,0.700000,0.400000,27,41,46,51,72,94,180,310,36000,36000,36000,689,34,27,94.81432351232364,13.326700005563907,36484.04890000529,149.78229317851958
1777888616,300,,Aggregated,0.600000,0.400000,27,41,46,51,72,94,180,310,36000,36000,36000,691,35,27,94.59191259044655,13.326700005563907,36484.04890000529,149.34876989869753
1777888617,300,,Aggregated,0.600000,0.400000,27,41,46,51,72,94,180,310,36000,36000,36000,692,36,27,94.47754552023707,13.326700005563907,36484.04890000529,149.13294797687863
1777888618,300,,Aggregated,0.600000,0.500000,27,41,46,51,72,94,180,310,36000,36000,36000,693,37,27,94.39631327560029,13.326700005563907,36484.04890000529,148.91774891774892
1777888619,300,,Aggregated,0.700000,0.600000,27,41,46,51,72,94,180,310,36000,36000,36000,694,38,27,94.28636844379636,13.326700005563907,36484.04890000529,148.70317002881845
1777888620,300,,Aggregated,0.900000,0.700000,27,41,46,51,72,94,180,310,36000,36000,36000,697,39,27,93.95986470585747,13.326700005563907,36484.04890000529,148.06312769010043
1777888621,300,,Aggregated,0.900000,0.700000,27,41,46,51,72,94,180,310,36000,36000,36000,697,39,27,93.95986470585747,13.326700005563907,36484.04890000529,148.06312769010043
1777888622,300,,Aggregated,1.000000,0.800000,27,41,46,51,72,94,180,310,36000,36000,36000,698,40,27,93.86240186245297,13.326700005563907,36484.04890000529,147.85100286532952
1777888623,300,,Aggregated,1.300000,0.900000,27,41,46,51,72,94,180,310,36000,36000,36000,699,41,27,93.77299613732038,13.326700005563907,36484.04890000529,147.63948497854076
1777888624,300,,Aggregated,1.300000,0.900000,27,41,46,51,72,94,180,310,36000,36000,36000,699,41,27,93.77299613732038,13.326700005563907,36484.04890000529,147.63948497854076
1777888625,300,,Aggregated,1.300000,0.900000,27,41,46,51,72,94,180,310,36000,36000,36000,699,41,27,93.77299613732038,13.326700005563907,36484.04890000529,147.63948497854076
1777888626,300,,Aggregated,1.300000,0.900000,27,41,46,51,72,94,180,310,36000,36000,36000,699,41,27,93.77299613732038,13.326700005563907,36484.04890000529,147.63948497854076
1777888627,300,,Aggregated,1.100000,0.800000,27,40,46,51,72,93,180,290,36000,36000,36000,701,43,27,93.5628330955709,13.326700005563907,36484.04890000529,147.21825962910128
1777888628,300,,Aggregated,1.100000,0.800000,27,40,46,51,72,93,180,290,36000,36000,36000,701,43,27,93.5628330955709,13.326700005563907,36484.04890000529,147.21825962910128
1777888629,300,,Aggregated,0.900000,0.600000,27,40,46,51,72,93,180,290,36000,36000,36000,702,44,27,93.45899202278484,13.326700005563907,36484.04890000529,147.008547008547
1777888630,300,,Aggregated,0.900000,0.600000,27,40,46,51,72,93,180,290,36000,36000,36000,702,44,27,93.45899202278484,13.326700005563907,36484.04890000529,147.008547008547
1777888631,300,,Aggregated,0.800000,0.600000,27,40,46,51,72,93,180,290,36000,36000,36000,703,45,27,93.34884921763543,13.326700005563907,36484.04890000529,146.79943100995732
1777888632,300,,Aggregated,0.800000,0.600000,27,40,46,51,72,93,180,290,36000,36000,36000,705,45,27,93.13375787233194,13.326700005563907,36484.04890000529,146.38297872340425
1777888633,300,,Aggregated,0.500000,0.500000,27,40,46,51,72,93,180,290,36000,36000,36000,706,46,27,93.02389518411898,13.326700005563907,36484.04890000529,146.17563739376772
1777888634,300,,Aggregated,0.500000,0.500000,27,40,46,51,72,93,180,290,36000,36000,36000,706,46,27,93.02389518411898,13.326700005563907,36484.04890000529,146.17563739376772
1777888635,300,,Aggregated,0.700000,0.500000,27,40,46,51,72,93,180,290,36000,36000,36000,707,47,27,92.92591654878262,13.326700005563907,36484.04890000529,145.96888260254596
1777888636,300,,Aggregated,0.700000,0.500000,27,40,46,51,72,93,180,290,36000,36000,36000,707,47,27,92.92591654878262,13.326700005563907,36484.04890000529,145.96888260254596
1777888637,300,,Aggregated,0.700000,0.500000,27,40,46,51,72,93,180,290,36000,36000,36000,708,48,27,92.8243094632477,13.326700005563907,36484.04890000529,145.76271186440678
1777888638,300,,Aggregated,0.700000,0.500000,27,40,46,51,72,93,180,290,36000,36000,36000,708,48,27,92.8243094632477,13.326700005563907,36484.04890000529,145.76271186440678
1777888639,300,,Aggregated,0.800000,0.600000,27,40,46,51,72,93,180,290,36000,36000,36000,709,49,27,92.71557404793427,13.326700005563907,36484.04890000529,145.5571227080395
1777888640,300,,Aggregated,0.800000,0.600000,27,40,46,51,72,93,180,290,36000,36000,36000,709,49,27,92.71557404793427,13.326700005563907,36484.04890000529,145.5571227080395
1777888641,300,,Aggregated,0.700000,0.500000,27,40,46,51,72,93,180,290,36000,36000,36000,710,50,27,92.60902676055402,13.326700005563907,36484.04890000529,145.35211267605635
1777888642,300,,Aggregated,0.700000,0.500000,27,40,46,51,72,93,180,290,36000,36000,36000,710,50,27,92.60902676055402,13.326700005563907,36484.04890000529,145.35211267605635
1777888643,300,,Aggregated,0.700000,0.500000,27,40,46,51,72,93,180,290,36000,36000,36000,711,51,27,92.50160337549961,13.326700005563907,36484.04890000529,145.1476793248945
1777888644,300,,Aggregated,0.700000,0.500000,27,40,46,51,72,93,180,290,36000,36000,36000,712,52,27,92.39341488762548,13.326700005563907,36484.04890000529,144.9438202247191
1777888645,300,,Aggregated,0.700000,0.500000,27,40,46,51,72,93,180,290,36000,36000,36000,712,52,27,92.39341488762548,13.326700005563907,36484.04890000529,144.9438202247191
1777888646,300,,Aggregated,0.500000,0.500000,27,40,46,51,72,93,180,290,36000,36000,36000,713,53,27,92.30160280503888,13.326700005563907,36484.04890000529,144.7405329593268
1777888647,300,,Aggregated,0.600000,0.600000,27,40,46,51,72,93,180,290,36000,36000,36000,714,54,27,92.19377296919271,13.326700005563907,36484.04890000529,144.53781512605042
1777888648,300,,Aggregated,0.500000,0.500000,27,40,46,51,72,93,180,290,36000,36000,36000,715,55,27,92.08389510491365,13.326700005563907,36484.04890000529,144.33566433566435
1777888649,300,,Aggregated,0.600000,0.600000,27,40,46,50,72,93,180,290,36000,36000,36000,716,56,27,91.97595013968022,13.326700005563907,36484.04890000529,144.1340782122905
1777888650,300,,Aggregated,0.600000,0.600000,27,40,46,50,72,93,180,290,36000,36000,36000,717,57,27,91.87951492330916,13.326700005563907,36484.04890000529,143.93305439330544
1777888651,300,,Aggregated,0.700000,0.700000,27,40,46,50,72,93,180,290,36000,36000,36000,719,59,27,91.6736599443913,13.326700005563907,36484.04890000529,143.5326842837274
1777888652,300,,Aggregated,0.700000,0.700000,27,39,46,50,71,92,180,290,36000,36000,36000,721,60,27,91.46157836339462,13.326700005563907,36484.04890000529,143.13453536754508
1777888653,300,,Aggregated,0.800000,0.800000,27,39,46,50,71,92,180,290,36000,36000,36000,722,61,27,91.35746523546676,13.326700005563907,36484.04890000529,142.93628808864267
1777888654,300,,Aggregated,0.900000,0.900000,27,39,46,50,71,92,180,290,36000,36000,36000,723,62,27,91.25210926694928,13.326700005563907,36484.04890000529,142.73858921161826
1777888655,300,,Aggregated,0.900000,0.900000,27,39,46,50,71,92,180,290,36000,36000,36000,723,62,27,91.25210926694928,13.326700005563907,36484.04890000529,142.73858921161826
1777888656,300,,Aggregated,1.100000,1.000000,27,39,46,50,71,92,180,290,36000,36000,36000,724,63,27,91.14850151934017,13.326700005563907,36484.04890000529,142.5414364640884
1777888657,300,,Aggregated,1.100000,1.000000,27,39,45,50,71,92,180,290,36000,36000,36000,725,64,27,91.04707434484413,13.326700005563907,36484.04890000529,142.3448275862069
1777888658,300,,Aggregated,1.100000,1.000000,27,39,45,50,71,92,180,290,36000,36000,36000,726,65,26,90.94302754823299,13.326700005563907,36484.04890000529,142.1487603305785
1777888659,300,,Aggregated,1.100000,1.000000,26,39,45,50,71,92,180,290,36000,36000,36000,729,67,26,90.6489565157878,13.326700005563907,36484.04890000529,141.56378600823047
1777888660,300,,Aggregated,1.100000,1.000000,26,39,45,50,71,92,180,290,36000,36000,36000,730,68,26,90.54923876713362,13.326700005563907,36484.04890000529,141.36986301369862
1777888661,300,,Aggregated,1.100000,1.000000,26,39,45,50,71,92,180,290,36000,36000,36000,730,68,26,90.54923876713362,13.326700005563907,36484.04890000529,141.36986301369862
1777888662,300,,Aggregated,1.200000,1.100000,26,39,45,50,71,93,180,310,36000,36000,36000,733,70,26,90.86030218283307,13.326700005563907,36484.04890000529,140.7912687585266
1777888663,300,,Aggregated,1.200000,1.100000,26,39,45,50,71,93,180,310,36000,36000,36000,733,70,26,90.86030218283307,13.326700005563907,36484.04890000529,140.7912687585266
1777888664,300,,Aggregated,1.100000,0.900000,26,39,45,50,71,93,180,310,36000,36000,36000,734,71,26,90.75632016350941,13.326700005563907,36484.04890000529,140.59945504087193
1777888665,300,,Aggregated,1.200000,1.000000,26,39,45,50,71,93,180,310,36000,36000,36000,735,72,26,90.65669591839149,13.326700005563907,36484.04890000529,140.40816326530611
1777888666,300,,Aggregated,1.100000,0.900000,26,39,45,50,71,93,180,310,36000,36000,36000,736,73,26,90.55849836957587,13.326700005563907,36484.04890000529,140.2173913043478
1777888667,300,,Aggregated,1.100000,0.900000,26,39,45,50,71,93,180,310,36000,36000,36000,737,74,26,90.45639402985972,13.326700005563907,36484.04890000529,140.0271370420624
1777888668,300,,Aggregated,1.200000,1.000000,26,39,45,50,71,93,180,310,36000,36000,36000,738,75,26,90.36060934959293,13.326700005563907,36484.04890000529,139.83739837398375
1777888669,300,,Aggregated,1.200000,1.000000,26,39,45,50,71,93,180,310,36000,36000,36000,739,76,26,90.27153991880881,13.326700005563907,36484.04890000529,139.64817320703654
1777888670,300,,Aggregated,1.200000,1.000000,26,39,45,50,71,93,180,310,36000,36000,36000,740,77,26,90.17742121622841,13.326700005563907,36484.04890000529,139.45945945945945
1777888671,300,,Aggregated,1.200000,1.000000,26,39,45,50,70,92,180,310,36000,36000,36000,741,78,26,90.07760566803337,13.326700005563907,36484.04890000529,139.27125506072875
1777888672,300,,Aggregated,1.200000,1.000000,26,39,45,50,70,92,180,310,36000,36000,36000,741,78,26,90.07760566803337,13.326700005563907,36484.04890000529,139.27125506072875
1777888673,300,,Aggregated,1.000000,0.900000,26,39,45,50,70,92,180,310,36000,36000,36000,742,78,26,89.98004797846235,13.326700005563907,36484.04890000529,139.08355795148248
1777888674,300,,Aggregated,0.800000,0.800000,26,39,45,50,70,92,180,310,36000,36000,36000,744,79,26,89.77974045701949,13.326700005563907,36484.04890000529,138.70967741935485
1777888675,300,,Aggregated,0.800000,0.800000,26,39,45,50,70,92,180,310,36000,36000,36000,745,80,26,89.68200536916304,13.326700005563907,36484.04890000529,138.5234899328859
1777888676,300,,Aggregated,0.900000,0.800000,26,39,45,50,70,92,180,310,36000,36000,36000,746,81,26,89.58716876678035,13.326700005563907,36484.04890000529,138.3378016085791
1777888677,300,,Aggregated,1.000000,0.800000,25,39,45,50,70,92,180,310,36000,36000,36000,749,83,25,89.29928130843554,13.326700005563907,36484.04890000529,137.7837116154873
1777888678,300,,Aggregated,1.000000,0.800000,25,39,45,50,70,92,180,310,36000,36000,36000,750,84,25,89.20295706668792,13.326700005563907,36484.04890000529,137.6
1777888679,300,,Aggregated,1.000000,0.800000,25,39,45,49,70,92,180,310,36000,36000,36000,751,85,25,89.12338069242102,13.326700005563907,36484.04890000529,137.4167776298269
1777888680,300,,Aggregated,1.000000,0.800000,25,39,45,49,70,92,180,310,36000,36000,36000,752,86,25,89.02483710108812,13.326700005563907,36484.04890000529,137.2340425531915
1777888681,300,,Aggregated,1.200000,0.900000,25,39,45,49,70,92,180,310,36000,36000,36000,753,87,25,88.92529243030548,13.326700005563907,36484.04890000529,137.05179282868525
1777888682,300,,Aggregated,1.200000,0.900000,25,39,45,49,70,92,180,310,36000,36000,36000,753,87,25,88.92529243030548,13.326700005563907,36484.04890000529,137.05179282868525
1777888683,300,,Aggregated,1.200000,0.900000,25,39,45,49,70,92,180,310,36000,36000,36000,753,87,25,88.92529243030548,13.326700005563907,36484.04890000529,137.05179282868525
1777888684,300,,Aggregated,1.200000,0.900000,25,39,45,49,70,92,180,310,36000,36000,36000,754,88,25,88.83162413794635,13.326700005563907,36484.04890000529,136.87002652519894
1777888685,300,,Aggregated,1.200000,0.900000,25,39,45,49,70,92,180,310,36000,36000,36000,754,88,25,88.83162413794635,13.326700005563907,36484.04890000529,136.87002652519894
1777888686,300,,Aggregated,1.100000,0.900000,25,39,45,49,70,92,180,310,36000,36000,36000,755,89,25,88.73446503311429,13.326700005563907,36484.04890000529,136.6887417218543
1777888687,300,,Aggregated,1.100000,0.900000,25,39,45,49,70,92,180,310,36000,36000,36000,756,90,25,88.64036865079903,13.326700005563907,36484.04890000529,136.5079365079365
1777888688,300,,Aggregated,0.900000,0.800000,25,39,45,49,70,92,180,310,36000,36000,36000,758,92,25,88.45808337731542,13.326700005563907,36484.04890000529,136.14775725593668
1777888689,300,,Aggregated,0.900000,0.800000,25,39,45,49,70,92,180,310,36000,36000,36000,759,93,25,88.36421620553821,13.326700005563907,36484.04890000529,135.9683794466403
1777888690,300,,Aggregated,0.900000,0.800000,25,39,45,49,70,92,180,310,36000,36000,36000,760,94,25,88.26876539473903,13.326700005563907,36484.04890000529,135.78947368421052
1777888691,300,,Aggregated,0.800000,0.800000,25,39,45,49,70,92,180,310,36000,36000,36000,761,95,25,88.17779250985973,13.326700005563907,36484.04890000529,135.61103810775296
1777888692,300,,Aggregated,0.800000,0.800000,25,39,45,49,70,92,180,310,36000,36000,36000,762,96,25,88.0859484251922,13.326700005563907,36484.04890000529,135.43307086614172
1777888693,300,,Aggregated,0.700000,0.700000,25,39,45,49,70,92,180,310,36000,36000,36000,763,97,25,87.98979187418882,13.326700005563907,36484.04890000529,135.25557011795544
1777888694,300,,Aggregated,0.800000,0.800000,25,39,45,49,70,92,180,310,36000,36000,36000,764,98,25,88.00212853403484,13.326700005563907,36484.04890000529,135.07853403141362
1777888695,300,,Aggregated,0.900000,0.900000,25,39,45,49,70,92,180,310,36000,36000,36000,765,99,25,87.91055176471774,13.326700005563907,36484.04890000529,134.90196078431373
1777888696,300,,Aggregated,0.900000,0.900000,25,39,45,49,70,92,180,310,36000,36000,36000,767,101,25,87.724506518894,13.326700005563907,36484.04890000529,134.55019556714473
1777888697,300,,Aggregated,1.000000,1.000000,25,39,45,49,70,92,180,310,36000,36000,36000,768,102,25,87.63983515624811,13.326700005563907,36484.04890000529,134.375
1777888698,300,,Aggregated,1.100000,1.100000,25,39,45,49,70,92,180,310,36000,36000,36000,770,103,25,87.45277220779779,13.326700005563907,36484.04890000529,134.02597402597402
1777888699,300,,Aggregated,1.100000,1.100000,25,38,45,49,70,92,180,310,36000,36000,36000,771,104,25,87.36159584955186,13.326700005563907,36484.04890000529,133.85214007782102
1777888700,300,,Aggregated,1.200000,1.200000,25,38,45,49,70,92,180,310,36000,36000,36000,772,105,25,87.27587642487582,13.326700005563907,36484.04890000529,133.67875647668393
1777888701,300,,Aggregated,1.100000,1.000000,25,38,45,49,70,92,180,310,36000,36000,36000,773,106,25,87.19310815006924,13.326700005563907,36484.04890000529,133.5058214747736
1777888702,300,,Aggregated,1.100000,1.000000,25,38,45,49,70,92,180,310,36000,36000,36000,774,107,25,87.10900335917844,13.326700005563907,36484.04890000529,133.33333333333334
1777888703,300,,Aggregated,1.200000,1.100000,25,38,45,49,70,92,180,310,36000,36000,36000,775,108,25,87.01898980645403,13.326700005563907,36484.04890000529,133.16129032258064
1777888704,300,,Aggregated,1.200000,1.100000,25,38,45,49,70,92,180,310,36000,36000,36000,776,109,25,86.928575128864,13.326700005563907,36484.04890000529,132.98969072164948
1777888705,300,,Aggregated,1.200000,1.100000,25,38,45,49,70,92,180,310,36000,36000,36000,777,110,25,86.83504285715222,13.326700005563907,36484.04890000529,132.81853281853282
1777888706,300,,Aggregated,1.200000,1.100000,25,38,45,49,70,92,180,310,36000,36000,36000,779,112,25,86.65762618743376,13.326700005563907,36484.04890000529,132.4775353016688
1777888707,300,,Aggregated,1.200000,1.100000,25,38,45,49,70,92,180,310,36000,36000,36000,780,113,25,86.56691782051871,13.326700005563907,36484.04890000529,132.30769230769232
1777888708,300,,Aggregated,1.100000,1.000000,25,38,45,49,70,92,180,310,36000,36000,36000,781,114,25,86.70121754161005,13.326700005563907,36484.04890000529,132.1382842509603
1777888709,300,,Aggregated,1.200000,1.100000,25,38,45,49,70,92,180,310,36000,36000,36000,782,115,25,86.6108296675083,13.326700005563907,36484.04890000529,131.9693094629156
1777888710,300,,Aggregated,1.200000,1.100000,25,38,45,49,70,92,180,310,36000,36000,36000,783,116,25,86.5224670497934,13.326700005563907,36484.04890000529,131.8007662835249
1777888711,300,,Aggregated,1.100000,1.100000,25,38,45,49,70,92,180,310,36000,36000,36000,784,117,25,86.43163380100081,13.326700005563907,36484.04890000529,131.6326530612245
1777888712,300,,Aggregated,1.100000,1.100000,25,38,45,49,70,92,180,310,36000,36000,36000,785,118,25,86.34045019105913,13.326700005563907,36484.04890000529,131.46496815286625
1777888713,300,,Aggregated,1.100000,1.100000,25,38,45,49,70,92,180,310,36000,36000,36000,787,120,25,86.17172160098895,13.326700005563907,36484.04890000529,131.13087674714103
1777888714,300,,Aggregated,1.100000,1.100000,25,38,45,49,70,92,180,310,36000,36000,36000,788,121,25,86.0824529187583,13.326700005563907,36484.04890000529,130.96446700507613
1777888715,300,,Aggregated,1.100000,1.100000,25,38,45,49,70,92,180,310,36000,36000,36000,789,122,25,86.0010349809656,13.326700005563907,36484.04890000529,130.79847908745248
1777888717,300,,Aggregated,1.200000,1.200000,25,38,45,49,70,92,180,310,36000,36000,36000,790,123,24,85.91324189871983,13.326700005563907,36484.04890000529,130.63291139240508
1777888718,300,,Aggregated,1.200000,1.200000,24,38,45,49,70,92,180,310,36000,36000,36000,791,124,24,85.82505537294497,13.326700005563907,36484.04890000529,130.4677623261694
1777888719,300,,Aggregated,1.200000,1.200000,24,38,45,49,70,92,180,310,36000,36000,36000,792,125,24,85.74333005048854,13.326700005563907,36484.04890000529,130.3030303030303
1777888720,300,,Aggregated,1.100000,1.100000,24,38,45,49,70,92,180,310,36000,36000,36000,795,128,24,85.49574943394444,13.326700005563907,36484.04890000529,129.81132075471697
1777888721,300,,Aggregated,1.100000,1.100000,24,38,45,48,70,92,180,310,36000,36000,36000,796,129,24,85.40848605525981,13.326700005563907,36484.04890000529,129.64824120603015
1777888722,300,,Aggregated,1.100000,1.100000,24,38,44,48,70,92,180,310,36000,36000,36000,797,130,24,85.32980878291043,13.326700005563907,36484.04890000529,129.48557089084065
1777888723,300,,Aggregated,1.300000,1.300000,24,38,44,48,70,92,180,310,36000,36000,36000,798,131,24,85.24133458644643,13.326700005563907,36484.04890000529,129.3233082706767
1777888724,300,,Aggregated,1.300000,1.300000,24,38,44,48,70,92,180,310,36000,36000,36000,799,132,24,85.15284568207524,13.326700005563907,36484.04890000529,129.16145181476847
1777888725,300,,Aggregated,1.300000,1.300000,24,38,44,48,70,92,180,310,36000,36000,36000,800,133,24,85.07578049997392,13.326700005563907,36484.04890000529,129.0
1777888726,300,,Aggregated,1.300000,1.300000,24,38,44,48,69,92,180,290,36000,36000,36000,802,135,24,84.90248753115426,13.326700005563907,36484.04890000529,128.67830423940148
1777888727,300,,Aggregated,1.200000,1.200000,24,38,44,48,69,92,180,290,36000,36000,36000,804,137,24,84.73774838305542,13.326700005563907,36484.04890000529,128.3582089552239
1777888728,300,,Aggregated,1.200000,1.200000,24,38,44,48,69,92,180,290,36000,36000,36000,805,138,24,84.66264198755452,13.326700005563907,36484.04890000529,128.19875776397515
1777888729,300,,Aggregated,1.400000,1.400000,24,38,44,48,69,92,180,290,36000,36000,36000,807,140,24,84.4927340767889,13.326700005563907,36484.04890000529,127.88104089219331
1777888730,300,,Aggregated,1.400000,1.400000,24,38,44,48,69,92,180,290,36000,36000,36000,808,141,24,84.41117128709851,13.326700005563907,36484.04890000529,127.72277227722772
1777888731,300,,Aggregated,1.400000,1.400000,24,38,44,48,69,92,180,290,36000,36000,36000,809,142,24,84.3265008652463,13.326700005563907,36484.04890000529,127.56489493201484
1777888732,300,,Aggregated,1.400000,1.400000,24,38,44,48,69,92,180,290,36000,36000,36000,810,143,24,84.24202839504025,13.326700005563907,36484.04890000529,127.4074074074074
1777888733,300,,Aggregated,1.300000,1.300000,24,38,44,48,69,92,180,290,36000,36000,36000,811,144,24,84.1640564734699,13.326700005563907,36484.04890000529,127.25030826140568
1777888734,300,,Aggregated,1.300000,1.300000,24,38,44,48,69,92,180,290,36000,36000,36000,813,146,24,84.01041906518171,13.326700005563907,36484.04890000529,126.93726937269372
1777888735,300,,Aggregated,1.300000,1.300000,24,38,44,48,69,92,180,290,36000,36000,36000,815,148,24,83.84415717789064,13.326700005563907,36484.04890000529,126.62576687116564
1777888736,300,,Aggregated,1.300000,1.300000,24,38,44,48,69,92,180,290,36000,36000,36000,815,148,24,83.84415717789064,13.326700005563907,36484.04890000529,126.62576687116564
1777888737,300,,Aggregated,1.300000,1.300000,24,38,44,48,69,92,180,290,36000,36000,36000,816,149,24,83.76075821077251,13.326700005563907,36484.04890000529,126.47058823529412
1777888738,300,,Aggregated,1.500000,1.500000,24,38,44,48,69,92,180,290,36000,36000,36000,818,151,24,83.59262396085923,13.326700005563907,36484.04890000529,126.16136919315403
1777888739,300,,Aggregated,1.300000,1.300000,24,38,44,48,69,92,180,290,36000,36000,36000,819,152,24,83.52301013430308,13.326700005563907,36484.04890000529,126.00732600732601
1777888740,300,,Aggregated,1.200000,1.200000,24,38,44,48,69,92,180,290,36000,36000,36000,820,153,24,83.44602890242751,13.326700005563907,36484.04890000529,125.85365853658537
1777888741,300,,Aggregated,1.300000,1.300000,24,38,44,48,68,91,180,290,36000,36000,36000,821,154,24,83.36247856271862,13.326700005563907,36484.04890000529,125.70036540803898
1777888742,300,,Aggregated,1.300000,1.300000,24,38,44,48,68,91,180,290,36000,36000,36000,822,155,24,83.2808216544927,13.326700005563907,36484.04890000529,125.54744525547446
1777888743,300,,Aggregated,1.200000,1.200000,24,38,44,48,69,91,180,290,36000,36000,36000,823,156,24,83.27439854190716,13.326700005563907,36484.04890000529,125.39489671931956
1777888744,300,,Aggregated,1.200000,1.200000,24,38,44,48,69,91,180,290,36000,36000,36000,824,157,24,83.21910133493925,13.326700005563907,36484.04890000529,125.24271844660194
1777888745,300,,Aggregated,1.200000,1.200000,24,38,44,48,69,91,180,290,36000,36000,36000,826,159,24,83.05958014527506,13.326700005563907,36484.04890000529,124.93946731234867
1777888746,300,,Aggregated,1.200000,1.200000,24,38,44,48,69,91,180,290,36000,36000,36000,827,160,24,82.9784518742531,13.326700005563907,36484.04890000529,124.78839177750906
1777888747,300,,Aggregated,1.200000,1.200000,24,38,44,48,69,91,180,290,36000,36000,36000,828,161,24,82.90132282610467,13.326700005563907,36484.04890000529,124.6376811594203
1777888748,300,,Aggregated,1.100000,1.100000,24,38,44,48,69,91,180,290,36000,36000,36000,829,162,24,82.8255751508019,13.326700005563907,36484.04890000529,124.48733413751508
1777888749,300,,Aggregated,1.200000,1.200000,24,37,44,48,69,91,180,290,36000,36000,36000,830,163,24,82.74368361448266,13.326700005563907,36484.04890000529,124.33734939759036
1777888750,300,,Aggregated,1.200000,1.200000,24,37,44,47,68,91,180,290,36000,36000,36000,832,165,24,82.60788281252364,13.326700005563907,36484.04890000529,124.03846153846153
1777888751,300,,Aggregated,1.100000,1.100000,24,37,43,47,68,91,180,290,36000,36000,36000,833,166,24,82.53252448981303,13.326700005563907,36484.04890000529,123.88955582232893
1777888752,300,,Aggregated,1.100000,1.100000,24,37,43,47,68,91,180,290,36000,36000,36000,835,168,24,82.38177245511035,13.326700005563907,36484.04890000529,123.59281437125749
1777888753,300,,Aggregated,1.200000,1.200000,24,37,43,47,68,91,180,290,36000,36000,36000,837,170,24,82.24518172043179,13.326700005563907,36484.04890000529,123.29749103942652
1777888754,300,,Aggregated,1.200000,1.200000,24,37,43,47,68,91,180,290,36000,36000,36000,837,170,24,82.24518172043179,13.326700005563907,36484.04890000529,123.29749103942652
1777888755,300,,Aggregated,1.300000,1.300000,24,37,43,47,68,91,180,290,36000,36000,36000,839,172,24,82.08900536352233,13.326700005563907,36484.04890000529,123.00357568533968
1777888756,300,,Aggregated,1.300000,1.300000,24,37,43,47,68,91,180,290,36000,36000,36000,840,173,24,82.01319869047092,13.326700005563907,36484.04890000529,122.85714285714286
1777888757,300,,Aggregated,1.300000,1.300000,24,37,43,47,68,91,180,290,36000,36000,36000,841,174,24,81.93542699167044,13.326700005563907,36484.04890000529,122.71105826397147
1777888758,300,,Aggregated,1.300000,1.300000,24,37,43,47,68,91,180,290,36000,36000,36000,842,175,24,81.8574948931036,13.326700005563907,36484.04890000529,122.56532066508314
1777888759,300,,Aggregated,1.300000,1.300000,24,37,43,47,68,91,180,290,36000,36000,36000,843,176,24,81.78085088966348,13.326700005563907,36484.04890000529,122.41992882562278
1777888760,300,,Aggregated,1.300000,1.300000,24,37,43,47,68,91,180,290,36000,36000,36000,845,178,24,81.62774177512344,13.326700005563907,36484.04890000529,122.1301775147929
1777888761,300,,Aggregated,1.300000,1.300000,23,37,43,47,68,91,180,290,36000,36000,36000,847,180,23,81.4712074380089,13.326700005563907,36484.04890000529,121.84179456906729
1777888762,300,,Aggregated,1.300000,1.300000,24,37,43,47,68,91,180,290,36000,36000,36000,848,181,23,81.41752500000192,13.326700005563907,36484.04890000529,121.69811320754717
1777888763,300,,Aggregated,1.300000,1.300000,23,37,43,47,68,91,180,290,36000,36000,36000,850,183,23,81.27084423529381,13.326700005563907,36484.04890000529,121.41176470588235
1777888764,300,,Aggregated,1.200000,1.200000,23,37,43,47,68,91,170,290,36000,36000,36000,852,184,23,81.21584647887401,13.326700005563907,36484.04890000529,121.12676056338029
1777888765,300,,Aggregated,1.200000,1.200000,23,37,43,47,68,91,170,290,36000,36000,36000,852,184,23,81.21584647887401,13.326700005563907,36484.04890000529,121.12676056338029
1777888766,300,,Aggregated,1.400000,1.400000,23,37,43,47,68,91,170,290,36000,36000,36000,853,185,23,81.1410736225249,13.326700005563907,36484.04890000529,120.98475967174677
1777888767,300,,Aggregated,1.400000,1.400000,23,37,43,47,68,91,170,290,36000,36000,36000,854,186,23,81.07003583139314,13.326700005563907,36484.04890000529,120.84309133489461
1777888768,300,,Aggregated,1.300000,1.200000,23,37,43,47,68,91,170,290,36000,36000,36000,855,187,23,80.99683239766361,13.326700005563907,36484.04890000529,120.70175438596492
1777888769,300,,Aggregated,1.300000,1.200000,23,37,43,47,68,91,170,290,36000,36000,36000,856,188,23,80.92921600466546,13.326700005563907,36484.04890000529,120.5607476635514
1777888770,300,,Aggregated,1.300000,1.200000,23,37,43,47,68,91,170,290,36000,36000,36000,857,189,23,80.86033232205196,13.326700005563907,36484.04890000529,120.42007001166861
1777888771,300,,Aggregated,1.300000,1.200000,23,37,43,47,68,91,170,290,36000,36000,36000,859,191,23,80.7322437718239,13.326700005563907,36484.04890000529,120.13969732246798
1777888772,300,,Aggregated,1.300000,1.200000,23,37,43,47,68,91,170,290,36000,36000,36000,860,192,23,80.66261581395317,13.326700005563907,36484.04890000529,120.0
1777888773,300,,Aggregated,1.200000,1.100000,23,37,43,47,68,91,170,290,36000,36000,36000,861,193,23,80.58708153308991,13.326700005563907,36484.04890000529,119.86062717770035
1777888774,300,,Aggregated,1.100000,1.000000,23,37,43,47,68,91,170,290,36000,36000,36000,862,194,23,80.5129533642672,13.326700005563907,36484.04890000529,119.7215777262181
1777888775,300,,Aggregated,1.300000,1.200000,23,37,43,47,68,91,170,290,36000,36000,36000,863,195,23,80.4386843568988,13.326700005563907,36484.04890000529,119.58285052143685
1777888776,300,,Aggregated,1.100000,1.000000,23,37,43,47,68,91,170,290,36000,36000,36000,864,196,23,80.36534062500357,13.326700005563907,36484.04890000529,119.44444444444444
1777888777,300,,Aggregated,1.100000,1.000000,23,37,43,47,68,91,170,290,36000,36000,36000,865,197,23,80.29448265895164,13.326700005563907,36484.04890000529,119.30635838150289
1777888778,300,,Aggregated,1.100000,1.100000,23,37,43,47,68,91,170,290,36000,36000,36000,866,198,23,80.22560230944941,13.326700005563907,36484.04890000529,119.16859122401847
1777888779,300,,Aggregated,1.100000,1.100000,23,37,43,47,68,91,170,290,36000,36000,36000,867,199,23,80.22869492501275,13.326700005563907,36484.04890000529,119.03114186851211
1777888780,300,,Aggregated,1.100000,1.100000,23,37,43,47,68,91,170,290,36000,36000,36000,869,201,23,80.0879397007872,13.326700005563907,36484.04890000529,118.7571921749137
1777888781,300,,Aggregated,1.100000,1.100000,23,37,43,47,68,91,170,290,36000,36000,36000,870,202,23,80.01955367814436,13.326700005563907,36484.04890000529,118.62068965517241
1777888782,300,,Aggregated,1.200000,1.200000,23,37,43,47,68,91,170,290,36000,36000,36000,872,204,23,79.87740538989841,13.326700005563907,36484.04890000529,118.34862385321101
1777888783,300,,Aggregated,1.200000,1.200000,23,37,43,47,68,91,170,290,36000,36000,36000,873,205,23,79.80711809850222,13.326700005563907,36484.04890000529,118.21305841924399
1777888784,300,,Aggregated,1.200000,1.200000,23,37,43,47,68,91,170,290,36000,36000,36000,875,207,23,79.67660925713633,13.326700005563907,36484.04890000529,117.94285714285714
1777888785,300,,Aggregated,1.200000,1.200000,23,37,43,47,68,91,170,290,36000,36000,36000,875,207,23,79.67660925713633,13.326700005563907,36484.04890000529,117.94285714285714
1777888786,300,,Aggregated,1.200000,1.200000,23,37,43,47,68,91,170,290,36000,36000,36000,876,208,23,79.60464783103168,13.326700005563907,36484.04890000529,117.8082191780822
1777888787,300,,Aggregated,1.300000,1.300000,23,37,43,47,68,91,170,290,36000,36000,36000,877,209,23,79.52971676167219,13.326700005563907,36484.04890000529,117.67388825541619
1777888788,300,,Aggregated,1.200000,1.200000,23,37,43,47,68,91,170,290,36000,36000,36000,880,212,23,79.37629375000225,13.326700005563907,36484.04890000529,117.27272727272727
1777888789,300,,Aggregated,1.200000,1.200000,23,37,43,47,68,89,170,290,36000,36000,36000,882,214,23,79.23716145123845,13.326700005563907,36484.04890000529,117.00680272108843
1777888790,300,,Aggregated,1.200000,1.200000,23,36,43,47,68,89,170,290,36000,36000,36000,883,215,23,79.16686443939868,13.326700005563907,36484.04890000529,116.87429218573047
1777888791,300,,Aggregated,1.300000,1.300000,23,37,43,47,68,89,170,290,36000,36000,36000,884,216,23,79.11948020360525,13.326700005563907,36484.04890000529,116.7420814479638
1777888792,300,,Aggregated,1.300000,1.300000,23,37,43,47,68,89,170,290,36000,36000,36000,884,216,23,79.11948020360525,13.326700005563907,36484.04890000529,116.7420814479638
1777888793,300,,Aggregated,1.400000,1.400000,23,37,42,47,68,89,170,290,36000,36000,36000,885,217,23,79.05302112992777,13.326700005563907,36484.04890000529,116.61016949152543
1777888794,300,,Aggregated,1.400000,1.400000,23,36,42,46,68,89,170,290,36000,36000,36000,886,218,23,78.98205349885826,13.326700005563907,36484.04890000529,116.47855530474041
1777888795,300,,Aggregated,1.300000,1.300000,23,36,42,46,68,89,170,290,36000,36000,36000,887,219,23,78.90924464486247,13.326700005563907,36484.04890000529,116.34723788049605
1777888796,300,,Aggregated,1.200000,1.200000,23,36,42,46,68,89,170,290,36000,36000,36000,888,220,23,78.83788006756322,13.326700005563907,36484.04890000529,116.21621621621621
1777888797,300,,Aggregated,1.200000,1.200000,23,36,42,46,68,89,170,290,36000,36000,36000,889,221,23,78.77135714286553,13.326700005563907,36484.04890000529,116.08548931383577
1777888798,300,,Aggregated,1.200000,1.200000,23,36,42,46,68,89,170,290,36000,36000,36000,890,222,23,78.70444325843677,13.326700005563907,36484.04890000529,115.95505617977528
1777888799,300,,Aggregated,1.100000,1.100000,23,36,42,46,68,89,170,290,36000,36000,36000,892,224,23,78.58253441705455,13.326700005563907,36484.04890000529,115.69506726457399
1777888800,300,,Aggregated,1.100000,1.100000,23,36,42,46,68,89,170,290,36000,36000,36000,894,226,23,78.47537852349609,13.326700005563907,36484.04890000529,115.43624161073825
1777888801,300,,Aggregated,0.900000,0.900000,23,36,42,46,68,89,170,290,36000,36000,36000,895,227,23,78.42044681564296,13.326700005563907,36484.04890000529,115.3072625698324
1777888802,300,,Aggregated,0.900000,0.900000,23,36,42,46,68,89,170,290,36000,36000,36000,896,228,23,78.35970758927553,13.326700005563907,36484.04890000529,115.17857142857143
1777888803,300,,Aggregated,1.000000,1.000000,23,36,42,46,68,89,170,290,36000,36000,36000,897,229,23,78.30754325529425,13.326700005563907,36484.04890000529,115.05016722408027
1777888804,300,,Aggregated,1.100000,1.100000,23,36,42,46,68,89,170,290,36000,36000,36000,898,230,23,78.24043953229408,13.326700005563907,36484.04890000529,114.92204899777283
1777888805,300,,Aggregated,1.100000,1.100000,23,36,42,46,68,89,170,290,36000,36000,36000,899,231,23,78.17021090099878,13.326700005563907,36484.04890000529,114.79421579532814
1777888806,300,,Aggregated,1.100000,1.100000,23,36,42,46,68,89,170,290,36000,36000,36000,900,232,23,78.10387288889615,13.326700005563907,36484.04890000529,114.66666666666667
1777888807,300,,Aggregated,1.100000,1.100000,23,36,42,46,67,89,160,250,36000,36000,36000,902,234,23,77.97319368070674,13.326700005563907,36484.04890000529,114.41241685144124
1777888808,300,,Aggregated,1.100000,1.100000,23,36,42,46,67,89,160,250,36000,36000,36000,903,235,23,77.91852558138424,13.326700005563907,36484.04890000529,114.28571428571429
1777888809,300,,Aggregated,1.200000,1.200000,23,36,42,46,67,89,160,250,36000,36000,36000,904,236,23,77.85097168140312,13.326700005563907,36484.04890000529,114.15929203539822
1777888810,300,,Aggregated,1.200000,1.200000,23,36,42,46,67,89,160,250,36000,36000,36000,906,238,23,77.71636015452816,13.326700005563907,36484.04890000529,113.90728476821192
1777888811,300,,Aggregated,1.200000,1.200000,23,36,42,46,67,89,160,250,36000,36000,36000,908,240,23,77.58538381058155,13.326700005563907,36484.04890000529,113.65638766519824
1777888812,300,,Aggregated,1.300000,1.300000,23,36,42,46,67,89,160,250,36000,36000,36000,910,242,23,77.45362285714582,13.326700005563907,36484.04890000529,113.4065934065934
1777888813,300,,Aggregated,1.200000,1.200000,23,36,42,46,67,89,160,250,36000,36000,36000,911,243,23,77.38725817783082,13.326700005563907,36484.04890000529,113.2821075740944
1777888814,300,,Aggregated,1.300000,1.300000,23,35,42,46,67,89,160,250,36000,36000,36000,912,244,23,77.32160010965073,13.326700005563907,36484.04890000529,113.15789473684211
1777888815,300,,Aggregated,1.400000,1.400000,23,35,42,46,67,89,160,250,36000,36000,36000,913,245,23,77.25440700985565,13.326700005563907,36484.04890000529,113.03395399780942
1777888816,300,,Aggregated,1.400000,1.400000,23,35,42,46,67,89,160,250,36000,36000,36000,914,246,23,77.18849015316832,13.326700005563907,36484.04890000529,112.91028446389497
1777888817,300,,Aggregated,1.400000,1.400000,23,35,42,46,67,89,160,250,36000,36000,36000,915,247,23,77.12638972677313,13.326700005563907,36484.04890000529,112.78688524590164
1777888818,300,,Aggregated,1.400000,1.400000,23,35,42,46,67,89,160,250,36000,36000,36000,916,248,23,77.06155447598432,13.326700005563907,36484.04890000529,112.66375545851528
1777888819,300,,Aggregated,1.400000,1.400000,23,35,42,46,67,89,160,250,36000,36000,36000,917,249,23,76.99453380590329,13.326700005563907,36484.04890000529,112.54089422028353
1777888820,300,,Aggregated,1.300000,1.300000,23,35,42,46,67,89,160,250,36000,36000,36000,918,250,23,76.93034030503668,13.326700005563907,36484.04890000529,112.41830065359477
1777888821,300,,Aggregated,1.300000,1.300000,23,35,42,46,67,89,160,250,36000,36000,36000,919,251,23,76.86810021765186,13.326700005563907,36484.04890000529,112.29597388465723
1777888822,300,,Aggregated,1.200000,1.200000,23,35,42,46,67,89,160,250,36000,36000,36000,920,252,23,76.80708891307206,13.326700005563907,36484.04890000529,112.17391304347827
1777888823,300,,Aggregated,1.200000,1.200000,23,35,42,46,67,88,160,250,36000,36000,36000,921,253,23,76.74059413683342,13.326700005563907,36484.04890000529,112.05211726384364
1777888824,300,,Aggregated,1.100000,1.100000,23,35,42,46,67,88,160,250,36000,36000,36000,922,254,23,76.6762433839831,13.326700005563907,36484.04890000529,111.93058568329718
1777888826,300,,Aggregated,1.000000,1.000000,23,35,42,46,67,88,160,250,36000,36000,36000,923,255,23,76.6098743228871,13.326700005563907,36484.04890000529,111.80931744312026
1777888827,300,,Aggregated,1.000000,1.000000,23,35,42,46,67,88,160,250,36000,36000,36000,925,257,23,76.4826033513905,13.326700005563907,36484.04890000529,111.56756756756756
1777888828,300,,Aggregated,1.000000,1.000000,23,35,42,46,67,88,160,250,36000,36000,36000,926,258,23,76.41769060480031,13.326700005563907,36484.04890000529,111.44708423326134
1777888829,300,,Aggregated,1.000000,1.000000,23,35,42,46,67,88,160,250,36000,36000,36000,927,259,23,76.35799525354606,13.326700005563907,36484.04890000529,111.32686084142395
1777888830,300,,Aggregated,1.100000,1.100000,23,35,42,46,67,88,160,250,36000,36000,36000,929,261,23,76.2346641550301,13.326700005563907,36484.04890000529,111.08719052744887
1777888831,300,,Aggregated,1.100000,1.100000,23,35,42,46,67,88,160,250,36000,36000,36000,931,263,23,76.12415660582468,13.326700005563907,36484.04890000529,110.84854994629431
1777888832,300,,Aggregated,1.100000,1.100000,23,35,42,46,67,88,160,250,36000,36000,36000,933,265,23,76.01302625939708,13.326700005563907,36484.04890000529,110.61093247588424
1777888833,300,,Aggregated,1.200000,1.200000,23,35,42,46,67,88,160,250,36000,36000,36000,934,266,23,75.9569976445598,13.326700005563907,36484.04890000529,110.49250535331906
1777888834,300,,Aggregated,1.300000,1.300000,23,35,42,46,67,88,160,250,36000,36000,36000,935,267,23,75.8921309091172,13.326700005563907,36484.04890000529,110.37433155080214
1777888835,300,,Aggregated,1.400000,1.400000,23,35,42,46,67,88,160,250,36000,36000,36000,936,268,23,75.83047606839632,13.326700005563907,36484.04890000529,110.25641025641026
1777888836,300,,Aggregated,1.400000,1.400000,23,35,42,46,67,88,160,250,36000,36000,36000,937,269,23,75.76845581645458,13.326700005563907,36484.04890000529,110.13874066168623
1777888837,300,,Aggregated,1.400000,1.400000,23,35,42,46,67,88,160,250,36000,36000,36000,938,270,23,75.71087377399692,13.326700005563907,36484.04890000529,110.02132196162047
1777888838,300,,Aggregated,1.400000,1.400000,23,34,42,46,67,88,160,250,36000,36000,36000,939,271,23,75.64759169330736,13.326700005563907,36484.04890000529,109.90415335463258
1777888839,300,,Aggregated,1.400000,1.400000,23,35,42,46,67,88,160,250,36000,36000,36000,941,273,23,75.63350138153142,13.326700005563907,36484.04890000529,109.67056323060574
1777888840,300,,Aggregated,1.300000,1.300000,23,34,42,46,67,88,160,250,36000,36000,36000,942,274,23,75.56928290872817,13.326700005563907,36484.04890000529,109.55414012738854
1777888841,300,,Aggregated,1.300000,1.300000,23,34,42,46,67,88,160,250,36000,36000,36000,943,275,23,75.50608759280787,13.326700005563907,36484.04890000529,109.43796394485685
1777888842,300,,Aggregated,1.400000,1.400000,23,34,42,46,67,88,160,250,36000,36000,36000,944,276,23,75.44617976695994,13.326700005563907,36484.04890000529,109.32203389830508
1777888843,300,,Aggregated,1.300000,1.300000,23,34,41,46,67,88,160,250,36000,36000,36000,945,277,23,75.38256867725289,13.326700005563907,36484.04890000529,109.2063492063492
1777888844,300,,Aggregated,1.300000,1.300000,23,34,41,46,67,88,160,250,36000,36000,36000,945,277,23,75.38256867725289,13.326700005563907,36484.04890000529,109.2063492063492
1777888845,300,,Aggregated,1.100000,1.100000,23,34,41,45,67,88,160,250,36000,36000,36000,946,277,23,75.33547177591278,13.326700005563907,36484.04890000529,109.0909090909091
1777888846,300,,Aggregated,1.100000,1.100000,23,34,41,45,67,88,160,250,36000,36000,36000,946,277,23,75.33547177591278,13.326700005563907,36484.04890000529,109.0909090909091
1777888847,300,,Aggregated,1.100000,1.100000,23,34,41,45,67,88,160,250,36000,36000,36000,946,277,23,75.33547177591278,13.326700005563907,36484.04890000529,109.0909090909091
1777888848,300,,Aggregated,1.100000,1.100000,23,34,41,45,67,88,160,250,36000,36000,36000,946,277,23,75.33547177591278,13.326700005563907,36484.04890000529,109.0909090909091
1777888849,300,,Aggregated,1.100000,1.100000,23,34,41,45,67,88,160,250,36000,36000,36000,946,277,23,75.33547177591278,13.326700005563907,36484.04890000529,109.0909090909091
1777888850,300,,Aggregated,0.700000,0.600000,23,34,41,45,67,88,160,250,36000,36000,36000,948,279,23,75.22007162450127,13.326700005563907,36484.04890000529,108.86075949367088
1777888851,300,,Aggregated,0.700000,0.600000,23,34,41,45,67,88,160,250,36000,36000,36000,949,280,23,75.16535542679554,13.326700005563907,36484.04890000529,108.74604847207587
1777888852,300,,Aggregated,0.700000,0.600000,23,34,41,45,67,88,160,250,36000,36000,36000,949,280,23,75.16535542679554,13.326700005563907,36484.04890000529,108.74604847207587
1777888853,300,,Aggregated,0.700000,0.600000,23,34,41,45,67,88,160,250,36000,36000,36000,949,280,23,75.16535542679554,13.326700005563907,36484.04890000529,108.74604847207587
1777888854,300,,Aggregated,0.700000,0.600000,23,34,41,45,67,88,160,250,36000,36000,36000,949,280,23,75.16535542679554,13.326700005563907,36484.04890000529,108.74604847207587
1777888855,300,,Aggregated,0.700000,0.600000,23,34,41,45,67,88,160,250,36000,36000,36000,949,280,23,75.16535542679554,13.326700005563907,36484.04890000529,108.74604847207587
1777888856,300,,Aggregated,0.700000,0.600000,23,34,41,45,67,88,160,250,36000,36000,36000,949,280,23,75.16535542679554,13.326700005563907,36484.04890000529,108.74604847207587
1777888857,300,,Aggregated,0.700000,0.600000,23,34,41,45,67,88,160,250,36000,36000,36000,949,280,23,75.16535542679554,13.326700005563907,36484.04890000529,108.74604847207587
1777888858,300,,Aggregated,0.300000,0.300000,23,34,41,45,67,88,160,250,36000,36000,36000,951,282,23,75.04620630918149,13.326700005563907,36484.04890000529,108.5173501577287
1777888859,300,,Aggregated,0.300000,0.300000,23,34,41,45,67,88,160,250,36000,36000,36000,951,282,23,75.04620630918149,13.326700005563907,36484.04890000529,108.5173501577287
1777888860,300,,Aggregated,0.300000,0.300000,23,34,41,45,67,88,160,250,36000,36000,36000,951,282,23,75.04620630918149,13.326700005563907,36484.04890000529,108.5173501577287
1777888861,300,,Aggregated,0.300000,0.300000,23,34,41,45,67,88,160,250,36000,36000,36000,951,282,23,75.04620630918149,13.326700005563907,36484.04890000529,108.5173501577287
1777888862,300,,Aggregated,0.300000,0.300000,23,34,41,45,67,88,160,250,36000,36000,36000,951,282,23,75.04620630918149,13.326700005563907,36484.04890000529,108.5173501577287
1777888863,300,,Aggregated,0.300000,0.300000,23,34,41,45,67,88,160,250,36000,36000,36000,951,282,23,75.04620630918149,13.326700005563907,36484.04890000529,108.5173501577287
1777888864,300,,Aggregated,0.300000,0.300000,23,34,41,45,67,88,160,250,36000,36000,36000,951,282,23,75.04620630918149,13.326700005563907,36484.04890000529,108.5173501577287
1777888865,300,,Aggregated,0.300000,0.300000,23,34,41,45,67,88,160,250,36000,36000,36000,951,282,23,75.04620630918149,13.326700005563907,36484.04890000529,108.5173501577287
1777888866,300,,Aggregated,0.300000,0.300000,23,34,41,45,67,88,160,250,36000,36000,36000,951,282,23,75.04620630918149,13.326700005563907,36484.04890000529,108.5173501577287
1777888867,300,,Aggregated,0.300000,0.300000,23,34,41,45,67,88,160,250,36000,36000,36000,951,282,23,75.04620630918149,13.326700005563907,36484.04890000529,108.5173501577287
1777888868,300,,Aggregated,0.300000,0.300000,23,34,41,45,67,88,160,250,36000,36000,36000,951,282,23,75.04620630918149,13.326700005563907,36484.04890000529,108.5173501577287
1777888869,300,,Aggregated,0.200000,0.200000,23,34,41,45,67,88,160,250,36000,36000,36000,952,283,23,74.98857331936487,13.326700005563907,36484.04890000529,108.40336134453781
1777888870,300,,Aggregated,0.200000,0.200000,23,34,41,45,67,88,160,250,36000,36000,36000,952,283,23,74.98857331936487,13.326700005563907,36484.04890000529,108.40336134453781
1777888871,300,,Aggregated,0.100000,0.100000,23,34,41,45,67,89,160,250,36000,36000,36000,953,284,23,75.00992413436269,13.326700005563907,36484.04890000529,108.28961175236097
1777888872,300,,Aggregated,0.100000,0.100000,23,34,41,45,67,89,160,250,36000,36000,36000,953,284,23,75.00992413436269,13.326700005563907,36484.04890000529,108.28961175236097
1777888873,300,,Aggregated,0.200000,0.200000,23,34,41,46,67,89,160,250,36000,36000,36000,954,285,23,74.97903522018238,13.326700005563907,36484.04890000529,108.17610062893081
1777888874,300,,Aggregated,0.200000,0.200000,23,34,42,46,67,89,160,250,36000,36000,36000,955,286,23,74.95348062832518,13.326700005563907,36484.04890000529,108.06282722513089
1777888875,300,,Aggregated,0.200000,0.200000,23,34,42,46,67,89,160,250,36000,36000,36000,955,286,23,74.95348062832518,13.326700005563907,36484.04890000529,108.06282722513089
1777888876,300,,Aggregated,0.200000,0.200000,23,34,42,46,67,89,160,250,36000,36000,36000,955,286,23,74.95348062832518,13.326700005563907,36484.04890000529,108.06282722513089
1777888877,300,,Aggregated,0.300000,0.300000,23,34,42,46,67,89,160,250,36000,36000,36000,956,287,23,74.95471548121196,13.326700005563907,36484.04890000529,107.94979079497908
1777888878,300,,Aggregated,0.400000,0.400000,23,34,42,46,67,89,160,250,36000,36000,36000,957,288,23,74.93494629053775,13.326700005563907,36484.04890000529,107.83699059561128
1777888879,300,,Aggregated,0.400000,0.400000,23,34,42,46,67,89,160,250,36000,36000,36000,957,288,23,74.93494629053775,13.326700005563907,36484.04890000529,107.83699059561128
1777888880,300,,Aggregated,0.500000,0.500000,23,35,42,46,67,89,160,250,36000,36000,36000,958,289,23,74.92476670150592,13.326700005563907,36484.04890000529,107.72442588726514
1777888881,300,,Aggregated,0.500000,0.500000,23,35,42,46,67,89,160,250,36000,36000,36000,960,291,23,74.84755208338356,13.326700005563907,36484.04890000529,107.5
1777888882,300,,Aggregated,0.500000,0.500000,23,35,42,46,67,88,160,250,36000,36000,36000,961,292,23,74.84719261190172,13.326700005563907,36484.04890000529,107.38813735691987
1777888883,300,,Aggregated,0.600000,0.600000,23,35,42,46,67,88,160,250,36000,36000,36000,962,293,23,74.85026049900186,13.326700005563907,36484.04890000529,107.27650727650727
1777888884,300,,Aggregated,0.600000,0.600000,23,35,42,46,67,88,160,250,36000,36000,36000,963,294,23,74.83875929392903,13.326700005563907,36484.04890000529,107.16510903426791
1777888885,300,,Aggregated,0.800000,0.800000,23,35,42,46,67,88,160,250,36000,36000,36000,964,295,23,74.81520861002684,13.326700005563907,36484.04890000529,107.0539419087137
1777888886,300,,Aggregated,0.900000,0.900000,23,35,42,46,67,88,160,250,36000,36000,36000,966,297,23,74.74141563153592,13.326700005563907,36484.04890000529,106.83229813664596
1777888887,300,,Aggregated,0.900000,0.900000,23,35,42,46,67,88,160,250,36000,36000,36000,966,297,23,74.74141563153592,13.326700005563907,36484.04890000529,106.83229813664596
1777888888,300,,Aggregated,0.900000,0.900000,23,35,42,46,67,88,160,250,36000,36000,36000,966,297,23,74.74141563153592,13.326700005563907,36484.04890000529,106.83229813664596
1777888889,300,,Aggregated,0.900000,0.900000,23,35,42,46,67,88,160,250,36000,36000,36000,966,297,23,74.74141563153592,13.326700005563907,36484.04890000529,106.83229813664596
1777888890,300,,Aggregated,1.000000,1.000000,23,35,42,46,67,89,160,250,36000,36000,36000,968,299,23,74.74685030999451,13.326700005563907,36484.04890000529,106.61157024793388
1777888891,300,,Aggregated,1.000000,1.000000,23,35,42,46,67,89,160,250,36000,36000,36000,968,299,23,74.74685030999451,13.326700005563907,36484.04890000529,106.61157024793388
1777888892,300,,Aggregated,1.000000,1.000000,23,35,42,46,67,89,160,250,36000,36000,36000,968,299,23,74.74685030999451,13.326700005563907,36484.04890000529,106.61157024793388
1777888893,300,,Aggregated,0.900000,0.900000,23,35,42,46,67,89,160,250,36000,36000,36000,969,300,23,74.71273725497238,13.326700005563907,36484.04890000529,106.50154798761609
1777888894,300,,Aggregated,0.900000,0.900000,23,35,42,46,67,89,160,250,36000,36000,36000,969,300,23,74.71273725497238,13.326700005563907,36484.04890000529,106.50154798761609
1777888895,300,,Aggregated,0.900000,0.900000,23,35,42,46,67,89,160,250,36000,36000,36000,969,300,23,74.71273725497238,13.326700005563907,36484.04890000529,106.50154798761609
1777888896,300,,Aggregated,0.600000,0.600000,23,35,42,46,67,89,160,250,36000,36000,36000,972,303,23,74.61780493835204,13.326700005563907,36484.04890000529,106.17283950617283
1777888897,300,,Aggregated,0.600000,0.600000,23,35,42,46,67,89,160,250,36000,36000,36000,973,304,23,74.57535704016352,13.326700005563907,36484.04890000529,106.06372045220967
1777888898,300,,Aggregated,0.600000,0.600000,23,35,42,46,67,89,160,250,36000,36000,36000,974,305,23,74.54801334709838,13.326700005563907,36484.04890000529,105.95482546201232
1777888899,300,,Aggregated,0.700000,0.700000,23,35,42,46,67,89,160,250,36000,36000,36000,977,308,23,74.42171617203209,13.326700005563907,36484.04890000529,105.62947799385876
1777888900,300,,Aggregated,0.700000,0.700000,23,35,42,46,68,89,160,250,36000,36000,36000,978,309,23,74.45404570559725,13.326700005563907,36484.04890000529,105.52147239263803
1777888901,300,,Aggregated,0.700000,0.700000,23,35,42,46,68,89,160,250,36000,36000,36000,978,309,23,74.45404570559725,13.326700005563907,36484.04890000529,105.52147239263803
1777888902,300,,Aggregated,0.700000,0.700000,23,35,42,46,68,89,160,250,36000,36000,36000,978,309,23,74.45404570559725,13.326700005563907,36484.04890000529,105.52147239263803
1777888903,300,,Aggregated,0.700000,0.700000,23,35,42,46,68,89,160,250,36000,36000,36000,978,309,23,74.45404570559725,13.326700005563907,36484.04890000529,105.52147239263803
1777888904,300,,Aggregated,1.000000,1.000000,23,35,42,46,68,89,160,250,36000,36000,36000,979,310,23,74.40698968343314,13.326700005563907,36484.04890000529,105.41368743615935
1777888905,300,,Aggregated,1.000000,1.000000,23,35,42,46,68,89,160,250,36000,36000,36000,980,311,23,74.41738959192773,13.326700005563907,36484.04890000529,105.3061224489796
1777888906,300,,Aggregated,1.000000,1.000000,23,35,42,46,68,89,160,250,36000,36000,36000,981,312,23,74.36415331303078,13.326700005563907,36484.04890000529,105.19877675840979
1777888907,300,,Aggregated,1.000000,1.000000,23,35,42,46,68,89,160,250,36000,36000,36000,982,313,23,74.3381709776842,13.326700005563907,36484.04890000529,105.09164969450102
1777888908,300,,Aggregated,0.900000,0.900000,23,35,42,46,68,89,160,250,36000,36000,36000,983,314,23,74.29236063081096,13.326700005563907,36484.04890000529,104.98474059003051
1777888909,300,,Aggregated,0.900000,0.900000,23,35,42,47,68,89,160,250,36000,36000,36000,984,315,23,74.28202418707112,13.326700005563907,36484.04890000529,104.8780487804878
1777888910,300,,Aggregated,0.900000,0.900000,23,35,42,47,68,89,160,250,36000,36000,36000,984,315,23,74.28202418707112,13.326700005563907,36484.04890000529,104.8780487804878
1777888911,300,,Aggregated,0.900000,0.900000,23,36,42,47,68,89,160,250,36000,36000,36000,985,316,23,74.29978680211299,13.326700005563907,36484.04890000529,104.77157360406092
1777888912,300,,Aggregated,0.900000,0.900000,23,36,42,47,68,89,160,250,36000,36000,36000,985,316,23,74.29978680211299,13.326700005563907,36484.04890000529,104.77157360406092
1777888913,300,,Aggregated,0.700000,0.700000,23,35,42,47,68,89,160,250,36000,36000,36000,986,317,23,74.25615253557666,13.326700005563907,36484.04890000529,104.66531440162272
1777888914,300,,Aggregated,0.700000,0.700000,23,36,42,47,68,89,160,250,36000,36000,36000,987,317,23,74.2377866262089,13.326700005563907,36484.04890000529,104.55927051671732
1777888915,300,,Aggregated,0.700000,0.700000,23,36,42,47,68,89,160,250,36000,36000,36000,989,319,23,74.16104620837685,13.326700005563907,36484.04890000529,104.34782608695652
1777888916,300,,Aggregated,0.700000,0.700000,23,36,42,47,68,91,160,250,36000,36000,36000,990,320,23,74.1778791920021,13.326700005563907,36484.04890000529,104.24242424242425
1777888917,300,,Aggregated,0.800000,0.700000,23,36,42,47,68,91,160,250,36000,36000,36000,991,321,23,74.13778839564793,13.326700005563907,36484.04890000529,104.1372351160444
1777888918,300,,Aggregated,0.800000,0.700000,23,36,42,47,68,91,160,250,36000,36000,36000,991,321,23,74.13778839564793,13.326700005563907,36484.04890000529,104.1372351160444
1777888919,300,,Aggregated,0.900000,0.800000,23,36,42,47,68,91,160,250,36000,36000,36000,993,323,23,74.05954481378089,13.326700005563907,36484.04890000529,103.92749244712991
1777888920,300,,Aggregated,0.900000,0.800000,23,36,42,47,68,91,160,250,36000,36000,36000,993,323,23,74.05954481378089,13.326700005563907,36484.04890000529,103.92749244712991
1777888921,300,,Aggregated,0.700000,0.600000,23,36,42,47,68,91,160,250,36000,36000,36000,994,324,23,74.0830895373065,13.326700005563907,36484.04890000529,103.82293762575453
1777888922,300,,Aggregated,0.900000,0.800000,23,36,43,47,68,91,160,250,36000,36000,36000,996,326,23,74.1273846386423,13.326700005563907,36484.04890000529,103.6144578313253
1777888923,300,,Aggregated,0.800000,0.700000,23,36,43,47,68,91,160,250,36000,36000,36000,997,327,23,74.10184904723556,13.326700005563907,36484.04890000529,103.51053159478435
1777888924,300,,Aggregated,0.900000,0.800000,23,36,43,47,69,91,160,250,36000,36000,36000,998,328,23,74.09760851713324,13.326700005563907,36484.04890000529,103.40681362725451
1777888925,300,,Aggregated,1.100000,1.000000,23,36,43,47,69,91,160,250,36000,36000,36000,1000,330,23,73.98520870010543,13.326700005563907,36484.04890000529,103.2
1777888926,300,,Aggregated,1.100000,1.000000,23,36,43,47,68,91,160,210,490,36000,36000,1001,331,23,73.95140179830962,13.326700005563907,36484.04890000529,103.09690309690309
1777888927,300,,Aggregated,1.100000,1.000000,23,36,43,47,68,91,160,210,490,36000,36000,1001,331,23,73.95140179830962,13.326700005563907,36484.04890000529,103.09690309690309
1777888928,300,,Aggregated,1.100000,1.000000,23,36,43,47,68,91,160,210,490,36000,36000,1001,331,23,73.95140179830962,13.326700005563907,36484.04890000529,103.09690309690309
1777888929,300,,Aggregated,1.100000,1.000000,23,36,43,47,68,91,160,210,490,36000,36000,1001,331,23,73.95140179830962,13.326700005563907,36484.04890000529,103.09690309690309
1777888931,300,,Aggregated,1.100000,1.000000,23,36,43,47,68,91,160,210,490,36000,36000,1001,331,23,73.95140179830962,13.326700005563907,36484.04890000529,103.09690309690309
1777888932,300,,Aggregated,1.000000,1.000000,23,36,43,47,68,91,160,210,490,36000,36000,1002,332,23,73.9011120759513,13.326700005563907,36484.04890000529,102.9940119760479
1777888933,300,,Aggregated,0.800000,0.800000,23,36,43,47,69,91,160,210,490,36000,36000,1004,334,23,73.86515517939108,13.326700005563907,36484.04890000529,102.78884462151395
1777888934,300,,Aggregated,0.800000,0.800000,23,36,43,47,69,91,160,210,490,36000,36000,1005,335,23,73.82734218916093,13.326700005563907,36484.04890000529,102.68656716417911
1777888935,300,,Aggregated,0.800000,0.800000,23,36,43,47,69,91,160,210,490,36000,36000,1005,335,23,73.82734218916093,13.326700005563907,36484.04890000529,102.68656716417911
1777888936,300,,Aggregated,0.800000,0.800000,23,36,43,47,69,91,160,210,490,36000,36000,1006,336,23,73.79518200805775,13.326700005563907,36484.04890000529,102.5844930417495
1777888937,300,,Aggregated,0.700000,0.700000,23,36,43,47,69,91,160,210,490,36000,36000,1007,337,23,73.74243694152374,13.326700005563907,36484.04890000529,102.48262164846078
1777888938,300,,Aggregated,0.700000,0.700000,23,36,43,47,69,91,160,210,490,36000,36000,1007,337,23,73.74243694152374,13.326700005563907,36484.04890000529,102.48262164846078
1777888939,300,,Aggregated,0.700000,0.700000,23,36,43,47,69,91,160,210,490,36000,36000,1007,337,23,73.74243694152374,13.326700005563907,36484.04890000529,102.48262164846078
1777888940,300,,Aggregated,0.500000,0.500000,23,36,43,47,69,91,160,210,490,36000,36000,1008,338,23,73.7449990080518,13.326700005563907,36484.04890000529,102.38095238095238
1777888941,300,,Aggregated,0.600000,0.600000,23,36,43,47,69,91,160,210,490,36000,36000,1009,339,23,73.7251077305419,13.326700005563907,36484.04890000529,102.2794846382557
1777888942,300,,Aggregated,0.600000,0.600000,23,36,43,47,69,91,160,210,490,36000,36000,1009,339,23,73.7251077305419,13.326700005563907,36484.04890000529,102.2794846382557
1777888943,300,,Aggregated,0.600000,0.600000,23,36,43,47,69,91,160,210,490,36000,36000,1009,339,23,73.7251077305419,13.326700005563907,36484.04890000529,102.2794846382557
1777888944,300,,Aggregated,0.600000,0.600000,23,36,43,47,69,91,160,210,490,36000,36000,1009,339,23,73.7251077305419,13.326700005563907,36484.04890000529,102.2794846382557
1777888945,300,,Aggregated,0.700000,0.700000,23,36,43,47,69,91,160,210,490,36000,36000,1011,341,23,73.68903333343899,13.326700005563907,36484.04890000529,102.07715133531157
1777888946,300,,Aggregated,0.700000,0.700000,23,36,43,47,69,91,160,210,490,36000,36000,1011,341,23,73.68903333343899,13.326700005563907,36484.04890000529,102.07715133531157
1777888947,300,,Aggregated,0.700000,0.700000,23,36,43,47,69,91,160,210,490,36000,36000,1011,341,23,73.68903333343899,13.326700005563907,36484.04890000529,102.07715133531157
1777888948,300,,Aggregated,0.600000,0.600000,23,36,43,48,69,91,160,210,490,36000,36000,1012,342,23,73.6749274704635,13.326700005563907,36484.04890000529,101.97628458498023
1777888949,300,,Aggregated,0.600000,0.600000,23,36,43,48,69,91,160,210,490,36000,36000,1012,342,23,73.6749274704635,13.326700005563907,36484.04890000529,101.97628458498023
1777888950,300,,Aggregated,0.500000,0.500000,23,37,43,48,70,91,160,210,490,36000,36000,1014,344,23,73.673485503063,13.326700005563907,36484.04890000529,101.77514792899409
1777888951,300,,Aggregated,0.500000,0.500000,23,37,43,48,70,91,160,210,490,36000,36000,1014,344,23,73.673485503063,13.326700005563907,36484.04890000529,101.77514792899409
1777888952,300,,Aggregated,0.500000,0.500000,23,37,43,48,70,91,160,210,490,36000,36000,1015,345,23,73.63492325133257,13.326700005563907,36484.04890000529,101.67487684729063
1777888953,300,,Aggregated,0.600000,0.600000,23,37,43,48,70,91,160,210,490,36000,36000,1016,346,23,73.60056998041678,13.326700005563907,36484.04890000529,101.5748031496063
1777888954,300,,Aggregated,0.500000,0.500000,23,37,43,48,70,91,160,210,490,36000,36000,1018,348,23,73.52306434195039,13.326700005563907,36484.04890000529,101.37524557956777
1777888955,300,,Aggregated,0.700000,0.700000,23,37,43,48,70,91,160,210,490,36000,36000,1021,351,23,73.4787345740451,13.326700005563907,36484.04890000529,101.07737512242899
1777888956,300,,Aggregated,0.700000,0.700000,23,37,43,48,70,91,160,210,490,36000,36000,1022,352,23,73.44675205489668,13.326700005563907,36484.04890000529,100.97847358121331
1777888957,300,,Aggregated,0.900000,0.900000,23,37,43,48,70,91,160,210,490,36000,36000,1023,353,23,73.4191503422312,13.326700005563907,36484.04890000529,100.87976539589442
1777888958,300,,Aggregated,0.900000,0.900000,23,37,43,48,70,91,160,210,490,36000,36000,1024,353,23,73.40569169930689,13.326700005563907,36484.04890000529,100.78125
1777888959,300,,Aggregated,1.100000,1.100000,23,37,43,48,70,91,160,210,490,36000,36000,1025,354,23,73.40203658545606,13.326700005563907,36484.04890000529,100.6829268292683
1777888960,300,,Aggregated,1.100000,1.100000,23,37,43,48,70,91,160,210,490,36000,36000,1025,354,23,73.40203658545606,13.326700005563907,36484.04890000529,100.6829268292683
1777888961,300,,Aggregated,1.200000,1.100000,23,37,43,48,70,91,160,210,490,36000,36000,1026,354,23,73.37698947376906,13.326700005563907,36484.04890000529,100.58479532163743
1777888962,300,,Aggregated,1.300000,1.200000,23,37,43,48,70,91,160,210,490,36000,36000,1028,356,23,73.34275875496044,13.326700005563907,36484.04890000529,100.38910505836576
1777888963,300,,Aggregated,1.200000,1.000000,23,37,43,48,70,91,160,210,490,36000,36000,1029,357,23,73.31514839659998,13.326700005563907,36484.04890000529,100.29154518950438
1777888964,300,,Aggregated,1.200000,1.000000,23,37,43,48,70,91,160,210,490,36000,36000,1030,358,23,73.28077466029322,13.326700005563907,36484.04890000529,100.19417475728156
1777888965,300,,Aggregated,1.200000,1.000000,23,37,43,48,70,91,160,210,490,36000,36000,1034,361,23,73.14888965193231,13.326700005563907,36484.04890000529,99.80657640232108
1777888966,300,,Aggregated,1.200000,1.000000,23,37,44,48,70,91,160,210,490,36000,36000,1036,363,23,73.14915472982518,13.326700005563907,36484.04890000529,99.61389961389962
1777888967,300,,Aggregated,1.300000,1.100000,23,37,44,48,70,91,160,210,490,36000,36000,1037,364,23,73.14491513991915,13.326700005563907,36484.04890000529,99.51783992285439
1777888968,300,,Aggregated,1.400000,1.100000,23,37,44,48,70,91,160,210,490,36000,36000,1038,365,23,73.10941040472777,13.326700005563907,36484.04890000529,99.42196531791907
1777888969,300,,Aggregated,1.300000,1.000000,23,37,44,48,70,91,160,210,490,36000,36000,1039,366,23,73.08503079894886,13.326700005563907,36484.04890000529,99.32627526467758
1777888970,300,,Aggregated,1.300000,1.000000,23,37,44,48,70,91,160,210,490,36000,36000,1039,366,23,73.08503079894886,13.326700005563907,36484.04890000529,99.32627526467758
1777888971,300,,Aggregated,1.300000,1.100000,24,37,44,48,70,91,160,210,490,36000,36000,1040,367,23,73.06825586548747,13.326700005563907,36484.04890000529,99.23076923076923
1777888972,300,,Aggregated,1.400000,1.200000,24,37,44,48,70,91,160,210,490,36000,36000,1042,369,24,73.04161631488189,13.326700005563907,36484.04890000529,99.04030710172745
1777888973,300,,Aggregated,1.300000,1.200000,24,37,44,48,70,91,160,210,490,36000,36000,1043,370,24,73.01281869617623,13.326700005563907,36484.04890000529,98.94534995206136
1777888974,300,,Aggregated,1.200000,1.100000,24,37,44,49,70,91,160,210,490,36000,36000,1044,371,24,72.99502959780845,13.326700005563907,36484.04890000529,98.85057471264368
1777888975,300,,Aggregated,1.200000,1.100000,24,37,44,49,70,91,160,210,490,36000,36000,1044,371,24,72.99502959780845,13.326700005563907,36484.04890000529,98.85057471264368
1777888976,300,,Aggregated,1.400000,1.300000,24,37,44,49,70,91,160,210,490,36000,36000,1045,372,24,73.00139263168681,13.326700005563907,36484.04890000529,98.75598086124401
1777888977,300,,Aggregated,1.300000,1.200000,24,37,44,49,70,91,160,210,490,36000,36000,1046,373,24,72.9484795412148,13.326700005563907,36484.04890000529,98.66156787762907
1777888978,300,,Aggregated,0.900000,0.900000,24,37,44,49,70,91,160,210,490,36000,36000,1048,375,24,72.90879608790559,13.326700005563907,36484.04890000529,98.47328244274809
1777888979,300,,Aggregated,1.000000,1.000000,24,37,44,49,70,91,160,250,560,36000,36000,1050,376,24,73.34809980964998,13.326700005563907,36484.04890000529,98.28571428571429
1777888980,300,,Aggregated,1.000000,1.000000,24,37,44,49,70,91,160,250,560,36000,36000,1051,377,24,73.33011151296746,13.326700005563907,36484.04890000529,98.19219790675547
1777888981,300,,Aggregated,1.100000,1.100000,24,37,44,49,70,91,160,250,560,36000,36000,1052,378,24,73.29643203434767,13.326700005563907,36484.04890000529,98.09885931558935
1777888982,300,,Aggregated,1.100000,1.100000,24,37,44,49,70,91,160,250,560,36000,36000,1053,379,24,73.24569781589125,13.326700005563907,36484.04890000529,98.00569800569801
1777888983,300,,Aggregated,1.200000,1.100000,24,37,44,49,71,91,160,250,560,36000,36000,1055,381,24,73.2988034124388,13.326700005563907,36484.04890000529,97.81990521327015
1777888984,300,,Aggregated,1.300000,1.200000,24,37,44,49,71,91,160,250,560,36000,36000,1057,382,24,73.2342007569776,13.326700005563907,36484.04890000529,97.63481551561021
1777888985,300,,Aggregated,1.300000,1.200000,24,38,44,49,71,91,160,250,560,36000,36000,1058,383,24,73.21267759936663,13.326700005563907,36484.04890000529,97.54253308128544
1777888986,300,,Aggregated,1.300000,1.200000,24,38,44,49,71,91,160,250,560,36000,36000,1059,384,24,73.19018375838377,13.326700005563907,36484.04890000529,97.45042492917847
1777888987,300,,Aggregated,1.300000,1.200000,24,38,44,49,71,91,160,250,560,36000,36000,1059,384,24,73.19018375838377,13.326700005563907,36484.04890000529,97.45042492917847
1777888988,300,,Aggregated,1.300000,1.200000,24,38,44,49,71,91,160,250,560,36000,36000,1059,384,24,73.19018375838377,13.326700005563907,36484.04890000529,97.45042492917847
1777888989,300,,Aggregated,1.300000,1.200000,24,38,44,49,71,91,160,250,560,36000,36000,1059,384,24,73.19018375838377,13.326700005563907,36484.04890000529,97.45042492917847
1777888990,300,,Aggregated,1.300000,1.100000,24,38,45,49,72,91,160,250,560,36000,36000,1060,385,24,73.19711226426868,13.326700005563907,36484.04890000529,97.35849056603773
1777888991,300,,Aggregated,1.000000,0.800000,24,38,44,49,71,91,160,250,560,36000,36000,1062,387,24,73.13876299446461,13.326700005563907,36484.04890000529,97.17514124293785
1777888992,300,,Aggregated,1.000000,0.800000,24,38,45,49,71,91,160,250,560,36000,36000,1063,388,24,73.11709313276401,13.326700005563907,36484.04890000529,97.08372530573848
1777888993,300,,Aggregated,0.900000,0.800000,24,38,45,49,71,91,160,250,560,36000,36000,1064,389,24,73.09448919184611,13.326700005563907,36484.04890000529,96.99248120300751
1777888994,300,,Aggregated,1.000000,0.900000,24,38,45,49,72,91,160,250,560,36000,36000,1065,390,24,73.1471793428353,13.326700005563907,36484.04890000529,96.90140845070422
1777888995,300,,Aggregated,0.900000,0.800000,24,38,45,49,72,91,160,250,560,36000,36000,1068,392,24,73.0894826780052,13.326700005563907,36484.04890000529,96.62921348314607
1777888996,300,,Aggregated,0.900000,0.800000,24,38,45,49,72,91,160,250,560,36000,36000,1068,392,24,73.0894826780052,13.326700005563907,36484.04890000529,96.62921348314607
1777888997,300,,Aggregated,0.800000,0.800000,24,38,45,49,71,91,160,250,560,36000,36000,1071,395,24,73.00038281991483,13.326700005563907,36484.04890000529,96.35854341736695
1777888998,300,,Aggregated,0.800000,0.800000,24,38,45,49,71,91,160,250,560,36000,36000,1071,395,24,73.00038281991483,13.326700005563907,36484.04890000529,96.35854341736695
1777888999,300,,Aggregated,0.900000,0.800000,24,38,45,49,71,91,160,250,560,36000,36000,1072,396,24,72.98924085833603,13.326700005563907,36484.04890000529,96.26865671641791
1777889000,300,,Aggregated,0.900000,0.800000,24,38,45,49,71,91,160,250,560,36000,36000,1072,396,24,72.98924085833603,13.326700005563907,36484.04890000529,96.26865671641791
1777889001,300,,Aggregated,1.200000,1.100000,24,38,45,49,72,92,160,250,560,36000,36000,1076,400,24,72.98827388487322,13.326700005563907,36484.04890000529,95.91078066914498
1777889002,300,,Aggregated,1.200000,1.100000,24,38,45,49,72,92,160,250,560,36000,36000,1077,401,24,72.96576805953717,13.326700005563907,36484.04890000529,95.82172701949861
1777889003,300,,Aggregated,1.200000,1.100000,24,38,45,49,72,92,160,250,560,36000,36000,1077,401,24,72.96576805953717,13.326700005563907,36484.04890000529,95.82172701949861
1777889004,300,,Aggregated,1.400000,1.300000,24,38,45,49,72,92,160,250,560,36000,36000,1079,403,24,72.89645152931277,13.326700005563907,36484.04890000529,95.64411492122335
1777889005,300,,Aggregated,1.400000,1.300000,24,38,45,49,72,92,160,250,560,36000,36000,1079,403,24,72.89645152931277,13.326700005563907,36484.04890000529,95.64411492122335
1777889006,300,,Aggregated,1.500000,1.400000,24,38,45,49,72,91,160,250,560,36000,36000,1081,405,24,72.85180971334205,13.326700005563907,36484.04890000529,95.46716003700277
1777889007,300,,Aggregated,1.300000,1.200000,24,38,45,49,72,91,160,250,560,36000,36000,1082,406,24,72.8396622921545,13.326700005563907,36484.04890000529,95.37892791127541
1777889008,300,,Aggregated,1.200000,1.200000,24,38,45,49,72,91,160,250,560,36000,36000,1083,407,24,72.80609058182623,13.326700005563907,36484.04890000529,95.29085872576178
1777889009,300,,Aggregated,1.200000,1.200000,24,38,45,49,72,91,160,250,560,36000,36000,1083,407,24,72.80609058182623,13.326700005563907,36484.04890000529,95.29085872576178
1777889010,300,,Aggregated,1.100000,1.100000,24,38,45,49,72,91,160,250,560,36000,36000,1086,410,24,72.78269907928279,13.326700005563907,36484.04890000529,95.02762430939227
1777889011,300,,Aggregated,1.200000,1.200000,24,38,45,49,72,91,160,250,560,36000,36000,1087,411,24,72.75037405713721,13.326700005563907,36484.04890000529,94.94020239190432
1777889012,300,,Aggregated,1.200000,1.200000,24,38,45,49,72,91,160,250,560,36000,36000,1087,411,24,72.75037405713721,13.326700005563907,36484.04890000529,94.94020239190432
1777889013,300,,Aggregated,1.200000,1.200000,24,38,45,50,72,91,160,250,560,36000,36000,1088,412,24,72.7325017464195,13.326700005563907,36484.04890000529,94.8529411764706
1777889014,300,,Aggregated,1.100000,1.100000,24,38,45,50,72,92,160,290,2200,36000,36000,1092,415,24,74.6006034799563,13.326700005563907,36484.04890000529,94.50549450549451
1777889015,300,,Aggregated,1.100000,1.100000,24,38,45,50,72,92,160,290,2200,36000,36000,1092,415,24,74.6006034799563,13.326700005563907,36484.04890000529,94.50549450549451
1777889016,300,,Aggregated,1.100000,1.100000,24,38,45,50,72,92,160,290,2200,36000,36000,1092,415,24,74.6006034799563,13.326700005563907,36484.04890000529,94.50549450549451
1777889017,300,,Aggregated,1.300000,1.200000,24,38,45,50,72,92,160,290,2200,36000,36000,1095,418,24,74.56500748867174,13.326700005563907,36484.04890000529,94.24657534246575
1777889018,300,,Aggregated,1.200000,1.100000,25,38,45,50,72,92,160,290,2200,36000,36000,1096,419,24,74.5278433394985,13.326700005563907,36484.04890000529,94.16058394160584
1777889019,300,,Aggregated,1.100000,1.000000,25,38,45,50,72,92,160,290,2200,36000,36000,1098,421,25,74.46400528242322,13.326700005563907,36484.04890000529,93.98907103825137
1777889020,300,,Aggregated,1.300000,1.200000,25,38,45,50,72,92,160,290,2200,36000,36000,1099,422,25,74.43436560518093,13.326700005563907,36484.04890000529,93.90354868061874
1777889021,300,,Aggregated,1.300000,1.200000,25,38,45,50,72,92,160,290,2200,36000,36000,1099,422,25,74.43436560518093,13.326700005563907,36484.04890000529,93.90354868061874
1777889022,300,,Aggregated,1.300000,1.200000,25,38,45,50,72,92,160,290,2200,36000,36000,1100,423,25,74.43343472735829,13.326700005563907,36484.04890000529,93.81818181818181
1777889023,300,,Aggregated,1.300000,1.200000,25,38,45,50,72,92,160,250,2200,36000,36000,1101,424,25,74.43438737518805,13.326700005563907,36484.04890000529,93.73297002724796
1777889024,300,,Aggregated,1.200000,1.100000,25,38,45,50,72,92,160,250,2200,36000,36000,1103,426,25,74.39714070724163,13.326700005563907,36484.04890000529,93.56300997280145
1777889025,300,,Aggregated,1.300000,1.200000,25,39,45,50,72,92,160,250,2200,36000,36000,1105,428,25,74.36646950233367,13.326700005563907,36484.04890000529,93.39366515837104
1777889026,300,,Aggregated,1.300000,1.200000,25,39,45,50,72,92,160,250,2200,36000,36000,1105,428,25,74.36646950233367,13.326700005563907,36484.04890000529,93.39366515837104
1777889027,300,,Aggregated,1.100000,1.100000,25,39,45,50,72,92,160,250,2200,36000,36000,1106,429,25,74.33477405070656,13.326700005563907,36484.04890000529,93.30922242314648
1777889028,300,,Aggregated,1.100000,1.100000,25,39,45,50,72,92,160,250,2200,36000,36000,1107,430,25,74.34179846438663,13.326700005563907,36484.04890000529,93.22493224932249
1777889029,300,,Aggregated,1.300000,1.300000,25,39,45,50,72,92,160,250,2200,36000,36000,1109,432,25,74.27900171332152,13.326700005563907,36484.04890000529,93.05680793507665
1777889030,300,,Aggregated,1.200000,1.200000,25,39,45,50,72,92,160,250,2200,36000,36000,1112,435,25,74.19514955042013,13.326700005563907,36484.04890000529,92.80575539568345
1777889032,300,,Aggregated,1.200000,1.200000,25,39,45,50,72,92,160,250,2200,36000,36000,1112,435,25,74.19514955042013,13.326700005563907,36484.04890000529,92.80575539568345
1777889033,300,,Aggregated,1.100000,1.100000,25,39,45,50,72,92,160,250,2200,36000,36000,1113,436,25,74.18674600185057,13.326700005563907,36484.04890000529,92.722371967655
1777889034,300,,Aggregated,1.300000,1.300000,25,39,45,50,72,92,160,250,2200,36000,36000,1116,439,25,74.10524955201019,13.326700005563907,36484.04890000529,92.47311827956989
1777889035,300,,Aggregated,1.300000,1.300000,25,39,45,50,72,92,160,250,2200,36000,36000,1116,439,25,74.10524955201019,13.326700005563907,36484.04890000529,92.47311827956989
1777889036,300,,Aggregated,1.300000,1.300000,25,39,45,50,72,92,160,250,2200,36000,36000,1116,439,25,74.10524955201019,13.326700005563907,36484.04890000529,92.47311827956989
1777889037,300,,Aggregated,1.500000,1.500000,25,39,45,50,72,92,160,250,2200,36000,36000,1117,440,25,74.09173921221438,13.326700005563907,36484.04890000529,92.39033124440465
1777889038,300,,Aggregated,1.300000,1.300000,25,39,45,50,72,92,160,250,2200,36000,36000,1118,441,25,74.0636654741016,13.326700005563907,36484.04890000529,92.3076923076923
1777889039,300,,Aggregated,1.200000,1.200000,25,39,45,50,72,92,160,250,2200,36000,36000,1120,443,25,74.10201232145742,13.326700005563907,36484.04890000529,92.14285714285714
1777889040,300,,Aggregated,1.200000,1.200000,25,39,45,50,72,92,160,250,2200,36000,36000,1123,446,25,74.00828076583072,13.326700005563907,36484.04890000529,91.8967052537845
1777889041,300,,Aggregated,1.200000,1.200000,25,39,45,50,72,92,160,250,2200,36000,36000,1123,446,25,74.00828076583072,13.326700005563907,36484.04890000529,91.8967052537845
1777889042,300,,Aggregated,1.200000,1.200000,25,39,45,50,72,92,160,250,2200,36000,36000,1124,447,25,73.97893825625398,13.326700005563907,36484.04890000529,91.81494661921708
1777889043,300,,Aggregated,1.100000,1.100000,25,39,45,50,72,92,160,250,2200,36000,36000,1125,448,25,73.95424320002914,13.326700005563907,36484.04890000529,91.73333333333333
1777889044,300,,Aggregated,1.100000,1.100000,25,39,45,50,72,92,160,250,2200,36000,36000,1127,450,25,73.915680834105,13.326700005563907,36484.04890000529,91.57054125998225
1777889045,300,,Aggregated,1.100000,1.100000,25,39,45,50,72,92,160,250,2200,36000,36000,1127,450,25,73.915680834105,13.326700005563907,36484.04890000529,91.57054125998225
1777889046,300,,Aggregated,1.100000,1.100000,25,39,45,50,72,92,160,250,2200,36000,36000,1129,452,25,73.89748635964466,13.326700005563907,36484.04890000529,91.40832595217006
1777889047,300,,Aggregated,1.100000,1.100000,25,39,45,50,72,92,160,250,2200,36000,36000,1129,452,25,73.89748635964466,13.326700005563907,36484.04890000529,91.40832595217006
1777889048,300,,Aggregated,1.100000,1.100000,25,39,45,50,72,92,160,250,2200,36000,36000,1130,453,25,73.86549619473084,13.326700005563907,36484.04890000529,91.32743362831859
1777889049,300,,Aggregated,1.300000,1.300000,25,39,45,50,72,92,160,250,2200,36000,36000,1131,454,25,73.83709734751278,13.326700005563907,36484.04890000529,91.24668435013263
1777889050,300,,Aggregated,1.200000,1.200000,25,39,45,50,72,92,160,250,2200,36000,36000,1133,456,25,73.80355216243402,13.326700005563907,36484.04890000529,91.0856134157105
1777889051,300,,Aggregated,1.200000,1.200000,25,39,45,50,72,92,160,250,2200,36000,36000,1134,457,25,73.78904708998938,13.326700005563907,36484.04890000529,91.005291005291
1777889052,300,,Aggregated,1.200000,1.200000,26,39,45,50,72,92,160,250,2200,36000,36000,1136,459,25,73.73847526411392,13.326700005563907,36484.04890000529,90.84507042253522
1777889053,300,,Aggregated,1.200000,1.200000,26,39,45,50,72,92,160,250,2200,36000,36000,1136,459,25,73.73847526411392,13.326700005563907,36484.04890000529,90.84507042253522
1777889054,300,,Aggregated,1.200000,1.200000,26,39,45,50,72,92,160,250,2200,36000,36000,1136,459,25,73.73847526411392,13.326700005563907,36484.04890000529,90.84507042253522
1777889055,300,,Aggregated,1.200000,1.200000,26,39,45,50,72,92,160,250,2200,36000,36000,1138,461,26,73.71088022849065,13.326700005563907,36484.04890000529,90.68541300527241
1777889056,300,,Aggregated,1.200000,1.200000,26,39,45,50,72,92,160,250,2200,36000,36000,1138,461,26,73.71088022849065,13.326700005563907,36484.04890000529,90.68541300527241
1777889057,300,,Aggregated,0.900000,0.900000,26,39,45,51,72,92,160,250,2200,36000,36000,1140,463,26,73.67578596493236,13.326700005563907,36484.04890000529,90.52631578947368
1777889058,300,,Aggregated,0.900000,0.900000,26,39,45,51,72,92,160,250,2200,36000,36000,1140,463,26,73.67578596493236,13.326700005563907,36484.04890000529,90.52631578947368
1777889059,300,,Aggregated,0.900000,0.900000,26,39,45,51,72,92,160,250,2200,36000,36000,1142,465,26,73.64254807358654,13.326700005563907,36484.04890000529,90.3677758318739
1777889060,300,,Aggregated,1.100000,1.100000,26,39,46,51,72,92,160,250,2200,36000,36000,1144,467,26,73.62427744758295,13.326700005563907,36484.04890000529,90.20979020979021
1777889061,300,,Aggregated,1.100000,1.100000,26,39,46,51,72,92,160,250,2200,36000,36000,1146,469,26,73.5954009599007,13.326700005563907,36484.04890000529,90.05235602094241
1777889062,300,,Aggregated,1.100000,1.100000,26,39,46,51,73,92,160,250,2200,36000,36000,1147,469,26,73.63480043595692,13.326700005563907,36484.04890000529,89.97384481255449
1777889063,300,,Aggregated,1.100000,1.100000,26,39,46,51,73,92,160,250,2200,36000,36000,1148,470,26,73.60546524394692,13.326700005563907,36484.04890000529,89.89547038327527
1777889064,300,,Aggregated,1.100000,1.100000,26,40,46,51,73,92,160,250,2200,36000,36000,1149,471,26,73.57605248046531,13.326700005563907,36484.04890000529,89.81723237597912
1777889065,300,,Aggregated,1.100000,1.000000,26,40,46,51,72,92,150,250,2200,36000,36000,1151,473,26,73.54593240664758,13.326700005563907,36484.04890000529,89.6611642050391
1777889066,300,,Aggregated,1.100000,1.000000,26,40,46,51,72,92,150,250,2200,36000,36000,1152,474,26,73.5190828993508,13.326700005563907,36484.04890000529,89.58333333333333
1777889067,300,,Aggregated,1.300000,1.200000,26,40,46,51,72,92,150,250,2200,36000,36000,1154,476,26,73.47714636054985,13.326700005563907,36484.04890000529,89.42807625649914
1777889068,300,,Aggregated,1.400000,1.300000,26,40,46,51,72,92,150,250,2200,36000,36000,1156,478,26,73.42973589972634,13.326700005563907,36484.04890000529,89.27335640138408
1777889069,300,,Aggregated,1.300000,1.200000,26,40,46,51,72,92,150,250,2200,36000,36000,1157,479,26,73.4017048401719,13.326700005563907,36484.04890000529,89.1961970613656
1777889070,300,,Aggregated,1.400000,1.300000,27,40,46,51,72,92,150,250,2200,36000,36000,1158,480,26,73.39830051819852,13.326700005563907,36484.04890000529,89.11917098445596
1777889071,300,,Aggregated,1.400000,1.300000,27,40,46,51,72,92,150,250,2200,36000,36000,1159,481,27,73.37477523734324,13.326700005563907,36484.04890000529,89.04227782571182
1777889072,300,,Aggregated,1.400000,1.300000,27,40,46,51,72,92,150,250,2200,36000,36000,1159,481,27,73.37477523734324,13.326700005563907,36484.04890000529,89.04227782571182
1777889073,300,,Aggregated,1.300000,1.200000,27,40,46,51,72,92,150,250,2200,36000,36000,1160,482,27,73.3404076724802,13.326700005563907,36484.04890000529,88.96551724137932
1777889074,300,,Aggregated,1.400000,1.300000,27,40,46,51,72,92,150,250,2200,36000,36000,1161,483,27,73.33174082694228,13.326700005563907,36484.04890000529,88.88888888888889
1777889075,300,,Aggregated,1.300000,1.200000,27,40,46,51,72,92,150,250,2200,36000,36000,1163,485,27,73.29336784185236,13.326700005563907,36484.04890000529,88.7360275150473
1777889076,300,,Aggregated,1.300000,1.300000,27,40,46,51,72,92,150,250,2200,36000,36000,1165,487,27,73.23508927045998,13.326700005563907,36484.04890000529,88.58369098712447
1777889077,300,,Aggregated,1.300000,1.300000,27,40,46,51,72,92,150,250,2200,36000,36000,1165,487,27,73.23508927045998,13.326700005563907,36484.04890000529,88.58369098712447
1777889078,300,,Aggregated,1.300000,1.300000,27,40,46,51,72,92,150,250,2200,36000,36000,1165,487,27,73.23508927045998,13.326700005563907,36484.04890000529,88.58369098712447
1777889079,300,,Aggregated,1.300000,1.300000,27,40,46,51,72,92,150,250,2200,36000,36000,1166,488,27,73.23152933112338,13.326700005563907,36484.04890000529,88.50771869639794
1777889080,300,,Aggregated,1.100000,1.100000,27,40,46,51,73,92,150,250,2200,36000,36000,1169,491,27,73.21949965790122,13.326700005563907,36484.04890000529,88.28058169375535
1777889081,300,,Aggregated,1.100000,1.100000,27,40,46,51,73,92,150,250,2200,36000,36000,1169,491,27,73.21949965790122,13.326700005563907,36484.04890000529,88.28058169375535
1777889082,300,,Aggregated,1.100000,1.100000,27,40,46,51,72,92,150,250,2200,36000,36000,1171,493,27,73.16910785660772,13.326700005563907,36484.04890000529,88.12980358667805
1777889083,300,,Aggregated,1.100000,1.100000,27,40,46,51,72,92,150,250,2200,36000,36000,1171,493,27,73.16910785660772,13.326700005563907,36484.04890000529,88.12980358667805
1777889084,300,,Aggregated,1.100000,1.100000,27,40,46,51,72,92,150,250,2200,36000,36000,1171,493,27,73.16910785660772,13.326700005563907,36484.04890000529,88.12980358667805
1777889085,300,,Aggregated,1.000000,1.000000,27,40,46,51,72,92,150,250,2200,36000,36000,1174,496,27,73.08906303244001,13.326700005563907,36484.04890000529,87.9045996592845
1777889086,300,,Aggregated,1.000000,1.000000,27,40,46,51,73,92,150,250,2200,36000,36000,1176,498,27,73.06522397966609,13.326700005563907,36484.04890000529,87.75510204081633
1777889087,300,,Aggregated,1.000000,1.000000,27,40,46,51,73,92,150,250,2200,36000,36000,1176,498,27,73.06522397966609,13.326700005563907,36484.04890000529,87.75510204081633
1777889088,300,,Aggregated,1.100000,1.100000,27,40,46,53,73,92,160,290,2200,36000,36000,1178,500,27,73.48804032265362,13.326700005563907,36484.04890000529,87.60611205432937
1777889089,300,,Aggregated,1.100000,1.100000,27,40,46,53,73,92,160,290,2200,36000,36000,1178,500,27,73.48804032265362,13.326700005563907,36484.04890000529,87.60611205432937
1777889090,300,,Aggregated,1.100000,1.100000,27,40,46,53,73,92,160,290,2200,36000,36000,1178,500,27,73.48804032265362,13.326700005563907,36484.04890000529,87.60611205432937
1777889091,300,,Aggregated,1.300000,1.300000,27,40,46,53,73,92,160,310,2200,36000,36000,1180,502,27,73.74339906786868,13.326700005563907,36484.04890000529,87.45762711864407
1777889092,300,,Aggregated,1.000000,1.000000,27,41,46,53,73,92,160,310,2200,36000,36000,1182,504,27,73.70351988163273,13.326700005563907,36484.04890000529,87.30964467005076
1777889093,300,,Aggregated,1.100000,1.100000,27,41,46,53,73,92,160,310,2200,36000,36000,1183,505,27,73.67410473381358,13.326700005563907,36484.04890000529,87.23584108199493
1777889094,300,,Aggregated,1.100000,1.100000,27,41,46,53,73,92,160,310,2200,36000,36000,1185,507,27,73.6269850633844,13.326700005563907,36484.04890000529,87.0886075949367
1777889095,300,,Aggregated,1.100000,1.100000,27,41,46,53,73,92,160,310,2200,36000,36000,1186,508,27,73.59679924124354,13.326700005563907,36484.04890000529,87.01517706576729
1777889096,300,,Aggregated,1.100000,1.100000,27,41,46,53,73,92,160,310,2200,36000,36000,1186,508,27,73.59679924124354,13.326700005563907,36484.04890000529,87.01517706576729
1777889097,300,,Aggregated,1.200000,1.200000,27,41,46,53,73,92,160,310,2200,36000,36000,1187,509,27,73.60675905653838,13.326700005563907,36484.04890000529,86.94187026116259
1777889098,300,,Aggregated,1.200000,1.200000,27,41,46,53,73,92,160,310,2200,36000,36000,1187,509,27,73.60675905653838,13.326700005563907,36484.04890000529,86.94187026116259
1777889099,300,,Aggregated,1.000000,1.000000,27,41,47,53,73,92,160,310,2200,36000,36000,1188,510,27,73.58781910784963,13.326700005563907,36484.04890000529,86.86868686868686
1777889100,300,,Aggregated,1.000000,1.000000,27,41,47,53,73,92,160,310,2200,36000,36000,1188,510,27,73.58781910784963,13.326700005563907,36484.04890000529,86.86868686868686
1777889101,300,,Aggregated,0.900000,0.900000,27,41,46,53,73,92,160,310,2200,36000,36000,1189,511,27,73.56186879740905,13.326700005563907,36484.04890000529,86.79562657695543
1777889102,300,,Aggregated,1.000000,1.000000,27,41,47,53,73,93,160,310,2200,36000,36000,1191,513,27,73.71841905971205,13.326700005563907,36484.04890000529,86.64987405541562
1777889103,300,,Aggregated,0.900000,0.900000,27,41,47,53,73,94,170,310,2200,36000,36000,1193,515,27,73.91979798836277,13.326700005563907,36484.04890000529,86.5046102263202
1777889104,300,,Aggregated,0.900000,0.900000,27,41,47,53,73,94,170,310,2200,36000,36000,1193,515,27,73.91979798836277,13.326700005563907,36484.04890000529,86.5046102263202
1777889105,300,,Aggregated,0.900000,0.900000,27,41,47,53,73,94,170,310,2200,36000,36000,1195,517,27,73.86219623440411,13.326700005563907,36484.04890000529,86.35983263598327
1777889106,300,,Aggregated,0.900000,0.900000,27,41,47,53,73,94,170,310,2200,36000,36000,1196,518,27,73.85291413053487,13.326700005563907,36484.04890000529,86.2876254180602
1777889107,300,,Aggregated,0.900000,0.900000,27,41,47,53,73,94,170,310,2200,36000,36000,1196,518,27,73.85291413053487,13.326700005563907,36484.04890000529,86.2876254180602
1777889108,300,,Aggregated,0.900000,0.900000,27,41,47,53,73,94,170,310,2200,36000,36000,1198,520,27,73.82279399007986,13.326700005563907,36484.04890000529,86.14357262103506
1777889109,300,,Aggregated,0.900000,0.900000,27,41,47,53,73,94,170,310,2200,36000,36000,1199,521,27,73.80412060059987,13.326700005563907,36484.04890000529,86.07172643869892
1777889110,300,,Aggregated,1.000000,1.000000,27,41,47,53,73,93,160,300,2200,36000,36000,1201,523,27,73.76589267286128,13.326700005563907,36484.04890000529,85.92839300582848
1777889111,300,,Aggregated,1.200000,1.200000,27,41,47,53,73,93,160,300,2200,36000,36000,1202,524,27,73.74072163070869,13.326700005563907,36484.04890000529,85.85690515806988
1777889112,300,,Aggregated,1.100000,1.100000,27,41,47,53,73,93,160,300,2200,36000,36000,1203,525,27,73.72078794689116,13.326700005563907,36484.04890000529,85.785536159601
1777889113,300,,Aggregated,1.200000,1.200000,27,41,47,53,73,93,160,300,2200,36000,36000,1205,527,27,73.70341244821255,13.326700005563907,36484.04890000529,85.64315352697095
1777889114,300,,Aggregated,1.200000,1.200000,27,41,47,53,73,93,160,300,2200,36000,36000,1205,527,27,73.70341244821255,13.326700005563907,36484.04890000529,85.64315352697095
1777889115,300,,Aggregated,1.100000,1.100000,27,41,47,53,73,93,160,300,2200,36000,36000,1207,529,27,73.67730579958564,13.326700005563907,36484.04890000529,85.50124275062137
1777889116,300,,Aggregated,1.200000,1.200000,28,41,47,53,73,93,160,300,2200,36000,36000,1210,532,28,73.60127851247213,13.326700005563907,36484.04890000529,85.2892561983471
1777889117,300,,Aggregated,1.000000,1.000000,28,41,47,53,73,93,160,300,2200,36000,36000,1211,533,28,73.57255474821062,13.326700005563907,36484.04890000529,85.2188274153592
1777889118,300,,Aggregated,1.000000,1.000000,28,41,47,53,73,93,160,300,2200,36000,36000,1211,533,28,73.57255474821062,13.326700005563907,36484.04890000529,85.2188274153592
1777889119,300,,Aggregated,1.400000,1.400000,28,41,47,53,73,93,160,300,2200,36000,36000,1214,536,28,73.54424876446492,13.326700005563907,36484.04890000529,85.00823723228996
1777889120,300,,Aggregated,1.400000,1.400000,28,41,48,53,73,93,160,300,2200,36000,36000,1216,538,28,73.5061493421534,13.326700005563907,36484.04890000529,84.86842105263158
1777889121,300,,Aggregated,1.200000,1.200000,28,41,48,53,73,93,160,300,2200,36000,36000,1217,539,28,73.48332662289515,13.326700005563907,36484.04890000529,84.7986852917009
1777889122,300,,Aggregated,1.200000,1.200000,28,41,48,53,73,93,160,300,2200,36000,36000,1217,539,28,73.48332662289515,13.326700005563907,36484.04890000529,84.7986852917009
1777889123,300,,Aggregated,1.200000,1.200000,28,41,48,53,73,93,160,300,2200,36000,36000,1217,539,28,73.48332662289515,13.326700005563907,36484.04890000529,84.7986852917009
1777889124,300,,Aggregated,1.500000,1.500000,28,41,48,53,73,93,160,300,2200,36000,36000,1218,540,28,73.47483292288642,13.326700005563907,36484.04890000529,84.72906403940887
1777889125,300,,Aggregated,1.500000,1.500000,28,41,48,53,73,93,160,300,2200,36000,36000,1218,540,28,73.47483292288642,13.326700005563907,36484.04890000529,84.72906403940887
1777889126,300,,Aggregated,1.200000,1.200000,28,42,48,54,73,93,160,300,2200,36000,36000,1220,542,28,73.44202549187476,13.326700005563907,36484.04890000529,84.59016393442623
1777889127,300,,Aggregated,1.300000,1.300000,28,42,48,53,73,92,160,300,2200,36000,36000,1221,543,28,73.41243054880437,13.326700005563907,36484.04890000529,84.52088452088452
1777889128,300,,Aggregated,1.300000,1.300000,28,42,48,53,73,92,160,300,2200,36000,36000,1221,543,28,73.41243054880437,13.326700005563907,36484.04890000529,84.52088452088452
1777889129,300,,Aggregated,1.000000,1.000000,28,42,48,53,73,92,160,300,2200,36000,36000,1223,545,28,73.36135805403013,13.326700005563907,36484.04890000529,84.38266557645134
1777889130,300,,Aggregated,1.000000,1.000000,29,42,48,54,73,92,160,300,2200,36000,36000,1224,546,28,73.35444918307569,13.326700005563907,36484.04890000529,84.31372549019608
1777889131,300,,Aggregated,1.100000,1.100000,29,42,48,53,73,92,160,300,2200,36000,36000,1227,549,29,73.26461890797628,13.326700005563907,36484.04890000529,84.10757946210269
1777889132,300,,Aggregated,0.900000,0.900000,29,42,48,53,73,92,160,300,2200,36000,36000,1229,551,29,73.21642904807707,13.326700005563907,36484.04890000529,83.97070789259561
1777889133,300,,Aggregated,0.900000,0.900000,29,42,48,53,73,92,160,300,2200,36000,36000,1229,551,29,73.21642904807707,13.326700005563907,36484.04890000529,83.97070789259561
1777889134,300,,Aggregated,0.900000,0.900000,29,42,48,53,73,92,160,300,2200,36000,36000,1229,551,29,73.21642904807707,13.326700005563907,36484.04890000529,83.97070789259561
1777889135,300,,Aggregated,1.200000,1.200000,29,42,48,53,73,92,160,300,2200,36000,36000,1233,555,29,73.14344468782032,13.326700005563907,36484.04890000529,83.69829683698296
1777889136,300,,Aggregated,1.200000,1.200000,30,42,48,54,73,92,160,300,2200,36000,36000,1235,557,30,73.13066874501138,13.326700005563907,36484.04890000529,83.56275303643724
1777889137,300,,Aggregated,1.100000,1.100000,30,42,48,54,73,92,160,300,2200,36000,36000,1237,559,30,73.13983686344653,13.326700005563907,36484.04890000529,83.42764753435732
1777889138,300,,Aggregated,1.500000,1.500000,30,42,48,54,73,92,160,300,2200,36000,36000,1238,560,30,73.11136534740847,13.326700005563907,36484.04890000529,83.36025848142165
1777889139,300,,Aggregated,1.500000,1.500000,30,42,48,54,73,92,160,300,2200,36000,36000,1239,561,30,73.1026414851503,13.326700005563907,36484.04890000529,83.29297820823244
1777889140,300,,Aggregated,1.500000,1.500000,30,42,48,54,73,92,160,300,2200,36000,36000,1239,561,30,73.1026414851503,13.326700005563907,36484.04890000529,83.29297820823244
1777889141,300,,Aggregated,1.600000,1.600000,30,42,48,54,73,92,160,300,2200,36000,36000,1240,562,30,73.0746687097581,13.326700005563907,36484.04890000529,83.2258064516129
1777889142,300,,Aggregated,1.600000,1.600000,30,42,48,54,73,92,160,300,2200,36000,36000,1240,562,30,73.0746687097581,13.326700005563907,36484.04890000529,83.2258064516129
1777889143,300,,Aggregated,1.400000,1.400000,30,42,48,54,73,92,160,300,2200,36000,36000,1242,564,30,73.05000056367604,13.326700005563907,36484.04890000529,83.09178743961353
1777889144,300,,Aggregated,1.300000,1.300000,31,42,48,54,73,92,160,300,2200,36000,36000,1244,566,30,73.00641495184007,13.326700005563907,36484.04890000529,82.95819935691318
1777889145,300,,Aggregated,1.300000,1.300000,31,42,48,54,73,92,160,300,2200,36000,36000,1244,566,30,73.00641495184007,13.326700005563907,36484.04890000529,82.95819935691318
1777889147,300,,Aggregated,1.300000,1.300000,31,42,48,54,74,92,160,300,2200,36000,36000,1246,567,31,72.99308571435448,13.326700005563907,36484.04890000529,82.82504012841092
1777889148,300,,Aggregated,1.300000,1.300000,31,42,48,54,74,92,160,300,2200,36000,36000,1246,567,31,72.99308571435448,13.326700005563907,36484.04890000529,82.82504012841092
1777889149,300,,Aggregated,1.300000,1.300000,31,42,48,54,74,92,160,300,2200,36000,36000,1246,567,31,72.99308571435448,13.326700005563907,36484.04890000529,82.82504012841092
1777889150,300,,Aggregated,1.100000,1.000000,31,42,48,54,74,92,160,300,2200,36000,36000,1247,568,31,72.94765781882778,13.326700005563907,36484.04890000529,82.75862068965517
1777889151,300,,Aggregated,1.100000,1.000000,31,42,48,54,74,92,160,300,2200,36000,36000,1247,568,31,72.94765781882778,13.326700005563907,36484.04890000529,82.75862068965517
1777889152,300,,Aggregated,1.100000,1.000000,31,42,48,54,74,92,160,300,2200,36000,36000,1247,568,31,72.94765781882778,13.326700005563907,36484.04890000529,82.75862068965517
1777889153,300,,Aggregated,1.100000,1.000000,31,42,48,54,74,92,160,300,2200,36000,36000,1247,568,31,72.94765781882778,13.326700005563907,36484.04890000529,82.75862068965517
1777889154,300,,Aggregated,1.100000,1.000000,31,42,48,54,74,92,160,300,2200,36000,36000,1247,568,31,72.94765781882778,13.326700005563907,36484.04890000529,82.75862068965517
1777889155,300,,Aggregated,0.700000,0.600000,31,42,48,54,74,92,160,300,2200,36000,36000,1249,570,31,72.9330001602042,13.326700005563907,36484.04890000529,82.62610088070457
1777889156,300,,Aggregated,0.700000,0.600000,31,42,48,54,74,92,160,300,2200,36000,36000,1250,571,31,72.91128256007796,13.326700005563907,36484.04890000529,82.56
1777889157,300,,Aggregated,0.700000,0.600000,31,42,48,54,74,92,160,300,2200,36000,36000,1250,571,31,72.91128256007796,13.326700005563907,36484.04890000529,82.56
1777889158,300,,Aggregated,0.700000,0.600000,31,42,48,54,74,92,160,300,2200,36000,36000,1250,571,31,72.91128256007796,13.326700005563907,36484.04890000529,82.56
1777889159,300,,Aggregated,0.700000,0.600000,31,42,48,54,74,92,160,300,2200,36000,36000,1250,571,31,72.91128256007796,13.326700005563907,36484.04890000529,82.56
1777889160,300,,Aggregated,0.700000,0.600000,31,42,48,54,74,92,160,300,2200,36000,36000,1250,571,31,72.91128256007796,13.326700005563907,36484.04890000529,82.56
1777889161,300,,Aggregated,0.700000,0.600000,31,42,48,54,74,92,160,300,2200,36000,36000,1250,571,31,72.91128256007796,13.326700005563907,36484.04890000529,82.56
1777889162,300,,Aggregated,0.700000,0.600000,31,42,48,54,74,92,160,300,2200,36000,36000,1250,571,31,72.91128256007796,13.326700005563907,36484.04890000529,82.56
1777889163,300,,Aggregated,0.700000,0.600000,31,42,48,54,74,92,160,300,2200,36000,36000,1250,571,31,72.91128256007796,13.326700005563907,36484.04890000529,82.56
1777889164,300,,Aggregated,0.300000,0.300000,31,42,48,54,74,93,160,300,2200,36000,36000,1252,573,31,73.0094936103057,13.326700005563907,36484.04890000529,82.42811501597444
1777889165,300,,Aggregated,0.300000,0.300000,31,42,48,54,74,93,160,300,2200,36000,36000,1252,573,31,73.0094936103057,13.326700005563907,36484.04890000529,82.42811501597444
1777889166,300,,Aggregated,0.300000,0.300000,31,42,48,54,74,93,160,300,2200,36000,36000,1252,573,31,73.0094936103057,13.326700005563907,36484.04890000529,82.42811501597444
1777889167,300,,Aggregated,0.300000,0.300000,31,42,48,54,74,93,160,300,2200,36000,36000,1252,573,31,73.0094936103057,13.326700005563907,36484.04890000529,82.42811501597444
1777889168,300,,Aggregated,0.300000,0.300000,31,42,48,54,74,93,160,300,2200,36000,36000,1252,573,31,73.0094936103057,13.326700005563907,36484.04890000529,82.42811501597444
1777889169,300,,Aggregated,0.300000,0.300000,31,42,48,54,74,93,160,300,2200,36000,36000,1252,573,31,73.0094936103057,13.326700005563907,36484.04890000529,82.42811501597444
1777889170,300,,Aggregated,0.200000,0.200000,31,42,48,54,74,93,160,300,2200,36000,36000,1254,573,31,72.98645000008057,13.326700005563907,36484.04890000529,82.29665071770334
1777889171,300,,Aggregated,0.200000,0.200000,31,42,48,54,74,93,160,300,2200,36000,36000,1254,573,31,72.98645000008057,13.326700005563907,36484.04890000529,82.29665071770334
1777889172,300,,Aggregated,0.200000,0.200000,31,42,48,54,74,93,160,300,2200,36000,36000,1254,573,31,72.98645000008057,13.326700005563907,36484.04890000529,82.29665071770334
1777889173,300,,Aggregated,0.200000,0.200000,31,42,48,54,74,93,160,300,2200,36000,36000,1254,573,31,72.98645000008057,13.326700005563907,36484.04890000529,82.29665071770334
1777889174,300,,Aggregated,0.200000,0.200000,31,42,48,54,74,93,160,300,2200,36000,36000,1254,573,31,72.98645000008057,13.326700005563907,36484.04890000529,82.29665071770334
1777889175,300,,Aggregated,0.400000,0.200000,31,42,48,54,75,93,160,300,2200,36000,36000,1256,575,31,72.97049530262386,13.326700005563907,36484.04890000529,82.1656050955414
1777889176,300,,Aggregated,0.400000,0.200000,31,42,48,54,75,93,160,300,2200,36000,36000,1256,575,31,72.97049530262386,13.326700005563907,36484.04890000529,82.1656050955414
1777889177,300,,Aggregated,0.200000,0.000000,31,42,48,54,75,93,160,300,2200,36000,36000,1257,576,31,72.94442800326114,13.326700005563907,36484.04890000529,82.10023866348449
1777889178,300,,Aggregated,0.200000,0.000000,31,42,48,54,75,93,160,300,2200,36000,36000,1257,576,31,72.94442800326114,13.326700005563907,36484.04890000529,82.10023866348449
1777889179,300,,Aggregated,0.500000,0.300000,31,42,48,54,75,94,160,300,2200,36000,36000,1258,577,31,73.01471462646415,13.326700005563907,36484.04890000529,82.03497615262322
1777889180,300,,Aggregated,0.500000,0.300000,31,42,48,54,75,94,160,300,2200,36000,36000,1258,577,31,73.01471462646415,13.326700005563907,36484.04890000529,82.03497615262322
1777889181,300,,Aggregated,0.500000,0.300000,31,42,49,55,75,94,160,300,2200,36000,36000,1259,578,31,73.00932970618253,13.326700005563907,36484.04890000529,81.96981731532962
1777889182,300,,Aggregated,0.500000,0.300000,31,42,49,55,75,94,160,300,2200,36000,36000,1259,578,31,73.00932970618253,13.326700005563907,36484.04890000529,81.96981731532962
1777889183,300,,Aggregated,0.400000,0.400000,32,42,49,55,75,94,160,300,2200,36000,36000,1260,579,31,72.99567126990749,13.326700005563907,36484.04890000529,81.9047619047619
1777889184,300,,Aggregated,0.400000,0.400000,32,42,49,55,75,93,160,300,2200,36000,36000,1261,580,32,72.97926407619566,13.326700005563907,36484.04890000529,81.83980967486121
1777889185,300,,Aggregated,0.600000,0.600000,32,42,49,55,75,93,160,300,2200,36000,36000,1262,581,32,72.95346331226438,13.326700005563907,36484.04890000529,81.77496038034866
1777889186,300,,Aggregated,0.600000,0.600000,32,42,49,55,75,94,160,300,2200,36000,36000,1264,583,32,72.97005443045616,13.326700005563907,36484.04890000529,81.64556962025317
1777889187,300,,Aggregated,0.600000,0.600000,32,42,49,55,75,94,160,300,2200,36000,36000,1264,583,32,72.97005443045616,13.326700005563907,36484.04890000529,81.64556962025317
1777889188,300,,Aggregated,0.600000,0.600000,32,42,49,55,75,94,160,300,2200,36000,36000,1264,583,32,72.97005443045616,13.326700005563907,36484.04890000529,81.64556962025317
1777889189,300,,Aggregated,0.800000,0.800000,32,42,49,55,75,94,160,300,2200,36000,36000,1267,586,32,72.89206369385093,13.326700005563907,36484.04890000529,81.45224940805052
1777889190,300,,Aggregated,0.700000,0.700000,32,42,49,55,75,94,160,300,2200,36000,36000,1268,587,32,72.86234613573538,13.326700005563907,36484.04890000529,81.38801261829653
1777889191,300,,Aggregated,1.000000,1.000000,32,42,49,55,75,94,160,300,2200,36000,36000,1269,588,32,72.85560945635271,13.326700005563907,36484.04890000529,81.32387706855792
1777889192,300,,Aggregated,1.000000,1.000000,32,42,49,55,75,94,160,300,2200,36000,36000,1269,588,32,72.85560945635271,13.326700005563907,36484.04890000529,81.32387706855792
1777889193,300,,Aggregated,1.000000,1.000000,32,42,49,55,75,94,160,300,2200,36000,36000,1271,590,32,72.80969748237175,13.326700005563907,36484.04890000529,81.19590873328089
1777889194,300,,Aggregated,1.000000,1.000000,32,42,49,55,75,94,160,300,2200,36000,36000,1272,590,32,72.79375746862948,13.326700005563907,36484.04890000529,81.13207547169812
1777889195,300,,Aggregated,1.000000,1.000000,32,42,49,55,75,94,160,300,2200,36000,36000,1272,590,32,72.79375746862948,13.326700005563907,36484.04890000529,81.13207547169812
1777889196,300,,Aggregated,1.000000,1.000000,32,42,49,55,75,94,160,300,2200,36000,36000,1272,590,32,72.79375746862948,13.326700005563907,36484.04890000529,81.13207547169812
1777889197,300,,Aggregated,1.000000,1.000000,32,42,49,55,75,94,160,300,2200,36000,36000,1273,591,32,72.80288177541199,13.326700005563907,36484.04890000529,81.06834249803613
1777889198,300,,Aggregated,1.000000,1.000000,32,42,49,55,75,94,160,300,2200,36000,36000,1273,591,32,72.80288177541199,13.326700005563907,36484.04890000529,81.06834249803613
1777889199,300,,Aggregated,1.000000,1.000000,32,42,49,55,75,94,160,300,2200,36000,36000,1273,591,32,72.80288177541199,13.326700005563907,36484.04890000529,81.06834249803613
1777889200,300,,Aggregated,0.900000,0.800000,32,42,49,55,75,94,160,300,2200,36000,36000,1275,593,32,72.77086988242124,13.326700005563907,36484.04890000529,80.94117647058823
1777889201,300,,Aggregated,0.900000,0.800000,32,42,49,55,75,94,160,300,2200,36000,36000,1275,593,32,72.77086988242124,13.326700005563907,36484.04890000529,80.94117647058823
1777889202,300,,Aggregated,0.700000,0.600000,33,42,49,55,75,94,160,300,2200,36000,36000,1277,595,33,72.77630462026369,13.326700005563907,36484.04890000529,80.81440877055599
1777889203,300,,Aggregated,0.700000,0.600000,33,42,49,55,75,94,160,300,2200,36000,36000,1278,596,33,72.75982550865723,13.326700005563907,36484.04890000529,80.75117370892019
1777889204,300,,Aggregated,0.700000,0.600000,33,42,49,55,75,94,160,300,2200,36000,36000,1281,599,33,72.69590523034958,13.326700005563907,36484.04890000529,80.56206088992974
1777889205,300,,Aggregated,0.700000,0.600000,33,42,49,55,75,94,160,300,2200,36000,36000,1282,600,33,72.67373790958581,13.326700005563907,36484.04890000529,80.49921996879876
1777889206,300,,Aggregated,0.700000,0.600000,33,42,49,55,75,94,160,300,2200,36000,36000,1282,600,33,72.67373790958581,13.326700005563907,36484.04890000529,80.49921996879876
1777889207,300,,Aggregated,1.000000,1.000000,33,42,49,55,75,94,160,310,2200,36000,36000,1283,601,33,73.06261909593896,13.326700005563907,36484.04890000529,80.43647700701482
1777889208,300,,Aggregated,1.000000,1.000000,33,42,49,55,75,94,160,310,2200,36000,36000,1283,601,33,73.06261909593896,13.326700005563907,36484.04890000529,80.43647700701482
1777889209,300,,Aggregated,1.000000,1.000000,33,42,49,55,75,94,160,310,2200,36000,36000,1283,601,33,73.06261909593896,13.326700005563907,36484.04890000529,80.43647700701482
1777889210,300,,Aggregated,1.000000,1.000000,33,42,49,55,75,94,160,310,2200,36000,36000,1283,601,33,73.06261909593896,13.326700005563907,36484.04890000529,80.43647700701482
1777889211,300,,Aggregated,1.000000,1.000000,33,42,49,55,75,94,160,310,2200,36000,36000,1285,603,33,73.00579338528149,13.326700005563907,36484.04890000529,80.3112840466926
1777889212,300,,Aggregated,1.000000,1.000000,33,42,49,55,75,94,160,310,2200,36000,36000,1288,605,33,72.98054790378684,13.326700005563907,36484.04890000529,80.12422360248448
1777889213,300,,Aggregated,0.900000,0.900000,33,42,49,55,75,94,160,310,2200,36000,36000,1289,606,33,72.95741706755018,13.326700005563907,36484.04890000529,80.06206361520559
1777889214,300,,Aggregated,0.900000,0.900000,33,42,49,55,75,94,160,310,2200,36000,36000,1289,606,33,72.95741706755018,13.326700005563907,36484.04890000529,80.06206361520559
1777889215,300,,Aggregated,0.900000,0.900000,33,42,49,55,75,94,160,310,2200,36000,36000,1289,606,33,72.95741706755018,13.326700005563907,36484.04890000529,80.06206361520559
1777889216,300,,Aggregated,1.200000,1.100000,33,42,49,55,75,94,160,310,2200,36000,36000,1290,607,33,72.93161434113985,13.326700005563907,36484.04890000529,80.0
1777889217,300,,Aggregated,1.200000,1.100000,33,42,49,55,75,94,160,310,2200,36000,36000,1290,607,33,72.93161434113985,13.326700005563907,36484.04890000529,80.0
1777889218,300,,Aggregated,0.800000,0.700000,33,42,49,55,75,94,160,310,2200,36000,36000,1291,608,33,72.92916576302211,13.326700005563907,36484.04890000529,79.93803253292022
1777889219,300,,Aggregated,0.800000,0.700000,33,42,49,55,75,94,160,310,2200,36000,36000,1292,609,33,72.8974811146052,13.326700005563907,36484.04890000529,79.87616099071208
1777889220,300,,Aggregated,0.700000,0.600000,34,43,49,55,75,94,160,310,2200,36000,36000,1295,611,34,72.833586563763,13.326700005563907,36484.04890000529,79.6911196911197
1777889221,300,,Aggregated,0.800000,0.700000,34,43,49,55,75,94,160,310,2200,36000,36000,1296,612,34,72.80894876548925,13.326700005563907,36484.04890000529,79.62962962962963
1777889222,300,,Aggregated,0.800000,0.700000,34,43,49,55,75,94,160,310,2200,36000,36000,1296,612,34,72.80894876548925,13.326700005563907,36484.04890000529,79.62962962962963
1777889223,300,,Aggregated,0.800000,0.700000,34,43,49,55,75,94,160,310,2200,36000,36000,1296,612,34,72.80894876548925,13.326700005563907,36484.04890000529,79.62962962962963
1777889224,300,,Aggregated,0.800000,0.700000,34,43,49,55,75,94,160,310,2200,36000,36000,1297,613,34,72.80418689288162,13.326700005563907,36484.04890000529,79.56823438704703
1777889225,300,,Aggregated,0.700000,0.600000,34,43,49,55,75,94,160,310,2200,36000,36000,1299,615,34,72.75485458049242,13.326700005563907,36484.04890000529,79.44572748267899
1777889226,300,,Aggregated,0.700000,0.600000,34,43,49,55,75,94,160,310,2200,36000,36000,1300,616,34,72.72951115389543,13.326700005563907,36484.04890000529,79.38461538461539
1777889227,300,,Aggregated,0.700000,0.600000,34,43,49,55,75,94,160,310,2200,36000,36000,1300,616,34,72.72951115389543,13.326700005563907,36484.04890000529,79.38461538461539
1777889228,300,,Aggregated,0.800000,0.700000,34,43,49,55,75,94,160,300,2200,36000,36000,1301,617,34,72.71077486553395,13.326700005563907,36484.04890000529,79.32359723289777
1777889229,300,,Aggregated,1.000000,0.900000,34,43,49,55,75,94,160,300,2200,36000,36000,1304,620,34,72.67459608901063,13.326700005563907,36484.04890000529,79.14110429447852
1777889230,300,,Aggregated,1.100000,1.000000,34,43,49,55,75,94,160,300,2200,36000,36000,1306,622,34,72.63552940281556,13.326700005563907,36484.04890000529,79.0199081163859
1777889231,300,,Aggregated,1.100000,1.000000,34,43,49,55,75,94,160,300,2200,36000,36000,1306,622,34,72.63552940281556,13.326700005563907,36484.04890000529,79.0199081163859
1777889232,300,,Aggregated,1.100000,1.000000,34,43,49,55,75,94,160,300,2200,36000,36000,1307,622,34,72.62023672539313,13.326700005563907,36484.04890000529,78.95944912012241
1777889233,300,,Aggregated,1.100000,1.000000,34,43,49,55,75,94,160,300,2200,36000,36000,1307,622,34,72.62023672539313,13.326700005563907,36484.04890000529,78.95944912012241
1777889234,300,,Aggregated,1.100000,1.000000,34,43,49,55,75,94,160,300,2200,36000,36000,1307,622,34,72.62023672539313,13.326700005563907,36484.04890000529,78.95944912012241
1777889235,300,,Aggregated,1.100000,1.000000,34,43,49,55,75,94,160,300,2200,36000,36000,1308,623,34,72.63063249241956,13.326700005563907,36484.04890000529,78.89908256880734
1777889236,300,,Aggregated,1.100000,1.000000,34,43,49,55,75,94,160,300,2200,36000,36000,1308,623,34,72.63063249241956,13.326700005563907,36484.04890000529,78.89908256880734
1777889237,300,,Aggregated,1.000000,0.900000,34,43,49,55,75,94,160,300,2200,36000,36000,1311,626,34,72.56881777275888,13.326700005563907,36484.04890000529,78.71853546910755
1777889238,300,,Aggregated,1.000000,0.900000,34,43,49,55,75,94,160,300,2200,36000,36000,1311,626,34,72.56881777275888,13.326700005563907,36484.04890000529,78.71853546910755
1777889239,300,,Aggregated,1.000000,0.900000,34,43,49,55,75,94,160,300,2200,36000,36000,1311,626,34,72.56881777275888,13.326700005563907,36484.04890000529,78.71853546910755
1777889240,300,,Aggregated,1.000000,0.900000,34,43,49,55,75,94,160,300,2200,36000,36000,1311,626,34,72.56881777275888,13.326700005563907,36484.04890000529,78.71853546910755
1777889241,300,,Aggregated,0.900000,0.800000,34,43,49,55,75,94,160,300,2200,36000,36000,1312,627,34,72.56419832324022,13.326700005563907,36484.04890000529,78.65853658536585
1777889242,300,,Aggregated,0.700000,0.600000,34,43,49,55,75,94,160,300,2200,36000,36000,1313,628,34,72.55560738774089,13.326700005563907,36484.04890000529,78.5986290936786
1777889243,300,,Aggregated,0.700000,0.600000,34,43,49,55,75,94,160,300,2200,36000,36000,1313,628,34,72.55560738774089,13.326700005563907,36484.04890000529,78.5986290936786
1777889244,300,,Aggregated,0.700000,0.600000,34,43,49,55,75,94,160,300,2200,36000,36000,1313,628,34,72.55560738774089,13.326700005563907,36484.04890000529,78.5986290936786
1777889245,300,,Aggregated,0.700000,0.600000,34,43,49,55,75,94,160,300,2200,36000,36000,1313,628,34,72.55560738774089,13.326700005563907,36484.04890000529,78.5986290936786
1777889246,300,,Aggregated,0.600000,0.600000,34,43,49,55,75,94,160,300,2200,36000,36000,1314,629,34,72.54052846278759,13.326700005563907,36484.04890000529,78.53881278538813
1777889247,300,,Aggregated,0.600000,0.600000,34,43,49,56,75,94,160,300,2200,36000,36000,1315,630,34,72.54567901148397,13.326700005563907,36484.04890000529,78.47908745247149
1777889248,300,,Aggregated,0.600000,0.600000,34,43,49,56,75,94,160,300,2200,36000,36000,1315,630,34,72.54567901148397,13.326700005563907,36484.04890000529,78.47908745247149
1777889249,300,,Aggregated,0.600000,0.600000,34,43,49,55,75,94,160,300,2200,36000,36000,1316,631,34,72.52644361709561,13.326700005563907,36484.04890000529,78.419452887538
1777889250,300,,Aggregated,0.600000,0.600000,34,43,49,55,75,94,160,300,2200,36000,36000,1316,631,34,72.52644361709561,13.326700005563907,36484.04890000529,78.419452887538
1777889251,300,,Aggregated,0.600000,0.600000,34,43,49,55,75,94,160,300,2200,36000,36000,1316,631,34,72.52644361709561,13.326700005563907,36484.04890000529,78.419452887538
1777889252,300,,Aggregated,0.600000,0.600000,34,43,49,55,75,94,160,300,2200,36000,36000,1316,631,34,72.52644361709561,13.326700005563907,36484.04890000529,78.419452887538
1777889254,300,,Aggregated,0.500000,0.500000,34,43,49,56,75,94,160,300,2200,36000,36000,1318,633,34,72.49816229142917,13.326700005563907,36484.04890000529,78.30045523520485
1777889255,300,,Aggregated,0.400000,0.400000,34,43,49,56,75,94,160,300,2200,36000,36000,1319,634,34,72.46852198643604,13.326700005563907,36484.04890000529,78.24109173616377
1777889256,300,,Aggregated,0.400000,0.400000,34,43,49,56,75,94,160,300,2200,36000,36000,1319,634,34,72.46852198643604,13.326700005563907,36484.04890000529,78.24109173616377
1777889257,300,,Aggregated,0.400000,0.400000,34,43,49,56,75,94,160,300,2200,36000,36000,1319,634,34,72.46852198643604,13.326700005563907,36484.04890000529,78.24109173616377
1777889258,300,,Aggregated,0.600000,0.600000,34,43,49,56,75,94,160,300,2200,36000,36000,1321,636,34,72.43551536722998,13.326700005563907,36484.04890000529,78.1226343679031
1777889259,300,,Aggregated,0.600000,0.600000,34,43,49,56,75,94,160,300,2200,36000,36000,1322,637,34,72.42932874441357,13.326700005563907,36484.04890000529,78.06354009077155
1777889260,300,,Aggregated,0.500000,0.500000,34,43,49,56,75,94,160,300,2200,36000,36000,1326,640,34,72.3720745853157,13.326700005563907,36484.04890000529,77.82805429864253
1777889261,300,,Aggregated,0.500000,0.500000,34,43,49,56,75,94,160,300,2200,36000,36000,1326,640,34,72.3720745853157,13.326700005563907,36484.04890000529,77.82805429864253
1777889262,300,,Aggregated,0.700000,0.700000,34,43,49,56,75,94,160,300,2200,36000,36000,1327,641,34,72.33529879436584,13.326700005563907,36484.04890000529,77.76940467219292
1777889263,300,,Aggregated,1.000000,0.900000,34,43,49,56,75,94,160,300,2200,36000,36000,1329,642,34,72.30420985712952,13.326700005563907,36484.04890000529,77.65237020316027
1777889264,300,,Aggregated,1.000000,0.900000,34,43,50,56,75,94,160,300,2200,36000,36000,1330,643,34,72.30183263167064,13.326700005563907,36484.04890000529,77.59398496240601
1777889265,300,,Aggregated,1.000000,0.900000,34,43,50,56,75,94,160,300,2200,36000,36000,1330,643,34,72.30183263167064,13.326700005563907,36484.04890000529,77.59398496240601
1777889266,300,,Aggregated,1.300000,1.100000,34,43,50,56,75,95,180,320,2200,36000,36000,1333,646,34,73.68052453121861,13.326700005563907,36484.04890000529,77.41935483870968
1777889267,300,,Aggregated,1.300000,1.100000,34,43,50,56,75,95,180,320,2200,36000,36000,1333,646,34,73.68052453121861,13.326700005563907,36484.04890000529,77.41935483870968
1777889268,300,,Aggregated,1.400000,1.200000,34,43,50,56,75,96,180,320,2200,36000,36000,1336,649,34,73.67250673661272,13.326700005563907,36484.04890000529,77.24550898203593
1777889269,300,,Aggregated,1.400000,1.200000,34,43,50,56,75,96,180,320,2200,36000,36000,1337,649,34,73.65379603597708,13.326700005563907,36484.04890000529,77.18773373223635
1777889270,300,,Aggregated,1.400000,1.200000,34,43,50,56,76,96,180,320,2200,36000,36000,1340,652,34,73.61188776127138,13.326700005563907,36484.04890000529,77.01492537313433
1777889271,300,,Aggregated,1.400000,1.200000,34,43,50,56,75,95,180,320,2200,36000,36000,1341,653,34,73.58897240872555,13.326700005563907,36484.04890000529,76.95749440715883
1777889272,300,,Aggregated,1.500000,1.200000,35,43,50,56,75,95,180,320,2200,36000,36000,1342,654,34,73.56282645312213,13.326700005563907,36484.04890000529,76.90014903129658
1777889273,300,,Aggregated,1.400000,1.200000,35,43,50,56,75,95,180,320,2200,36000,36000,1343,655,35,73.54064683551209,13.326700005563907,36484.04890000529,76.84288905435592
1777889274,300,,Aggregated,1.400000,1.200000,35,43,50,56,75,95,180,320,2200,36000,36000,1343,655,35,73.54064683551209,13.326700005563907,36484.04890000529,76.84288905435592
1777889275,300,,Aggregated,1.500000,1.300000,35,43,50,56,76,96,180,320,2200,36000,36000,1344,656,35,73.56558645840649,13.326700005563907,36484.04890000529,76.78571428571429
1777889276,300,,Aggregated,1.300000,1.200000,35,43,50,56,76,96,180,320,2200,36000,36000,1345,657,35,73.54017033464133,13.326700005563907,36484.04890000529,76.72862453531599
1777889277,300,,Aggregated,1.300000,1.200000,35,43,50,56,76,96,180,320,2200,36000,36000,1346,658,35,73.52073729575946,13.326700005563907,36484.04890000529,76.67161961367013
1777889278,300,,Aggregated,1.100000,1.000000,35,43,50,56,76,96,180,320,2200,36000,36000,1348,660,35,73.47708264102087,13.326700005563907,36484.04890000529,76.55786350148368
1777889279,300,,Aggregated,1.300000,1.200000,35,43,50,56,76,96,180,320,2200,36000,36000,1350,662,35,73.43898644452027,13.326700005563907,36484.04890000529,76.44444444444444
1777889280,300,,Aggregated,1.300000,1.200000,35,43,50,56,76,96,180,320,2200,36000,36000,1350,662,35,73.43898644452027,13.326700005563907,36484.04890000529,76.44444444444444
1777889281,300,,Aggregated,1.300000,1.200000,35,43,50,56,76,96,180,320,2200,36000,36000,1350,662,35,73.43898644452027,13.326700005563907,36484.04890000529,76.44444444444444
1777889282,300,,Aggregated,1.000000,1.000000,35,43,50,56,76,96,170,320,2200,36000,36000,1353,665,35,73.41094072439448,13.326700005563907,36484.04890000529,76.2749445676275
1777889283,300,,Aggregated,1.000000,1.000000,35,43,50,56,76,96,170,320,2200,36000,36000,1355,667,35,73.39114110708078,13.326700005563907,36484.04890000529,76.16236162361623
1777889284,300,,Aggregated,0.900000,0.900000,35,43,50,56,76,96,170,320,2200,36000,36000,1356,668,35,73.36538768443228,13.326700005563907,36484.04890000529,76.10619469026548
1777889285,300,,Aggregated,0.900000,0.900000,35,43,50,56,76,96,170,320,2200,36000,36000,1356,668,35,73.36538768443228,13.326700005563907,36484.04890000529,76.10619469026548
1777889286,300,,Aggregated,1.200000,1.200000,35,43,50,56,76,96,170,320,2200,36000,36000,1357,669,35,73.34763117176993,13.326700005563907,36484.04890000529,76.05011053795137
1777889287,300,,Aggregated,1.200000,1.200000,35,43,50,56,76,96,170,320,2200,36000,36000,1358,670,35,73.40667938151509,13.326700005563907,36484.04890000529,75.9941089837997
1777889288,300,,Aggregated,1.200000,1.200000,35,43,50,56,76,96,170,320,2200,36000,36000,1359,671,35,73.38045923480864,13.326700005563907,36484.04890000529,75.93818984547461
1777889289,300,,Aggregated,1.300000,1.300000,35,43,50,56,76,96,170,320,2200,36000,36000,1362,674,35,73.29063267262772,13.326700005563907,36484.04890000529,75.77092511013215
1777889290,300,,Aggregated,1.100000,1.100000,35,43,50,56,76,96,170,320,2200,36000,36000,1363,675,35,73.27698385923111,13.326700005563907,36484.04890000529,75.71533382245048
1777889291,300,,Aggregated,1.300000,1.300000,35,43,50,56,76,96,170,320,2200,36000,36000,1364,676,35,73.25909897370585,13.326700005563907,36484.04890000529,75.65982404692082
1777889292,300,,Aggregated,1.300000,1.300000,35,43,50,56,76,96,170,320,2200,36000,36000,1365,677,35,73.25372124551761,13.326700005563907,36484.04890000529,75.6043956043956
1777889293,300,,Aggregated,1.300000,1.300000,35,43,50,56,76,96,170,320,2200,36000,36000,1365,677,35,73.25372124551761,13.326700005563907,36484.04890000529,75.6043956043956
1777889294,300,,Aggregated,1.300000,1.300000,35,43,50,56,76,96,170,320,2200,36000,36000,1366,678,35,73.23370710112495,13.326700005563907,36484.04890000529,75.54904831625183
1777889295,300,,Aggregated,1.300000,1.300000,35,43,50,56,76,96,170,320,2200,36000,36000,1366,678,35,73.23370710112495,13.326700005563907,36484.04890000529,75.54904831625183
1777889296,300,,Aggregated,1.000000,1.000000,35,43,50,56,76,96,170,320,2200,36000,36000,1367,679,35,73.23166715444603,13.326700005563907,36484.04890000529,75.49378200438917
1777889297,300,,Aggregated,1.000000,1.000000,35,43,50,56,76,96,170,320,2200,36000,36000,1370,682,35,73.18661036505193,13.326700005563907,36484.04890000529,75.32846715328468
1777889298,300,,Aggregated,1.000000,1.000000,35,43,50,56,75,96,170,320,2200,36000,36000,1371,683,35,73.17481779731656,13.326700005563907,36484.04890000529,75.27352297592998
1777889299,300,,Aggregated,1.000000,1.000000,35,43,50,56,75,96,170,320,2200,36000,36000,1372,684,35,73.14967325081727,13.326700005563907,36484.04890000529,75.21865889212827
1777889300,300,,Aggregated,1.100000,1.100000,35,43,50,56,75,96,170,320,2200,36000,36000,1374,686,35,73.08234272206691,13.326700005563907,36484.04890000529,75.10917030567686
1777889301,300,,Aggregated,1.100000,1.100000,35,43,50,56,75,96,170,320,2200,36000,36000,1374,686,35,73.08234272206691,13.326700005563907,36484.04890000529,75.10917030567686
1777889302,300,,Aggregated,0.900000,0.900000,35,43,50,56,75,96,170,320,2200,36000,36000,1377,689,35,73.03011234577971,13.326700005563907,36484.04890000529,74.94553376906318
1777889303,300,,Aggregated,0.900000,0.900000,35,43,50,56,75,96,170,320,2200,36000,36000,1378,690,35,73.00498780851636,13.326700005563907,36484.04890000529,74.89114658925979
1777889304,300,,Aggregated,0.900000,0.900000,35,43,50,56,75,96,170,320,2200,36000,36000,1378,690,35,73.00498780851636,13.326700005563907,36484.04890000529,74.89114658925979
1777889305,300,,Aggregated,1.300000,1.300000,35,43,50,56,75,95,170,320,2200,36000,36000,1381,693,35,72.94312353377798,13.326700005563907,36484.04890000529,74.72845763939175
1777889306,300,,Aggregated,1.200000,1.200000,35,43,50,56,75,95,170,320,2200,36000,36000,1382,694,35,72.93491946464796,13.326700005563907,36484.04890000529,74.67438494934876
1777889307,300,,Aggregated,1.200000,1.200000,35,43,50,56,75,95,170,320,2200,36000,36000,1383,695,35,72.91060122932339,13.326700005563907,36484.04890000529,74.62039045553145
1777889308,300,,Aggregated,1.200000,1.200000,35,43,50,56,75,95,170,320,2200,36000,36000,1383,695,35,72.91060122932339,13.326700005563907,36484.04890000529,74.62039045553145
1777889309,300,,Aggregated,1.300000,1.300000,35,43,50,56,75,95,170,320,2200,36000,36000,1384,696,35,72.88641907525428,13.326700005563907,36484.04890000529,74.56647398843931
1777889310,300,,Aggregated,1.300000,1.300000,35,43,50,57,76,95,170,320,2200,36000,36000,1386,698,35,72.90734199145051,13.326700005563907,36484.04890000529,74.45887445887446
1777889311,300,,Aggregated,1.300000,1.300000,35,43,50,57,76,95,170,320,2200,36000,36000,1387,699,35,72.89543496766495,13.326700005563907,36484.04890000529,74.40519105984139
1777889312,300,,Aggregated,1.300000,1.300000,35,43,50,57,76,95,170,320,2200,36000,36000,1387,699,35,72.89543496766495,13.326700005563907,36484.04890000529,74.40519105984139
1777889313,300,,Aggregated,1.200000,1.200000,36,44,50,57,76,95,170,320,2200,36000,36000,1388,700,35,72.89781253613585,13.326700005563907,36484.04890000529,74.35158501440922
1777889314,300,,Aggregated,1.200000,1.200000,36,44,50,57,76,95,170,320,2200,36000,36000,1388,700,35,72.89781253613585,13.326700005563907,36484.04890000529,74.35158501440922
1777889315,300,,Aggregated,1.200000,1.200000,36,43,50,57,76,95,170,320,2200,36000,36000,1389,701,36,72.8723205904645,13.326700005563907,36484.04890000529,74.29805615550755
1777889316,300,,Aggregated,1.000000,1.000000,36,44,50,57,76,95,170,320,2200,36000,36000,1391,703,36,72.84073156014581,13.326700005563907,36484.04890000529,74.19122933141625
1777889317,300,,Aggregated,1.100000,1.100000,36,44,50,57,76,95,170,320,2200,36000,36000,1392,704,36,72.81574001449006,13.326700005563907,36484.04890000529,74.13793103448276
1777889318,300,,Aggregated,1.100000,1.100000,36,44,50,57,76,95,170,320,2200,36000,36000,1393,705,36,72.77682340285294,13.326700005563907,36484.04890000529,74.08470926058865
1777889319,300,,Aggregated,0.900000,0.900000,36,44,50,57,76,95,170,320,2200,36000,36000,1395,707,36,72.75020946250139,13.326700005563907,36484.04890000529,73.97849462365592
1777889320,300,,Aggregated,1.000000,1.000000,36,44,50,57,76,95,170,320,2200,36000,36000,1396,708,36,72.75747657606715,13.326700005563907,36484.04890000529,73.92550143266476
1777889321,300,,Aggregated,1.100000,1.100000,36,44,50,57,76,95,170,320,2200,36000,36000,1397,709,36,72.7321901934074,13.326700005563907,36484.04890000529,73.87258410880459
1777889322,300,,Aggregated,1.100000,1.100000,36,44,50,57,76,95,170,320,2200,36000,36000,1399,711,36,72.7189849179281,13.326700005563907,36484.04890000529,73.76697641172265
1777889323,300,,Aggregated,0.900000,0.900000,36,44,50,57,76,94,160,320,2200,36000,36000,1401,713,36,72.67464625280714,13.326700005563907,36484.04890000529,73.66167023554604
1777889324,300,,Aggregated,0.900000,0.900000,36,44,50,57,76,94,160,320,2200,36000,36000,1401,713,36,72.67464625280714,13.326700005563907,36484.04890000529,73.66167023554604
1777889325,300,,Aggregated,1.200000,1.200000,36,44,50,57,76,95,160,320,2200,36000,36000,1402,714,36,72.7014859487758,13.326700005563907,36484.04890000529,73.60912981455064
1777889326,300,,Aggregated,1.200000,1.200000,36,44,50,57,76,95,160,320,2200,36000,36000,1402,714,36,72.7014859487758,13.326700005563907,36484.04890000529,73.60912981455064
1777889327,300,,Aggregated,1.200000,1.200000,36,44,51,57,76,96,160,320,2200,36000,36000,1405,717,36,72.76245950192157,13.326700005563907,36484.04890000529,73.45195729537366
1777889328,300,,Aggregated,1.200000,1.200000,36,44,51,57,76,96,160,320,2200,36000,36000,1406,718,36,72.74626045532574,13.326700005563907,36484.04890000529,73.39971550497866
1777889329,300,,Aggregated,1.200000,1.200000,36,44,51,57,76,96,160,320,2200,36000,36000,1408,720,36,72.7244752842208,13.326700005563907,36484.04890000529,73.29545454545455
1777889330,300,,Aggregated,1.200000,1.200000,36,44,51,57,76,96,160,320,2200,36000,36000,1408,720,36,72.7244752842208,13.326700005563907,36484.04890000529,73.29545454545455
1777889331,300,,Aggregated,1.300000,1.300000,36,44,51,58,76,96,160,320,2200,36000,36000,1409,721,36,72.71775457784516,13.326700005563907,36484.04890000529,73.24343506032648
1777889332,300,,Aggregated,1.300000,1.300000,36,44,51,58,76,96,160,320,2200,36000,36000,1412,724,36,72.66528038255876,13.326700005563907,36484.04890000529,73.08781869688386
1777889333,300,,Aggregated,1.300000,1.300000,36,44,51,58,76,96,160,320,2200,36000,36000,1412,724,36,72.66528038255876,13.326700005563907,36484.04890000529,73.08781869688386
1777889334,300,,Aggregated,1.200000,1.200000,36,44,51,58,76,96,160,320,2200,36000,36000,1413,725,36,72.6519468507915,13.326700005563907,36484.04890000529,73.03609341825903
1777889335,300,,Aggregated,1.200000,1.200000,36,44,51,58,76,96,160,320,2200,36000,36000,1413,725,36,72.6519468507915,13.326700005563907,36484.04890000529,73.03609341825903
1777889336,300,,Aggregated,1.200000,1.200000,36,44,51,58,76,96,160,320,2200,36000,36000,1415,727,36,72.63959908138882,13.326700005563907,36484.04890000529,72.93286219081273
1777889337,300,,Aggregated,1.200000,1.200000,36,44,51,58,76,96,160,320,2200,36000,36000,1417,729,36,72.596589767235,13.326700005563907,36484.04890000529,72.82992237120678
1777889338,300,,Aggregated,1.200000,1.200000,36,44,51,58,76,96,160,320,2200,36000,36000,1417,729,36,72.596589767235,13.326700005563907,36484.04890000529,72.82992237120678
1777889339,300,,Aggregated,1.200000,1.200000,36,44,51,58,76,96,160,320,2200,36000,36000,1417,729,36,72.596589767235,13.326700005563907,36484.04890000529,72.82992237120678
1777889340,300,,Aggregated,1.200000,1.200000,36,44,51,58,76,96,160,320,2200,36000,36000,1417,729,36,72.596589767235,13.326700005563907,36484.04890000529,72.82992237120678
1777889341,300,,Aggregated,1.000000,1.000000,36,44,51,58,76,96,160,320,2200,36000,36000,1418,730,36,72.59458335695626,13.326700005563907,36484.04890000529,72.77856135401974
1777889342,300,,Aggregated,0.900000,0.900000,36,44,51,58,76,96,160,320,2200,36000,36000,1419,731,36,72.57984482041768,13.326700005563907,36484.04890000529,72.72727272727273
1777889343,300,,Aggregated,0.900000,0.900000,36,44,51,58,76,96,160,320,2200,36000,36000,1420,732,36,72.55800514096438,13.326700005563907,36484.04890000529,72.67605633802818
1777889344,300,,Aggregated,0.800000,0.800000,36,44,51,58,76,96,160,320,2200,36000,36000,1421,733,36,72.53403462361888,13.326700005563907,36484.04890000529,72.62491203377903
1777889345,300,,Aggregated,0.700000,0.700000,36,44,51,58,76,96,160,320,2200,36000,36000,1425,737,36,72.47005438608763,13.326700005563907,36484.04890000529,72.42105263157895
1777889346,300,,Aggregated,0.700000,0.700000,36,44,51,58,76,96,160,320,2200,36000,36000,1425,737,36,72.47005438608763,13.326700005563907,36484.04890000529,72.42105263157895
1777889347,300,,Aggregated,0.800000,0.800000,36,44,51,58,76,96,160,320,2200,36000,36000,1426,738,36,72.45820049100517,13.326700005563907,36484.04890000529,72.3702664796634
1777889348,300,,Aggregated,1.200000,1.200000,37,44,51,58,76,96,160,320,2200,36000,36000,1429,740,37,72.39474233740826,13.326700005563907,36484.04890000529,72.21833449965011
1777889349,300,,Aggregated,1.000000,1.000000,37,44,51,58,76,96,160,320,2200,36000,36000,1430,741,36,72.36915370640736,13.326700005563907,36484.04890000529,72.16783216783217
1777889350,300,,Aggregated,0.900000,0.900000,37,44,51,58,76,96,160,320,2200,36000,36000,1432,743,37,72.37342737442192,13.326700005563907,36484.04890000529,72.06703910614524
1777889351,300,,Aggregated,0.900000,0.900000,37,44,51,58,76,96,160,320,2200,36000,36000,1432,743,37,72.37342737442192,13.326700005563907,36484.04890000529,72.06703910614524
1777889352,300,,Aggregated,1.300000,1.200000,37,44,51,58,76,96,160,320,2200,36000,36000,1433,744,37,72.35372463375141,13.326700005563907,36484.04890000529,72.01674808094906
1777889353,300,,Aggregated,1.500000,1.400000,37,44,51,58,76,96,160,320,2200,36000,36000,1434,745,37,72.33305529998269,13.326700005563907,36484.04890000529,71.96652719665272
1777889354,300,,Aggregated,1.500000,1.400000,37,44,51,58,76,96,160,320,2200,36000,36000,1434,745,37,72.33305529998269,13.326700005563907,36484.04890000529,71.96652719665272
1777889356,300,,Aggregated,1.400000,1.300000,37,44,51,58,76,96,160,320,2200,36000,36000,1436,747,37,72.31042423409944,13.326700005563907,36484.04890000529,71.86629526462396
1777889357,300,,Aggregated,1.400000,1.300000,37,44,51,58,76,96,160,320,2200,36000,36000,1438,749,37,72.26925438120568,13.326700005563907,36484.04890000529,71.7663421418637
1777889358,300,,Aggregated,1.400000,1.300000,37,44,51,58,76,96,160,320,2200,36000,36000,1438,749,37,72.26925438120568,13.326700005563907,36484.04890000529,71.7663421418637
1777889359,300,,Aggregated,1.100000,1.000000,37,44,51,58,76,96,160,320,2200,36000,36000,1439,750,37,72.24595462138267,13.326700005563907,36484.04890000529,71.71646977067408
1777889360,300,,Aggregated,1.300000,1.200000,37,44,51,58,76,95,160,320,2200,36000,36000,1442,753,37,72.19661206669045,13.326700005563907,36484.04890000529,71.56726768377254
1777889361,300,,Aggregated,1.300000,1.200000,37,44,51,58,76,95,160,320,2200,36000,36000,1442,753,37,72.19661206669045,13.326700005563907,36484.04890000529,71.56726768377254
1777889362,300,,Aggregated,1.300000,1.200000,37,44,51,58,76,95,160,320,2200,36000,36000,1442,753,37,72.19661206669045,13.326700005563907,36484.04890000529,71.56726768377254
1777889363,300,,Aggregated,1.200000,1.200000,37,44,51,58,76,96,160,320,2200,36000,36000,1445,756,37,72.18762858142185,13.326700005563907,36484.04890000529,71.41868512110727
1777889364,300,,Aggregated,1.000000,1.000000,37,44,51,58,76,96,160,320,2200,36000,36000,1446,757,37,72.16623001392992,13.326700005563907,36484.04890000529,71.36929460580913
1777889365,300,,Aggregated,1.000000,1.000000,37,44,51,58,76,96,160,320,2200,36000,36000,1448,758,37,72.14241319070928,13.326700005563907,36484.04890000529,71.2707182320442
1777889366,300,,Aggregated,1.200000,1.200000,37,44,51,58,76,96,160,320,2200,36000,36000,1451,761,37,72.06394141981603,13.326700005563907,36484.04890000529,71.12336319779462
1777889367,300,,Aggregated,1.200000,1.200000,37,44,51,58,76,96,160,320,2200,36000,36000,1451,761,37,72.06394141981603,13.326700005563907,36484.04890000529,71.12336319779462
1777889368,300,,Aggregated,1.500000,1.400000,37,44,51,58,76,96,160,320,2200,36000,36000,1453,763,37,72.03427460437413,13.326700005563907,36484.04890000529,71.02546455609085
1777889369,300,,Aggregated,1.500000,1.400000,37,44,51,58,76,96,160,320,2200,36000,36000,1453,763,37,72.03427460437413,13.326700005563907,36484.04890000529,71.02546455609085
1777889370,300,,Aggregated,1.400000,1.300000,37,44,51,58,76,96,160,320,2200,36000,36000,1455,765,37,72.00772811006995,13.326700005563907,36484.04890000529,70.9278350515464
1777889371,300,,Aggregated,1.400000,1.300000,37,44,51,58,76,96,160,320,2200,36000,36000,1456,766,37,71.98246806329225,13.326700005563907,36484.04890000529,70.87912087912088
1777889372,300,,Aggregated,1.400000,1.300000,37,44,51,58,76,96,160,320,2200,36000,36000,1457,767,37,71.96171894314693,13.326700005563907,36484.04890000529,70.83047357584077
1777889373,300,,Aggregated,1.400000,1.300000,37,44,51,58,76,96,160,320,2200,36000,36000,1459,769,37,71.9858050035528,13.326700005563907,36484.04890000529,70.73337902673063
1777889374,300,,Aggregated,1.400000,1.300000,37,44,51,58,76,96,160,320,2200,36000,36000,1460,770,37,71.96279130150462,13.326700005563907,36484.04890000529,70.68493150684931
1777889375,300,,Aggregated,1.500000,1.400000,37,44,51,58,76,96,160,320,2200,36000,36000,1462,772,37,71.91728009588842,13.326700005563907,36484.04890000529,70.58823529411765
1777889376,300,,Aggregated,1.500000,1.400000,37,44,51,58,76,96,160,320,2200,36000,36000,1462,772,37,71.91728009588842,13.326700005563907,36484.04890000529,70.58823529411765
1777889377,300,,Aggregated,1.400000,1.300000,37,44,51,58,76,96,160,320,2200,36000,36000,1463,773,37,71.89428824347118,13.326700005563907,36484.04890000529,70.53998632946
1777889378,300,,Aggregated,1.400000,1.400000,37,44,51,58,76,96,160,320,2200,36000,36000,1464,774,37,71.91079228155377,13.326700005563907,36484.04890000529,70.49180327868852
1777889379,300,,Aggregated,1.100000,1.100000,37,44,51,58,76,96,160,320,2200,36000,36000,1466,776,37,71.8734119373771,13.326700005563907,36484.04890000529,70.3956343792633
1777889380,300,,Aggregated,1.100000,1.100000,37,44,51,58,76,96,160,320,2200,36000,36000,1466,776,37,71.8734119373771,13.326700005563907,36484.04890000529,70.3956343792633
1777889381,300,,Aggregated,1.100000,1.100000,37,44,51,58,76,96,160,320,2200,36000,36000,1466,776,37,71.8734119373771,13.326700005563907,36484.04890000529,70.3956343792633
1777889382,300,,Aggregated,1.300000,1.300000,37,44,51,58,76,96,160,320,2200,36000,36000,1468,778,37,71.82952908732479,13.326700005563907,36484.04890000529,70.29972752043597
1777889383,300,,Aggregated,1.300000,1.300000,37,44,51,58,76,96,160,320,2200,36000,36000,1469,779,37,71.85002055833493,13.326700005563907,36484.04890000529,70.25187202178353
1777889384,300,,Aggregated,1.000000,1.000000,37,44,51,58,76,96,160,320,2200,36000,36000,1470,780,37,71.83557408176787,13.326700005563907,36484.04890000529,70.20408163265306
1777889385,300,,Aggregated,1.100000,1.100000,37,44,51,58,76,96,160,320,2200,36000,36000,1472,782,37,71.78512085610949,13.326700005563907,36484.04890000529,70.1086956521739
1777889386,300,,Aggregated,1.100000,1.100000,37,44,51,58,76,96,160,320,2200,36000,36000,1472,782,37,71.78512085610949,13.326700005563907,36484.04890000529,70.1086956521739
1777889387,300,,Aggregated,1.100000,1.100000,37,44,51,58,76,96,160,320,2200,36000,36000,1472,782,37,71.78512085610949,13.326700005563907,36484.04890000529,70.1086956521739
1777889388,300,,Aggregated,1.000000,1.000000,37,44,51,58,76,96,160,320,2200,36000,36000,1474,784,37,71.76504341940417,13.326700005563907,36484.04890000529,70.0135685210312
1777889389,300,,Aggregated,1.000000,1.000000,37,44,51,58,76,96,160,320,2200,36000,36000,1476,786,37,71.71975047438828,13.326700005563907,36484.04890000529,69.91869918699187
1777889390,300,,Aggregated,0.900000,0.900000,37,44,51,58,76,96,160,320,2200,36000,36000,1478,788,37,71.69422368078,13.326700005563907,36484.04890000529,69.82408660351827
1777889391,300,,Aggregated,1.000000,1.000000,37,44,51,58,76,96,160,320,2200,36000,36000,1480,790,37,71.7497996622901,13.326700005563907,36484.04890000529,69.72972972972973
1777889392,300,,Aggregated,1.000000,1.000000,37,44,51,58,76,96,160,320,2200,36000,36000,1480,790,37,71.7497996622901,13.326700005563907,36484.04890000529,69.72972972972973
1777889393,300,,Aggregated,1.000000,1.000000,37,44,51,58,76,96,160,320,2200,36000,36000,1480,790,37,71.7497996622901,13.326700005563907,36484.04890000529,69.72972972972973
1777889394,300,,Aggregated,1.300000,1.300000,37,44,51,58,76,96,160,320,2200,36000,36000,1481,791,37,71.75296988534905,13.326700005563907,36484.04890000529,69.68264686022957
1777889395,300,,Aggregated,1.200000,1.200000,37,44,51,58,76,96,160,320,2200,36000,36000,1482,792,37,71.73629082335317,13.326700005563907,36484.04890000529,69.63562753036437
1777889396,300,,Aggregated,1.100000,1.100000,37,44,51,58,76,96,160,320,2200,36000,36000,1484,794,37,71.69140283033413,13.326700005563907,36484.04890000529,69.54177897574124
1777889397,300,,Aggregated,1.100000,1.100000,37,44,51,58,76,96,160,320,2200,36000,36000,1485,795,37,71.66777225604213,13.326700005563907,36484.04890000529,69.4949494949495
1777889398,300,,Aggregated,1.100000,1.100000,37,44,51,58,76,96,160,320,2200,36000,36000,1487,796,37,71.62772199072963,13.326700005563907,36484.04890000529,69.40147948890383
1777889399,300,,Aggregated,1.100000,1.100000,37,44,51,58,76,96,160,320,2200,36000,36000,1488,797,37,71.62355194906277,13.326700005563907,36484.04890000529,69.35483870967742
1777889400,300,,Aggregated,1.200000,1.200000,37,44,51,58,76,96,160,320,2200,36000,36000,1490,799,37,71.57349409410517,13.326700005563907,36484.04890000529,69.26174496644295
1777889401,300,,Aggregated,1.200000,1.200000,37,44,51,58,76,96,160,320,2200,36000,36000,1491,800,37,71.55987028853968,13.326700005563907,36484.04890000529,69.21529175050301
1777889402,300,,Aggregated,1.200000,1.200000,37,44,51,58,76,96,160,320,2200,36000,36000,1491,800,37,71.55987028853968,13.326700005563907,36484.04890000529,69.21529175050301
1777889403,300,,Aggregated,1.200000,1.200000,37,44,51,58,76,96,160,320,2200,36000,36000,1491,800,37,71.55987028853968,13.326700005563907,36484.04890000529,69.21529175050301
1777889404,300,,Aggregated,1.200000,1.200000,37,44,51,58,76,96,160,320,2200,36000,36000,1491,800,37,71.55987028853968,13.326700005563907,36484.04890000529,69.21529175050301
1777889405,300,,Aggregated,1.100000,1.000000,37,44,51,58,76,96,160,320,2200,36000,36000,1492,801,37,71.5674705765532,13.326700005563907,36484.04890000529,69.16890080428955
1777889406,300,,Aggregated,1.100000,1.000000,37,44,51,58,76,96,160,320,2200,36000,36000,1493,802,37,71.55133971883983,13.326700005563907,36484.04890000529,69.12257200267916
1777889407,300,,Aggregated,1.000000,0.900000,37,44,51,58,76,96,160,320,2200,36000,36000,1495,804,37,71.52488321084591,13.326700005563907,36484.04890000529,69.03010033444816
1777889408,300,,Aggregated,1.000000,0.900000,37,44,51,58,76,96,160,320,2200,36000,36000,1496,805,37,71.51241744666909,13.326700005563907,36484.04890000529,68.98395721925134
1777889409,300,,Aggregated,1.000000,0.900000,37,44,51,58,76,96,160,320,2200,36000,36000,1497,806,37,71.4913436207213,13.326700005563907,36484.04890000529,68.937875751503
1777889410,300,,Aggregated,1.000000,0.900000,37,44,51,58,76,96,160,320,2200,36000,36000,1499,808,37,71.48020366924789,13.326700005563907,36484.04890000529,68.84589726484323
1777889411,300,,Aggregated,0.900000,0.900000,37,44,51,58,76,96,160,310,2200,36000,36000,1501,810,37,71.44664197215393,13.326700005563907,36484.04890000529,68.7541638907395
1777889412,300,,Aggregated,0.900000,0.900000,37,44,51,58,76,96,160,310,2200,36000,36000,1501,810,37,71.44664197215393,13.326700005563907,36484.04890000529,68.7541638907395
1777889413,300,,Aggregated,0.800000,0.800000,37,44,51,58,76,96,160,310,2200,36000,36000,1502,811,37,71.4465203729703,13.326700005563907,36484.04890000529,68.70838881491345
1777889414,300,,Aggregated,1.000000,1.000000,37,44,51,59,76,96,160,310,2200,36000,36000,1504,813,37,71.41925791236335,13.326700005563907,36484.04890000529,68.61702127659575
1777889415,300,,Aggregated,1.000000,1.000000,37,44,51,59,76,96,160,310,2200,36000,36000,1504,813,37,71.41925791236335,13.326700005563907,36484.04890000529,68.61702127659575
1777889416,300,,Aggregated,1.000000,1.000000,37,44,51,59,76,96,160,310,2200,36000,36000,1505,814,37,71.40692790710689,13.326700005563907,36484.04890000529,68.57142857142857
1777889417,300,,Aggregated,1.000000,1.000000,37,44,51,59,76,96,160,310,2200,36000,36000,1505,814,37,71.40692790710689,13.326700005563907,36484.04890000529,68.57142857142857
1777889418,300,,Aggregated,1.200000,1.200000,37,44,51,58,76,96,160,310,2200,36000,36000,1506,815,37,71.39793446227682,13.326700005563907,36484.04890000529,68.52589641434263
1777889419,300,,Aggregated,1.000000,1.000000,37,44,51,58,76,96,160,310,2200,36000,36000,1509,818,37,71.33686182913777,13.326700005563907,36484.04890000529,68.389662027833
1777889420,300,,Aggregated,1.000000,1.000000,37,45,51,59,76,96,160,310,2200,36000,36000,1510,819,37,71.34034284779845,13.326700005563907,36484.04890000529,68.34437086092716
1777889421,300,,Aggregated,1.000000,1.000000,37,44,51,58,76,96,160,310,2200,36000,36000,1512,821,37,71.29816421970236,13.326700005563907,36484.04890000529,68.25396825396825
1777889422,300,,Aggregated,1.200000,1.200000,37,45,51,58,76,96,160,310,2200,36000,36000,1514,823,37,71.26363361967282,13.326700005563907,36484.04890000529,68.16380449141347
1777889423,300,,Aggregated,1.200000,1.200000,37,45,51,58,76,96,160,310,2200,36000,36000,1516,825,37,71.24216675474311,13.326700005563907,36484.04890000529,68.07387862796834
1777889424,300,,Aggregated,1.200000,1.200000,37,45,51,58,76,96,160,310,2200,36000,36000,1517,826,37,71.23275299946549,13.326700005563907,36484.04890000529,68.02900461437046
1777889425,300,,Aggregated,1.200000,1.200000,37,45,51,58,76,96,160,310,2200,36000,36000,1517,826,37,71.23275299946549,13.326700005563907,36484.04890000529,68.02900461437046
1777889426,300,,Aggregated,1.300000,1.300000,37,45,51,58,76,96,160,310,2200,36000,36000,1519,828,37,71.21950737340545,13.326700005563907,36484.04890000529,67.93943383805134
1777889427,300,,Aggregated,1.300000,1.300000,37,45,52,59,76,96,160,310,2200,36000,36000,1520,829,37,71.24616585539403,13.326700005563907,36484.04890000529,67.89473684210526
1777889428,300,,Aggregated,1.300000,1.300000,37,45,51,58,76,96,160,310,2200,36000,36000,1521,830,37,71.22492859973774,13.326700005563907,36484.04890000529,67.85009861932939
1777889429,300,,Aggregated,1.400000,1.400000,37,45,51,58,76,96,160,310,2200,36000,36000,1522,831,37,71.2085506571616,13.326700005563907,36484.04890000529,67.80551905387648
1777889430,300,,Aggregated,1.400000,1.400000,37,45,51,58,76,96,160,310,2200,36000,36000,1522,831,37,71.2085506571616,13.326700005563907,36484.04890000529,67.80551905387648
1777889431,300,,Aggregated,1.400000,1.400000,37,45,52,59,76,96,160,310,2200,36000,36000,1523,832,37,71.20508614589521,13.326700005563907,36484.04890000529,67.76099803020355
1777889432,300,,Aggregated,1.400000,1.400000,37,45,52,59,76,96,160,310,2200,36000,36000,1523,832,37,71.20508614589521,13.326700005563907,36484.04890000529,67.76099803020355
1777889433,300,,Aggregated,1.100000,1.100000,37,45,51,58,76,96,160,310,2200,36000,36000,1527,835,37,71.11867590061085,13.326700005563907,36484.04890000529,67.58349705304519
1777889434,300,,Aggregated,1.000000,1.000000,37,45,51,59,76,96,160,310,2200,36000,36000,1530,838,37,71.07598653610634,13.326700005563907,36484.04890000529,67.45098039215686
1777889435,300,,Aggregated,0.800000,0.800000,37,45,52,59,76,96,160,310,2200,36000,36000,1532,840,37,71.07334934741627,13.326700005563907,36484.04890000529,67.36292428198433
