Timestamp,User Count,Type,Name,Requests/s,Failures/s,50%,66%,75%,80%,90%,95%,98%,99%,99.9%,99.99%,100%,Total Request Count,Total Failure Count,Total Median Response Time,Total Average Response Time,Total Min Response Time,Total Max Response Time,Total Average Content Size
1777886592,0,,Aggregated,0.000000,0.000000,N/A,N/A,N/A,N/A,N/A,N/A,N/A,N/A,N/A,N/A,N/A,0,0,0,0.0,0,0,0
1777886593,1,,Aggregated,0.000000,0.000000,87,87,87,87,87,87,87,87,87,87,87,2,0,81.1418999946909,84.22384999721544,81.1418999946909,87.30579999973997,172.0
1777886594,2,,Aggregated,0.000000,0.000000,81,81,87,87,87,87,87,87,87,87,87,4,0,59,69.97235000017099,52.56999999983236,87.30579999973997,172.0
1777886595,3,,Aggregated,0.000000,0.000000,81,81,87,87,94,94,94,94,94,94,94,6,0,59,70.21833333177103,46.9740999978967,94.44649999204557,172.0
1777886596,4,,Aggregated,2.000000,0.000000,59,81,87,87,94,94,94,94,94,94,94,8,0,53,62.40799999977753,33.624400006374344,94.44649999204557,172.0
1777886597,6,,Aggregated,2.000000,0.000000,57,59,81,87,94,94,94,94,94,94,94,10,0,53,57.51744999870425,18.89439999649767,94.44649999204557,172.0
1777886598,7,,Aggregated,2.000000,0.000000,57,59,81,81,87,94,94,94,94,94,94,12,0,53,54.683466666271364,18.89439999649767,94.44649999204557,172.0
1777886599,8,,Aggregated,2.000000,0.000000,57,61,75,81,87,94,94,94,94,94,94,14,0,53,54.346821427835884,18.89439999649767,94.44649999204557,172.0
1777886600,9,,Aggregated,2.000000,0.000000,53,59,75,75,87,94,94,94,94,94,94,16,0,47,50.98482499943202,18.89439999649767,94.44649999204557,172.0
1777886601,10,,Aggregated,2.000000,0.000000,47,57,61,75,87,94,94,94,94,94,94,18,0,44,48.984827776924554,18.89439999649767,94.44649999204557,172.0
1777886602,11,,Aggregated,2.000000,0.000000,44,57,61,75,87,94,94,94,94,94,94,20,0,44,47.31276999882539,18.89439999649767,94.44649999204557,172.0
1777886603,12,,Aggregated,2.000000,0.000000,44,57,61,63,81,87,94,94,94,94,94,22,0,44,46.881454543670934,18.89439999649767,94.44649999204557,172.0
1777886604,13,,Aggregated,2.000000,0.000000,44,53,61,63,81,87,94,94,94,94,94,24,0,44,45.30075833160178,18.735100005869754,94.44649999204557,172.0
1777886605,14,,Aggregated,2.000000,0.000000,44,53,59,61,81,87,94,94,94,94,94,26,0,37,44.03588461382942,18.735100005869754,94.44649999204557,172.0
1777886606,15,,Aggregated,2.000000,0.000000,37,47,57,61,81,87,94,94,94,94,94,29,0,37,42.18383103354176,18.735100005869754,94.44649999204557,166.06896551724137
1777886607,16,,Aggregated,2.000000,0.000000,37,44,57,59,75,87,94,94,94,94,94,31,0,37,41.36000645080311,18.735100005869754,94.44649999204557,166.4516129032258
1777886608,17,,Aggregated,2.000000,0.000000,37,44,57,61,81,87,94,94,94,94,94,33,0,37,42.08496969570688,18.735100005869754,94.44649999204557,166.78787878787878
1777886609,18,,Aggregated,2.100000,0.000000,37,44,57,59,81,87,94,94,94,94,94,36,0,36,41.177730554611315,18.072999999276362,94.44649999204557,162.44444444444446
1777886610,19,,Aggregated,2.100000,0.000000,37,47,57,59,81,87,94,94,94,94,94,38,0,36,41.15296315706617,18.072999999276362,94.44649999204557,162.94736842105263
1777886611,20,,Aggregated,2.100000,0.000000,37,44,57,59,81,87,94,94,94,94,94,40,0,36,40.692647499236045,18.072999999276362,94.44649999204557,163.4
1777886612,21,,Aggregated,2.200000,0.000000,37,44,54,57,75,82,94,94,94,94,94,42,0,36,40.26031428483769,18.072999999276362,94.44649999204557,163.8095238095238
1777886613,22,,Aggregated,2.200000,0.000000,37,44,57,59,81,87,94,94,94,94,94,44,0,36,41.09070454466167,18.072999999276362,94.44649999204557,164.1818181818182
1777886614,23,,Aggregated,2.200000,0.000000,36,44,54,57,81,87,94,94,94,94,94,46,0,36,40.46011521637885,18.072999999276362,94.44649999204557,164.52173913043478
1777886615,24,,Aggregated,2.200000,0.000000,36,44,54,57,81,87,94,94,94,94,94,48,0,36,40.10085416575748,18.072999999276362,94.44649999204557,164.83333333333334
1777886616,25,,Aggregated,2.200000,0.000000,36,44,53,57,81,87,94,94,94,94,94,50,0,36,39.84734799945727,18.072999999276362,94.44649999204557,165.12
1777886617,26,,Aggregated,2.200000,0.000000,36,43,53,57,75,87,92,94,94,94,94,52,0,36,39.46635576861669,18.072999999276362,94.44649999204557,165.3846153846154
1777886618,27,,Aggregated,2.200000,0.000000,36,43,53,57,75,87,92,94,94,94,94,54,0,36,39.82501851795759,18.072999999276362,94.44649999204557,165.62962962962962
1777886619,28,,Aggregated,2.100000,0.000000,36,43,53,57,75,87,92,94,94,94,94,56,0,36,39.53215714240547,18.072999999276362,94.44649999204557,165.85714285714286
1777886620,29,,Aggregated,2.100000,0.000000,36,43,47,57,75,87,92,94,94,94,94,58,0,36,39.23837586149477,18.072999999276362,94.44649999204557,166.06896551724137
1777886621,30,,Aggregated,2.100000,0.000000,36,42,47,57,75,87,92,94,94,94,94,60,0,36,38.90497833296346,18.072999999276362,94.44649999204557,166.26666666666668
1777886622,31,,Aggregated,2.000000,0.000000,36,42,47,57,75,87,94,740,740,740,740,63,0,36,49.54433015853514,18.072999999276362,744.0623000002233,163.8095238095238
1777886623,32,,Aggregated,2.000000,0.000000,36,42,47,57,75,87,94,740,740,740,740,65,0,36,49.151566153607114,18.072999999276362,744.0623000002233,164.06153846153848
1777886624,33,,Aggregated,2.000000,0.000000,35,42,47,54,75,87,94,740,740,740,740,67,0,35,48.500729850519434,18.072999999276362,744.0623000002233,164.29850746268656
1777886625,34,,Aggregated,1.800000,0.000000,36,42,44,54,75,87,94,740,740,740,740,69,0,36,48.26217101409397,18.072999999276362,744.0623000002233,164.52173913043478
1777886626,35,,Aggregated,2.100000,0.000000,36,42,47,54,73,87,94,740,740,740,740,71,0,36,48.035108450305,18.072999999276362,744.0623000002233,164.73239436619718
1777886627,36,,Aggregated,2.100000,0.000000,36,42,47,54,73,87,94,740,740,740,740,73,0,36,47.70972876656443,18.072999999276362,744.0623000002233,164.93150684931507
1777886628,37,,Aggregated,2.100000,0.000000,36,42,49,54,73,87,94,740,740,740,740,76,0,35,47.27119342025713,17.473099986091256,744.0623000002233,162.94736842105263
1777886629,38,,Aggregated,2.100000,0.000000,36,42,49,55,73,87,94,740,740,740,740,78,0,35,47.107314101781526,17.473099986091256,744.0623000002233,163.17948717948718
1777886630,39,,Aggregated,2.100000,0.000000,36,42,49,55,73,87,94,740,740,740,740,80,0,35,46.64953874926141,17.473099986091256,744.0623000002233,163.4
1777886631,40,,Aggregated,2.100000,0.000000,36,42,49,55,73,82,94,740,740,740,740,82,0,35,46.72396341381344,17.473099986091256,744.0623000002233,163.609756097561
1777886632,41,,Aggregated,2.200000,0.000000,36,42,52,55,73,82,94,740,740,740,740,83,0,36,46.79299156544085,17.473099986091256,744.0623000002233,164.02409638554218
1777886633,42,,Aggregated,2.200000,0.000000,36,43,53,57,79,87,740,1200,1200,1200,1200,86,0,36,60.58663372011303,17.473099986091256,1228.9336999965599,164.0
1777886634,43,,Aggregated,2.200000,0.000000,36,43,53,57,79,87,740,1200,1200,1200,1200,88,0,35,59.806440908273956,17.473099986091256,1228.9336999965599,164.1818181818182
1777886635,44,,Aggregated,2.300000,0.000000,36,43,52,57,79,87,740,1200,1200,1200,1200,90,0,35,59.22184111049218,17.473099986091256,1228.9336999965599,164.35555555555555
1777886636,45,,Aggregated,2.100000,0.000000,36,42,52,55,75,87,740,1200,1200,1200,1200,92,0,35,58.61712499941147,17.473099986091256,1228.9336999965599,164.52173913043478
1777886637,46,,Aggregated,2.100000,0.000000,36,42,52,55,75,87,740,1200,1200,1200,1200,92,0,35,58.61712499941147,17.473099986091256,1228.9336999965599,164.52173913043478
1777886638,47,,Aggregated,2.100000,0.000000,36,43,53,57,79,92,1200,1400,1400,1400,1400,96,0,35,72.30175729106729,17.473099986091256,1440.6408999930136,164.83333333333334
1777886639,48,,Aggregated,2.100000,0.000000,36,42,52,57,79,92,1200,1400,1400,1400,1400,98,0,35,71.40030612193799,17.473099986091256,1440.6408999930136,164.9795918367347
1777886640,49,,Aggregated,1.900000,0.000000,36,43,52,57,79,92,1200,1400,1400,1400,1400,100,0,35,70.60514999961015,17.473099986091256,1440.6408999930136,165.12
1777886641,50,,Aggregated,1.900000,0.000000,36,43,49,55,75,87,740,1200,1400,1400,1400,102,0,35,69.88702843084991,17.473099986091256,1440.6408999930136,165.2549019607843
1777886642,51,,Aggregated,2.000000,0.000000,36,43,52,55,75,87,740,1200,1400,1400,1400,104,0,36,69.46452980726183,17.473099986091256,1440.6408999930136,165.3846153846154
1777886643,52,,Aggregated,2.000000,0.000000,36,43,52,55,79,87,740,1200,1400,1400,1400,106,0,36,69.2369962260204,17.473099986091256,1440.6408999930136,165.50943396226415
1777886644,53,,Aggregated,2.000000,0.000000,36,44,52,55,79,87,740,1200,1400,1400,1400,108,0,36,68.54251759216788,17.473099986091256,1440.6408999930136,165.62962962962962
1777886645,54,,Aggregated,2.100000,0.000000,36,43,49,55,79,87,740,1200,1400,1400,1400,110,0,36,67.84405090848767,17.473099986091256,1440.6408999930136,165.74545454545455
1777886646,55,,Aggregated,2.000000,0.000000,36,43,52,55,75,87,740,1200,1400,1400,1400,112,0,36,67.30561339229878,17.473099986091256,1440.6408999930136,165.85714285714286
1777886647,56,,Aggregated,2.000000,0.000000,36,44,50,55,75,87,740,1200,1400,1400,1400,114,0,36,66.7170912276018,17.473099986091256,1440.6408999930136,165.96491228070175
1777886648,57,,Aggregated,2.000000,0.000000,36,44,52,55,75,87,740,1200,1400,1400,1400,116,0,36,66.25754827548698,17.473099986091256,1440.6408999930136,166.06896551724137
1777886649,58,,Aggregated,2.000000,0.000000,36,44,52,57,75,87,740,1200,1400,1400,1400,118,0,36,65.79284745717906,17.473099986091256,1440.6408999930136,166.16949152542372
1777886650,59,,Aggregated,2.200000,0.000000,36,44,53,57,75,87,740,1200,1400,1400,1400,120,0,36,65.40147166633687,17.473099986091256,1440.6408999930136,166.26666666666668
1777886651,60,,Aggregated,2.200000,0.000000,36,44,52,57,73,82,740,1200,1400,1400,1400,122,0,36,64.88418196684387,17.473099986091256,1440.6408999930136,166.36065573770492
1777886652,60,,Aggregated,2.000000,0.000000,36,44,50,57,73,82,740,1200,1400,1400,1400,125,0,36,63.95055759965908,17.473099986091256,1440.6408999930136,165.12
1777886653,60,,Aggregated,2.000000,0.000000,36,44,50,57,73,82,740,1200,1400,1400,1400,125,0,36,63.95055759965908,17.473099986091256,1440.6408999930136,165.12
1777886654,60,,Aggregated,2.000000,0.000000,36,44,50,57,73,82,740,1200,1400,1400,1400,125,0,36,63.95055759965908,17.473099986091256,1440.6408999930136,165.12
1777886655,60,,Aggregated,2.000000,0.000000,36,44,50,57,73,82,740,1200,1400,1400,1400,125,0,36,63.95055759965908,17.473099986091256,1440.6408999930136,165.12
1777886656,60,,Aggregated,2.000000,0.000000,36,44,50,57,73,82,740,1200,1400,1400,1400,125,0,36,63.95055759965908,17.473099986091256,1440.6408999930136,165.12
1777886657,60,,Aggregated,2.000000,0.000000,36,44,50,57,73,82,740,1200,1400,1400,1400,125,0,36,63.95055759965908,17.473099986091256,1440.6408999930136,165.12
1777886658,60,,Aggregated,2.000000,0.000000,36,44,50,57,73,82,740,1200,1400,1400,1400,125,0,36,63.95055759965908,17.473099986091256,1440.6408999930136,165.12
1777886659,60,,Aggregated,2.000000,0.000000,36,44,50,57,73,82,740,1200,1400,1400,1400,125,0,36,63.95055759965908,17.473099986091256,1440.6408999930136,165.12
1777886660,60,,Aggregated,2.000000,0.000000,36,44,50,57,73,82,740,1200,1400,1400,1400,125,0,36,63.95055759965908,17.473099986091256,1440.6408999930136,165.12
1777886661,60,,Aggregated,2.000000,0.000000,36,44,50,57,73,82,740,1200,1400,1400,1400,125,0,36,63.95055759965908,17.473099986091256,1440.6408999930136,165.12
1777886662,60,,Aggregated,2.000000,0.000000,36,44,50,57,73,82,740,1200,1400,1400,1400,125,0,36,63.95055759965908,17.473099986091256,1440.6408999930136,165.12
1777886663,60,,Aggregated,2.000000,0.000000,36,44,50,57,73,82,740,1200,1400,1400,1400,125,0,36,63.95055759965908,17.473099986091256,1440.6408999930136,165.12
1777886664,60,,Aggregated,2.000000,0.000000,36,44,50,57,73,82,740,1200,1400,1400,1400,125,0,36,63.95055759965908,17.473099986091256,1440.6408999930136,165.12
1777886665,60,,Aggregated,2.000000,0.000000,36,44,50,57,73,82,740,1200,1400,1400,1400,125,0,36,63.95055759965908,17.473099986091256,1440.6408999930136,165.12
1777886666,60,,Aggregated,2.000000,0.000000,36,44,50,57,73,82,740,1200,1400,1400,1400,125,0,36,63.95055759965908,17.473099986091256,1440.6408999930136,165.12
1777886667,60,,Aggregated,2.000000,0.000000,36,44,50,57,73,82,740,1200,1400,1400,1400,125,0,36,63.95055759965908,17.473099986091256,1440.6408999930136,165.12
1777886668,60,,Aggregated,2.000000,0.000000,36,44,50,57,73,82,740,1200,1400,1400,1400,125,0,36,63.95055759965908,17.473099986091256,1440.6408999930136,165.12
1777886669,60,,Aggregated,2.000000,0.000000,36,44,50,57,73,82,740,1200,1400,1400,1400,125,0,36,63.95055759965908,17.473099986091256,1440.6408999930136,165.12
1777886670,60,,Aggregated,2.000000,0.000000,36,44,50,57,73,82,740,1200,1400,1400,1400,125,0,36,63.95055759965908,17.473099986091256,1440.6408999930136,165.12
1777886671,60,,Aggregated,2.000000,0.000000,36,44,50,57,73,82,740,1200,1400,1400,1400,125,0,36,63.95055759965908,17.473099986091256,1440.6408999930136,165.12
1777886672,60,,Aggregated,2.000000,0.000000,36,44,50,57,73,82,740,1200,1400,1400,1400,125,0,36,63.95055759965908,17.473099986091256,1440.6408999930136,165.12
1777886673,60,,Aggregated,2.000000,0.000000,36,44,50,57,73,82,740,1200,1400,1400,1400,125,0,36,63.95055759965908,17.473099986091256,1440.6408999930136,165.12
1777886674,60,,Aggregated,2.000000,0.000000,36,44,50,57,73,82,740,1200,1400,1400,1400,125,0,36,63.95055759965908,17.473099986091256,1440.6408999930136,165.12
1777886675,60,,Aggregated,2.000000,0.000000,36,44,50,57,73,82,740,1200,1400,1400,1400,125,0,36,63.95055759965908,17.473099986091256,1440.6408999930136,165.12
1777886677,60,,Aggregated,2.000000,0.000000,36,44,50,57,73,82,740,1200,1400,1400,1400,125,0,36,63.95055759965908,17.473099986091256,1440.6408999930136,165.12
1777886678,60,,Aggregated,2.000000,0.000000,36,44,50,57,73,82,740,1200,1400,1400,1400,125,0,36,63.95055759965908,17.473099986091256,1440.6408999930136,165.12
1777886679,60,,Aggregated,0.000000,0.000000,36,44,50,55,73,82,740,1200,1400,1400,1400,126,0,35,63.57706904721757,16.89099999202881,1440.6408999930136,163.8095238095238
1777886680,60,,Aggregated,0.000000,0.000000,36,44,50,55,73,82,740,1200,1400,1400,1400,126,0,35,63.57706904721757,16.89099999202881,1440.6408999930136,163.8095238095238
1777886681,60,,Aggregated,0.000000,0.000000,36,44,50,55,73,82,740,1200,1400,1400,1400,126,0,35,63.57706904721757,16.89099999202881,1440.6408999930136,163.8095238095238
1777886682,60,,Aggregated,0.000000,0.000000,36,44,50,55,73,82,740,1200,1400,1400,1400,126,0,35,63.57706904721757,16.89099999202881,1440.6408999930136,163.8095238095238
1777886683,60,,Aggregated,0.000000,0.000000,36,44,50,55,73,82,740,1200,1400,1400,1400,126,0,35,63.57706904721757,16.89099999202881,1440.6408999930136,163.8095238095238
1777886684,60,,Aggregated,0.000000,0.000000,36,44,50,55,73,82,740,1200,1400,1400,1400,126,0,35,63.57706904721757,16.89099999202881,1440.6408999930136,163.8095238095238
1777886685,60,,Aggregated,0.000000,0.000000,36,44,50,55,73,82,740,1200,1400,1400,1400,126,0,35,63.57706904721757,16.89099999202881,1440.6408999930136,163.8095238095238
1777886686,60,,Aggregated,0.000000,0.000000,36,44,50,55,73,82,740,1200,1400,1400,1400,126,0,35,63.57706904721757,16.89099999202881,1440.6408999930136,163.8095238095238
1777886687,60,,Aggregated,0.000000,0.000000,36,44,50,55,73,82,740,1200,1400,1400,1400,126,0,35,63.57706904721757,16.89099999202881,1440.6408999930136,163.8095238095238
1777886688,60,,Aggregated,0.000000,0.000000,36,44,50,55,73,82,740,1200,1400,1400,1400,126,0,35,63.57706904721757,16.89099999202881,1440.6408999930136,163.8095238095238
1777886689,60,,Aggregated,0.000000,0.000000,36,44,50,55,73,82,740,1200,1400,1400,1400,126,0,35,63.57706904721757,16.89099999202881,1440.6408999930136,163.8095238095238
1777886690,60,,Aggregated,0.000000,0.000000,36,44,50,55,73,82,740,1200,1400,1400,1400,126,0,35,63.57706904721757,16.89099999202881,1440.6408999930136,163.8095238095238
1777886691,60,,Aggregated,0.000000,0.000000,36,44,50,55,73,82,740,1200,1400,1400,1400,126,0,35,63.57706904721757,16.89099999202881,1440.6408999930136,163.8095238095238
1777886692,60,,Aggregated,0.000000,0.000000,36,44,50,55,73,82,740,1200,1400,1400,1400,126,0,35,63.57706904721757,16.89099999202881,1440.6408999930136,163.8095238095238
1777886693,60,,Aggregated,0.000000,0.000000,36,44,50,55,73,82,740,1200,1400,1400,1400,126,0,35,63.57706904721757,16.89099999202881,1440.6408999930136,163.8095238095238
1777886694,60,,Aggregated,0.000000,0.000000,35,43,50,55,73,82,740,1200,1400,1400,1400,127,0,35,63.19598976339811,15.180000002146699,1440.6408999930136,162.51968503937007
1777886695,60,,Aggregated,0.000000,0.000000,35,43,50,55,73,82,740,1200,1400,1400,1400,127,0,35,63.19598976339811,15.180000002146699,1440.6408999930136,162.51968503937007
1777886696,60,,Aggregated,0.000000,0.000000,35,43,50,55,73,82,740,1200,1400,1400,1400,127,0,35,63.19598976339811,15.180000002146699,1440.6408999930136,162.51968503937007
1777886697,60,,Aggregated,0.000000,0.000000,35,43,50,55,73,82,740,1200,1400,1400,1400,127,0,35,63.19598976339811,15.180000002146699,1440.6408999930136,162.51968503937007
1777886698,60,,Aggregated,0.000000,0.000000,35,43,50,55,73,82,740,1200,1400,1400,1400,127,0,35,63.19598976339811,15.180000002146699,1440.6408999930136,162.51968503937007
1777886699,60,,Aggregated,0.000000,0.000000,35,43,50,55,73,82,740,1200,1400,1400,1400,127,0,35,63.19598976339811,15.180000002146699,1440.6408999930136,162.51968503937007
1777886700,60,,Aggregated,0.000000,0.000000,35,43,50,55,73,82,740,1200,1400,1400,1400,127,0,35,63.19598976339811,15.180000002146699,1440.6408999930136,162.51968503937007
1777886701,60,,Aggregated,0.000000,0.000000,35,43,50,55,73,82,740,1200,1400,1400,1400,127,0,35,63.19598976339811,15.180000002146699,1440.6408999930136,162.51968503937007
1777886702,60,,Aggregated,0.000000,0.000000,35,43,50,55,73,82,740,1200,1400,1400,1400,127,0,35,63.19598976339811,15.180000002146699,1440.6408999930136,162.51968503937007
1777886703,60,,Aggregated,0.100000,0.000000,35,43,50,54,71,82,740,1200,1400,1400,1400,132,1,34,61.502277272225136,14.584099990315735,1440.6408999930136,156.36363636363637
1777886704,60,,Aggregated,0.100000,0.000000,35,43,50,54,71,82,740,1200,1400,1400,1400,132,1,34,61.502277272225136,14.584099990315735,1440.6408999930136,156.36363636363637
1777886705,60,,Aggregated,0.100000,0.000000,35,43,50,54,71,82,740,1200,1400,1400,1400,132,1,34,61.502277272225136,14.584099990315735,1440.6408999930136,156.36363636363637
1777886706,60,,Aggregated,0.100000,0.000000,35,43,50,54,71,82,740,1200,1400,1400,1400,132,1,34,61.502277272225136,14.584099990315735,1440.6408999930136,156.36363636363637
1777886707,60,,Aggregated,0.100000,0.000000,35,43,50,54,71,82,740,1200,1400,1400,1400,132,1,34,61.502277272225136,14.584099990315735,1440.6408999930136,156.36363636363637
1777886708,60,,Aggregated,0.100000,0.000000,35,43,50,54,71,82,740,1200,1400,1400,1400,132,1,34,61.502277272225136,14.584099990315735,1440.6408999930136,156.36363636363637
1777886709,60,,Aggregated,0.100000,0.000000,35,43,50,54,71,82,740,1200,1400,1400,1400,132,1,34,61.502277272225136,14.584099990315735,1440.6408999930136,156.36363636363637
1777886710,60,,Aggregated,0.100000,0.000000,35,43,50,54,71,82,740,1200,1400,1400,1400,132,1,34,61.502277272225136,14.584099990315735,1440.6408999930136,156.36363636363637
1777886711,60,,Aggregated,0.100000,0.000000,35,43,50,54,71,82,740,1200,1400,1400,1400,132,1,34,61.502277272225136,14.584099990315735,1440.6408999930136,156.36363636363637
1777886712,60,,Aggregated,0.100000,0.000000,35,43,50,54,71,82,740,1200,1400,1400,1400,132,1,34,61.502277272225136,14.584099990315735,1440.6408999930136,156.36363636363637
1777886713,60,,Aggregated,0.100000,0.000000,35,43,50,54,71,82,740,1200,1400,1400,1400,132,1,34,61.502277272225136,14.584099990315735,1440.6408999930136,156.36363636363637
1777886714,60,,Aggregated,0.100000,0.000000,35,43,50,54,71,82,740,1200,1400,1400,1400,132,1,34,61.502277272225136,14.584099990315735,1440.6408999930136,156.36363636363637
1777886715,60,,Aggregated,0.100000,0.000000,35,43,50,54,71,82,740,1200,1400,1400,1400,132,1,34,61.502277272225136,14.584099990315735,1440.6408999930136,156.36363636363637
1777886716,60,,Aggregated,0.100000,0.000000,35,43,50,54,71,82,740,1200,1400,1400,1400,132,1,34,61.502277272225136,14.584099990315735,1440.6408999930136,156.36363636363637
1777886717,60,,Aggregated,0.000000,0.000000,34,42,49,54,71,82,740,1200,1400,1400,1400,133,1,34,61.14370225516456,13.811800003168173,1440.6408999930136,155.18796992481202
1777886718,60,,Aggregated,0.000000,0.000000,34,42,49,54,71,82,740,1200,1400,1400,1400,133,1,34,61.14370225516456,13.811800003168173,1440.6408999930136,155.18796992481202
1777886719,60,,Aggregated,0.000000,0.000000,34,42,49,54,71,82,740,1200,1400,1400,1400,133,1,34,61.14370225516456,13.811800003168173,1440.6408999930136,155.18796992481202
1777886720,60,,Aggregated,0.000000,0.000000,34,42,49,54,71,82,740,1200,1400,1400,1400,133,1,34,61.14370225516456,13.811800003168173,1440.6408999930136,155.18796992481202
1777886721,60,,Aggregated,0.000000,0.000000,34,42,49,54,71,82,740,1200,1400,1400,1400,133,1,34,61.14370225516456,13.811800003168173,1440.6408999930136,155.18796992481202
1777886722,60,,Aggregated,0.000000,0.000000,34,42,49,54,71,82,740,1200,1400,1400,1400,133,1,34,61.14370225516456,13.811800003168173,1440.6408999930136,155.18796992481202
1777886723,60,,Aggregated,0.000000,0.000000,34,42,49,54,71,82,740,1200,1400,1400,1400,133,1,34,61.14370225516456,13.811800003168173,1440.6408999930136,155.18796992481202
1777886724,60,,Aggregated,0.000000,0.000000,34,42,49,54,71,82,740,1200,1400,1400,1400,133,1,34,61.14370225516456,13.811800003168173,1440.6408999930136,155.18796992481202
1777886725,60,,Aggregated,0.100000,0.000000,34,42,49,54,71,82,740,1200,1400,1400,1400,135,1,34,60.50048518475335,13.811800003168173,1440.6408999930136,152.88888888888889
1777886726,60,,Aggregated,0.100000,0.000000,34,42,49,54,71,82,740,1200,1400,1400,1400,135,1,34,60.50048518475335,13.811800003168173,1440.6408999930136,152.88888888888889
1777886727,60,,Aggregated,0.100000,0.000000,34,42,49,54,71,82,740,1200,1400,1400,1400,135,1,34,60.50048518475335,13.811800003168173,1440.6408999930136,152.88888888888889
1777886728,60,,Aggregated,0.100000,0.000000,34,42,49,54,71,82,740,1200,1400,1400,1400,135,1,34,60.50048518475335,13.811800003168173,1440.6408999930136,152.88888888888889
1777886729,60,,Aggregated,0.100000,0.000000,34,42,49,54,71,82,740,1200,1400,1400,1400,135,1,34,60.50048518475335,13.811800003168173,1440.6408999930136,152.88888888888889
1777886730,60,,Aggregated,0.200000,0.000000,34,42,49,54,71,82,740,1200,1400,1400,1400,136,2,30,60.18230882310651,13.811800003168173,1440.6408999930136,151.76470588235293
1777886731,60,,Aggregated,0.200000,0.000000,34,42,49,54,71,82,740,1200,1400,1400,1400,136,2,30,60.18230882310651,13.811800003168173,1440.6408999930136,151.76470588235293
1777886732,60,,Aggregated,0.200000,0.000000,34,42,49,54,71,82,740,1200,1400,1400,1400,136,2,30,60.18230882310651,13.811800003168173,1440.6408999930136,151.76470588235293
1777886733,60,,Aggregated,0.200000,0.000000,34,42,49,54,71,82,740,1200,1400,1400,1400,136,2,30,60.18230882310651,13.811800003168173,1440.6408999930136,151.76470588235293
1777886734,60,,Aggregated,0.200000,0.000000,34,42,49,54,71,82,740,1200,1400,1400,1400,136,2,30,60.18230882310651,13.811800003168173,1440.6408999930136,151.76470588235293
1777886735,60,,Aggregated,0.300000,0.100000,30,42,49,54,71,82,740,1200,1400,1400,1400,137,2,30,59.85215912364002,13.811800003168173,1440.6408999930136,150.65693430656935
1777886736,60,,Aggregated,0.300000,0.100000,30,42,49,54,71,82,740,1200,1400,1400,1400,137,2,30,59.85215912364002,13.811800003168173,1440.6408999930136,150.65693430656935
1777886737,60,,Aggregated,0.300000,0.100000,30,42,49,54,71,82,740,1200,1400,1400,1400,137,2,30,59.85215912364002,13.811800003168173,1440.6408999930136,150.65693430656935
1777886738,60,,Aggregated,0.300000,0.100000,30,42,49,54,71,82,740,1200,1400,1400,1400,137,2,30,59.85215912364002,13.811800003168173,1440.6408999930136,150.65693430656935
1777886739,60,,Aggregated,0.300000,0.100000,30,42,49,54,71,82,740,1200,1400,1400,1400,137,2,30,59.85215912364002,13.811800003168173,1440.6408999930136,150.65693430656935
1777886740,60,,Aggregated,0.300000,0.100000,30,42,49,54,71,82,740,1200,1400,1400,1400,137,2,30,59.85215912364002,13.811800003168173,1440.6408999930136,150.65693430656935
1777886741,60,,Aggregated,0.300000,0.100000,30,42,49,54,71,82,740,1200,1400,1400,1400,137,2,30,59.85215912364002,13.811800003168173,1440.6408999930136,150.65693430656935
1777886742,60,,Aggregated,0.300000,0.100000,30,42,49,54,71,82,740,1200,1400,1400,1400,137,2,30,59.85215912364002,13.811800003168173,1440.6408999930136,150.65693430656935
1777886744,60,,Aggregated,0.300000,0.100000,30,42,49,54,71,82,740,1200,1400,1400,1400,137,2,30,59.85215912364002,13.811800003168173,1440.6408999930136,150.65693430656935
1777886745,60,,Aggregated,0.300000,0.100000,30,42,49,54,71,82,740,1200,1400,1400,1400,137,2,30,59.85215912364002,13.811800003168173,1440.6408999930136,150.65693430656935
1777886746,60,,Aggregated,0.100000,0.000000,30,42,49,54,71,82,740,1200,1400,1400,1400,138,2,26,59.534260869111385,13.811800003168173,1440.6408999930136,149.56521739130434
1777886747,60,,Aggregated,0.100000,0.000000,30,42,49,54,71,82,740,1200,1400,1400,1400,138,2,26,59.534260869111385,13.811800003168173,1440.6408999930136,149.56521739130434
1777886748,60,,Aggregated,0.100000,0.000000,30,42,49,54,71,82,740,1200,1400,1400,1400,138,2,26,59.534260869111385,13.811800003168173,1440.6408999930136,149.56521739130434
1777886749,60,,Aggregated,0.100000,0.000000,30,42,49,54,71,82,740,1200,1400,1400,1400,138,2,26,59.534260869111385,13.811800003168173,1440.6408999930136,149.56521739130434
1777886750,60,,Aggregated,0.100000,0.000000,26,41,49,54,71,82,740,1200,1400,1400,1400,139,2,26,59.28263525129296,13.811800003168173,1440.6408999930136,148.4892086330935
1777886751,60,,Aggregated,0.100000,0.000000,26,41,49,54,71,82,740,1200,1400,1400,1400,139,2,26,59.28263525129296,13.811800003168173,1440.6408999930136,148.4892086330935
1777886752,60,,Aggregated,0.100000,0.000000,26,41,49,54,71,82,740,1200,1400,1400,1400,139,2,26,59.28263525129296,13.811800003168173,1440.6408999930136,148.4892086330935
1777886753,60,,Aggregated,0.100000,0.000000,26,41,49,54,71,82,740,1200,1400,1400,1400,139,2,26,59.28263525129296,13.811800003168173,1440.6408999930136,148.4892086330935
1777886754,60,,Aggregated,0.100000,0.000000,26,41,49,54,71,82,740,1200,1400,1400,1400,139,2,26,59.28263525129296,13.811800003168173,1440.6408999930136,148.4892086330935
1777886755,60,,Aggregated,0.100000,0.000000,26,41,49,54,71,82,740,1200,1400,1400,1400,139,2,26,59.28263525129296,13.811800003168173,1440.6408999930136,148.4892086330935
1777886756,60,,Aggregated,0.100000,0.000000,26,41,49,54,71,82,740,1200,1400,1400,1400,139,2,26,59.28263525129296,13.811800003168173,1440.6408999930136,148.4892086330935
1777886757,60,,Aggregated,0.100000,0.000000,26,41,49,54,71,82,740,1200,1400,1400,1400,139,2,26,59.28263525129296,13.811800003168173,1440.6408999930136,148.4892086330935
1777886758,60,,Aggregated,0.100000,0.000000,26,41,49,54,71,82,740,1200,1400,1400,1400,139,2,26,59.28263525129296,13.811800003168173,1440.6408999930136,148.4892086330935
1777886759,60,,Aggregated,0.100000,0.000000,26,42,49,54,71,81,740,1200,1400,1400,1400,141,2,26,59.09120992863475,13.811800003168173,1440.6408999930136,146.38297872340425
1777886760,60,,Aggregated,0.100000,0.000000,26,42,49,54,71,81,740,1200,1400,1400,1400,141,2,26,59.09120992863475,13.811800003168173,1440.6408999930136,146.38297872340425
1777886761,60,,Aggregated,0.100000,0.000000,26,42,49,54,71,81,740,1200,1400,1400,1400,141,2,26,59.09120992863475,13.811800003168173,1440.6408999930136,146.38297872340425
1777886762,60,,Aggregated,0.200000,0.000000,26,41,49,54,71,81,740,1200,1400,1400,1400,142,2,25,58.83491267566979,13.811800003168173,1440.6408999930136,145.35211267605635
1777886763,60,,Aggregated,0.200000,0.000000,26,41,49,54,71,81,740,1200,1400,1400,1400,142,2,25,58.83491267566979,13.811800003168173,1440.6408999930136,145.35211267605635
1777886764,60,,Aggregated,0.200000,0.000000,26,41,49,54,71,81,740,1200,1400,1400,1400,142,2,25,58.83491267566979,13.811800003168173,1440.6408999930136,145.35211267605635
1777886765,60,,Aggregated,0.200000,0.000000,26,41,49,54,71,81,740,1200,1400,1400,1400,142,2,25,58.83491267566979,13.811800003168173,1440.6408999930136,145.35211267605635
1777886766,60,,Aggregated,0.300000,0.000000,25,41,49,54,71,81,740,1200,1400,1400,1400,143,3,25,58.53345664299477,13.811800003168173,1440.6408999930136,144.33566433566435
1777886767,60,,Aggregated,0.300000,0.000000,25,41,49,54,71,81,740,1200,1400,1400,1400,143,3,25,58.53345664299477,13.811800003168173,1440.6408999930136,144.33566433566435
1777886768,60,,Aggregated,0.300000,0.000000,25,41,49,54,71,81,740,1200,1400,1400,1400,143,3,25,58.53345664299477,13.811800003168173,1440.6408999930136,144.33566433566435
1777886769,60,,Aggregated,0.300000,0.000000,25,41,49,54,71,81,740,1200,1400,1400,1400,143,3,25,58.53345664299477,13.811800003168173,1440.6408999930136,144.33566433566435
1777886770,60,,Aggregated,0.400000,0.100000,25,41,49,54,71,81,740,1200,1400,1400,1400,144,4,25,58.233840971903795,13.811800003168173,1440.6408999930136,143.33333333333334
1777886771,60,,Aggregated,0.400000,0.100000,25,41,49,54,71,81,740,1200,1400,1400,1400,144,4,25,58.233840971903795,13.811800003168173,1440.6408999930136,143.33333333333334
1777886772,60,,Aggregated,0.400000,0.100000,25,41,49,54,71,81,740,1200,1400,1400,1400,144,4,25,58.233840971903795,13.811800003168173,1440.6408999930136,143.33333333333334
1777886773,60,,Aggregated,0.400000,0.100000,25,41,49,54,71,81,740,1200,1400,1400,1400,144,4,25,58.233840971903795,13.811800003168173,1440.6408999930136,143.33333333333334
1777886774,60,,Aggregated,0.400000,0.100000,25,41,49,54,71,81,740,1200,1400,1400,1400,144,4,25,58.233840971903795,13.811800003168173,1440.6408999930136,143.33333333333334
1777886775,60,,Aggregated,0.400000,0.100000,25,41,49,54,71,81,740,1200,1400,1400,1400,144,4,25,58.233840971903795,13.811800003168173,1440.6408999930136,143.33333333333334
1777886776,60,,Aggregated,0.400000,0.100000,25,41,49,54,71,81,740,1200,1400,1400,1400,144,4,25,58.233840971903795,13.811800003168173,1440.6408999930136,143.33333333333334
1777886777,60,,Aggregated,0.400000,0.100000,25,41,49,54,71,81,740,1200,1400,1400,1400,144,4,25,58.233840971903795,13.811800003168173,1440.6408999930136,143.33333333333334
1777886778,60,,Aggregated,0.400000,0.100000,25,41,49,54,71,81,740,1200,1400,1400,1400,144,4,25,58.233840971903795,13.811800003168173,1440.6408999930136,143.33333333333334
1777886779,60,,Aggregated,0.400000,0.100000,25,41,49,54,71,81,740,1200,1400,1400,1400,144,4,25,58.233840971903795,13.811800003168173,1440.6408999930136,143.33333333333334
1777886780,60,,Aggregated,0.400000,0.100000,25,41,49,54,71,81,740,1200,1400,1400,1400,144,4,25,58.233840971903795,13.811800003168173,1440.6408999930136,143.33333333333334
1777886781,60,,Aggregated,0.400000,0.100000,25,41,49,54,71,81,740,1200,1400,1400,1400,144,4,25,58.233840971903795,13.811800003168173,1440.6408999930136,143.33333333333334
1777886782,60,,Aggregated,0.400000,0.100000,25,41,49,54,71,81,740,1200,1400,1400,1400,144,4,25,58.233840971903795,13.811800003168173,1440.6408999930136,143.33333333333334
1777886783,60,,Aggregated,0.400000,0.100000,25,41,49,54,71,81,740,1200,1400,1400,1400,144,4,25,58.233840971903795,13.811800003168173,1440.6408999930136,143.33333333333334
1777886784,60,,Aggregated,0.400000,0.100000,25,41,49,54,71,81,740,1200,1400,1400,1400,144,4,25,58.233840971903795,13.811800003168173,1440.6408999930136,143.33333333333334
1777886785,60,,Aggregated,0.400000,0.100000,25,41,49,54,71,81,740,1200,1400,1400,1400,144,4,25,58.233840971903795,13.811800003168173,1440.6408999930136,143.33333333333334
1777886786,60,,Aggregated,0.400000,0.100000,25,41,49,54,71,81,740,1200,1400,1400,1400,144,4,25,58.233840971903795,13.811800003168173,1440.6408999930136,143.33333333333334
1777886787,60,,Aggregated,0.400000,0.100000,25,41,49,54,71,81,740,1200,1400,1400,1400,144,4,25,58.233840971903795,13.811800003168173,1440.6408999930136,143.33333333333334
1777886788,60,,Aggregated,0.000000,0.000000,25,41,48,54,71,81,740,1200,1400,1400,1400,145,4,25,58.00826413765678,13.811800003168173,1440.6408999930136,142.3448275862069
1777886789,60,,Aggregated,0.000000,0.000000,25,41,48,54,71,81,740,1200,1400,1400,1400,145,4,25,58.00826413765678,13.811800003168173,1440.6408999930136,142.3448275862069
1777886790,60,,Aggregated,0.000000,0.000000,25,41,48,54,71,81,740,1200,1400,1400,1400,145,4,25,58.00826413765678,13.811800003168173,1440.6408999930136,142.3448275862069
1777886791,60,,Aggregated,0.100000,0.000000,25,41,48,53,71,81,740,1200,1400,1400,1400,146,4,25,57.74695342442512,13.811800003168173,1440.6408999930136,141.36986301369862
1777886792,60,,Aggregated,0.100000,0.000000,25,41,48,53,71,81,740,1200,1400,1400,1400,146,4,25,57.74695342442512,13.811800003168173,1440.6408999930136,141.36986301369862
1777886793,60,,Aggregated,0.100000,0.000000,25,41,48,53,71,81,740,1200,1400,1400,1400,146,4,25,57.74695342442512,13.811800003168173,1440.6408999930136,141.36986301369862
1777886794,60,,Aggregated,0.100000,0.000000,25,41,48,53,71,81,740,1200,1400,1400,1400,146,4,25,57.74695342442512,13.811800003168173,1440.6408999930136,141.36986301369862
1777886795,60,,Aggregated,0.100000,0.000000,25,41,48,53,71,81,740,1200,1400,1400,1400,146,4,25,57.74695342442512,13.811800003168173,1440.6408999930136,141.36986301369862
1777886796,60,,Aggregated,0.100000,0.000000,25,41,48,53,71,81,740,1200,1400,1400,1400,146,4,25,57.74695342442512,13.811800003168173,1440.6408999930136,141.36986301369862
1777886797,60,,Aggregated,0.100000,0.000000,25,41,48,53,71,81,740,1200,1400,1400,1400,146,4,25,57.74695342442512,13.811800003168173,1440.6408999930136,141.36986301369862
1777886798,60,,Aggregated,0.100000,0.000000,25,41,48,53,71,81,740,1200,1400,1400,1400,146,4,25,57.74695342442512,13.811800003168173,1440.6408999930136,141.36986301369862
1777886799,60,,Aggregated,0.100000,0.000000,25,41,48,53,71,81,740,1200,1400,1400,1400,146,4,25,57.74695342442512,13.811800003168173,1440.6408999930136,141.36986301369862
1777886800,60,,Aggregated,0.200000,0.000000,25,41,48,53,71,81,740,1200,1400,1400,1400,147,4,25,57.46940340111064,13.811800003168173,1440.6408999930136,140.40816326530611
1777886801,60,,Aggregated,0.200000,0.000000,25,41,48,53,71,81,740,1200,1400,1400,1400,147,4,25,57.46940340111064,13.811800003168173,1440.6408999930136,140.40816326530611
1777886802,60,,Aggregated,0.200000,0.000000,25,41,47,53,71,81,740,1200,1400,1400,1400,149,4,25,56.983710737975514,13.811800003168173,1440.6408999930136,138.5234899328859
1777886803,60,,Aggregated,0.200000,0.000000,25,41,47,53,71,81,740,1200,1400,1400,1400,149,4,25,56.983710737975514,13.811800003168173,1440.6408999930136,138.5234899328859
1777886804,60,,Aggregated,0.200000,0.000000,25,41,47,53,71,81,740,1200,1400,1400,1400,149,4,25,56.983710737975514,13.811800003168173,1440.6408999930136,138.5234899328859
1777886805,60,,Aggregated,0.200000,0.000000,25,41,47,53,71,81,740,1200,1400,1400,1400,149,4,25,56.983710737975514,13.811800003168173,1440.6408999930136,138.5234899328859
1777886806,60,,Aggregated,0.200000,0.000000,25,41,47,53,71,81,740,1200,1400,1400,1400,149,4,25,56.983710737975514,13.811800003168173,1440.6408999930136,138.5234899328859
1777886807,60,,Aggregated,0.200000,0.000000,25,41,47,53,71,81,740,1200,1400,1400,1400,149,4,25,56.983710737975514,13.811800003168173,1440.6408999930136,138.5234899328859
1777886808,60,,Aggregated,0.300000,0.000000,25,41,47,53,71,81,740,1200,1400,1400,1400,150,4,25,56.70939199975692,13.811800003168173,1440.6408999930136,137.6
1777886809,60,,Aggregated,0.300000,0.000000,25,41,47,53,71,81,740,1200,1400,1400,1400,150,4,25,56.70939199975692,13.811800003168173,1440.6408999930136,137.6
1777886810,60,,Aggregated,0.300000,0.000000,25,41,47,53,71,81,740,1200,1400,1400,1400,150,4,25,56.70939199975692,13.811800003168173,1440.6408999930136,137.6
1777886811,60,,Aggregated,0.400000,0.000000,25,40,47,53,70,81,94,1200,1400,1400,1400,152,4,24,56.18817434180145,13.811800003168173,1440.6408999930136,135.78947368421052
1777886812,60,,Aggregated,0.300000,0.000000,24,40,44,53,70,81,94,1200,1400,1400,1400,154,4,24,55.711848700990565,13.811800003168173,1440.6408999930136,134.02597402597402
1777886814,60,,Aggregated,0.300000,0.000000,24,40,44,53,70,81,94,1200,1400,1400,1400,154,4,24,55.711848700990565,13.811800003168173,1440.6408999930136,134.02597402597402
1777886815,60,,Aggregated,0.300000,0.000000,24,40,44,53,70,81,94,1200,1400,1400,1400,154,4,24,55.711848700990565,13.811800003168173,1440.6408999930136,134.02597402597402
1777886816,60,,Aggregated,0.300000,0.000000,24,40,44,53,70,81,94,1200,1400,1400,1400,154,4,24,55.711848700990565,13.811800003168173,1440.6408999930136,134.02597402597402
1777886817,60,,Aggregated,0.300000,0.000000,24,40,44,53,70,81,94,1200,1400,1400,1400,154,4,24,55.711848700990565,13.811800003168173,1440.6408999930136,134.02597402597402
1777886818,60,,Aggregated,0.300000,0.000000,24,40,44,53,70,81,94,1200,1400,1400,1400,154,4,24,55.711848700990565,13.811800003168173,1440.6408999930136,134.02597402597402
1777886819,60,,Aggregated,0.300000,0.000000,24,40,44,53,70,81,94,1200,1400,1400,1400,154,4,24,55.711848700990565,13.811800003168173,1440.6408999930136,134.02597402597402
1777886820,60,,Aggregated,0.300000,0.000000,24,40,44,53,70,81,94,1200,1400,1400,1400,154,4,24,55.711848700990565,13.811800003168173,1440.6408999930136,134.02597402597402
1777886821,60,,Aggregated,0.300000,0.000000,24,40,44,53,70,81,94,1200,1400,1400,1400,154,4,24,55.711848700990565,13.811800003168173,1440.6408999930136,134.02597402597402
1777886822,60,,Aggregated,0.300000,0.000000,24,40,44,53,70,81,94,1200,1400,1400,1400,154,4,24,55.711848700990565,13.811800003168173,1440.6408999930136,134.02597402597402
1777886823,60,,Aggregated,0.300000,0.000000,24,40,44,53,70,81,94,1200,1400,1400,1400,154,4,24,55.711848700990565,13.811800003168173,1440.6408999930136,134.02597402597402
1777886824,60,,Aggregated,0.300000,0.000000,24,40,44,53,70,81,94,1200,1400,1400,1400,154,4,24,55.711848700990565,13.811800003168173,1440.6408999930136,134.02597402597402
1777886825,60,,Aggregated,0.300000,0.000000,24,40,44,53,70,81,94,1200,1400,1400,1400,154,4,24,55.711848700990565,13.811800003168173,1440.6408999930136,134.02597402597402
1777886826,60,,Aggregated,0.300000,0.000000,24,40,44,53,70,81,94,1200,1400,1400,1400,154,4,24,55.711848700990565,13.811800003168173,1440.6408999930136,134.02597402597402
1777886827,60,,Aggregated,0.300000,0.000000,24,40,44,53,70,81,94,1200,1400,1400,1400,154,4,24,55.711848700990565,13.811800003168173,1440.6408999930136,134.02597402597402
1777886829,60,,Aggregated,0.300000,0.000000,24,40,44,53,70,81,94,1200,1400,1400,1400,154,4,24,55.711848700990565,13.811800003168173,1440.6408999930136,134.02597402597402
1777886830,60,,Aggregated,0.300000,0.000000,24,40,44,53,70,81,94,1200,1400,1400,1400,154,4,24,55.711848700990565,13.811800003168173,1440.6408999930136,134.02597402597402
1777886831,60,,Aggregated,0.300000,0.000000,24,40,44,53,70,81,94,1200,1400,1400,1400,154,4,24,55.711848700990565,13.811800003168173,1440.6408999930136,134.02597402597402
1777886832,60,,Aggregated,0.300000,0.000000,24,40,44,53,70,81,94,1200,1400,1400,1400,154,4,24,55.711848700990565,13.811800003168173,1440.6408999930136,134.02597402597402
1777886833,60,,Aggregated,0.300000,0.000000,24,40,44,53,70,81,94,1200,1400,1400,1400,154,4,24,55.711848700990565,13.811800003168173,1440.6408999930136,134.02597402597402
1777886834,60,,Aggregated,0.300000,0.000000,24,40,44,53,70,81,94,1200,1400,1400,1400,154,4,24,55.711848700990565,13.811800003168173,1440.6408999930136,134.02597402597402
1777886835,60,,Aggregated,0.300000,0.000000,24,40,44,53,70,81,94,1200,1400,1400,1400,154,4,24,55.711848700990565,13.811800003168173,1440.6408999930136,134.02597402597402
1777886836,60,,Aggregated,0.300000,0.000000,24,40,44,53,70,81,94,1200,1400,1400,1400,154,4,24,55.711848700990565,13.811800003168173,1440.6408999930136,134.02597402597402
1777886837,60,,Aggregated,0.000000,0.000000,24,39,44,52,70,81,94,1200,1400,1400,1400,156,4,24,55.276984615118586,13.811800003168173,1440.6408999930136,132.30769230769232
1777886838,60,,Aggregated,0.000000,0.000000,24,39,44,52,70,81,94,1200,1400,1400,1400,156,4,24,55.276984615118586,13.811800003168173,1440.6408999930136,132.30769230769232
1777886839,60,,Aggregated,0.000000,0.000000,24,39,44,52,70,81,94,1200,1400,1400,1400,156,4,24,55.276984615118586,13.811800003168173,1440.6408999930136,132.30769230769232
1777886840,60,,Aggregated,0.000000,0.000000,24,39,44,52,70,81,94,1200,1400,1400,1400,156,4,24,55.276984615118586,13.811800003168173,1440.6408999930136,132.30769230769232
1777886841,60,,Aggregated,0.200000,0.000000,24,39,44,52,70,81,94,1200,1400,1400,1400,159,4,24,54.66651572300774,13.811800003168173,1440.6408999930136,129.81132075471697
1777886842,60,,Aggregated,0.200000,0.000000,24,39,44,52,70,81,94,1200,1400,1400,1400,160,4,24,54.49539687479046,13.811800003168173,1440.6408999930136,129.0
1777886843,60,,Aggregated,0.200000,0.000000,24,39,44,52,70,81,94,1200,1400,1400,1400,160,4,24,54.49539687479046,13.811800003168173,1440.6408999930136,129.0
1777886844,60,,Aggregated,0.200000,0.000000,24,39,44,52,70,81,94,1200,1400,1400,1400,160,4,24,54.49539687479046,13.811800003168173,1440.6408999930136,129.0
1777886845,60,,Aggregated,0.200000,0.000000,24,39,44,52,70,81,94,1200,1400,1400,1400,160,4,24,54.49539687479046,13.811800003168173,1440.6408999930136,129.0
1777886846,60,,Aggregated,0.200000,0.000000,24,39,44,52,70,81,94,1200,1400,1400,1400,160,4,24,54.49539687479046,13.811800003168173,1440.6408999930136,129.0
1777886847,60,,Aggregated,0.600000,0.000000,24,39,44,50,66,81,94,1200,1400,1400,1400,161,4,24,54.25227204950885,13.811800003168173,1440.6408999930136,128.19875776397515
1777886848,60,,Aggregated,0.600000,0.000000,24,39,44,50,66,81,94,1200,1400,1400,1400,161,4,24,54.25227204950885,13.811800003168173,1440.6408999930136,128.19875776397515
1777886849,60,,Aggregated,0.600000,0.000000,24,39,44,50,66,81,94,1200,1400,1400,1400,161,4,24,54.25227204950885,13.811800003168173,1440.6408999930136,128.19875776397515
1777886850,60,,Aggregated,0.600000,0.000000,24,39,44,50,66,81,94,1200,1400,1400,1400,161,4,24,54.25227204950885,13.811800003168173,1440.6408999930136,128.19875776397515
1777886851,60,,Aggregated,0.600000,0.000000,24,39,44,50,66,81,94,1200,1400,1400,1400,161,4,24,54.25227204950885,13.811800003168173,1440.6408999930136,128.19875776397515
1777886852,60,,Aggregated,0.600000,0.000000,24,39,44,50,66,81,94,1200,1400,1400,1400,161,4,24,54.25227204950885,13.811800003168173,1440.6408999930136,128.19875776397515
1777886853,60,,Aggregated,0.500000,0.000000,24,39,44,51,66,81,94,1200,1400,1400,1400,166,4,24,53.64973072293257,13.811800003168173,1440.6408999930136,124.33734939759036
1777886854,60,,Aggregated,0.500000,0.000000,24,39,44,51,66,81,94,1200,1400,1400,1400,166,4,24,53.64973072293257,13.811800003168173,1440.6408999930136,124.33734939759036
1777886855,60,,Aggregated,0.500000,0.000000,24,39,44,51,66,81,94,1200,1400,1400,1400,166,4,24,53.64973072293257,13.811800003168173,1440.6408999930136,124.33734939759036
1777886856,60,,Aggregated,0.500000,0.000000,24,39,44,51,66,81,94,1200,1400,1400,1400,166,4,24,53.64973072293257,13.811800003168173,1440.6408999930136,124.33734939759036
1777886857,60,,Aggregated,0.500000,0.000000,24,39,44,51,66,81,94,1200,1400,1400,1400,166,4,24,53.64973072293257,13.811800003168173,1440.6408999930136,124.33734939759036
1777886858,60,,Aggregated,0.500000,0.000000,24,39,44,51,66,81,94,1200,1400,1400,1400,166,4,24,53.64973072293257,13.811800003168173,1440.6408999930136,124.33734939759036
1777886859,60,,Aggregated,0.500000,0.000000,24,39,44,51,66,81,94,1200,1400,1400,1400,168,4,24,53.21405654762029,13.811800003168173,1440.6408999930136,122.85714285714286
1777886860,60,,Aggregated,0.500000,0.000000,24,38,44,50,63,81,94,1200,1400,1400,1400,171,5,24,52.62109181274897,13.811800003168173,1440.6408999930136,120.70175438596492
1777886861,60,,Aggregated,0.500000,0.000000,24,38,44,50,63,81,94,1200,1400,1400,1400,171,5,24,52.62109181274897,13.811800003168173,1440.6408999930136,120.70175438596492
1777886862,60,,Aggregated,0.500000,0.000000,24,38,44,50,63,81,94,1200,1400,1400,1400,171,5,24,52.62109181274897,13.811800003168173,1440.6408999930136,120.70175438596492
1777886863,60,,Aggregated,0.500000,0.000000,24,38,44,50,63,81,94,1200,1400,1400,1400,171,5,24,52.62109181274897,13.811800003168173,1440.6408999930136,120.70175438596492
1777886864,60,,Aggregated,0.500000,0.000000,24,38,44,50,63,81,94,1200,1400,1400,1400,171,5,24,52.62109181274897,13.811800003168173,1440.6408999930136,120.70175438596492
1777886865,60,,Aggregated,0.500000,0.000000,24,38,44,50,63,81,94,1200,1400,1400,1400,171,5,24,52.62109181274897,13.811800003168173,1440.6408999930136,120.70175438596492
1777886866,60,,Aggregated,0.500000,0.000000,24,38,44,50,63,81,94,1200,1400,1400,1400,171,5,24,52.62109181274897,13.811800003168173,1440.6408999930136,120.70175438596492
1777886867,60,,Aggregated,0.500000,0.000000,24,38,44,50,63,81,94,1200,1400,1400,1400,171,5,24,52.62109181274897,13.811800003168173,1440.6408999930136,120.70175438596492
1777886868,60,,Aggregated,0.500000,0.100000,24,38,44,50,63,81,94,1200,1400,1400,1400,172,5,24,52.4119796510752,13.811800003168173,1440.6408999930136,120.0
1777886869,60,,Aggregated,0.500000,0.100000,24,38,44,50,63,81,94,1200,1400,1400,1400,172,5,24,52.4119796510752,13.811800003168173,1440.6408999930136,120.0
1777886870,60,,Aggregated,0.600000,0.100000,24,38,44,50,63,81,94,1200,1400,1400,1400,173,5,24,52.20239248550349,13.811800003168173,1440.6408999930136,119.30635838150289
1777886871,60,,Aggregated,0.600000,0.100000,24,38,44,50,63,81,94,1200,1400,1400,1400,173,5,24,52.20239248550349,13.811800003168173,1440.6408999930136,119.30635838150289
1777886872,60,,Aggregated,0.600000,0.100000,24,38,44,50,63,81,94,1200,1400,1400,1400,173,5,24,52.20239248550349,13.811800003168173,1440.6408999930136,119.30635838150289
1777886873,60,,Aggregated,0.600000,0.100000,24,38,44,50,63,81,94,1200,1400,1400,1400,173,5,24,52.20239248550349,13.811800003168173,1440.6408999930136,119.30635838150289
1777886874,60,,Aggregated,0.600000,0.100000,24,38,44,50,63,81,94,1200,1400,1400,1400,173,5,24,52.20239248550349,13.811800003168173,1440.6408999930136,119.30635838150289
1777886875,60,,Aggregated,0.200000,0.000000,23,38,44,50,63,81,94,1200,1400,1400,1400,175,5,23,51.809258857060094,13.811800003168173,1440.6408999930136,117.94285714285714
1777886876,60,,Aggregated,0.200000,0.000000,23,38,44,50,63,81,94,1200,1400,1400,1400,175,5,23,51.809258857060094,13.811800003168173,1440.6408999930136,117.94285714285714
1777886877,60,,Aggregated,0.200000,0.000000,23,38,44,50,63,81,94,1200,1400,1400,1400,175,5,23,51.809258857060094,13.811800003168173,1440.6408999930136,117.94285714285714
1777886878,60,,Aggregated,0.200000,0.000000,23,38,44,50,63,81,94,1200,1400,1400,1400,175,5,23,51.809258857060094,13.811800003168173,1440.6408999930136,117.94285714285714
1777886879,60,,Aggregated,0.200000,0.000000,23,38,44,50,63,81,94,1200,1400,1400,1400,175,5,23,51.809258857060094,13.811800003168173,1440.6408999930136,117.94285714285714
1777886880,60,,Aggregated,0.400000,0.000000,24,38,44,50,63,81,94,1200,1400,1400,1400,176,5,23,51.73266079542703,13.811800003168173,1440.6408999930136,117.27272727272727
1777886881,60,,Aggregated,0.400000,0.000000,24,38,44,50,63,81,94,1200,1400,1400,1400,176,5,23,51.73266079542703,13.811800003168173,1440.6408999930136,117.27272727272727
1777886882,60,,Aggregated,0.400000,0.000000,24,38,44,50,63,81,94,1200,1400,1400,1400,176,5,23,51.73266079542703,13.811800003168173,1440.6408999930136,117.27272727272727
1777886883,60,,Aggregated,0.400000,0.000000,24,38,44,50,63,81,94,1200,1400,1400,1400,176,5,23,51.73266079542703,13.811800003168173,1440.6408999930136,117.27272727272727
1777886884,60,,Aggregated,0.300000,0.000000,24,38,44,50,66,81,740,1400,1400,1400,1400,177,5,24,59.31637909598478,13.811800003168173,1440.6408999930136,116.61016949152543
1777886885,60,,Aggregated,0.300000,0.000000,24,38,44,50,66,81,740,1400,1400,1400,1400,177,5,24,59.31637909598478,13.811800003168173,1440.6408999930136,116.61016949152543
1777886886,60,,Aggregated,0.300000,0.000000,23,38,44,50,66,81,740,1400,1400,1400,1400,180,5,23,58.60618999997516,13.811800003168173,1440.6408999930136,114.66666666666667
1777886887,60,,Aggregated,0.200000,0.000000,23,38,44,50,63,81,740,1400,1400,1400,1400,181,5,23,58.399280110465426,13.811800003168173,1440.6408999930136,114.03314917127072
1777886888,60,,Aggregated,0.200000,0.000000,23,37,44,50,63,81,740,1400,1400,1400,1400,183,5,23,57.96136448083158,13.811800003168173,1440.6408999930136,112.78688524590164
1777886889,60,,Aggregated,0.200000,0.000000,23,37,44,50,63,81,740,1400,1400,1400,1400,183,5,23,57.96136448083158,13.811800003168173,1440.6408999930136,112.78688524590164
1777886890,60,,Aggregated,0.200000,0.000000,23,37,44,50,63,81,740,1400,1400,1400,1400,183,5,23,57.96136448083158,13.811800003168173,1440.6408999930136,112.78688524590164
1777886891,60,,Aggregated,0.200000,0.000000,23,37,44,50,63,81,740,1400,1400,1400,1400,183,5,23,57.96136448083158,13.811800003168173,1440.6408999930136,112.78688524590164
1777886892,60,,Aggregated,0.200000,0.000000,23,37,44,50,63,81,740,1400,1400,1400,1400,183,5,23,57.96136448083158,13.811800003168173,1440.6408999930136,112.78688524590164
1777886893,60,,Aggregated,0.200000,0.000000,23,37,44,50,63,81,740,1400,1400,1400,1400,183,5,23,57.96136448083158,13.811800003168173,1440.6408999930136,112.78688524590164
1777886894,60,,Aggregated,0.200000,0.000000,23,37,44,50,63,81,740,1400,1400,1400,1400,183,5,23,57.96136448083158,13.811800003168173,1440.6408999930136,112.78688524590164
1777886895,60,,Aggregated,0.700000,0.000000,23,37,44,50,63,81,740,1400,1400,1400,1400,184,6,23,57.78591195651287,13.811800003168173,1440.6408999930136,112.17391304347827
1777886896,60,,Aggregated,0.700000,0.000000,23,37,44,50,63,81,740,1400,1400,1400,1400,184,6,23,57.78591195651287,13.811800003168173,1440.6408999930136,112.17391304347827
1777886897,60,,Aggregated,0.700000,0.000000,23,37,44,50,63,81,740,1400,1400,1400,1400,184,6,23,57.78591195651287,13.811800003168173,1440.6408999930136,112.17391304347827
1777886898,60,,Aggregated,0.700000,0.000000,23,37,44,50,63,81,740,1400,1400,1400,1400,184,6,23,57.78591195651287,13.811800003168173,1440.6408999930136,112.17391304347827
1777886899,60,,Aggregated,0.700000,0.000000,23,37,44,50,63,81,740,1400,1400,1400,1400,184,6,23,57.78591195651287,13.811800003168173,1440.6408999930136,112.17391304347827
1777886900,60,,Aggregated,0.700000,0.000000,23,37,44,50,63,81,740,1400,1400,1400,1400,184,6,23,57.78591195651287,13.811800003168173,1440.6408999930136,112.17391304347827
1777886901,60,,Aggregated,0.100000,0.100000,23,37,44,50,63,81,740,1400,1400,1400,1400,185,6,23,57.64464972976507,13.811800003168173,1440.6408999930136,111.56756756756756
1777886902,60,,Aggregated,0.100000,0.100000,23,37,44,50,63,81,740,1400,1400,1400,1400,185,6,23,57.64464972976507,13.811800003168173,1440.6408999930136,111.56756756756756
1777886903,60,,Aggregated,0.100000,0.100000,23,37,44,50,63,81,740,1400,1400,1400,1400,185,6,23,57.64464972976507,13.811800003168173,1440.6408999930136,111.56756756756756
1777886904,60,,Aggregated,0.100000,0.100000,23,37,44,50,63,81,740,1400,1400,1400,1400,185,6,23,57.64464972976507,13.811800003168173,1440.6408999930136,111.56756756756756
1777886905,60,,Aggregated,0.200000,0.100000,23,37,44,49,63,81,740,1400,1400,1400,1400,186,6,23,57.421330107586904,13.811800003168173,1440.6408999930136,110.96774193548387
1777886906,60,,Aggregated,0.200000,0.100000,23,37,44,49,63,81,740,1400,1400,1400,1400,186,6,23,57.421330107586904,13.811800003168173,1440.6408999930136,110.96774193548387
1777886907,60,,Aggregated,0.200000,0.100000,23,37,44,49,63,81,740,1400,1400,1400,1400,186,6,23,57.421330107586904,13.811800003168173,1440.6408999930136,110.96774193548387
1777886908,60,,Aggregated,0.200000,0.100000,23,37,44,49,63,81,740,1400,1400,1400,1400,186,6,23,57.421330107586904,13.811800003168173,1440.6408999930136,110.96774193548387
1777886909,60,,Aggregated,0.200000,0.100000,23,37,44,49,63,81,740,1400,1400,1400,1400,186,6,23,57.421330107586904,13.811800003168173,1440.6408999930136,110.96774193548387
1777886910,60,,Aggregated,0.200000,0.100000,23,37,44,49,63,81,740,1400,1400,1400,1400,186,6,23,57.421330107586904,13.811800003168173,1440.6408999930136,110.96774193548387
1777886911,60,,Aggregated,0.200000,0.000000,23,37,44,49,63,81,740,1400,1400,1400,1400,191,6,23,58.08430314137166,13.811800003168173,1440.6408999930136,108.06282722513089
1777886912,60,,Aggregated,0.200000,0.000000,23,37,44,49,63,81,740,1400,1400,1400,1400,191,6,23,58.08430314137166,13.811800003168173,1440.6408999930136,108.06282722513089
1777886913,60,,Aggregated,0.200000,0.000000,23,37,44,49,63,81,740,1400,1400,1400,1400,191,6,23,58.08430314137166,13.811800003168173,1440.6408999930136,108.06282722513089
1777886914,60,,Aggregated,0.600000,0.000000,23,37,44,49,63,81,740,1400,1400,1400,1400,192,6,23,57.898327604182974,13.811800003168173,1440.6408999930136,107.5
1777886915,60,,Aggregated,0.600000,0.000000,23,37,44,49,63,81,740,1400,1400,1400,1400,192,6,23,57.898327604182974,13.811800003168173,1440.6408999930136,107.5
1777886916,60,,Aggregated,0.600000,0.000000,23,37,44,49,63,81,740,1400,1400,1400,1400,192,6,23,57.898327604182974,13.811800003168173,1440.6408999930136,107.5
1777886917,60,,Aggregated,0.600000,0.000000,23,37,44,50,63,81,740,1400,1400,1400,1400,194,7,23,57.646593298974864,13.811800003168173,1440.6408999930136,106.3917525773196
1777886918,60,,Aggregated,0.600000,0.000000,23,37,44,50,63,81,740,1400,1400,1400,1400,194,7,23,57.646593298974864,13.811800003168173,1440.6408999930136,106.3917525773196
1777886919,60,,Aggregated,0.600000,0.000000,23,37,44,50,63,81,740,1400,1400,1400,1400,194,7,23,57.646593298974864,13.811800003168173,1440.6408999930136,106.3917525773196
1777886920,60,,Aggregated,0.600000,0.000000,23,37,44,50,63,81,740,1400,1400,1400,1400,194,7,23,57.646593298974864,13.811800003168173,1440.6408999930136,106.3917525773196
1777886921,60,,Aggregated,0.600000,0.000000,23,37,44,50,63,81,740,1400,1400,1400,1400,194,7,23,57.646593298974864,13.811800003168173,1440.6408999930136,106.3917525773196
1777886922,60,,Aggregated,0.600000,0.000000,23,37,44,50,63,81,740,1400,1400,1400,1400,194,7,23,57.646593298974864,13.811800003168173,1440.6408999930136,106.3917525773196
1777886923,60,,Aggregated,0.600000,0.000000,23,37,44,50,63,81,740,1400,1400,1400,1400,194,7,23,57.646593298974864,13.811800003168173,1440.6408999930136,106.3917525773196
1777886924,60,,Aggregated,0.600000,0.000000,23,37,44,50,63,81,740,1400,1400,1400,1400,194,7,23,57.646593298974864,13.811800003168173,1440.6408999930136,106.3917525773196
1777886925,60,,Aggregated,0.300000,0.100000,23,37,44,50,63,81,740,1400,1400,1400,1400,195,8,23,57.4600912820106,13.811800003168173,1440.6408999930136,105.84615384615384
1777886926,60,,Aggregated,0.300000,0.100000,23,37,44,50,66,82,1200,1400,1400,1400,1400,197,8,23,63.67668527920688,13.811800003168173,1440.6408999930136,104.77157360406092
1777886928,60,,Aggregated,0.300000,0.100000,23,37,44,50,66,82,1200,1400,1400,1400,1400,197,8,23,63.67668527920688,13.811800003168173,1440.6408999930136,104.77157360406092
1777886929,60,,Aggregated,0.300000,0.100000,23,37,44,50,66,82,1200,1400,1400,1400,1400,197,8,23,63.67668527920688,13.811800003168173,1440.6408999930136,104.77157360406092
1777886930,60,,Aggregated,0.300000,0.100000,23,37,44,50,66,82,1200,1400,1400,1400,1400,197,8,23,63.67668527920688,13.811800003168173,1440.6408999930136,104.77157360406092
1777886931,60,,Aggregated,0.300000,0.100000,23,37,44,50,66,82,1200,1400,1400,1400,1400,197,8,23,63.67668527920688,13.811800003168173,1440.6408999930136,104.77157360406092
1777886932,60,,Aggregated,0.300000,0.100000,23,37,44,50,66,82,1200,1400,1400,1400,1400,197,8,23,63.67668527920688,13.811800003168173,1440.6408999930136,104.77157360406092
1777886933,60,,Aggregated,0.300000,0.100000,23,37,44,50,66,82,1200,1400,1400,1400,1400,197,8,23,63.67668527920688,13.811800003168173,1440.6408999930136,104.77157360406092
1777886934,60,,Aggregated,0.300000,0.100000,23,37,44,50,66,82,1200,1400,1400,1400,1400,197,8,23,63.67668527920688,13.811800003168173,1440.6408999930136,104.77157360406092
1777886935,60,,Aggregated,0.300000,0.100000,23,37,44,50,66,82,1200,1400,1400,1400,1400,197,8,23,63.67668527920688,13.811800003168173,1440.6408999930136,104.77157360406092
1777886936,60,,Aggregated,0.300000,0.100000,23,37,44,50,66,82,1200,1400,1400,1400,1400,197,8,23,63.67668527920688,13.811800003168173,1440.6408999930136,104.77157360406092
1777886937,60,,Aggregated,0.300000,0.100000,23,37,44,50,66,82,1200,1400,1400,1400,1400,198,9,23,63.45572474748049,13.811800003168173,1440.6408999930136,104.24242424242425
1777886938,60,,Aggregated,0.300000,0.100000,23,37,44,50,66,82,1200,1400,1400,1400,1400,198,9,23,63.45572474748049,13.811800003168173,1440.6408999930136,104.24242424242425
1777886939,60,,Aggregated,0.200000,0.000000,23,37,44,50,66,82,1200,1400,1400,1400,1400,199,9,23,63.231583417044604,13.811800003168173,1440.6408999930136,103.71859296482413
1777886940,60,,Aggregated,0.200000,0.000000,23,37,44,50,66,82,1200,1400,1400,1400,1400,199,9,23,63.231583417044604,13.811800003168173,1440.6408999930136,103.71859296482413
1777886941,60,,Aggregated,0.100000,0.100000,23,37,44,50,66,82,1200,1400,1400,1400,1400,200,9,23,63.00350099991192,13.811800003168173,1440.6408999930136,103.2
1777886942,60,,Aggregated,0.100000,0.100000,23,37,44,50,66,82,1200,1400,1400,1400,1400,200,9,23,63.00350099991192,13.811800003168173,1440.6408999930136,103.2
1777886943,60,,Aggregated,0.100000,0.100000,23,37,44,50,66,82,1200,1400,1400,1400,1400,200,9,23,63.00350099991192,13.811800003168173,1440.6408999930136,103.2
1777886944,60,,Aggregated,0.300000,0.100000,23,37,44,49,63,81,740,1300,1400,1400,1400,201,10,23,62.922650746177574,13.811800003168173,1440.6408999930136,102.68656716417911
1777886945,60,,Aggregated,0.300000,0.100000,23,37,44,49,63,81,740,1300,1400,1400,1400,203,11,23,62.564231034324116,13.811800003168173,1440.6408999930136,101.67487684729063
1777886946,60,,Aggregated,0.300000,0.100000,23,37,44,49,63,81,740,1300,1400,1400,1400,203,11,23,62.564231034324116,13.811800003168173,1440.6408999930136,101.67487684729063
1777886947,60,,Aggregated,0.300000,0.100000,23,37,44,49,63,81,740,1300,1400,1400,1400,203,11,23,62.564231034324116,13.811800003168173,1440.6408999930136,101.67487684729063
1777886948,60,,Aggregated,0.600000,0.300000,23,37,44,49,63,81,740,1300,1400,1400,1400,204,12,23,62.32676176460147,13.811800003168173,1440.6408999930136,101.17647058823529
1777886949,60,,Aggregated,0.600000,0.300000,23,37,43,49,63,81,740,1300,1400,1400,1400,207,12,23,61.72579371969042,13.811800003168173,1440.6408999930136,99.71014492753623
1777886950,60,,Aggregated,0.600000,0.300000,23,37,43,49,63,81,740,1300,1400,1400,1400,207,12,23,61.72579371969042,13.811800003168173,1440.6408999930136,99.71014492753623
1777886951,60,,Aggregated,0.600000,0.300000,23,37,43,49,63,81,740,1300,1400,1400,1400,207,12,23,61.72579371969042,13.811800003168173,1440.6408999930136,99.71014492753623
1777886952,60,,Aggregated,0.600000,0.300000,23,37,43,49,63,81,740,1300,1400,1400,1400,207,12,23,61.72579371969042,13.811800003168173,1440.6408999930136,99.71014492753623
1777886953,60,,Aggregated,0.800000,0.300000,23,37,43,49,63,81,740,1300,1400,1400,1400,208,12,23,61.52581730755348,13.811800003168173,1440.6408999930136,99.23076923076923
1777886954,60,,Aggregated,0.700000,0.300000,23,36,43,49,63,81,740,1300,1400,1400,1400,209,12,23,61.322337798924636,13.811800003168173,1440.6408999930136,98.75598086124401
1777886955,60,,Aggregated,0.700000,0.300000,23,36,43,49,63,81,740,1300,1400,1400,1400,209,12,23,61.322337798924636,13.811800003168173,1440.6408999930136,98.75598086124401
1777886956,60,,Aggregated,0.700000,0.300000,23,36,43,49,63,81,740,1300,1400,1400,1400,209,12,23,61.322337798924636,13.811800003168173,1440.6408999930136,98.75598086124401
1777886957,60,,Aggregated,0.700000,0.300000,23,36,43,49,63,81,740,1300,1400,1400,1400,209,12,23,61.322337798924636,13.811800003168173,1440.6408999930136,98.75598086124401
1777886958,60,,Aggregated,0.700000,0.300000,23,36,43,49,63,81,740,1300,1400,1400,1400,209,12,23,61.322337798924636,13.811800003168173,1440.6408999930136,98.75598086124401
1777886959,60,,Aggregated,0.700000,0.300000,23,36,43,49,63,81,740,1300,1400,1400,1400,209,12,23,61.322337798924636,13.811800003168173,1440.6408999930136,98.75598086124401
1777886960,60,,Aggregated,0.600000,0.100000,23,36,43,49,63,81,740,1300,1400,1400,1400,210,12,22,61.124685714146054,13.811800003168173,1440.6408999930136,98.28571428571429
1777886961,60,,Aggregated,0.600000,0.100000,23,36,43,49,63,81,740,1300,1400,1400,1400,210,12,22,61.124685714146054,13.811800003168173,1440.6408999930136,98.28571428571429
1777886962,60,,Aggregated,0.600000,0.100000,23,36,43,49,63,81,740,1300,1400,1400,1400,210,12,22,61.124685714146054,13.811800003168173,1440.6408999930136,98.28571428571429
1777886963,60,,Aggregated,0.600000,0.100000,23,36,43,49,63,81,740,1300,1400,1400,1400,210,12,22,61.124685714146054,13.811800003168173,1440.6408999930136,98.28571428571429
1777886964,60,,Aggregated,0.600000,0.100000,23,36,43,49,63,81,740,1300,1400,1400,1400,210,12,22,61.124685714146054,13.811800003168173,1440.6408999930136,98.28571428571429
1777886965,60,,Aggregated,0.300000,0.000000,23,36,43,48,61,81,740,1300,1400,1400,1400,211,12,23,60.95539810409343,13.811800003168173,1440.6408999930136,97.81990521327015
1777886966,60,,Aggregated,0.200000,0.000000,23,36,43,48,61,81,740,1300,1400,1400,1400,212,12,23,60.78201792438192,13.811800003168173,1440.6408999930136,97.35849056603773
1777886967,60,,Aggregated,0.200000,0.000000,23,36,43,48,61,81,740,1300,1400,1400,1400,212,12,23,60.78201792438192,13.811800003168173,1440.6408999930136,97.35849056603773
1777886968,60,,Aggregated,0.200000,0.000000,23,36,43,48,61,81,740,1300,1400,1400,1400,212,12,23,60.78201792438192,13.811800003168173,1440.6408999930136,97.35849056603773
1777886969,60,,Aggregated,0.200000,0.000000,23,36,43,48,61,81,740,1300,1400,1400,1400,212,12,23,60.78201792438192,13.811800003168173,1440.6408999930136,97.35849056603773
1777886970,60,,Aggregated,0.200000,0.000000,23,36,43,48,61,81,740,1300,1400,1400,1400,212,12,23,60.78201792438192,13.811800003168173,1440.6408999930136,97.35849056603773
1777886971,60,,Aggregated,0.200000,0.000000,23,36,43,48,61,81,740,1300,1400,1400,1400,212,12,23,60.78201792438192,13.811800003168173,1440.6408999930136,97.35849056603773
1777886972,60,,Aggregated,0.200000,0.000000,23,36,43,48,61,81,740,1300,1400,1400,1400,212,12,23,60.78201792438192,13.811800003168173,1440.6408999930136,97.35849056603773
1777886973,60,,Aggregated,0.200000,0.000000,23,36,43,48,61,81,740,1300,1400,1400,1400,212,12,23,60.78201792438192,13.811800003168173,1440.6408999930136,97.35849056603773
1777886974,60,,Aggregated,0.200000,0.000000,23,36,43,48,61,81,740,1300,1400,1400,1400,212,12,23,60.78201792438192,13.811800003168173,1440.6408999930136,97.35849056603773
1777886975,60,,Aggregated,0.200000,0.000000,23,36,42,48,61,81,740,1300,1400,1400,1400,213,12,23,60.66750938948922,13.811800003168173,1440.6408999930136,96.90140845070422
1777886976,60,,Aggregated,0.200000,0.000000,23,36,42,48,61,81,740,1300,1400,1400,1400,214,12,23,60.46617523346544,13.811800003168173,1440.6408999930136,96.44859813084112
1777886977,60,,Aggregated,0.200000,0.000000,23,36,42,48,61,81,740,1300,1400,1400,1400,214,12,23,60.46617523346544,13.811800003168173,1440.6408999930136,96.44859813084112
1777886978,60,,Aggregated,0.100000,0.000000,23,36,42,48,61,81,740,1300,1400,1400,1400,215,12,23,60.26493999978452,13.811800003168173,1440.6408999930136,96.0
1777886979,60,,Aggregated,0.100000,0.000000,23,36,43,48,63,82,740,1300,1400,1400,1400,216,12,23,60.433396296098685,13.811800003168173,1440.6408999930136,95.55555555555556
1777886980,60,,Aggregated,0.100000,0.000000,23,36,43,48,63,82,740,1300,1400,1400,1400,216,12,23,60.433396296098685,13.811800003168173,1440.6408999930136,95.55555555555556
1777886981,60,,Aggregated,0.200000,0.000000,23,36,42,48,63,82,740,1300,1400,1400,1400,217,12,23,60.272417972207684,13.811800003168173,1440.6408999930136,95.11520737327189
1777886982,60,,Aggregated,0.200000,0.000000,23,36,42,48,63,82,740,1300,1400,1400,1400,217,12,23,60.272417972207684,13.811800003168173,1440.6408999930136,95.11520737327189
1777886983,60,,Aggregated,0.200000,0.000000,23,36,42,48,63,82,740,1300,1400,1400,1400,217,12,23,60.272417972207684,13.811800003168173,1440.6408999930136,95.11520737327189
1777886984,60,,Aggregated,0.200000,0.000000,23,36,42,48,63,82,740,1300,1400,1400,1400,217,12,23,60.272417972207684,13.811800003168173,1440.6408999930136,95.11520737327189
1777886985,60,,Aggregated,0.200000,0.000000,23,36,42,48,63,82,740,1300,1400,1400,1400,217,12,23,60.272417972207684,13.811800003168173,1440.6408999930136,95.11520737327189
1777886986,60,,Aggregated,0.200000,0.000000,23,36,42,48,63,82,740,1300,1400,1400,1400,217,12,23,60.272417972207684,13.811800003168173,1440.6408999930136,95.11520737327189
1777886987,60,,Aggregated,0.400000,0.000000,23,36,42,48,63,82,740,1300,1400,1400,1400,218,12,23,60.08096743100579,13.811800003168173,1440.6408999930136,94.6788990825688
1777886988,60,,Aggregated,0.400000,0.000000,23,36,42,48,63,82,740,1300,1400,1400,1400,218,12,23,60.08096743100579,13.811800003168173,1440.6408999930136,94.6788990825688
1777886989,60,,Aggregated,0.400000,0.000000,23,36,42,48,63,82,740,1300,1400,1400,1400,218,12,23,60.08096743100579,13.811800003168173,1440.6408999930136,94.6788990825688
1777886990,60,,Aggregated,0.400000,0.000000,23,36,42,48,63,82,740,1300,1400,1400,1400,218,12,23,60.08096743100579,13.811800003168173,1440.6408999930136,94.6788990825688
1777886991,60,,Aggregated,0.400000,0.000000,23,36,42,48,63,82,740,1300,1400,1400,1400,218,12,23,60.08096743100579,13.811800003168173,1440.6408999930136,94.6788990825688
1777886992,60,,Aggregated,0.400000,0.000000,23,36,42,48,63,82,740,1300,1400,1400,1400,218,12,23,60.08096743100579,13.811800003168173,1440.6408999930136,94.6788990825688
1777886993,60,,Aggregated,0.400000,0.000000,23,36,42,48,63,82,740,1300,1400,1400,1400,218,12,23,60.08096743100579,13.811800003168173,1440.6408999930136,94.6788990825688
1777886994,60,,Aggregated,0.400000,0.000000,23,36,42,48,63,82,740,1300,1400,1400,1400,218,12,23,60.08096743100579,13.811800003168173,1440.6408999930136,94.6788990825688
1777886995,60,,Aggregated,0.400000,0.000000,23,36,42,48,63,82,740,1300,1400,1400,1400,218,12,23,60.08096743100579,13.811800003168173,1440.6408999930136,94.6788990825688
1777886996,60,,Aggregated,0.400000,0.000000,23,36,42,48,63,82,740,1300,1400,1400,1400,218,12,23,60.08096743100579,13.811800003168173,1440.6408999930136,94.6788990825688
1777886997,60,,Aggregated,0.400000,0.000000,23,36,42,48,63,82,740,1300,1400,1400,1400,218,12,23,60.08096743100579,13.811800003168173,1440.6408999930136,94.6788990825688
1777886998,60,,Aggregated,0.100000,0.000000,23,36,42,48,63,82,740,1300,1400,1400,1400,219,13,23,59.92190913223081,13.811800003168173,1440.6408999930136,94.24657534246575
1777886999,60,,Aggregated,0.100000,0.000000,23,36,42,48,63,82,740,1300,1400,1400,1400,219,13,23,59.92190913223081,13.811800003168173,1440.6408999930136,94.24657534246575
1777887000,60,,Aggregated,0.100000,0.000000,23,36,42,48,63,82,740,1300,1400,1400,1400,219,13,23,59.92190913223081,13.811800003168173,1440.6408999930136,94.24657534246575
1777887001,60,,Aggregated,0.100000,0.000000,23,36,42,48,63,82,740,1300,1400,1400,1400,219,13,23,59.92190913223081,13.811800003168173,1440.6408999930136,94.24657534246575
1777887002,60,,Aggregated,0.100000,0.000000,23,36,42,48,63,82,740,1300,1400,1400,1400,219,13,23,59.92190913223081,13.811800003168173,1440.6408999930136,94.24657534246575
1777887003,60,,Aggregated,0.100000,0.000000,23,36,42,48,63,82,740,1300,1400,1400,1400,219,13,23,59.92190913223081,13.811800003168173,1440.6408999930136,94.24657534246575
1777887004,60,,Aggregated,0.100000,0.000000,23,36,42,48,63,82,740,1300,1400,1400,1400,219,13,23,59.92190913223081,13.811800003168173,1440.6408999930136,94.24657534246575
1777887005,60,,Aggregated,0.100000,0.000000,23,36,42,48,63,82,740,1300,1400,1400,1400,219,13,23,59.92190913223081,13.811800003168173,1440.6408999930136,94.24657534246575
1777887006,60,,Aggregated,0.100000,0.000000,23,36,42,48,63,82,740,1300,1400,1400,1400,219,13,23,59.92190913223081,13.811800003168173,1440.6408999930136,94.24657534246575
1777887007,60,,Aggregated,0.100000,0.000000,23,36,42,48,63,82,740,1300,1400,1400,1400,219,13,23,59.92190913223081,13.811800003168173,1440.6408999930136,94.24657534246575
1777887008,60,,Aggregated,0.100000,0.000000,23,36,42,48,63,82,740,1300,1400,1400,1400,219,13,23,59.92190913223081,13.811800003168173,1440.6408999930136,94.24657534246575
1777887009,60,,Aggregated,0.100000,0.100000,23,36,42,48,63,82,740,1300,1400,1400,1400,220,13,23,59.74358363614142,13.811800003168173,1440.6408999930136,93.81818181818181
1777887010,60,,Aggregated,0.000000,0.000000,23,35,42,47,61,81,740,1300,1400,1400,1400,221,13,23,59.56849230752839,13.811800003168173,1440.6408999930136,93.39366515837104
1777887011,60,,Aggregated,0.000000,0.000000,23,35,42,47,61,81,740,1300,1400,1400,1400,221,13,23,59.56849230752839,13.811800003168173,1440.6408999930136,93.39366515837104
1777887012,60,,Aggregated,0.000000,0.000000,23,35,42,47,61,81,740,1300,1400,1400,1400,221,13,23,59.56849230752839,13.811800003168173,1440.6408999930136,93.39366515837104
1777887013,60,,Aggregated,0.000000,0.000000,23,35,42,47,61,81,740,1300,1400,1400,1400,221,13,23,59.56849230752839,13.811800003168173,1440.6408999930136,93.39366515837104
1777887014,60,,Aggregated,0.200000,0.000000,23,35,42,47,61,81,740,1300,1400,1400,1400,222,13,23,59.41130945929389,13.811800003168173,1440.6408999930136,92.97297297297297
1777887015,60,,Aggregated,0.200000,0.000000,23,35,42,47,61,81,740,1300,1400,1400,1400,223,13,23,59.22352331824916,13.811800003168173,1440.6408999930136,92.5560538116592
1777887016,60,,Aggregated,0.200000,0.000000,23,35,42,47,61,81,740,1300,1400,1400,1400,223,13,23,59.22352331824916,13.811800003168173,1440.6408999930136,92.5560538116592
1777887017,60,,Aggregated,0.200000,0.000000,23,35,42,47,61,81,740,1300,1400,1400,1400,223,13,23,59.22352331824916,13.811800003168173,1440.6408999930136,92.5560538116592
1777887018,60,,Aggregated,0.400000,0.000000,23,35,42,47,61,81,740,1300,1400,1400,1400,224,13,23,59.06196517844364,13.811800003168173,1440.6408999930136,92.14285714285714
1777887019,60,,Aggregated,0.400000,0.000000,23,35,42,47,61,81,740,1300,1400,1400,1400,224,13,23,59.06196517844364,13.811800003168173,1440.6408999930136,92.14285714285714
1777887020,60,,Aggregated,0.400000,0.000000,23,35,42,47,61,81,740,1300,1400,1400,1400,224,13,23,59.06196517844364,13.811800003168173,1440.6408999930136,92.14285714285714
1777887021,60,,Aggregated,0.500000,0.000000,23,35,41,47,61,81,740,1300,1400,1400,1400,225,13,23,58.87319066652304,13.811800003168173,1440.6408999930136,91.73333333333333
1777887022,60,,Aggregated,0.500000,0.000000,23,35,41,47,61,81,740,1300,1400,1400,1400,225,13,23,58.87319066652304,13.811800003168173,1440.6408999930136,91.73333333333333
1777887023,60,,Aggregated,0.500000,0.000000,23,35,41,47,61,81,740,1300,1400,1400,1400,225,13,23,58.87319066652304,13.811800003168173,1440.6408999930136,91.73333333333333
1777887024,60,,Aggregated,0.500000,0.000000,23,35,41,47,61,81,740,1300,1400,1400,1400,225,13,23,58.87319066652304,13.811800003168173,1440.6408999930136,91.73333333333333
1777887025,60,,Aggregated,0.500000,0.000000,23,35,41,47,61,81,740,1300,1400,1400,1400,225,13,23,58.87319066652304,13.811800003168173,1440.6408999930136,91.73333333333333
1777887026,60,,Aggregated,0.500000,0.000000,23,35,41,47,61,81,740,1300,1400,1400,1400,225,13,23,58.87319066652304,13.811800003168173,1440.6408999930136,91.73333333333333
1777887027,60,,Aggregated,0.500000,0.000000,23,35,41,47,61,81,740,1300,1400,1400,1400,225,13,23,58.87319066652304,13.811800003168173,1440.6408999930136,91.73333333333333
1777887028,60,,Aggregated,0.500000,0.000000,23,35,41,47,61,81,740,1300,1400,1400,1400,225,13,23,58.87319066652304,13.811800003168173,1440.6408999930136,91.73333333333333
1777887029,60,,Aggregated,0.200000,0.000000,22,35,41,47,61,81,740,1300,1400,1400,1400,227,14,22,58.50658281926796,13.811800003168173,1440.6408999930136,90.9251101321586
1777887030,60,,Aggregated,0.200000,0.000000,22,35,41,47,61,81,740,1300,1400,1400,1400,227,14,22,58.50658281926796,13.811800003168173,1440.6408999930136,90.9251101321586
1777887031,60,,Aggregated,0.200000,0.000000,22,35,41,47,61,81,740,1300,1400,1400,1400,227,14,22,58.50658281926796,13.811800003168173,1440.6408999930136,90.9251101321586
1777887033,60,,Aggregated,0.200000,0.000000,22,35,41,47,61,81,740,1300,1400,1400,1400,227,14,22,58.50658281926796,13.811800003168173,1440.6408999930136,90.9251101321586
1777887034,60,,Aggregated,0.200000,0.000000,22,35,41,47,61,81,740,1300,1400,1400,1400,227,14,22,58.50658281926796,13.811800003168173,1440.6408999930136,90.9251101321586
1777887035,60,,Aggregated,0.200000,0.100000,23,35,41,47,61,81,740,1300,1400,1400,1400,230,14,22,58.1319665216775,13.811800003168173,1440.6408999930136,89.73913043478261
1777887036,60,,Aggregated,0.200000,0.100000,22,35,41,44,60,81,740,1300,1400,1400,1400,231,15,22,57.97112121208202,13.811800003168173,1440.6408999930136,89.35064935064935
1777887037,60,,Aggregated,0.200000,0.100000,23,35,41,47,61,81,740,1300,1400,1400,1400,232,15,22,58.04794181030643,13.811800003168173,1440.6408999930136,88.96551724137932
1777887038,60,,Aggregated,0.200000,0.100000,23,35,41,47,61,81,740,1300,1400,1400,1400,232,15,22,58.04794181030643,13.811800003168173,1440.6408999930136,88.96551724137932
1777887039,60,,Aggregated,0.200000,0.100000,23,35,41,47,61,81,740,1300,1400,1400,1400,232,15,22,58.04794181030643,13.811800003168173,1440.6408999930136,88.96551724137932
1777887040,60,,Aggregated,0.700000,0.200000,23,35,41,47,61,81,740,1300,1400,1400,1400,233,15,23,57.940533905551874,13.811800003168173,1440.6408999930136,88.58369098712447
1777887041,60,,Aggregated,0.700000,0.200000,23,35,41,47,61,81,740,1300,1400,1400,1400,233,15,23,57.940533905551874,13.811800003168173,1440.6408999930136,88.58369098712447
1777887042,60,,Aggregated,0.700000,0.200000,23,35,41,47,61,81,740,1300,1400,1400,1400,233,15,23,57.940533905551874,13.811800003168173,1440.6408999930136,88.58369098712447
1777887043,60,,Aggregated,0.700000,0.200000,23,35,41,47,61,81,740,1300,1400,1400,1400,233,15,23,57.940533905551874,13.811800003168173,1440.6408999930136,88.58369098712447
1777887044,60,,Aggregated,0.700000,0.200000,23,35,41,47,61,81,740,1300,1400,1400,1400,233,15,23,57.940533905551874,13.811800003168173,1440.6408999930136,88.58369098712447
1777887045,60,,Aggregated,0.700000,0.200000,23,35,41,47,61,81,740,1300,1400,1400,1400,233,15,23,57.940533905551874,13.811800003168173,1440.6408999930136,88.58369098712447
1777887046,60,,Aggregated,0.600000,0.100000,23,35,41,47,61,81,740,1300,1400,1400,1400,234,15,23,57.81956324784153,13.811800003168173,1440.6408999930136,88.2051282051282
1777887047,60,,Aggregated,0.600000,0.100000,23,35,41,47,61,81,740,1300,1400,1400,1400,234,15,23,57.81956324784153,13.811800003168173,1440.6408999930136,88.2051282051282
1777887048,60,,Aggregated,0.300000,0.000000,23,35,41,47,63,81,740,1300,1400,1400,1400,235,15,23,57.88428510639549,13.811800003168173,1440.6408999930136,87.82978723404256
1777887049,60,,Aggregated,0.300000,0.000000,23,35,41,47,63,81,740,1300,1400,1400,1400,235,15,23,57.88428510639549,13.811800003168173,1440.6408999930136,87.82978723404256
1777887050,60,,Aggregated,0.200000,0.000000,23,35,42,47,63,81,740,1300,1400,1400,1400,236,15,23,57.85104152540552,13.811800003168173,1440.6408999930136,87.45762711864407
1777887051,60,,Aggregated,0.200000,0.000000,23,35,42,47,63,81,740,1300,1400,1400,1400,236,15,23,57.85104152540552,13.811800003168173,1440.6408999930136,87.45762711864407
1777887052,60,,Aggregated,0.200000,0.000000,23,35,42,47,63,81,740,1300,1400,1400,1400,236,15,23,57.85104152540552,13.811800003168173,1440.6408999930136,87.45762711864407
1777887053,60,,Aggregated,0.200000,0.000000,23,35,41,47,63,81,740,1300,1400,1400,1400,237,15,23,57.74646751051631,13.811800003168173,1440.6408999930136,87.0886075949367
1777887054,60,,Aggregated,0.200000,0.000000,23,35,41,47,63,81,740,1300,1400,1400,1400,237,15,23,57.74646751051631,13.811800003168173,1440.6408999930136,87.0886075949367
1777887055,60,,Aggregated,0.200000,0.000000,23,35,41,47,63,81,740,1300,1400,1400,1400,237,15,23,57.74646751051631,13.811800003168173,1440.6408999930136,87.0886075949367
1777887056,60,,Aggregated,0.200000,0.000000,23,35,41,47,63,81,740,1300,1400,1400,1400,237,15,23,57.74646751051631,13.811800003168173,1440.6408999930136,87.0886075949367
1777887057,60,,Aggregated,0.200000,0.000000,23,35,41,47,63,81,740,1300,1400,1400,1400,237,15,23,57.74646751051631,13.811800003168173,1440.6408999930136,87.0886075949367
1777887058,60,,Aggregated,0.200000,0.000000,23,35,41,47,63,81,740,1300,1400,1400,1400,237,15,23,57.74646751051631,13.811800003168173,1440.6408999930136,87.0886075949367
1777887059,60,,Aggregated,0.200000,0.000000,23,35,41,47,63,81,740,1300,1400,1400,1400,237,15,23,57.74646751051631,13.811800003168173,1440.6408999930136,87.0886075949367
1777887060,60,,Aggregated,0.200000,0.000000,23,35,41,47,63,81,740,1300,1400,1400,1400,237,15,23,57.74646751051631,13.811800003168173,1440.6408999930136,87.0886075949367
1777887061,60,,Aggregated,0.200000,0.000000,23,35,41,47,63,81,740,1300,1400,1400,1400,237,15,23,57.74646751051631,13.811800003168173,1440.6408999930136,87.0886075949367
1777887062,60,,Aggregated,0.200000,0.000000,23,35,41,47,63,81,740,1300,1400,1400,1400,237,15,23,57.74646751051631,13.811800003168173,1440.6408999930136,87.0886075949367
1777887063,60,,Aggregated,0.200000,0.000000,23,35,41,47,63,81,740,1300,1400,1400,1400,237,15,23,57.74646751051631,13.811800003168173,1440.6408999930136,87.0886075949367
1777887064,60,,Aggregated,0.200000,0.000000,23,35,41,47,63,81,740,1300,1400,1400,1400,237,15,23,57.74646751051631,13.811800003168173,1440.6408999930136,87.0886075949367
1777887065,60,,Aggregated,0.200000,0.000000,23,35,41,47,63,81,740,1300,1400,1400,1400,237,15,23,57.74646751051631,13.811800003168173,1440.6408999930136,87.0886075949367
1777887066,60,,Aggregated,0.200000,0.000000,23,35,41,47,63,81,740,1300,1400,1400,1400,237,15,23,57.74646751051631,13.811800003168173,1440.6408999930136,87.0886075949367
1777887067,60,,Aggregated,0.200000,0.000000,23,35,41,47,63,81,740,1300,1400,1400,1400,237,15,23,57.74646751051631,13.811800003168173,1440.6408999930136,87.0886075949367
1777887068,60,,Aggregated,0.200000,0.000000,23,35,41,47,63,81,740,1300,1400,1400,1400,237,15,23,57.74646751051631,13.811800003168173,1440.6408999930136,87.0886075949367
1777887069,60,,Aggregated,0.200000,0.000000,23,35,41,47,63,81,740,1300,1400,1400,1400,237,15,23,57.74646751051631,13.811800003168173,1440.6408999930136,87.0886075949367
1777887070,60,,Aggregated,0.200000,0.000000,23,35,41,47,63,81,740,1300,1400,1400,1400,237,15,23,57.74646751051631,13.811800003168173,1440.6408999930136,87.0886075949367
1777887071,60,,Aggregated,0.200000,0.000000,23,35,41,47,63,81,740,1300,1400,1400,1400,237,15,23,57.74646751051631,13.811800003168173,1440.6408999930136,87.0886075949367
1777887072,60,,Aggregated,0.200000,0.000000,23,35,41,47,63,81,740,1300,1400,1400,1400,237,15,23,57.74646751051631,13.811800003168173,1440.6408999930136,87.0886075949367
1777887073,60,,Aggregated,0.200000,0.000000,23,35,41,47,63,81,740,1300,1400,1400,1400,237,15,23,57.74646751051631,13.811800003168173,1440.6408999930136,87.0886075949367
1777887074,60,,Aggregated,0.000000,0.000000,23,34,41,47,61,81,740,1300,1400,1400,1400,242,15,22,56.939889669412565,13.811800003168173,1440.6408999930136,85.2892561983471
1777887075,60,,Aggregated,0.000000,0.000000,23,34,41,47,61,81,740,1300,1400,1400,1400,242,15,22,56.939889669412565,13.811800003168173,1440.6408999930136,85.2892561983471
1777887076,60,,Aggregated,0.000000,0.000000,22,34,41,47,61,81,740,1300,1400,1400,1400,243,15,22,56.784557201612145,13.811800003168173,1440.6408999930136,84.93827160493827
1777887077,60,,Aggregated,0.000000,0.000000,22,34,41,47,61,81,740,1300,1400,1400,1400,243,15,22,56.784557201612145,13.811800003168173,1440.6408999930136,84.93827160493827
1777887078,60,,Aggregated,0.500000,0.000000,23,34,41,47,61,81,740,1300,1400,1400,1400,244,15,22,56.65033442620951,13.811800003168173,1440.6408999930136,84.59016393442623
1777887079,60,,Aggregated,0.500000,0.000000,23,34,41,47,61,81,740,1300,1400,1400,1400,244,15,22,56.65033442620951,13.811800003168173,1440.6408999930136,84.59016393442623
1777887080,60,,Aggregated,0.600000,0.000000,22,34,41,47,61,81,740,1300,1400,1400,1400,245,15,22,56.48986489793561,13.811800003168173,1440.6408999930136,84.24489795918367
1777887081,60,,Aggregated,0.600000,0.000000,22,34,41,47,61,81,740,1300,1400,1400,1400,245,15,22,56.48986489793561,13.811800003168173,1440.6408999930136,84.24489795918367
1777887082,60,,Aggregated,0.600000,0.000000,22,34,41,47,61,81,740,1300,1400,1400,1400,245,15,22,56.48986489793561,13.811800003168173,1440.6408999930136,84.24489795918367
1777887083,60,,Aggregated,0.600000,0.000000,22,34,41,47,61,81,740,1300,1400,1400,1400,245,15,22,56.48986489793561,13.811800003168173,1440.6408999930136,84.24489795918367
1777887084,60,,Aggregated,0.600000,0.000000,22,34,41,47,61,81,740,1300,1400,1400,1400,245,15,22,56.48986489793561,13.811800003168173,1440.6408999930136,84.24489795918367
1777887085,60,,Aggregated,0.600000,0.000000,22,34,41,47,61,81,740,1300,1400,1400,1400,245,15,22,56.48986489793561,13.811800003168173,1440.6408999930136,84.24489795918367
1777887086,60,,Aggregated,0.600000,0.000000,22,34,41,47,61,81,740,1300,1400,1400,1400,245,15,22,56.48986489793561,13.811800003168173,1440.6408999930136,84.24489795918367
1777887087,60,,Aggregated,0.600000,0.000000,22,34,41,47,61,81,740,1300,1400,1400,1400,245,15,22,56.48986489793561,13.811800003168173,1440.6408999930136,84.24489795918367
1777887088,60,,Aggregated,0.600000,0.000000,22,34,41,47,61,81,740,1300,1400,1400,1400,245,15,22,56.48986489793561,13.811800003168173,1440.6408999930136,84.24489795918367
1777887089,60,,Aggregated,0.600000,0.000000,22,34,41,47,61,81,740,1300,1400,1400,1400,245,15,22,56.48986489793561,13.811800003168173,1440.6408999930136,84.24489795918367
1777887090,60,,Aggregated,0.600000,0.000000,22,34,41,47,61,81,740,1300,1400,1400,1400,245,15,22,56.48986489793561,13.811800003168173,1440.6408999930136,84.24489795918367
1777887091,60,,Aggregated,0.600000,0.000000,22,34,41,47,61,81,740,1300,1400,1400,1400,245,15,22,56.48986489793561,13.811800003168173,1440.6408999930136,84.24489795918367
1777887092,60,,Aggregated,0.600000,0.000000,22,34,41,47,61,81,740,1300,1400,1400,1400,245,15,22,56.48986489793561,13.811800003168173,1440.6408999930136,84.24489795918367
1777887093,60,,Aggregated,0.600000,0.000000,22,34,41,47,61,81,740,1300,1400,1400,1400,245,15,22,56.48986489793561,13.811800003168173,1440.6408999930136,84.24489795918367
1777887094,60,,Aggregated,0.600000,0.000000,22,34,41,47,61,81,740,1300,1400,1400,1400,245,15,22,56.48986489793561,13.811800003168173,1440.6408999930136,84.24489795918367
1777887095,60,,Aggregated,0.600000,0.000000,22,34,41,47,61,81,740,1300,1400,1400,1400,245,15,22,56.48986489793561,13.811800003168173,1440.6408999930136,84.24489795918367
1777887096,60,,Aggregated,0.600000,0.000000,22,34,41,47,61,81,740,1300,1400,1400,1400,245,15,22,56.48986489793561,13.811800003168173,1440.6408999930136,84.24489795918367
1777887097,60,,Aggregated,0.600000,0.000000,22,34,41,47,61,81,740,1300,1400,1400,1400,245,15,22,56.48986489793561,13.811800003168173,1440.6408999930136,84.24489795918367
1777887098,60,,Aggregated,0.600000,0.000000,22,34,41,47,61,81,740,1300,1400,1400,1400,245,15,22,56.48986489793561,13.811800003168173,1440.6408999930136,84.24489795918367
1777887099,60,,Aggregated,0.600000,0.000000,22,34,41,47,61,81,740,1300,1400,1400,1400,245,15,22,56.48986489793561,13.811800003168173,1440.6408999930136,84.24489795918367
1777887100,60,,Aggregated,0.600000,0.000000,22,34,41,47,61,81,740,1300,1400,1400,1400,245,15,22,56.48986489793561,13.811800003168173,1440.6408999930136,84.24489795918367
1777887101,60,,Aggregated,0.600000,0.000000,22,34,41,47,61,81,740,1300,1400,1400,1400,245,15,22,56.48986489793561,13.811800003168173,1440.6408999930136,84.24489795918367
1777887102,60,,Aggregated,0.000000,0.000000,23,34,41,47,63,81,740,1300,1400,1400,1400,246,15,22,56.575005691074026,13.811800003168173,1440.6408999930136,83.90243902439025
1777887103,60,,Aggregated,0.000000,0.000000,23,34,41,47,63,81,740,1300,1400,1400,1400,246,15,22,56.575005691074026,13.811800003168173,1440.6408999930136,83.90243902439025
1777887104,60,,Aggregated,0.100000,0.000000,23,35,41,47,66,81,1200,1400,1600,1600,1600,247,16,23,62.77904170040967,13.811800003168173,1588.9718999969773,83.56275303643724
1777887105,60,,Aggregated,0.100000,0.000000,23,35,41,47,66,81,1200,1400,1600,1600,1600,247,16,23,62.77904170040967,13.811800003168173,1588.9718999969773,83.56275303643724
1777887106,60,,Aggregated,0.100000,0.000000,23,35,41,47,66,81,1200,1400,1600,1600,1600,247,16,23,62.77904170040967,13.811800003168173,1588.9718999969773,83.56275303643724
1777887107,60,,Aggregated,0.100000,0.000000,23,34,41,47,66,81,1200,1400,1600,1600,1600,248,17,22,62.60994233871902,13.811800003168173,1588.9718999969773,83.2258064516129
1777887108,60,,Aggregated,0.200000,0.100000,23,34,41,47,66,81,1200,1400,1600,1600,1600,249,17,23,62.45412771085354,13.811800003168173,1588.9718999969773,82.89156626506023
1777887109,60,,Aggregated,0.200000,0.100000,23,34,41,47,66,81,1200,1400,1600,1600,1600,249,17,23,62.45412771085354,13.811800003168173,1588.9718999969773,82.89156626506023
1777887110,60,,Aggregated,0.300000,0.200000,23,34,41,47,66,81,1200,1400,1600,1600,1600,250,17,22,62.293512400006875,13.811800003168173,1588.9718999969773,82.56
1777887111,60,,Aggregated,0.300000,0.200000,23,34,41,47,66,81,1200,1400,1600,1600,1600,250,17,22,62.293512400006875,13.811800003168173,1588.9718999969773,82.56
1777887112,60,,Aggregated,0.500000,0.200000,23,34,41,47,64,81,740,1400,1600,1600,1600,254,17,23,61.84369999998777,13.811800003168173,1588.9718999969773,81.25984251968504
1777887113,60,,Aggregated,0.500000,0.200000,23,34,41,48,64,81,740,1400,1600,1600,1600,255,17,23,61.84725058818574,13.811800003168173,1588.9718999969773,80.94117647058823
1777887114,60,,Aggregated,0.500000,0.200000,23,34,41,48,64,81,740,1400,1600,1600,1600,255,17,23,61.84725058818574,13.811800003168173,1588.9718999969773,80.94117647058823
1777887115,60,,Aggregated,0.500000,0.200000,23,34,41,48,64,81,740,1400,1600,1600,1600,255,17,23,61.84725058818574,13.811800003168173,1588.9718999969773,80.94117647058823
1777887116,60,,Aggregated,0.500000,0.200000,23,34,41,48,64,81,740,1400,1600,1600,1600,255,17,23,61.84725058818574,13.811800003168173,1588.9718999969773,80.94117647058823
1777887117,60,,Aggregated,0.500000,0.200000,23,34,41,48,64,81,740,1400,1600,1600,1600,255,17,23,61.84725058818574,13.811800003168173,1588.9718999969773,80.94117647058823
1777887118,60,,Aggregated,0.500000,0.200000,23,34,41,48,64,81,740,1400,1600,1600,1600,255,17,23,61.84725058818574,13.811800003168173,1588.9718999969773,80.94117647058823
1777887119,60,,Aggregated,0.500000,0.200000,23,34,41,48,64,81,740,1400,1600,1600,1600,255,17,23,61.84725058818574,13.811800003168173,1588.9718999969773,80.94117647058823
1777887120,60,,Aggregated,0.700000,0.000000,23,34,41,47,64,81,740,1400,1600,1600,1600,256,17,23,61.69796874996791,13.811800003168173,1588.9718999969773,80.625
1777887121,60,,Aggregated,0.700000,0.000000,23,34,41,47,64,81,740,1400,1600,1600,1600,256,17,23,61.69796874996791,13.811800003168173,1588.9718999969773,80.625
1777887122,60,,Aggregated,0.700000,0.000000,23,34,41,47,64,81,740,1400,1600,1600,1600,256,17,23,61.69796874996791,13.811800003168173,1588.9718999969773,80.625
1777887123,60,,Aggregated,0.700000,0.000000,23,34,41,47,64,81,740,1400,1600,1600,1600,256,17,23,61.69796874996791,13.811800003168173,1588.9718999969773,80.625
1777887124,60,,Aggregated,0.600000,0.000000,23,34,41,47,64,81,740,1400,1600,1600,1600,258,17,23,61.35831782942892,13.811800003168173,1588.9718999969773,80.0
1777887125,60,,Aggregated,0.600000,0.000000,23,34,41,47,64,81,740,1400,1600,1600,1600,258,17,23,61.35831782942892,13.811800003168173,1588.9718999969773,80.0
1777887126,60,,Aggregated,0.600000,0.000000,23,34,41,47,64,81,740,1400,1600,1600,1600,258,17,23,61.35831782942892,13.811800003168173,1588.9718999969773,80.0
1777887127,60,,Aggregated,0.100000,0.000000,23,34,41,47,64,81,740,1400,1600,1600,1600,259,17,23,61.216695752879424,13.811800003168173,1588.9718999969773,79.6911196911197
1777887128,60,,Aggregated,0.100000,0.000000,23,34,41,47,64,81,740,1400,1600,1600,1600,259,17,23,61.216695752879424,13.811800003168173,1588.9718999969773,79.6911196911197
1777887129,60,,Aggregated,0.400000,0.000000,23,34,41,47,64,81,740,1400,1600,1600,1600,260,17,23,61.07693576923339,13.811800003168173,1588.9718999969773,79.38461538461539
1777887130,60,,Aggregated,0.400000,0.000000,23,34,41,47,64,81,740,1400,1600,1600,1600,260,17,23,61.07693576923339,13.811800003168173,1588.9718999969773,79.38461538461539
1777887131,60,,Aggregated,0.400000,0.000000,23,34,41,47,64,81,740,1400,1600,1600,1600,260,17,23,61.07693576923339,13.811800003168173,1588.9718999969773,79.38461538461539
1777887132,60,,Aggregated,0.400000,0.000000,23,34,41,47,64,81,740,1400,1600,1600,1600,260,17,23,61.07693576923339,13.811800003168173,1588.9718999969773,79.38461538461539
1777887133,60,,Aggregated,0.400000,0.000000,23,34,41,47,64,81,740,1400,1600,1600,1600,260,17,23,61.07693576923339,13.811800003168173,1588.9718999969773,79.38461538461539
1777887134,60,,Aggregated,0.400000,0.000000,23,34,41,47,63,81,740,1400,1600,1600,1600,261,17,23,60.93305134098715,13.811800003168173,1588.9718999969773,79.08045977011494
1777887135,60,,Aggregated,0.400000,0.000000,23,33,41,47,63,81,740,1400,1600,1600,1600,262,17,23,60.76868511445355,13.811800003168173,1588.9718999969773,78.77862595419847
1777887136,60,,Aggregated,0.400000,0.000000,23,33,41,47,63,81,740,1400,1600,1600,1600,262,17,23,60.76868511445355,13.811800003168173,1588.9718999969773,78.77862595419847
1777887137,60,,Aggregated,0.300000,0.000000,23,33,41,47,63,81,740,1400,1600,1600,1600,263,17,23,60.663937642584294,13.811800003168173,1588.9718999969773,78.47908745247149
1777887138,60,,Aggregated,0.400000,0.000000,23,33,41,47,63,81,740,1400,1600,1600,1600,264,17,23,60.52239924241748,13.811800003168173,1588.9718999969773,78.18181818181819
1777887140,60,,Aggregated,0.400000,0.000000,23,33,41,47,63,81,740,1400,1600,1600,1600,264,17,23,60.52239924241748,13.811800003168173,1588.9718999969773,78.18181818181819
1777887141,60,,Aggregated,0.400000,0.000000,23,33,41,47,63,81,740,1400,1600,1600,1600,264,17,23,60.52239924241748,13.811800003168173,1588.9718999969773,78.18181818181819
1777887142,60,,Aggregated,0.400000,0.000000,23,33,41,47,63,81,740,1400,1600,1600,1600,264,17,23,60.52239924241748,13.811800003168173,1588.9718999969773,78.18181818181819
1777887143,60,,Aggregated,0.400000,0.000000,23,33,40,47,63,81,740,1400,1600,1600,1600,265,17,23,60.37583471696499,13.811800003168173,1588.9718999969773,77.88679245283019
1777887144,60,,Aggregated,0.400000,0.000000,23,33,40,44,63,81,740,1400,1600,1600,1600,267,17,23,60.08681273402878,13.811800003168173,1588.9718999969773,77.30337078651685
1777887145,60,,Aggregated,0.400000,0.000000,23,33,40,44,63,81,740,1400,1600,1600,1600,267,17,23,60.08681273402878,13.811800003168173,1588.9718999969773,77.30337078651685
1777887146,60,,Aggregated,0.400000,0.000000,23,33,40,44,63,81,740,1400,1600,1600,1600,267,17,23,60.08681273402878,13.811800003168173,1588.9718999969773,77.30337078651685
1777887147,60,,Aggregated,0.700000,0.000000,23,33,40,44,63,81,740,1400,1600,1600,1600,268,18,23,59.95314365662043,13.811800003168173,1588.9718999969773,77.01492537313433
1777887148,60,,Aggregated,0.700000,0.000000,23,33,40,44,63,81,740,1400,1600,1600,1600,268,18,23,59.95314365662043,13.811800003168173,1588.9718999969773,77.01492537313433
1777887149,60,,Aggregated,0.700000,0.000000,23,33,40,44,63,81,740,1400,1600,1600,1600,268,18,23,59.95314365662043,13.811800003168173,1588.9718999969773,77.01492537313433
1777887150,60,,Aggregated,0.600000,0.100000,23,33,40,47,64,81,740,1400,1600,1600,1600,269,18,23,59.97983159841,13.811800003168173,1588.9718999969773,76.72862453531599
1777887151,60,,Aggregated,0.600000,0.100000,23,33,40,47,64,81,740,1400,1600,1600,1600,269,18,23,59.97983159841,13.811800003168173,1588.9718999969773,76.72862453531599
1777887152,60,,Aggregated,0.400000,0.100000,23,33,40,47,64,81,740,1400,1600,1600,1600,270,18,23,59.84491111098409,13.811800003168173,1588.9718999969773,76.44444444444444
1777887153,60,,Aggregated,0.400000,0.100000,23,33,40,47,64,81,740,1400,1600,1600,1600,270,18,23,59.84491111098409,13.811800003168173,1588.9718999969773,76.44444444444444
1777887154,60,,Aggregated,0.400000,0.100000,23,33,40,47,64,81,740,1400,1600,1600,1600,270,18,23,59.84491111098409,13.811800003168173,1588.9718999969773,76.44444444444444
1777887155,60,,Aggregated,0.400000,0.100000,23,33,40,47,64,81,740,1400,1600,1600,1600,270,18,23,59.84491111098409,13.811800003168173,1588.9718999969773,76.44444444444444
1777887156,60,,Aggregated,0.400000,0.100000,23,33,40,47,64,81,740,1400,1600,1600,1600,270,18,23,59.84491111098409,13.811800003168173,1588.9718999969773,76.44444444444444
1777887157,60,,Aggregated,0.400000,0.100000,23,33,40,47,64,81,740,1400,1600,1600,1600,270,18,23,59.84491111098409,13.811800003168173,1588.9718999969773,76.44444444444444
1777887158,60,,Aggregated,0.300000,0.100000,23,33,40,44,63,81,740,1400,1600,1600,1600,272,18,23,59.570772793984574,13.811800003168173,1588.9718999969773,75.88235294117646
1777887159,60,,Aggregated,0.300000,0.100000,23,33,40,44,63,81,740,1400,1600,1600,1600,274,18,23,59.284786131219384,13.811800003168173,1588.9718999969773,75.32846715328468
1777887160,60,,Aggregated,0.300000,0.100000,23,33,40,44,63,81,740,1400,1600,1600,1600,274,18,23,59.284786131219384,13.811800003168173,1588.9718999969773,75.32846715328468
1777887161,60,,Aggregated,0.300000,0.100000,23,33,40,44,63,81,740,1400,1600,1600,1600,274,18,23,59.284786131219384,13.811800003168173,1588.9718999969773,75.32846715328468
1777887162,60,,Aggregated,0.300000,0.100000,23,33,40,44,63,81,740,1400,1600,1600,1600,274,18,23,59.284786131219384,13.811800003168173,1588.9718999969773,75.32846715328468
1777887163,60,,Aggregated,0.300000,0.100000,23,33,40,44,63,81,740,1400,1600,1600,1600,274,18,23,59.284786131219384,13.811800003168173,1588.9718999969773,75.32846715328468
1777887164,60,,Aggregated,0.500000,0.000000,23,33,40,44,63,81,740,1400,1600,1600,1600,275,19,23,59.17173236343925,13.811800003168173,1588.9718999969773,75.05454545454545
1777887165,60,,Aggregated,0.500000,0.000000,23,33,40,44,63,81,740,1400,1600,1600,1600,275,19,23,59.17173236343925,13.811800003168173,1588.9718999969773,75.05454545454545
1777887166,60,,Aggregated,0.500000,0.100000,23,33,40,44,63,81,740,1400,1600,1600,1600,276,19,23,59.0316413041707,13.811800003168173,1588.9718999969773,74.78260869565217
1777887167,60,,Aggregated,0.500000,0.100000,23,33,40,44,63,81,740,1400,1600,1600,1600,276,19,23,59.0316413041707,13.811800003168173,1588.9718999969773,74.78260869565217
1777887168,60,,Aggregated,0.500000,0.100000,23,33,40,44,63,81,740,1400,1600,1600,1600,276,19,23,59.0316413041707,13.811800003168173,1588.9718999969773,74.78260869565217
1777887169,60,,Aggregated,0.500000,0.100000,23,33,40,44,63,81,740,1400,1600,1600,1600,276,19,23,59.0316413041707,13.811800003168173,1588.9718999969773,74.78260869565217
1777887170,60,,Aggregated,0.500000,0.100000,23,33,40,44,63,81,740,1400,1600,1600,1600,276,19,23,59.0316413041707,13.811800003168173,1588.9718999969773,74.78260869565217
1777887171,60,,Aggregated,0.500000,0.100000,23,33,40,44,63,81,740,1400,1600,1600,1600,276,19,23,59.0316413041707,13.811800003168173,1588.9718999969773,74.78260869565217
1777887172,60,,Aggregated,0.500000,0.100000,23,33,40,44,63,81,740,1400,1600,1600,1600,276,19,23,59.0316413041707,13.811800003168173,1588.9718999969773,74.78260869565217
1777887173,60,,Aggregated,0.200000,0.100000,23,32,39,44,63,81,740,1400,1600,1600,1600,277,19,23,58.93524151604534,13.811800003168173,1588.9718999969773,74.51263537906136
1777887174,60,,Aggregated,0.200000,0.100000,23,32,39,44,63,81,740,1400,1600,1600,1600,277,19,23,58.93524151604534,13.811800003168173,1588.9718999969773,74.51263537906136
1777887175,60,,Aggregated,0.200000,0.100000,23,32,39,44,63,81,740,1400,1600,1600,1600,277,19,23,58.93524151604534,13.811800003168173,1588.9718999969773,74.51263537906136
1777887176,60,,Aggregated,0.200000,0.100000,23,32,39,44,63,81,740,1400,1600,1600,1600,277,19,23,58.93524151604534,13.811800003168173,1588.9718999969773,74.51263537906136
1777887177,60,,Aggregated,0.200000,0.100000,23,32,39,44,63,81,740,1400,1600,1600,1600,277,19,23,58.93524151604534,13.811800003168173,1588.9718999969773,74.51263537906136
1777887178,60,,Aggregated,0.200000,0.100000,23,32,39,44,63,81,740,1400,1600,1600,1600,277,19,23,58.93524151604534,13.811800003168173,1588.9718999969773,74.51263537906136
1777887179,60,,Aggregated,0.200000,0.100000,23,32,39,44,63,81,740,1400,1600,1600,1600,277,19,23,58.93524151604534,13.811800003168173,1588.9718999969773,74.51263537906136
1777887180,60,,Aggregated,0.200000,0.100000,23,32,39,44,63,81,740,1400,1600,1600,1600,277,19,23,58.93524151604534,13.811800003168173,1588.9718999969773,74.51263537906136
1777887181,60,,Aggregated,0.200000,0.100000,23,32,39,44,63,81,740,1400,1600,1600,1600,277,19,23,58.93524151604534,13.811800003168173,1588.9718999969773,74.51263537906136
1777887182,60,,Aggregated,0.200000,0.100000,23,32,39,44,63,81,740,1400,1600,1600,1600,277,19,23,58.93524151604534,13.811800003168173,1588.9718999969773,74.51263537906136
1777887183,60,,Aggregated,0.200000,0.100000,23,32,39,44,63,81,740,1400,1600,1600,1600,277,19,23,58.93524151604534,13.811800003168173,1588.9718999969773,74.51263537906136
1777887184,60,,Aggregated,0.200000,0.100000,23,32,39,44,63,81,740,1400,1600,1600,1600,277,19,23,58.93524151604534,13.811800003168173,1588.9718999969773,74.51263537906136
1777887185,60,,Aggregated,0.000000,0.000000,23,32,39,44,63,81,740,1400,1600,1600,1600,278,19,23,58.778392805520234,13.811800003168173,1588.9718999969773,74.24460431654676
1777887186,60,,Aggregated,0.000000,0.000000,23,32,39,44,63,81,740,1400,1600,1600,1600,278,19,23,58.778392805520234,13.811800003168173,1588.9718999969773,74.24460431654676
1777887187,60,,Aggregated,0.000000,0.000000,23,32,39,44,63,81,740,1400,1600,1600,1600,278,19,23,58.778392805520234,13.811800003168173,1588.9718999969773,74.24460431654676
1777887188,60,,Aggregated,0.000000,0.000000,23,32,39,44,63,81,740,1400,1600,1600,1600,278,19,23,58.778392805520234,13.811800003168173,1588.9718999969773,74.24460431654676
1777887189,60,,Aggregated,0.100000,0.000000,23,32,39,44,63,81,740,1400,1600,1600,1600,279,19,23,58.636906809800664,13.811800003168173,1588.9718999969773,73.97849462365592
