Timestamp,User Count,Type,Name,Requests/s,Failures/s,50%,66%,75%,80%,90%,95%,98%,99%,99.9%,99.99%,100%,Total Request Count,Total Failure Count,Total Median Response Time,Total Average Response Time,Total Min Response Time,Total Max Response Time,Total Average Content Size
1777951690,0,,Aggregated,0.000000,0.000000,N/A,N/A,N/A,N/A,N/A,N/A,N/A,N/A,N/A,N/A,N/A,0,0,0,0.0,0,0,0
1777951691,1,,Aggregated,0.000000,0.000000,230,230,230,230,230,230,230,230,230,230,230,2,0,66.41709999530576,147.25090000138152,66.41709999530576,228.0847000074573,172.0
1777951692,2,,Aggregated,0.000000,0.000000,140,140,230,230,230,230,230,230,230,230,230,4,0,84,128.86364999576472,66.41709999530576,228.0847000074573,172.0
1777951693,3,,Aggregated,0.000000,0.000000,140,140,160,160,230,230,230,230,230,230,230,6,0,84,125.83738333584431,66.41709999530576,228.0847000074573,172.0
1777951694,4,,Aggregated,2.000000,0.000000,140,160,210,210,230,230,230,230,230,230,230,8,0,84,126.03493750066264,45.43530000955798,228.0847000074573,172.0
1777951695,6,,Aggregated,2.000000,0.000000,140,160,210,230,310,310,310,310,310,310,310,10,0,84,136.37769000197295,42.87900001509115,312.61839999933727,172.0
1777951696,7,,Aggregated,2.000000,0.000000,140,160,210,210,230,310,310,310,310,310,310,12,0,97,136.46766666837115,42.87900001509115,312.61839999933727,172.0
1777951697,8,,Aggregated,2.000000,0.000000,140,170,180,210,230,310,310,310,310,310,310,14,0,97,133.1325000002315,42.87900001509115,312.61839999933727,172.0
1777951698,9,,Aggregated,2.000000,0.000000,130,160,180,180,230,310,310,310,310,310,310,16,0,97,127.29237499843293,42.87900001509115,312.61839999933727,172.0
1777951699,10,,Aggregated,2.000000,0.000000,130,140,170,180,230,310,310,310,310,310,310,18,0,97,122.81568888768864,42.87900001509115,312.61839999933727,172.0
1777951700,11,,Aggregated,2.000000,0.000000,130,160,180,180,230,310,310,310,310,310,310,20,0,97,122.9338299977826,42.87900001509115,312.61839999933727,172.0
1777951701,12,,Aggregated,2.000000,0.000000,130,160,180,180,230,260,310,310,310,310,310,22,0,110,128.34478181585754,42.87900001509115,312.61839999933727,172.0
1777951702,13,,Aggregated,2.000000,0.000000,130,150,180,180,230,260,310,310,310,310,310,24,0,110,125.83714166491215,42.87900001509115,312.61839999933727,172.0
1777951703,14,,Aggregated,2.000000,0.000000,130,160,180,180,230,260,310,310,310,310,310,26,0,110,125.8351230745365,42.87900001509115,312.61839999933727,172.0
1777951704,15,,Aggregated,2.000000,0.000000,130,160,180,180,230,260,310,310,310,310,310,28,0,110,124.29618928269649,42.87900001509115,312.61839999933727,172.0
1777951705,16,,Aggregated,2.000000,0.000000,130,150,170,180,230,260,310,310,310,310,310,30,0,110,123.06895999645349,42.87900001509115,312.61839999933727,172.0
1777951706,17,,Aggregated,2.000000,0.000000,130,160,170,180,210,260,310,310,310,310,310,32,0,110,122.37243437175493,42.87900001509115,312.61839999933727,172.0
1777951707,18,,Aggregated,2.000000,0.000000,130,150,160,180,210,260,310,310,310,310,310,34,0,110,120.60857940848697,42.87900001509115,312.61839999933727,172.0
1777951708,19,,Aggregated,2.000000,0.000000,120,150,160,170,210,260,310,310,310,310,310,36,0,110,118.67635833025108,42.87900001509115,312.61839999933727,172.0
1777951709,20,,Aggregated,2.000000,0.000000,120,150,160,170,210,260,310,310,310,310,310,38,0,110,117.55440262909121,42.87900001509115,312.61839999933727,172.0
1777951710,21,,Aggregated,2.000000,0.000000,120,150,160,170,210,260,310,310,310,310,310,40,0,110,116.61370749789057,42.87900001509115,312.61839999933727,172.0
1777951711,22,,Aggregated,2.000000,0.000000,120,150,160,170,210,230,310,310,310,310,310,42,0,110,117.50258809271534,42.87900001509115,312.61839999933727,172.0
1777951712,23,,Aggregated,2.000000,0.000000,120,150,160,180,210,230,310,310,310,310,310,44,0,110,117.28797726986654,41.06739998678677,312.61839999933727,172.0
1777951713,24,,Aggregated,2.000000,0.000000,120,150,160,170,210,230,310,310,310,310,310,46,0,110,116.39016521487223,38.94690002198331,312.61839999933727,172.0
1777951714,25,,Aggregated,2.000000,0.000000,120,150,160,170,210,230,310,310,310,310,310,48,0,110,116.26671249723586,38.94690002198331,312.61839999933727,172.0
1777951715,26,,Aggregated,2.000000,0.000000,120,150,160,170,210,230,310,310,310,310,310,50,0,110,116.0823359969072,38.94690002198331,312.61839999933727,172.0
1777951716,27,,Aggregated,2.000000,0.000000,120,150,170,170,200,230,260,310,310,310,310,52,0,110,115.68398653560926,38.94690002198331,312.61839999933727,172.0
1777951717,28,,Aggregated,2.000000,0.000000,110,150,160,170,200,230,260,310,310,310,310,55,0,110,113.94877454202452,38.94690002198331,312.61839999933727,168.87272727272727
1777951718,29,,Aggregated,2.000000,0.000000,110,150,160,170,200,230,260,310,310,310,310,57,0,110,113.94379297965779,38.94690002198331,312.61839999933727,168.98245614035088
1777951719,30,,Aggregated,2.000000,0.000000,110,150,160,170,200,230,260,310,310,310,310,59,0,110,113.26186948947182,38.94690002198331,312.61839999933727,169.08474576271186
1777951720,31,,Aggregated,2.100000,0.000000,110,150,160,170,180,210,260,310,310,310,310,61,0,110,112.8796754074741,38.94690002198331,312.61839999933727,169.18032786885246
1777951721,32,,Aggregated,2.100000,0.000000,110,150,160,170,200,210,260,310,310,310,310,63,0,110,113.29473809307693,38.94690002198331,312.61839999933727,169.26984126984127
1777951722,33,,Aggregated,2.100000,0.000000,110,150,160,170,200,210,260,310,310,310,310,65,0,110,112.64916922888145,38.94690002198331,312.61839999933727,169.35384615384615
1777951723,34,,Aggregated,1.900000,0.000000,110,150,160,170,210,230,310,320,320,320,320,67,0,110,114.78143880437406,38.94690002198331,319.90530001348816,169.43283582089552
1777951724,35,,Aggregated,2.100000,0.000000,110,150,160,170,210,230,310,320,320,320,320,69,0,110,114.55212173725316,38.94690002198331,319.90530001348816,169.5072463768116
1777951725,36,,Aggregated,1.900000,0.000000,110,150,160,170,200,230,310,320,320,320,320,71,0,110,114.22446619556942,38.94690002198331,319.90530001348816,169.57746478873239
1777951726,37,,Aggregated,1.900000,0.000000,110,150,160,170,210,260,310,320,320,320,320,73,0,110,115.5902835602668,38.94690002198331,319.90530001348816,169.64383561643837
1777951727,38,,Aggregated,1.900000,0.000000,110,150,160,170,210,260,310,320,320,320,320,75,0,110,115.23947599887227,38.94690002198331,319.90530001348816,169.70666666666668
1777951728,39,,Aggregated,1.900000,0.000000,110,150,160,170,210,260,310,320,320,320,320,77,0,110,114.98277921981008,38.94690002198331,319.90530001348816,169.76623376623377
1777951729,40,,Aggregated,1.800000,0.000000,110,150,160,170,210,260,310,320,320,320,320,79,0,110,114.79159367021727,38.94690002198331,319.90530001348816,169.8227848101266
1777951730,41,,Aggregated,1.800000,0.000000,110,150,160,170,200,230,310,320,320,320,320,81,0,110,114.3272913576328,38.94690002198331,319.90530001348816,169.87654320987653
1777951731,42,,Aggregated,1.800000,0.000000,110,150,160,170,200,230,310,320,320,320,320,83,0,110,114.24884216822066,38.94690002198331,319.90530001348816,169.9277108433735
1777951733,43,,Aggregated,1.800000,0.000000,110,150,160,170,200,230,310,320,320,320,320,85,0,110,114.1699211757548,38.94690002198331,319.90530001348816,169.9764705882353
1777951734,44,,Aggregated,2.000000,0.000000,110,150,160,170,200,230,310,320,320,320,320,87,0,110,113.95569080379845,38.94690002198331,319.90530001348816,170.02298850574712
1777951735,45,,Aggregated,1.800000,0.000000,110,150,160,170,200,230,310,320,320,320,320,89,0,110,114.04364157220861,38.94690002198331,319.90530001348816,170.06741573033707
1777951736,46,,Aggregated,2.000000,0.000000,110,150,160,170,190,230,310,320,320,320,320,91,0,110,114.27533406518646,38.94690002198331,319.90530001348816,170.1098901098901
1777951737,47,,Aggregated,2.000000,0.000000,110,150,160,170,190,230,310,320,320,320,320,93,0,110,114.04948817129167,38.94690002198331,319.90530001348816,170.1505376344086
1777951738,48,,Aggregated,2.000000,0.000000,110,150,160,170,200,250,310,320,320,320,320,95,0,110,114.81954736763758,38.94690002198331,319.90530001348816,170.18947368421053
1777951739,49,,Aggregated,2.000000,0.000000,110,150,160,170,210,260,320,340,340,340,340,97,0,110,116.49681133945406,38.94690002198331,337.5006999995094,170.22680412371133
1777951740,50,,Aggregated,2.000000,0.000000,110,150,160,170,210,260,320,340,340,340,340,99,0,110,116.19863131247,38.94690002198331,337.5006999995094,170.26262626262627
1777951741,50,,Aggregated,2.000000,0.000000,110,150,160,170,200,250,310,320,340,340,340,101,0,110,115.8630118807916,38.94690002198331,337.5006999995094,170.2970297029703
1777951742,50,,Aggregated,2.000000,0.000000,110,150,160,170,200,250,310,320,340,340,340,101,0,110,115.8630118807916,38.94690002198331,337.5006999995094,170.2970297029703
1777951743,50,,Aggregated,2.000000,0.000000,110,150,160,170,200,250,310,320,340,340,340,101,0,110,115.8630118807916,38.94690002198331,337.5006999995094,170.2970297029703
1777951744,50,,Aggregated,2.000000,0.000000,110,150,160,170,200,250,310,320,340,340,340,101,0,110,115.8630118807916,38.94690002198331,337.5006999995094,170.2970297029703
1777951745,50,,Aggregated,2.000000,0.000000,110,150,160,170,200,250,310,320,340,340,340,101,0,110,115.8630118807916,38.94690002198331,337.5006999995094,170.2970297029703
1777951746,50,,Aggregated,2.000000,0.000000,110,150,160,170,200,250,310,320,340,340,340,101,0,110,115.8630118807916,38.94690002198331,337.5006999995094,170.2970297029703
1777951747,50,,Aggregated,2.000000,0.000000,110,150,160,170,200,250,310,320,340,340,340,101,0,110,115.8630118807916,38.94690002198331,337.5006999995094,170.2970297029703
1777951748,50,,Aggregated,2.000000,0.000000,110,150,160,170,200,250,310,320,340,340,340,101,0,110,115.8630118807916,38.94690002198331,337.5006999995094,170.2970297029703
1777951749,50,,Aggregated,2.000000,0.000000,110,150,160,170,200,250,310,320,340,340,340,101,0,110,115.8630118807916,38.94690002198331,337.5006999995094,170.2970297029703
1777951750,50,,Aggregated,2.000000,0.000000,110,150,160,170,200,250,310,320,340,340,340,101,0,110,115.8630118807916,38.94690002198331,337.5006999995094,170.2970297029703
1777951751,50,,Aggregated,2.000000,0.000000,110,150,160,170,200,250,310,320,340,340,340,101,0,110,115.8630118807916,38.94690002198331,337.5006999995094,170.2970297029703
1777951752,50,,Aggregated,2.000000,0.000000,110,150,160,170,200,250,310,320,340,340,340,101,0,110,115.8630118807916,38.94690002198331,337.5006999995094,170.2970297029703
1777951753,50,,Aggregated,2.000000,0.000000,110,150,160,170,200,250,310,320,340,340,340,101,0,110,115.8630118807916,38.94690002198331,337.5006999995094,170.2970297029703
1777951754,50,,Aggregated,2.000000,0.000000,110,150,160,170,200,250,310,320,340,340,340,101,0,110,115.8630118807916,38.94690002198331,337.5006999995094,170.2970297029703
1777951755,50,,Aggregated,2.000000,0.000000,110,150,160,170,200,250,310,320,340,340,340,101,0,110,115.8630118807916,38.94690002198331,337.5006999995094,170.2970297029703
1777951756,50,,Aggregated,2.000000,0.000000,110,150,160,170,200,250,310,320,340,340,340,101,0,110,115.8630118807916,38.94690002198331,337.5006999995094,170.2970297029703
1777951757,50,,Aggregated,2.000000,0.000000,110,150,160,170,200,250,310,320,340,340,340,101,0,110,115.8630118807916,38.94690002198331,337.5006999995094,170.2970297029703
1777951758,50,,Aggregated,2.000000,0.000000,110,150,160,170,200,250,310,320,340,340,340,101,0,110,115.8630118807916,38.94690002198331,337.5006999995094,170.2970297029703
1777951759,50,,Aggregated,2.000000,0.000000,110,150,160,170,200,250,310,320,340,340,340,101,0,110,115.8630118807916,38.94690002198331,337.5006999995094,170.2970297029703
1777951760,50,,Aggregated,2.000000,0.000000,110,150,160,170,200,250,310,320,340,340,340,101,0,110,115.8630118807916,38.94690002198331,337.5006999995094,170.2970297029703
1777951761,50,,Aggregated,2.000000,0.000000,110,150,160,170,200,250,310,320,340,340,340,101,0,110,115.8630118807916,38.94690002198331,337.5006999995094,170.2970297029703
1777951762,50,,Aggregated,2.000000,0.000000,110,150,160,170,200,250,310,320,340,340,340,101,0,110,115.8630118807916,38.94690002198331,337.5006999995094,170.2970297029703
1777951763,50,,Aggregated,2.000000,0.000000,110,150,160,170,200,250,310,320,340,340,340,101,0,110,115.8630118807916,38.94690002198331,337.5006999995094,170.2970297029703
1777951764,50,,Aggregated,2.000000,0.000000,110,150,160,170,200,250,310,320,340,340,340,101,0,110,115.8630118807916,38.94690002198331,337.5006999995094,170.2970297029703
1777951765,50,,Aggregated,2.000000,0.000000,110,150,160,170,200,250,310,320,340,340,340,101,0,110,115.8630118807916,38.94690002198331,337.5006999995094,170.2970297029703
1777951766,50,,Aggregated,2.000000,0.000000,110,150,160,170,200,250,310,320,340,340,340,101,0,110,115.8630118807916,38.94690002198331,337.5006999995094,170.2970297029703
1777951767,50,,Aggregated,2.000000,0.000000,110,150,160,170,200,250,310,320,340,340,340,101,0,110,115.8630118807916,38.94690002198331,337.5006999995094,170.2970297029703
1777951768,50,,Aggregated,2.000000,0.000000,110,150,160,170,200,250,310,320,340,340,340,101,0,110,115.8630118807916,38.94690002198331,337.5006999995094,170.2970297029703
1777951769,50,,Aggregated,2.000000,0.000000,110,150,160,170,200,250,310,320,340,340,340,101,0,110,115.8630118807916,38.94690002198331,337.5006999995094,170.2970297029703
1777951770,50,,Aggregated,2.000000,0.000000,110,150,160,170,200,250,310,320,340,340,340,101,0,110,115.8630118807916,38.94690002198331,337.5006999995094,170.2970297029703
1777951771,50,,Aggregated,2.000000,0.000000,110,150,160,170,200,250,310,320,340,340,340,101,0,110,115.8630118807916,38.94690002198331,337.5006999995094,170.2970297029703
1777951772,50,,Aggregated,2.000000,0.000000,110,150,160,170,200,250,310,320,340,340,340,101,0,110,115.8630118807916,38.94690002198331,337.5006999995094,170.2970297029703
1777951773,50,,Aggregated,2.000000,0.000000,110,150,160,170,200,250,310,320,340,340,340,101,0,110,115.8630118807916,38.94690002198331,337.5006999995094,170.2970297029703
1777951774,50,,Aggregated,2.000000,0.000000,110,150,160,170,200,250,310,320,340,340,340,101,0,110,115.8630118807916,38.94690002198331,337.5006999995094,170.2970297029703
1777951775,50,,Aggregated,2.000000,0.000000,110,150,160,170,200,250,310,320,340,340,340,101,0,110,115.8630118807916,38.94690002198331,337.5006999995094,170.2970297029703
1777951776,50,,Aggregated,2.000000,0.000000,110,150,160,170,200,250,310,320,340,340,340,101,0,110,115.8630118807916,38.94690002198331,337.5006999995094,170.2970297029703
1777951777,50,,Aggregated,2.000000,0.000000,110,150,160,170,200,250,310,320,340,340,340,101,0,110,115.8630118807916,38.94690002198331,337.5006999995094,170.2970297029703
1777951778,50,,Aggregated,2.000000,0.000000,110,150,160,170,200,250,310,320,340,340,340,101,0,110,115.8630118807916,38.94690002198331,337.5006999995094,170.2970297029703
1777951779,50,,Aggregated,2.000000,0.000000,110,150,160,170,200,250,310,320,340,340,340,101,0,110,115.8630118807916,38.94690002198331,337.5006999995094,170.2970297029703
1777951780,50,,Aggregated,2.000000,0.000000,110,150,160,170,200,250,310,320,340,340,340,101,0,110,115.8630118807916,38.94690002198331,337.5006999995094,170.2970297029703
1777951781,50,,Aggregated,0.000000,0.000000,110,150,160,170,200,250,310,320,340,340,340,102,1,97,115.13240196041343,38.94690002198331,337.5006999995094,168.62745098039215
1777951782,50,,Aggregated,0.000000,0.000000,110,150,160,170,200,250,310,320,340,340,340,102,1,97,115.13240196041343,38.94690002198331,337.5006999995094,168.62745098039215
1777951783,50,,Aggregated,0.000000,0.000000,97,150,160,170,200,250,310,320,340,340,340,103,2,97,114.39308737804751,38.94690002198331,337.5006999995094,166.9902912621359
1777951784,50,,Aggregated,0.000000,0.000000,97,150,160,170,200,250,310,320,340,340,340,103,2,97,114.39308737804751,38.94690002198331,337.5006999995094,166.9902912621359
1777951785,50,,Aggregated,0.000000,0.000000,97,150,160,170,200,250,310,320,340,340,340,103,2,97,114.39308737804751,38.94690002198331,337.5006999995094,166.9902912621359
1777951786,50,,Aggregated,0.000000,0.000000,97,150,160,170,200,250,310,320,340,340,340,103,2,97,114.39308737804751,38.94690002198331,337.5006999995094,166.9902912621359
1777951787,50,,Aggregated,0.000000,0.000000,97,150,160,170,200,250,310,320,340,340,340,103,2,97,114.39308737804751,38.94690002198331,337.5006999995094,166.9902912621359
1777951788,50,,Aggregated,0.000000,0.000000,97,150,160,170,200,250,310,320,340,340,340,103,2,97,114.39308737804751,38.94690002198331,337.5006999995094,166.9902912621359
1777951789,50,,Aggregated,0.000000,0.000000,97,150,160,170,200,250,310,320,340,340,340,103,2,97,114.39308737804751,38.94690002198331,337.5006999995094,166.9902912621359
1777951790,50,,Aggregated,0.000000,0.000000,97,150,160,170,200,250,310,320,340,340,340,103,2,97,114.39308737804751,38.94690002198331,337.5006999995094,166.9902912621359
1777951791,50,,Aggregated,0.000000,0.000000,97,150,160,170,200,250,310,320,340,340,340,103,2,97,114.39308737804751,38.94690002198331,337.5006999995094,166.9902912621359
1777951792,50,,Aggregated,0.000000,0.000000,97,150,160,170,200,250,310,320,340,340,340,103,2,97,114.39308737804751,38.94690002198331,337.5006999995094,166.9902912621359
1777951793,50,,Aggregated,0.000000,0.000000,97,150,160,170,200,250,310,320,340,340,340,103,2,97,114.39308737804751,38.94690002198331,337.5006999995094,166.9902912621359
1777951794,50,,Aggregated,0.000000,0.000000,97,150,160,170,200,250,310,320,340,340,340,103,2,97,114.39308737804751,38.94690002198331,337.5006999995094,166.9902912621359
1777951795,50,,Aggregated,0.000000,0.000000,97,150,160,170,200,250,310,320,340,340,340,103,2,97,114.39308737804751,38.94690002198331,337.5006999995094,166.9902912621359
1777951796,50,,Aggregated,0.000000,0.000000,97,150,160,170,200,250,310,320,340,340,340,103,2,97,114.39308737804751,38.94690002198331,337.5006999995094,166.9902912621359
1777951797,50,,Aggregated,0.000000,0.000000,97,150,160,170,200,250,310,320,340,340,340,103,2,97,114.39308737804751,38.94690002198331,337.5006999995094,166.9902912621359
1777951798,50,,Aggregated,0.000000,0.000000,97,150,160,170,200,250,310,320,340,340,340,103,2,97,114.39308737804751,38.94690002198331,337.5006999995094,166.9902912621359
1777951799,50,,Aggregated,0.000000,0.000000,97,150,160,170,200,250,310,320,340,340,340,103,2,97,114.39308737804751,38.94690002198331,337.5006999995094,166.9902912621359
1777951800,50,,Aggregated,0.000000,0.000000,97,150,160,170,200,250,310,320,340,340,340,103,2,97,114.39308737804751,38.94690002198331,337.5006999995094,166.9902912621359
1777951801,50,,Aggregated,0.000000,0.000000,97,150,160,170,200,250,310,320,340,340,340,103,2,97,114.39308737804751,38.94690002198331,337.5006999995094,166.9902912621359
1777951802,50,,Aggregated,0.000000,0.000000,97,150,160,170,200,250,310,320,340,340,340,103,2,97,114.39308737804751,38.94690002198331,337.5006999995094,166.9902912621359
1777951803,50,,Aggregated,0.000000,0.000000,97,150,160,170,200,250,310,320,340,340,340,103,2,97,114.39308737804751,38.94690002198331,337.5006999995094,166.9902912621359
1777951804,50,,Aggregated,0.000000,0.000000,97,150,160,170,200,250,310,320,340,340,340,103,2,97,114.39308737804751,38.94690002198331,337.5006999995094,166.9902912621359
1777951805,50,,Aggregated,0.000000,0.000000,97,150,160,170,200,250,310,320,340,340,340,103,2,97,114.39308737804751,38.94690002198331,337.5006999995094,166.9902912621359
1777951806,50,,Aggregated,0.000000,0.000000,97,150,160,170,200,250,310,320,340,340,340,103,2,97,114.39308737804751,38.94690002198331,337.5006999995094,166.9902912621359
1777951807,50,,Aggregated,0.000000,0.000000,97,150,160,170,200,250,310,320,340,340,340,103,2,97,114.39308737804751,38.94690002198331,337.5006999995094,166.9902912621359
1777951808,50,,Aggregated,0.000000,0.000000,97,150,160,170,200,250,310,320,340,340,340,103,2,97,114.39308737804751,38.94690002198331,337.5006999995094,166.9902912621359
1777951809,50,,Aggregated,0.000000,0.000000,97,150,160,170,200,250,310,320,340,340,340,103,2,97,114.39308737804751,38.94690002198331,337.5006999995094,166.9902912621359
1777951810,50,,Aggregated,0.000000,0.000000,97,150,160,170,200,250,310,320,340,340,340,103,2,97,114.39308737804751,38.94690002198331,337.5006999995094,166.9902912621359
1777951812,50,,Aggregated,0.000000,0.000000,97,150,160,170,200,250,310,320,340,340,340,103,2,97,114.39308737804751,38.94690002198331,337.5006999995094,166.9902912621359
1777951813,50,,Aggregated,0.000000,0.000000,97,150,160,170,200,250,310,320,340,340,340,104,2,84,113.68045096102063,38.94690002198331,337.5006999995094,165.3846153846154
1777951814,50,,Aggregated,0.000000,0.000000,97,150,160,170,200,250,310,320,340,340,340,104,2,84,113.68045096102063,38.94690002198331,337.5006999995094,165.3846153846154
1777951815,50,,Aggregated,0.000000,0.000000,97,150,160,170,200,250,310,320,340,340,340,104,2,84,113.68045096102063,38.94690002198331,337.5006999995094,165.3846153846154
1777951816,50,,Aggregated,0.000000,0.000000,97,150,160,170,200,250,310,320,340,340,340,104,2,84,113.68045096102063,38.94690002198331,337.5006999995094,165.3846153846154
1777951817,50,,Aggregated,0.000000,0.000000,97,150,160,170,200,250,310,320,340,340,340,104,2,84,113.68045096102063,38.94690002198331,337.5006999995094,165.3846153846154
1777951818,50,,Aggregated,0.000000,0.000000,97,150,160,170,200,250,310,320,340,340,340,104,2,84,113.68045096102063,38.94690002198331,337.5006999995094,165.3846153846154
1777951819,50,,Aggregated,0.000000,0.000000,97,150,160,170,200,250,310,320,340,340,340,104,2,84,113.68045096102063,38.94690002198331,337.5006999995094,165.3846153846154
1777951820,50,,Aggregated,0.000000,0.000000,97,150,160,170,200,250,310,320,340,340,340,104,2,84,113.68045096102063,38.94690002198331,337.5006999995094,165.3846153846154
1777951821,50,,Aggregated,0.000000,0.000000,97,150,160,170,200,250,310,320,340,340,340,104,2,84,113.68045096102063,38.94690002198331,337.5006999995094,165.3846153846154
1777951822,50,,Aggregated,0.100000,0.000000,84,150,160,170,200,250,310,320,340,340,340,105,3,84,112.95965428525093,37.99680000520311,337.5006999995094,163.8095238095238
1777951823,50,,Aggregated,0.100000,0.000000,84,150,160,170,200,250,310,320,340,340,340,105,3,84,112.95965428525093,37.99680000520311,337.5006999995094,163.8095238095238
1777951824,50,,Aggregated,0.100000,0.000000,84,150,160,170,200,250,310,320,340,340,340,105,3,84,112.95965428525093,37.99680000520311,337.5006999995094,163.8095238095238
1777951825,50,,Aggregated,0.100000,0.000000,84,150,160,170,200,250,310,320,340,340,340,105,3,84,112.95965428525093,37.99680000520311,337.5006999995094,163.8095238095238
1777951826,50,,Aggregated,0.100000,0.000000,84,150,160,170,200,250,310,320,340,340,340,105,3,84,112.95965428525093,37.99680000520311,337.5006999995094,163.8095238095238
1777951827,50,,Aggregated,0.100000,0.100000,84,150,160,170,200,250,310,320,340,340,340,106,3,82,112.39425754663314,37.99680000520311,337.5006999995094,162.26415094339623
1777951828,50,,Aggregated,0.100000,0.100000,84,150,160,170,200,250,310,320,340,340,340,106,3,82,112.39425754663314,37.99680000520311,337.5006999995094,162.26415094339623
1777951829,50,,Aggregated,0.100000,0.100000,84,150,160,170,200,250,310,320,340,340,340,106,3,82,112.39425754663314,37.99680000520311,337.5006999995094,162.26415094339623
1777951830,50,,Aggregated,0.100000,0.100000,84,150,160,170,200,250,310,320,340,340,340,106,3,82,112.39425754663314,37.99680000520311,337.5006999995094,162.26415094339623
1777951831,50,,Aggregated,0.100000,0.100000,84,150,160,170,200,250,310,320,340,340,340,106,3,82,112.39425754663314,37.99680000520311,337.5006999995094,162.26415094339623
1777951832,50,,Aggregated,0.100000,0.100000,84,150,160,170,200,250,310,320,340,340,340,106,3,82,112.39425754663314,37.99680000520311,337.5006999995094,162.26415094339623
1777951833,50,,Aggregated,0.100000,0.100000,84,150,160,170,200,250,310,320,340,340,340,106,3,82,112.39425754663314,37.99680000520311,337.5006999995094,162.26415094339623
1777951834,50,,Aggregated,0.100000,0.100000,84,150,160,170,200,250,310,320,340,340,340,106,3,82,112.39425754663314,37.99680000520311,337.5006999995094,162.26415094339623
1777951835,50,,Aggregated,0.100000,0.100000,84,150,160,170,200,250,310,320,340,340,340,106,3,82,112.39425754663314,37.99680000520311,337.5006999995094,162.26415094339623
1777951836,50,,Aggregated,0.100000,0.100000,84,150,160,170,200,250,310,320,340,340,340,106,3,82,112.39425754663314,37.99680000520311,337.5006999995094,162.26415094339623
1777951837,50,,Aggregated,0.100000,0.100000,84,150,160,170,200,250,310,320,340,340,340,106,3,82,112.39425754663314,37.99680000520311,337.5006999995094,162.26415094339623
1777951838,50,,Aggregated,0.100000,0.100000,84,150,160,170,200,250,310,320,340,340,340,106,3,82,112.39425754663314,37.99680000520311,337.5006999995094,162.26415094339623
1777951839,50,,Aggregated,0.100000,0.100000,84,150,160,170,200,250,310,320,340,340,340,106,3,82,112.39425754663314,37.99680000520311,337.5006999995094,162.26415094339623
1777951840,50,,Aggregated,0.100000,0.100000,84,150,160,170,200,250,310,320,340,340,340,106,3,82,112.39425754663314,37.99680000520311,337.5006999995094,162.26415094339623
1777951841,50,,Aggregated,0.100000,0.100000,84,150,160,170,200,250,310,320,340,340,340,106,3,82,112.39425754663314,37.99680000520311,337.5006999995094,162.26415094339623
1777951842,50,,Aggregated,0.100000,0.100000,84,150,160,170,200,250,310,320,340,340,340,106,3,82,112.39425754663314,37.99680000520311,337.5006999995094,162.26415094339623
1777951843,50,,Aggregated,0.100000,0.100000,84,150,160,170,200,250,310,320,340,340,340,106,3,82,112.39425754663314,37.99680000520311,337.5006999995094,162.26415094339623
1777951844,50,,Aggregated,0.000000,0.000000,82,150,160,170,200,250,310,320,340,340,340,107,3,82,111.7639943919793,37.99680000520311,337.5006999995094,160.74766355140187
1777951845,50,,Aggregated,0.000000,0.000000,82,150,160,170,200,250,310,320,340,340,340,107,3,82,111.7639943919793,37.99680000520311,337.5006999995094,160.74766355140187
1777951846,50,,Aggregated,0.000000,0.000000,82,150,160,170,200,250,310,320,340,340,340,107,3,82,111.7639943919793,37.99680000520311,337.5006999995094,160.74766355140187
1777951847,50,,Aggregated,0.000000,0.000000,82,150,160,170,200,250,310,320,340,340,340,107,3,82,111.7639943919793,37.99680000520311,337.5006999995094,160.74766355140187
1777951848,50,,Aggregated,0.000000,0.000000,82,150,160,170,200,250,310,320,340,340,340,107,3,82,111.7639943919793,37.99680000520311,337.5006999995094,160.74766355140187
1777951849,50,,Aggregated,0.000000,0.000000,82,150,160,170,200,250,310,320,340,340,340,107,3,82,111.7639943919793,37.99680000520311,337.5006999995094,160.74766355140187
1777951850,50,,Aggregated,0.000000,0.000000,82,150,160,170,200,250,310,320,340,340,340,107,3,82,111.7639943919793,37.99680000520311,337.5006999995094,160.74766355140187
1777951851,50,,Aggregated,0.100000,0.000000,82,150,160,170,200,250,310,320,340,340,340,108,3,67,111.20904814769919,37.99680000520311,337.5006999995094,159.25925925925927
1777951852,50,,Aggregated,0.100000,0.000000,82,150,160,170,200,250,310,320,340,340,340,108,3,67,111.20904814769919,37.99680000520311,337.5006999995094,159.25925925925927
1777951853,50,,Aggregated,0.100000,0.000000,67,150,160,170,200,250,310,320,340,340,340,109,3,67,110.56799449479429,37.99680000520311,337.5006999995094,157.7981651376147
1777951854,50,,Aggregated,0.100000,0.000000,67,150,160,170,200,250,310,320,340,340,340,109,3,67,110.56799449479429,37.99680000520311,337.5006999995094,157.7981651376147
1777951855,50,,Aggregated,0.100000,0.000000,67,150,160,170,200,250,310,320,340,340,340,109,3,67,110.56799449479429,37.99680000520311,337.5006999995094,157.7981651376147
1777951856,50,,Aggregated,0.100000,0.000000,67,150,160,170,200,250,310,320,340,340,340,109,3,67,110.56799449479429,37.99680000520311,337.5006999995094,157.7981651376147
1777951857,50,,Aggregated,0.100000,0.000000,67,150,160,170,200,250,310,320,340,340,340,109,3,67,110.56799449479429,37.99680000520311,337.5006999995094,157.7981651376147
1777951858,50,,Aggregated,0.200000,0.000000,67,150,160,170,200,250,310,320,340,340,340,110,3,66,110.03000999943734,37.99680000520311,337.5006999995094,156.36363636363637
1777951859,50,,Aggregated,0.200000,0.000000,67,150,160,170,200,250,310,320,340,340,340,110,3,66,110.03000999943734,37.99680000520311,337.5006999995094,156.36363636363637
1777951860,50,,Aggregated,0.300000,0.000000,66,150,160,170,190,250,310,320,340,340,340,111,3,66,109.42849189122752,37.99680000520311,337.5006999995094,154.95495495495496
1777951861,50,,Aggregated,0.300000,0.000000,66,150,160,170,190,250,310,320,340,340,340,111,3,66,109.42849189122752,37.99680000520311,337.5006999995094,154.95495495495496
1777951862,50,,Aggregated,0.300000,0.000000,66,150,160,170,190,250,310,320,340,340,340,111,3,66,109.42849189122752,37.99680000520311,337.5006999995094,154.95495495495496
1777951863,50,,Aggregated,0.300000,0.000000,66,150,160,170,190,250,310,320,340,340,340,111,3,66,109.42849189122752,37.99680000520311,337.5006999995094,154.95495495495496
1777951864,50,,Aggregated,0.300000,0.000000,66,150,160,170,190,250,310,320,340,340,340,111,3,66,109.42849189122752,37.99680000520311,337.5006999995094,154.95495495495496
1777951865,50,,Aggregated,0.300000,0.000000,66,150,160,170,190,250,310,320,340,340,340,111,3,66,109.42849189122752,37.99680000520311,337.5006999995094,154.95495495495496
1777951866,50,,Aggregated,0.300000,0.000000,66,150,160,170,190,250,310,320,340,340,340,111,3,66,109.42849189122752,37.99680000520311,337.5006999995094,154.95495495495496
1777951867,50,,Aggregated,0.300000,0.000000,66,150,160,170,190,250,310,320,340,340,340,111,3,66,109.42849189122752,37.99680000520311,337.5006999995094,154.95495495495496
1777951868,50,,Aggregated,0.300000,0.000000,66,150,160,170,190,250,310,320,340,340,340,111,3,66,109.42849189122752,37.99680000520311,337.5006999995094,154.95495495495496
1777951869,50,,Aggregated,0.200000,0.000000,66,150,160,170,190,250,310,320,340,340,340,112,3,66,108.84113571358155,37.99680000520311,337.5006999995094,153.57142857142858
1777951870,50,,Aggregated,0.200000,0.000000,66,150,160,170,190,250,310,320,340,340,340,112,3,66,108.84113571358155,37.99680000520311,337.5006999995094,153.57142857142858
1777951871,50,,Aggregated,0.200000,0.000000,66,150,160,170,190,250,310,320,340,340,340,112,3,66,108.84113571358155,37.99680000520311,337.5006999995094,153.57142857142858
1777951872,50,,Aggregated,0.200000,0.000000,66,150,160,170,190,250,310,320,340,340,340,112,3,66,108.84113571358155,37.99680000520311,337.5006999995094,153.57142857142858
1777951873,50,,Aggregated,0.100000,0.000000,66,150,160,170,190,250,310,320,340,340,340,113,3,66,108.20178407016705,36.59440000774339,337.5006999995094,152.21238938053096
1777951874,50,,Aggregated,0.100000,0.000000,66,150,160,170,190,250,310,320,340,340,340,113,3,66,108.20178407016705,36.59440000774339,337.5006999995094,152.21238938053096
1777951875,50,,Aggregated,0.100000,0.000000,66,150,160,170,190,250,310,320,340,340,340,113,3,66,108.20178407016705,36.59440000774339,337.5006999995094,152.21238938053096
1777951876,50,,Aggregated,0.100000,0.000000,66,150,160,170,190,250,310,320,340,340,340,113,3,66,108.20178407016705,36.59440000774339,337.5006999995094,152.21238938053096
1777951877,50,,Aggregated,0.100000,0.000000,66,150,160,170,190,250,310,320,340,340,340,113,3,66,108.20178407016705,36.59440000774339,337.5006999995094,152.21238938053096
1777951878,50,,Aggregated,0.200000,0.000000,66,150,160,170,190,250,310,320,340,340,340,114,3,66,108.02268596435489,36.59440000774339,337.5006999995094,150.87719298245614
1777951879,50,,Aggregated,0.200000,0.000000,66,150,160,170,190,250,310,320,340,340,340,115,3,66,107.40788173861802,36.59440000774339,337.5006999995094,149.56521739130434
1777951880,50,,Aggregated,0.200000,0.000000,66,150,160,170,190,250,310,320,340,340,340,115,3,66,107.40788173861802,36.59440000774339,337.5006999995094,149.56521739130434
1777951881,50,,Aggregated,0.200000,0.000000,66,150,160,170,190,250,310,320,340,340,340,115,3,66,107.40788173861802,36.59440000774339,337.5006999995094,149.56521739130434
1777951882,50,,Aggregated,0.400000,0.000000,64,150,160,170,190,250,310,320,340,340,340,117,3,64,106.2882034183663,36.59440000774339,337.5006999995094,147.008547008547
1777951883,50,,Aggregated,0.400000,0.000000,64,150,160,170,190,250,310,320,340,340,340,117,3,64,106.2882034183663,36.59440000774339,337.5006999995094,147.008547008547
1777951884,50,,Aggregated,0.500000,0.000000,64,150,160,170,190,250,310,320,340,340,340,118,3,64,105.75813813513871,36.59440000774339,337.5006999995094,145.76271186440678
1777951885,50,,Aggregated,0.500000,0.000000,64,150,160,170,190,250,310,320,340,340,340,118,3,64,105.75813813513871,36.59440000774339,337.5006999995094,145.76271186440678
1777951886,50,,Aggregated,0.500000,0.000000,64,150,160,170,190,250,310,320,340,340,340,118,3,64,105.75813813513871,36.59440000774339,337.5006999995094,145.76271186440678
1777951887,50,,Aggregated,0.500000,0.000000,64,150,160,170,190,250,310,320,340,340,340,118,3,64,105.75813813513871,36.59440000774339,337.5006999995094,145.76271186440678
1777951888,50,,Aggregated,0.500000,0.000000,64,150,160,170,190,250,310,320,340,340,340,118,3,64,105.75813813513871,36.59440000774339,337.5006999995094,145.76271186440678
1777951889,50,,Aggregated,0.500000,0.000000,64,150,160,170,190,250,310,320,340,340,340,118,3,64,105.75813813513871,36.59440000774339,337.5006999995094,145.76271186440678
1777951890,50,,Aggregated,0.500000,0.000000,64,150,160,170,190,250,310,320,340,340,340,118,3,64,105.75813813513871,36.59440000774339,337.5006999995094,145.76271186440678
1777951891,50,,Aggregated,0.500000,0.000000,64,150,160,170,190,250,310,320,340,340,340,118,3,64,105.75813813513871,36.59440000774339,337.5006999995094,145.76271186440678
1777951892,50,,Aggregated,0.500000,0.000000,64,150,160,170,190,250,310,320,340,340,340,118,3,64,105.75813813513871,36.59440000774339,337.5006999995094,145.76271186440678
1777951893,50,,Aggregated,0.500000,0.000000,64,150,160,170,190,250,310,320,340,340,340,118,3,64,105.75813813513871,36.59440000774339,337.5006999995094,145.76271186440678
1777951894,50,,Aggregated,0.500000,0.000000,64,150,160,170,190,250,310,320,340,340,340,118,3,64,105.75813813513871,36.59440000774339,337.5006999995094,145.76271186440678
1777951895,50,,Aggregated,0.500000,0.000000,64,150,160,170,190,250,310,320,340,340,340,118,3,64,105.75813813513871,36.59440000774339,337.5006999995094,145.76271186440678
1777951896,50,,Aggregated,0.500000,0.000000,64,150,160,170,190,250,310,320,340,340,340,118,3,64,105.75813813513871,36.59440000774339,337.5006999995094,145.76271186440678
1777951897,50,,Aggregated,0.500000,0.000000,64,150,160,170,190,250,310,320,340,340,340,118,3,64,105.75813813513871,36.59440000774339,337.5006999995094,145.76271186440678
1777951898,50,,Aggregated,0.500000,0.000000,64,150,160,170,190,250,310,320,340,340,340,118,3,64,105.75813813513871,36.59440000774339,337.5006999995094,145.76271186440678
1777951899,50,,Aggregated,0.500000,0.000000,64,150,160,170,190,250,310,320,340,340,340,118,3,64,105.75813813513871,36.59440000774339,337.5006999995094,145.76271186440678
1777951900,50,,Aggregated,0.500000,0.000000,64,150,160,170,190,250,310,320,340,340,340,118,3,64,105.75813813513871,36.59440000774339,337.5006999995094,145.76271186440678
1777951901,50,,Aggregated,0.500000,0.000000,64,150,160,170,190,250,310,320,340,340,340,118,3,64,105.75813813513871,36.59440000774339,337.5006999995094,145.76271186440678
1777951902,50,,Aggregated,0.500000,0.000000,64,150,160,170,190,250,310,320,340,340,340,118,3,64,105.75813813513871,36.59440000774339,337.5006999995094,145.76271186440678
1777951903,50,,Aggregated,0.500000,0.000000,64,150,160,170,190,250,310,320,340,340,340,118,3,64,105.75813813513871,36.59440000774339,337.5006999995094,145.76271186440678
1777951905,50,,Aggregated,0.500000,0.000000,64,150,160,170,190,250,310,320,340,340,340,118,3,64,105.75813813513871,36.59440000774339,337.5006999995094,145.76271186440678
1777951906,50,,Aggregated,0.000000,0.000000,64,150,160,170,190,250,310,320,340,340,340,119,3,64,105.20485630200221,36.59440000774339,337.5006999995094,144.53781512605042
1777951907,50,,Aggregated,0.000000,0.000000,64,150,160,170,190,250,310,320,340,340,340,119,3,64,105.20485630200221,36.59440000774339,337.5006999995094,144.53781512605042
1777951908,50,,Aggregated,0.000000,0.000000,64,150,160,170,190,250,310,320,340,340,340,119,3,64,105.20485630200221,36.59440000774339,337.5006999995094,144.53781512605042
1777951909,50,,Aggregated,0.000000,0.000000,64,150,160,170,190,250,310,320,340,340,340,119,3,64,105.20485630200221,36.59440000774339,337.5006999995094,144.53781512605042
1777951910,50,,Aggregated,0.000000,0.000000,64,150,160,170,190,250,310,320,340,340,340,119,3,64,105.20485630200221,36.59440000774339,337.5006999995094,144.53781512605042
1777951911,50,,Aggregated,0.000000,0.000000,64,150,160,170,190,250,310,320,340,340,340,119,3,64,105.20485630200221,36.59440000774339,337.5006999995094,144.53781512605042
1777951912,50,,Aggregated,0.000000,0.000000,64,150,160,170,190,250,310,320,340,340,340,119,3,64,105.20485630200221,36.59440000774339,337.5006999995094,144.53781512605042
1777951913,50,,Aggregated,0.100000,0.000000,62,140,150,160,180,230,310,320,340,340,340,121,3,62,104.42376198306727,36.59440000774339,337.5006999995094,142.1487603305785
1777951914,50,,Aggregated,0.100000,0.000000,62,140,150,160,180,230,310,320,340,340,340,122,3,58,103.99159508161857,36.59440000774339,337.5006999995094,140.98360655737704
1777951915,50,,Aggregated,0.100000,0.000000,62,140,150,160,180,230,310,320,340,340,340,122,3,58,103.99159508161857,36.59440000774339,337.5006999995094,140.98360655737704
1777951916,50,,Aggregated,0.100000,0.000000,62,140,150,160,180,230,310,320,340,340,340,122,3,58,103.99159508161857,36.59440000774339,337.5006999995094,140.98360655737704
1777951917,50,,Aggregated,0.100000,0.000000,62,140,150,160,180,230,310,320,340,340,340,122,3,58,103.99159508161857,36.59440000774339,337.5006999995094,140.98360655737704
1777951918,50,,Aggregated,0.100000,0.000000,62,140,150,160,180,230,310,320,340,340,340,122,3,58,103.99159508161857,36.59440000774339,337.5006999995094,140.98360655737704
1777951919,50,,Aggregated,0.100000,0.000000,62,140,150,160,180,230,310,320,340,340,340,122,3,58,103.99159508161857,36.59440000774339,337.5006999995094,140.98360655737704
1777951920,50,,Aggregated,0.100000,0.000000,62,140,150,160,180,230,310,320,340,340,340,122,3,58,103.99159508161857,36.59440000774339,337.5006999995094,140.98360655737704
1777951921,50,,Aggregated,0.300000,0.000000,58,140,150,160,180,230,310,320,340,340,340,123,3,58,103.44551138156775,36.59440000774339,337.5006999995094,139.83739837398375
1777951922,50,,Aggregated,0.300000,0.000000,58,140,150,160,180,230,310,320,340,340,340,123,3,58,103.44551138156775,36.59440000774339,337.5006999995094,139.83739837398375
1777951923,50,,Aggregated,0.300000,0.000000,58,140,150,160,180,230,310,320,340,340,340,123,3,58,103.44551138156775,36.59440000774339,337.5006999995094,139.83739837398375
1777951924,50,,Aggregated,0.300000,0.000000,58,140,150,160,180,230,310,320,340,340,340,123,3,58,103.44551138156775,36.59440000774339,337.5006999995094,139.83739837398375
1777951925,50,,Aggregated,0.300000,0.000000,58,140,150,160,180,230,310,320,340,340,340,123,3,58,103.44551138156775,36.59440000774339,337.5006999995094,139.83739837398375
1777951926,50,,Aggregated,0.300000,0.000000,58,140,150,160,180,230,310,320,340,340,340,123,3,58,103.44551138156775,36.59440000774339,337.5006999995094,139.83739837398375
1777951927,50,,Aggregated,0.300000,0.000000,58,140,150,160,180,230,310,320,340,340,340,123,3,58,103.44551138156775,36.59440000774339,337.5006999995094,139.83739837398375
1777951928,50,,Aggregated,0.100000,0.000000,58,140,150,160,180,230,310,320,340,340,340,124,3,58,102.97520161252432,36.59440000774339,337.5006999995094,138.70967741935485
1777951929,50,,Aggregated,0.100000,0.000000,58,140,150,160,180,230,310,320,340,340,340,124,3,58,102.97520161252432,36.59440000774339,337.5006999995094,138.70967741935485
1777951930,50,,Aggregated,0.100000,0.000000,58,140,150,160,180,230,310,320,340,340,340,124,3,58,102.97520161252432,36.59440000774339,337.5006999995094,138.70967741935485
1777951931,50,,Aggregated,0.100000,0.000000,58,140,150,160,180,230,310,320,340,340,340,124,3,58,102.97520161252432,36.59440000774339,337.5006999995094,138.70967741935485
1777951932,50,,Aggregated,0.100000,0.000000,58,140,150,160,180,230,310,320,340,340,340,124,3,58,102.97520161252432,36.59440000774339,337.5006999995094,138.70967741935485
1777951933,50,,Aggregated,0.100000,0.000000,58,140,150,160,180,230,310,320,340,340,340,124,3,58,102.97520161252432,36.59440000774339,337.5006999995094,138.70967741935485
1777951934,50,,Aggregated,0.100000,0.000000,58,140,150,160,180,230,310,320,340,340,340,124,3,58,102.97520161252432,36.59440000774339,337.5006999995094,138.70967741935485
1777951935,50,,Aggregated,0.100000,0.000000,58,140,150,160,180,230,310,320,340,340,340,124,3,58,102.97520161252432,36.59440000774339,337.5006999995094,138.70967741935485
1777951936,50,,Aggregated,0.100000,0.000000,58,140,150,160,180,230,310,320,340,340,340,124,3,58,102.97520161252432,36.59440000774339,337.5006999995094,138.70967741935485
1777951937,50,,Aggregated,0.100000,0.000000,58,140,150,160,180,230,310,320,340,340,340,124,3,58,102.97520161252432,36.59440000774339,337.5006999995094,138.70967741935485
1777951938,50,,Aggregated,0.100000,0.000000,58,140,150,160,180,230,310,320,340,340,340,124,3,58,102.97520161252432,36.59440000774339,337.5006999995094,138.70967741935485
1777951939,50,,Aggregated,0.100000,0.000000,58,140,150,160,180,230,310,320,340,340,340,124,3,58,102.97520161252432,36.59440000774339,337.5006999995094,138.70967741935485
1777951940,50,,Aggregated,0.100000,0.000000,58,140,150,160,180,230,310,320,340,340,340,124,3,58,102.97520161252432,36.59440000774339,337.5006999995094,138.70967741935485
1777951941,50,,Aggregated,0.100000,0.000000,58,140,150,160,180,230,310,320,340,340,340,124,3,58,102.97520161252432,36.59440000774339,337.5006999995094,138.70967741935485
1777951942,50,,Aggregated,0.100000,0.000000,58,140,150,160,180,230,310,320,340,340,340,124,3,58,102.97520161252432,36.59440000774339,337.5006999995094,138.70967741935485
1777951943,50,,Aggregated,0.000000,0.000000,58,140,150,160,180,230,310,320,340,340,340,125,3,58,102.5910223997198,36.59440000774339,337.5006999995094,137.6
1777951944,50,,Aggregated,0.000000,0.000000,58,140,150,160,180,230,310,320,340,340,340,125,3,58,102.5910223997198,36.59440000774339,337.5006999995094,137.6
1777951945,50,,Aggregated,0.000000,0.000000,58,140,150,160,180,230,310,320,340,340,340,125,3,58,102.5910223997198,36.59440000774339,337.5006999995094,137.6
1777951946,50,,Aggregated,0.100000,0.000000,58,140,150,160,180,230,310,320,340,340,340,126,3,58,102.15541428543575,36.59440000774339,337.5006999995094,136.5079365079365
1777951947,50,,Aggregated,0.100000,0.000000,58,140,150,160,180,230,310,320,340,340,340,126,3,58,102.15541428543575,36.59440000774339,337.5006999995094,136.5079365079365
1777951948,50,,Aggregated,0.100000,0.000000,58,140,150,160,180,230,310,320,340,340,340,126,3,58,102.15541428543575,36.59440000774339,337.5006999995094,136.5079365079365
1777951949,50,,Aggregated,0.100000,0.000000,58,140,150,160,180,230,310,320,340,340,340,126,3,58,102.15541428543575,36.59440000774339,337.5006999995094,136.5079365079365
1777951950,50,,Aggregated,0.100000,0.000000,58,140,150,160,180,230,310,320,340,340,340,126,3,58,102.15541428543575,36.59440000774339,337.5006999995094,136.5079365079365
1777951951,50,,Aggregated,0.100000,0.000000,58,140,150,160,180,230,310,320,340,340,340,126,3,58,102.15541428543575,36.59440000774339,337.5006999995094,136.5079365079365
1777951952,50,,Aggregated,0.200000,0.000000,58,140,150,160,180,230,310,320,340,340,340,128,3,58,101.29910390605801,36.59440000774339,337.5006999995094,134.375
1777951953,50,,Aggregated,0.200000,0.000000,58,140,150,160,180,230,310,320,340,340,340,128,3,58,101.29910390605801,36.59440000774339,337.5006999995094,134.375
1777951954,50,,Aggregated,0.200000,0.000000,58,140,150,160,180,230,310,320,340,340,340,128,3,58,101.29910390605801,36.59440000774339,337.5006999995094,134.375
1777951955,50,,Aggregated,0.400000,0.000000,58,140,150,160,180,230,310,320,340,340,340,129,3,58,100.81190310054018,36.59440000774339,337.5006999995094,133.33333333333334
1777951956,50,,Aggregated,0.400000,0.000000,58,140,150,160,180,230,310,320,340,340,340,129,3,58,100.81190310054018,36.59440000774339,337.5006999995094,133.33333333333334
1777951957,50,,Aggregated,0.400000,0.000000,58,140,150,160,180,230,310,320,340,340,340,129,3,58,100.81190310054018,36.59440000774339,337.5006999995094,133.33333333333334
1777951958,50,,Aggregated,0.400000,0.000000,58,140,150,160,180,230,310,320,340,340,340,129,3,58,100.81190310054018,36.59440000774339,337.5006999995094,133.33333333333334
1777951959,50,,Aggregated,0.400000,0.000000,58,140,150,160,180,230,310,320,340,340,340,129,3,58,100.81190310054018,36.59440000774339,337.5006999995094,133.33333333333334
1777951960,50,,Aggregated,0.400000,0.000000,58,140,150,160,180,230,310,320,340,340,340,129,3,58,100.81190310054018,36.59440000774339,337.5006999995094,133.33333333333334
1777951961,50,,Aggregated,0.400000,0.000000,58,140,150,160,180,230,310,320,340,340,340,129,3,58,100.81190310054018,36.59440000774339,337.5006999995094,133.33333333333334
1777951962,50,,Aggregated,0.400000,0.000000,58,140,150,160,180,230,310,320,340,340,340,129,3,58,100.81190310054018,36.59440000774339,337.5006999995094,133.33333333333334
1777951963,50,,Aggregated,0.400000,0.000000,58,140,150,160,180,230,310,320,340,340,340,129,3,58,100.81190310054018,36.59440000774339,337.5006999995094,133.33333333333334
1777951964,50,,Aggregated,0.400000,0.000000,58,140,150,160,180,230,310,320,340,340,340,129,3,58,100.81190310054018,36.59440000774339,337.5006999995094,133.33333333333334
1777951965,50,,Aggregated,0.400000,0.000000,58,140,150,160,180,230,310,320,340,340,340,129,3,58,100.81190310054018,36.59440000774339,337.5006999995094,133.33333333333334
1777951966,50,,Aggregated,0.400000,0.000000,58,140,150,160,180,230,310,320,340,340,340,129,3,58,100.81190310054018,36.59440000774339,337.5006999995094,133.33333333333334
1777951967,50,,Aggregated,0.400000,0.000000,58,140,150,160,180,230,310,320,340,340,340,129,3,58,100.81190310054018,36.59440000774339,337.5006999995094,133.33333333333334
1777951968,50,,Aggregated,0.400000,0.000000,58,140,150,160,180,230,310,320,340,340,340,129,3,58,100.81190310054018,36.59440000774339,337.5006999995094,133.33333333333334
1777951969,50,,Aggregated,0.000000,0.000000,58,140,150,160,180,230,310,320,340,340,340,130,3,58,100.4709038458084,36.59440000774339,337.5006999995094,132.30769230769232
1777951970,50,,Aggregated,0.000000,0.000000,58,140,150,160,180,230,310,320,340,340,340,130,3,58,100.4709038458084,36.59440000774339,337.5006999995094,132.30769230769232
1777951971,50,,Aggregated,0.000000,0.000000,58,140,150,160,180,230,310,320,340,340,340,130,3,58,100.4709038458084,36.59440000774339,337.5006999995094,132.30769230769232
1777951972,50,,Aggregated,0.000000,0.000000,58,140,150,160,180,230,310,320,340,340,340,130,3,58,100.4709038458084,36.59440000774339,337.5006999995094,132.30769230769232
1777951973,50,,Aggregated,0.000000,0.000000,58,140,150,160,180,230,310,320,340,340,340,130,3,58,100.4709038458084,36.59440000774339,337.5006999995094,132.30769230769232
1777951974,50,,Aggregated,0.100000,0.000000,58,140,150,160,180,230,310,320,340,340,340,131,3,58,100.13066183172259,36.59440000774339,337.5006999995094,131.29770992366412
1777951975,50,,Aggregated,0.100000,0.000000,58,140,150,160,180,230,310,320,340,340,340,131,3,58,100.13066183172259,36.59440000774339,337.5006999995094,131.29770992366412
1777951976,50,,Aggregated,0.100000,0.000000,57,130,150,160,180,230,310,320,340,340,340,133,3,57,99.37434812002864,36.59440000774339,337.5006999995094,129.3233082706767
1777951977,50,,Aggregated,0.100000,0.000000,57,130,150,160,180,230,310,320,340,340,340,133,3,57,99.37434812002864,36.59440000774339,337.5006999995094,129.3233082706767
1777951978,50,,Aggregated,0.200000,0.000000,57,130,150,160,180,230,310,320,340,340,340,135,3,57,98.46775185152957,36.25920001650229,337.5006999995094,127.4074074074074
1777951979,50,,Aggregated,0.200000,0.000000,57,130,150,160,180,230,310,320,340,340,340,135,3,57,98.46775185152957,36.25920001650229,337.5006999995094,127.4074074074074
1777951980,50,,Aggregated,0.400000,0.000000,57,130,150,160,180,230,310,320,340,340,340,136,3,57,98.0860095585419,36.25920001650229,337.5006999995094,126.47058823529412
1777951981,50,,Aggregated,0.400000,0.000000,57,130,150,160,180,230,310,320,340,340,340,136,3,57,98.0860095585419,36.25920001650229,337.5006999995094,126.47058823529412
1777951982,50,,Aggregated,0.400000,0.000000,57,130,150,160,180,230,310,320,340,340,340,136,3,57,98.0860095585419,36.25920001650229,337.5006999995094,126.47058823529412
1777951983,50,,Aggregated,0.600000,0.000000,57,130,150,160,180,230,310,320,340,340,340,137,3,57,97.74232554707478,36.25920001650229,337.5006999995094,125.54744525547446
1777951984,50,,Aggregated,0.600000,0.000000,57,130,150,160,180,230,310,320,340,340,340,137,3,57,97.74232554707478,36.25920001650229,337.5006999995094,125.54744525547446
1777951985,50,,Aggregated,0.600000,0.000000,57,130,150,160,180,230,310,320,340,340,340,138,3,57,97.30637536183391,36.25920001650229,337.5006999995094,124.6376811594203
1777951986,50,,Aggregated,0.600000,0.000000,57,130,150,160,180,230,310,320,340,340,340,138,3,57,97.30637536183391,36.25920001650229,337.5006999995094,124.6376811594203
1777951987,50,,Aggregated,0.600000,0.000000,57,130,150,160,180,230,310,320,340,340,340,138,3,57,97.30637536183391,36.25920001650229,337.5006999995094,124.6376811594203
1777951988,50,,Aggregated,0.600000,0.000000,57,130,150,160,180,230,310,320,340,340,340,138,3,57,97.30637536183391,36.25920001650229,337.5006999995094,124.6376811594203
1777951989,50,,Aggregated,0.600000,0.000000,57,130,150,160,180,230,310,320,340,340,340,138,3,57,97.30637536183391,36.25920001650229,337.5006999995094,124.6376811594203
1777951990,50,,Aggregated,0.600000,0.000000,57,130,150,160,180,230,310,320,340,340,340,138,3,57,97.30637536183391,36.25920001650229,337.5006999995094,124.6376811594203
1777951991,50,,Aggregated,0.300000,0.000000,57,130,150,160,180,230,310,320,340,340,340,140,3,56,96.54822928506681,36.25920001650229,337.5006999995094,122.85714285714286
1777951992,50,,Aggregated,0.300000,0.000000,57,130,150,160,180,230,310,320,340,340,340,140,3,56,96.54822928506681,36.25920001650229,337.5006999995094,122.85714285714286
1777951993,50,,Aggregated,0.300000,0.000000,57,130,150,160,180,230,310,320,340,340,340,140,3,56,96.54822928506681,36.25920001650229,337.5006999995094,122.85714285714286
1777951995,50,,Aggregated,0.300000,0.000000,57,130,150,160,180,230,310,320,340,340,340,140,3,56,96.54822928506681,36.25920001650229,337.5006999995094,122.85714285714286
1777951996,50,,Aggregated,0.400000,0.000000,56,130,150,160,180,210,310,320,340,340,340,143,3,56,95.5110832161866,35.80430001602508,337.5006999995094,120.27972027972028
1777951997,50,,Aggregated,0.400000,0.000000,56,130,150,160,180,210,310,320,340,340,340,143,3,56,95.5110832161866,35.80430001602508,337.5006999995094,120.27972027972028
1777951998,50,,Aggregated,0.300000,0.000000,56,130,150,160,180,210,310,320,340,340,340,144,3,56,95.15786041609115,35.80430001602508,337.5006999995094,119.44444444444444
1777951999,50,,Aggregated,0.300000,0.000000,56,130,150,160,180,210,310,320,340,340,340,144,3,56,95.15786041609115,35.80430001602508,337.5006999995094,119.44444444444444
1777952000,50,,Aggregated,0.300000,0.000000,56,130,150,160,180,210,310,320,340,340,340,144,3,56,95.15786041609115,35.80430001602508,337.5006999995094,119.44444444444444
1777952001,50,,Aggregated,0.300000,0.000000,56,130,150,160,180,210,310,320,340,340,340,144,3,56,95.15786041609115,35.80430001602508,337.5006999995094,119.44444444444444
1777952002,50,,Aggregated,0.300000,0.000000,56,130,150,160,180,210,310,320,340,340,340,144,3,56,95.15786041609115,35.80430001602508,337.5006999995094,119.44444444444444
1777952003,50,,Aggregated,0.600000,0.000000,56,120,150,160,180,210,310,320,340,340,340,145,3,56,94.9045999993265,35.80430001602508,337.5006999995094,118.62068965517241
1777952004,50,,Aggregated,0.600000,0.000000,56,120,150,160,180,210,310,320,340,340,340,145,3,56,94.9045999993265,35.80430001602508,337.5006999995094,118.62068965517241
1777952005,50,,Aggregated,0.600000,0.000000,56,120,150,160,180,210,310,320,340,340,340,145,3,56,94.9045999993265,35.80430001602508,337.5006999995094,118.62068965517241
1777952006,50,,Aggregated,0.600000,0.000000,56,120,150,160,180,210,310,320,340,340,340,145,3,56,94.9045999993265,35.80430001602508,337.5006999995094,118.62068965517241
1777952007,50,,Aggregated,0.600000,0.000000,56,120,150,160,180,210,310,320,340,340,340,145,3,56,94.9045999993265,35.80430001602508,337.5006999995094,118.62068965517241
1777952008,50,,Aggregated,0.600000,0.000000,56,120,150,160,180,210,310,320,340,340,340,145,3,56,94.9045999993265,35.80430001602508,337.5006999995094,118.62068965517241
1777952009,50,,Aggregated,0.600000,0.000000,56,120,150,160,180,210,310,320,340,340,340,145,3,56,94.9045999993265,35.80430001602508,337.5006999995094,118.62068965517241
1777952010,50,,Aggregated,0.600000,0.000000,56,120,150,160,180,210,310,320,340,340,340,145,3,56,94.9045999993265,35.80430001602508,337.5006999995094,118.62068965517241
1777952011,50,,Aggregated,0.100000,0.000000,56,120,150,160,180,210,310,320,340,340,340,146,4,56,94.51468219129012,35.80430001602508,337.5006999995094,117.8082191780822
1777952012,50,,Aggregated,0.100000,0.000000,56,120,150,160,180,210,310,320,340,340,340,147,5,56,94.16834625801971,35.80430001602508,337.5006999995094,117.00680272108843
1777952013,50,,Aggregated,0.100000,0.000000,56,120,150,160,180,210,310,320,340,340,340,147,5,56,94.16834625801971,35.80430001602508,337.5006999995094,117.00680272108843
1777952014,50,,Aggregated,0.100000,0.000000,56,120,150,160,180,210,310,320,340,340,340,147,5,56,94.16834625801971,35.80430001602508,337.5006999995094,117.00680272108843
1777952015,50,,Aggregated,0.100000,0.000000,56,120,150,160,180,210,310,320,340,340,340,147,5,56,94.16834625801971,35.80430001602508,337.5006999995094,117.00680272108843
1777952016,50,,Aggregated,0.100000,0.000000,56,120,150,160,180,210,310,320,340,340,340,147,5,56,94.16834625801971,35.80430001602508,337.5006999995094,117.00680272108843
1777952017,50,,Aggregated,0.100000,0.000000,56,120,150,160,180,210,310,320,340,340,340,147,5,56,94.16834625801971,35.80430001602508,337.5006999995094,117.00680272108843
1777952018,50,,Aggregated,0.200000,0.200000,56,110,150,160,180,210,310,320,340,340,340,148,5,56,93.96269189125411,35.80430001602508,337.5006999995094,116.21621621621621
1777952019,50,,Aggregated,0.200000,0.200000,56,110,150,160,180,210,310,320,340,340,340,148,5,56,93.96269189125411,35.80430001602508,337.5006999995094,116.21621621621621
1777952020,50,,Aggregated,0.200000,0.200000,56,110,150,160,180,210,310,320,340,340,340,148,5,56,93.96269189125411,35.80430001602508,337.5006999995094,116.21621621621621
1777952021,50,,Aggregated,0.200000,0.200000,56,110,150,160,180,210,310,320,340,340,340,148,5,56,93.96269189125411,35.80430001602508,337.5006999995094,116.21621621621621
1777952022,50,,Aggregated,0.300000,0.200000,56,110,150,160,180,210,310,320,340,340,340,149,6,56,93.72144697926277,35.80430001602508,337.5006999995094,115.43624161073825
1777952023,50,,Aggregated,0.200000,0.100000,56,97,150,150,180,210,270,320,340,340,340,151,8,56,93.32588609228596,35.80430001602508,337.5006999995094,113.90728476821192
1777952024,50,,Aggregated,0.200000,0.100000,56,97,150,150,180,210,270,320,340,340,340,151,8,56,93.32588609228596,35.80430001602508,337.5006999995094,113.90728476821192
1777952025,50,,Aggregated,0.100000,0.000000,56,97,150,150,180,210,270,320,340,340,340,152,9,56,93.02061644695259,35.80430001602508,337.5006999995094,113.15789473684211
1777952026,50,,Aggregated,0.400000,0.300000,56,88,150,150,180,210,270,320,340,340,340,153,10,56,92.70179607818707,35.80430001602508,337.5006999995094,112.41830065359477
1777952027,50,,Aggregated,0.400000,0.300000,56,88,150,150,180,210,270,320,340,340,340,153,10,56,92.70179607818707,35.80430001602508,337.5006999995094,112.41830065359477
1777952028,50,,Aggregated,0.400000,0.300000,56,88,150,150,180,210,270,320,340,340,340,153,10,56,92.70179607818707,35.80430001602508,337.5006999995094,112.41830065359477
1777952029,50,,Aggregated,0.400000,0.300000,56,88,150,150,180,210,270,320,340,340,340,153,10,56,92.70179607818707,35.80430001602508,337.5006999995094,112.41830065359477
1777952030,50,,Aggregated,0.500000,0.500000,56,88,150,150,180,210,270,320,340,340,340,154,11,56,92.43097077894883,35.80430001602508,337.5006999995094,111.68831168831169
1777952031,50,,Aggregated,0.500000,0.500000,56,88,150,150,180,210,270,320,340,340,340,154,11,56,92.43097077894883,35.80430001602508,337.5006999995094,111.68831168831169
1777952032,50,,Aggregated,0.500000,0.500000,56,88,150,150,180,210,270,320,340,340,340,154,11,56,92.43097077894883,35.80430001602508,337.5006999995094,111.68831168831169
1777952033,50,,Aggregated,0.600000,0.600000,56,88,150,150,180,210,270,320,340,340,340,155,12,56,92.10106838689816,35.80430001602508,337.5006999995094,110.96774193548387
1777952034,50,,Aggregated,0.600000,0.600000,56,84,150,150,180,210,270,320,340,340,340,156,12,56,91.90133333322592,35.80430001602508,337.5006999995094,110.25641025641026
1777952035,50,,Aggregated,0.600000,0.600000,56,84,150,150,180,210,270,320,340,340,340,156,12,56,91.90133333322592,35.80430001602508,337.5006999995094,110.25641025641026
1777952036,50,,Aggregated,0.600000,0.600000,56,84,150,150,180,210,270,320,340,340,340,156,12,56,91.90133333322592,35.80430001602508,337.5006999995094,110.25641025641026
1777952037,50,,Aggregated,0.400000,0.300000,56,84,150,150,180,210,270,320,340,340,340,157,13,56,91.60763057298027,35.80430001602508,337.5006999995094,109.55414012738854
1777952038,50,,Aggregated,0.400000,0.300000,56,84,150,150,180,210,270,320,340,340,340,157,13,56,91.60763057298027,35.80430001602508,337.5006999995094,109.55414012738854
1777952039,50,,Aggregated,0.400000,0.300000,56,84,150,150,180,210,270,320,340,340,340,157,13,56,91.60763057298027,35.80430001602508,337.5006999995094,109.55414012738854
1777952040,50,,Aggregated,0.400000,0.300000,56,84,150,150,180,210,270,320,340,340,340,157,13,56,91.60763057298027,35.80430001602508,337.5006999995094,109.55414012738854
1777952041,50,,Aggregated,0.400000,0.300000,56,84,150,150,180,210,270,320,340,340,340,157,13,56,91.60763057298027,35.80430001602508,337.5006999995094,109.55414012738854
1777952042,50,,Aggregated,0.400000,0.300000,56,84,150,150,180,210,270,320,340,340,340,157,13,56,91.60763057298027,35.80430001602508,337.5006999995094,109.55414012738854
1777952043,50,,Aggregated,0.400000,0.300000,56,84,150,150,180,210,270,320,340,340,340,157,13,56,91.60763057298027,35.80430001602508,337.5006999995094,109.55414012738854
1777952044,50,,Aggregated,0.400000,0.300000,56,84,150,150,180,210,270,320,340,340,340,157,13,56,91.60763057298027,35.80430001602508,337.5006999995094,109.55414012738854
1777952045,50,,Aggregated,0.400000,0.300000,56,84,150,150,180,210,270,320,340,340,340,157,13,56,91.60763057298027,35.80430001602508,337.5006999995094,109.55414012738854
1777952046,50,,Aggregated,0.400000,0.300000,56,84,150,150,180,210,270,320,340,340,340,157,13,56,91.60763057298027,35.80430001602508,337.5006999995094,109.55414012738854
1777952047,50,,Aggregated,0.400000,0.300000,56,84,150,150,180,210,270,320,340,340,340,157,13,56,91.60763057298027,35.80430001602508,337.5006999995094,109.55414012738854
1777952048,50,,Aggregated,0.400000,0.300000,56,84,150,150,180,210,270,320,340,340,340,157,13,56,91.60763057298027,35.80430001602508,337.5006999995094,109.55414012738854
1777952049,50,,Aggregated,0.400000,0.300000,56,84,150,150,180,210,270,320,340,340,340,157,13,56,91.60763057298027,35.80430001602508,337.5006999995094,109.55414012738854
1777952050,50,,Aggregated,0.400000,0.300000,56,84,150,150,180,210,270,320,340,340,340,157,13,56,91.60763057298027,35.80430001602508,337.5006999995094,109.55414012738854
1777952051,50,,Aggregated,0.400000,0.300000,56,84,150,150,180,210,270,320,340,340,340,157,13,56,91.60763057298027,35.80430001602508,337.5006999995094,109.55414012738854
1777952052,50,,Aggregated,0.400000,0.300000,56,84,150,150,180,210,270,320,340,340,340,157,13,56,91.60763057298027,35.80430001602508,337.5006999995094,109.55414012738854
1777952053,50,,Aggregated,0.400000,0.300000,56,84,150,150,180,210,270,320,340,340,340,157,13,56,91.60763057298027,35.80430001602508,337.5006999995094,109.55414012738854
1777952054,50,,Aggregated,0.000000,0.000000,56,84,150,150,180,210,270,320,340,340,340,158,13,56,91.46568037940136,35.80430001602508,337.5006999995094,108.86075949367088
1777952055,50,,Aggregated,0.000000,0.000000,56,84,150,150,180,210,270,320,340,340,340,158,13,56,91.46568037940136,35.80430001602508,337.5006999995094,108.86075949367088
1777952056,50,,Aggregated,0.000000,0.000000,56,84,150,150,180,210,270,320,340,340,340,158,13,56,91.46568037940136,35.80430001602508,337.5006999995094,108.86075949367088
1777952057,50,,Aggregated,0.000000,0.000000,56,84,150,150,180,210,270,320,340,340,340,158,13,56,91.46568037940136,35.80430001602508,337.5006999995094,108.86075949367088
1777952058,50,,Aggregated,0.000000,0.000000,56,84,150,150,180,210,270,320,340,340,340,158,13,56,91.46568037940136,35.80430001602508,337.5006999995094,108.86075949367088
1777952059,50,,Aggregated,0.000000,0.000000,56,84,150,150,180,210,270,320,340,340,340,158,13,56,91.46568037940136,35.80430001602508,337.5006999995094,108.86075949367088
1777952060,50,,Aggregated,0.000000,0.000000,56,84,150,150,180,210,270,320,340,340,340,158,13,56,91.46568037940136,35.80430001602508,337.5006999995094,108.86075949367088
1777952061,50,,Aggregated,0.000000,0.000000,56,84,150,150,180,210,270,320,340,340,340,158,13,56,91.46568037940136,35.80430001602508,337.5006999995094,108.86075949367088
1777952062,50,,Aggregated,0.000000,0.000000,56,84,150,150,180,210,270,320,340,340,340,158,13,56,91.46568037940136,35.80430001602508,337.5006999995094,108.86075949367088
1777952063,50,,Aggregated,0.000000,0.000000,56,84,150,150,180,210,270,320,340,340,340,158,13,56,91.46568037940136,35.80430001602508,337.5006999995094,108.86075949367088
1777952064,50,,Aggregated,0.000000,0.000000,56,84,150,150,180,210,270,320,340,340,340,158,13,56,91.46568037940136,35.80430001602508,337.5006999995094,108.86075949367088
1777952065,50,,Aggregated,0.000000,0.000000,56,84,150,150,180,210,270,320,340,340,340,158,13,56,91.46568037940136,35.80430001602508,337.5006999995094,108.86075949367088
1777952066,50,,Aggregated,0.000000,0.000000,56,84,150,150,180,210,270,320,340,340,340,158,13,56,91.46568037940136,35.80430001602508,337.5006999995094,108.86075949367088
1777952067,50,,Aggregated,0.000000,0.000000,56,84,150,150,180,210,270,320,340,340,340,158,13,56,91.46568037940136,35.80430001602508,337.5006999995094,108.86075949367088
1777952068,50,,Aggregated,0.000000,0.000000,56,84,150,150,180,210,270,320,340,340,340,160,13,56,91.22320687474712,35.80430001602508,337.5006999995094,107.5
1777952069,50,,Aggregated,0.000000,0.000000,56,84,150,150,180,210,270,320,340,340,340,160,13,56,91.22320687474712,35.80430001602508,337.5006999995094,107.5
1777952070,50,,Aggregated,0.200000,0.000000,56,84,150,150,180,210,270,320,340,340,340,161,13,56,91.06394347788257,35.80430001602508,337.5006999995094,106.83229813664596
1777952071,50,,Aggregated,0.200000,0.000000,56,82,150,150,180,210,270,320,340,340,340,163,13,56,90.6995564413134,35.80430001602508,337.5006999995094,105.52147239263803
1777952072,50,,Aggregated,0.200000,0.000000,56,82,150,150,180,210,270,320,340,340,340,163,13,56,90.6995564413134,35.80430001602508,337.5006999995094,105.52147239263803
1777952073,50,,Aggregated,0.500000,0.000000,56,82,150,150,180,210,270,320,340,340,340,164,13,56,90.41684329216567,35.80430001602508,337.5006999995094,104.8780487804878
1777952074,50,,Aggregated,0.500000,0.000000,56,82,150,150,180,210,270,320,340,340,340,164,13,56,90.41684329216567,35.80430001602508,337.5006999995094,104.8780487804878
1777952075,50,,Aggregated,0.500000,0.000000,56,82,150,150,180,210,270,320,340,340,340,164,13,56,90.41684329216567,35.80430001602508,337.5006999995094,104.8780487804878
1777952076,50,,Aggregated,0.500000,0.000000,56,82,150,150,180,210,270,320,340,340,340,164,13,56,90.41684329216567,35.80430001602508,337.5006999995094,104.8780487804878
1777952077,50,,Aggregated,0.500000,0.000000,56,82,150,150,180,210,270,320,340,340,340,164,13,56,90.41684329216567,35.80430001602508,337.5006999995094,104.8780487804878
1777952078,50,,Aggregated,0.500000,0.000000,56,82,150,150,180,210,270,320,340,340,340,164,13,56,90.41684329216567,35.80430001602508,337.5006999995094,104.8780487804878
1777952079,50,,Aggregated,0.600000,0.000000,56,78,140,150,180,210,270,320,340,340,340,165,13,56,90.32506545402363,35.80430001602508,337.5006999995094,104.24242424242425
1777952080,50,,Aggregated,0.600000,0.000000,56,78,140,150,180,210,270,320,340,340,340,165,13,56,90.32506545402363,35.80430001602508,337.5006999995094,104.24242424242425
1777952081,50,,Aggregated,0.600000,0.000000,56,78,140,150,180,210,270,320,340,340,340,165,13,56,90.32506545402363,35.80430001602508,337.5006999995094,104.24242424242425
1777952082,50,,Aggregated,0.600000,0.000000,56,78,140,150,180,210,270,320,340,340,340,165,13,56,90.32506545402363,35.80430001602508,337.5006999995094,104.24242424242425
1777952083,50,,Aggregated,0.600000,0.000000,56,78,140,150,180,210,270,320,340,340,340,165,13,56,90.32506545402363,35.80430001602508,337.5006999995094,104.24242424242425
1777952084,50,,Aggregated,0.600000,0.000000,56,78,140,150,180,210,270,320,340,340,340,165,13,56,90.32506545402363,35.80430001602508,337.5006999995094,104.24242424242425
1777952085,50,,Aggregated,0.600000,0.000000,56,78,140,150,180,210,270,320,340,340,340,165,13,56,90.32506545402363,35.80430001602508,337.5006999995094,104.24242424242425
1777952086,50,,Aggregated,0.600000,0.000000,56,78,140,150,180,210,270,320,340,340,340,165,13,56,90.32506545402363,35.80430001602508,337.5006999995094,104.24242424242425
1777952087,50,,Aggregated,0.100000,0.000000,57,78,140,150,180,210,270,320,340,340,340,166,13,56,90.21037469824203,35.80430001602508,337.5006999995094,103.6144578313253
1777952088,50,,Aggregated,0.100000,0.000000,56,78,140,150,180,210,270,320,340,340,340,167,13,56,89.98827425091008,35.80430001602508,337.5006999995094,102.9940119760479
1777952089,50,,Aggregated,0.100000,0.000000,56,75,140,150,180,210,270,320,340,340,340,168,13,56,89.70739464227033,35.80430001602508,337.5006999995094,102.38095238095238
1777952090,50,,Aggregated,0.200000,0.000000,56,75,140,150,180,210,270,320,340,340,340,169,13,56,89.61396449649867,35.80430001602508,337.5006999995094,101.77514792899409
1777952091,50,,Aggregated,0.200000,0.000000,56,75,140,150,180,210,270,320,340,340,340,169,13,56,89.61396449649867,35.80430001602508,337.5006999995094,101.77514792899409
1777952092,50,,Aggregated,0.200000,0.000000,56,75,140,150,180,210,270,320,340,340,340,169,13,56,89.61396449649867,35.80430001602508,337.5006999995094,101.77514792899409
1777952093,50,,Aggregated,0.200000,0.000000,56,75,140,150,180,210,270,320,340,340,340,169,13,56,89.61396449649867,35.80430001602508,337.5006999995094,101.77514792899409
1777952094,50,,Aggregated,0.200000,0.000000,56,75,140,150,180,210,270,320,340,340,340,169,13,56,89.61396449649867,35.80430001602508,337.5006999995094,101.77514792899409
1777952095,50,,Aggregated,0.400000,0.000000,57,75,140,150,180,210,270,320,340,340,340,170,13,56,89.45579882283175,35.80430001602508,337.5006999995094,101.17647058823529
1777952096,50,,Aggregated,0.400000,0.000000,57,75,140,150,180,210,270,320,340,340,340,170,13,56,89.45579882283175,35.80430001602508,337.5006999995094,101.17647058823529
1777952097,50,,Aggregated,0.400000,0.000000,57,75,140,150,180,210,270,320,340,340,340,170,13,56,89.45579882283175,35.80430001602508,337.5006999995094,101.17647058823529
1777952099,50,,Aggregated,0.400000,0.000000,57,75,140,150,180,210,270,320,340,340,340,170,13,56,89.45579882283175,35.80430001602508,337.5006999995094,101.17647058823529
1777952100,50,,Aggregated,0.500000,0.000000,56,74,140,150,170,210,270,320,340,340,340,171,13,56,89.17016432687302,35.80430001602508,337.5006999995094,100.58479532163743
1777952101,50,,Aggregated,0.500000,0.000000,56,74,140,150,170,210,270,320,340,340,340,171,13,56,89.17016432687302,35.80430001602508,337.5006999995094,100.58479532163743
1777952102,50,,Aggregated,0.500000,0.000000,56,74,140,150,170,210,270,320,340,340,340,171,13,56,89.17016432687302,35.80430001602508,337.5006999995094,100.58479532163743
1777952103,50,,Aggregated,0.500000,0.000000,56,74,140,150,170,210,270,320,340,340,340,171,13,56,89.17016432687302,35.80430001602508,337.5006999995094,100.58479532163743
1777952104,50,,Aggregated,0.500000,0.000000,56,74,140,150,170,210,270,320,340,340,340,171,13,56,89.17016432687302,35.80430001602508,337.5006999995094,100.58479532163743
1777952105,50,,Aggregated,0.500000,0.000000,56,74,140,150,170,210,270,320,340,340,340,171,13,56,89.17016432687302,35.80430001602508,337.5006999995094,100.58479532163743
1777952106,50,,Aggregated,0.200000,0.000000,57,75,140,150,180,210,270,320,340,340,340,172,13,56,89.78450232504211,35.80430001602508,337.5006999995094,100.0
1777952107,50,,Aggregated,0.200000,0.000000,57,75,140,150,180,210,270,320,340,340,340,172,13,56,89.78450232504211,35.80430001602508,337.5006999995094,100.0
1777952108,50,,Aggregated,0.200000,0.000000,57,75,140,150,180,210,270,320,340,340,340,172,13,56,89.78450232504211,35.80430001602508,337.5006999995094,100.0
1777952109,50,,Aggregated,0.200000,0.000000,57,75,140,150,180,210,270,320,340,340,340,172,13,56,89.78450232504211,35.80430001602508,337.5006999995094,100.0
1777952110,50,,Aggregated,0.200000,0.000000,57,75,140,150,180,210,270,320,340,340,340,172,13,56,89.78450232504211,35.80430001602508,337.5006999995094,100.0
1777952111,50,,Aggregated,0.200000,0.000000,57,75,140,150,180,210,270,320,340,340,340,172,13,56,89.78450232504211,35.80430001602508,337.5006999995094,100.0
1777952112,50,,Aggregated,0.200000,0.000000,57,75,140,150,180,210,270,320,340,340,340,172,13,56,89.78450232504211,35.80430001602508,337.5006999995094,100.0
1777952113,50,,Aggregated,0.200000,0.000000,57,75,140,150,180,210,270,320,340,340,340,172,13,56,89.78450232504211,35.80430001602508,337.5006999995094,100.0
1777952114,50,,Aggregated,0.200000,0.000000,57,75,140,150,180,210,270,320,340,340,340,172,13,56,89.78450232504211,35.80430001602508,337.5006999995094,100.0
1777952115,50,,Aggregated,0.200000,0.000000,57,75,140,150,180,210,270,320,340,340,340,172,13,56,89.78450232504211,35.80430001602508,337.5006999995094,100.0
1777952116,50,,Aggregated,0.200000,0.000000,57,75,140,150,180,210,270,320,340,340,340,172,13,56,89.78450232504211,35.80430001602508,337.5006999995094,100.0
1777952117,50,,Aggregated,0.200000,0.000000,57,75,140,150,180,210,270,320,340,340,340,172,13,56,89.78450232504211,35.80430001602508,337.5006999995094,100.0
1777952118,50,,Aggregated,0.200000,0.000000,57,75,140,150,180,210,270,320,340,340,340,172,13,56,89.78450232504211,35.80430001602508,337.5006999995094,100.0
1777952119,50,,Aggregated,0.200000,0.000000,57,75,140,150,180,210,270,320,340,340,340,172,13,56,89.78450232504211,35.80430001602508,337.5006999995094,100.0
1777952120,50,,Aggregated,0.200000,0.000000,57,75,140,150,180,210,270,320,340,340,340,172,13,56,89.78450232504211,35.80430001602508,337.5006999995094,100.0
1777952121,50,,Aggregated,0.000000,0.000000,57,78,140,150,180,210,270,320,340,340,340,176,13,57,90.24224034047538,35.80430001602508,337.5006999995094,97.72727272727273
1777952122,50,,Aggregated,0.000000,0.000000,57,78,140,150,180,210,270,320,340,340,340,176,13,57,90.24224034047538,35.80430001602508,337.5006999995094,97.72727272727273
1777952123,50,,Aggregated,0.000000,0.000000,57,78,140,150,180,210,270,320,340,340,340,176,13,57,90.24224034047538,35.80430001602508,337.5006999995094,97.72727272727273
1777952124,50,,Aggregated,0.400000,0.000000,57,75,140,150,180,210,270,320,340,340,340,177,14,57,90.0965293780256,35.80430001602508,337.5006999995094,97.17514124293785
1777952125,50,,Aggregated,0.400000,0.000000,57,75,140,150,180,210,270,320,340,340,340,177,14,57,90.0965293780256,35.80430001602508,337.5006999995094,97.17514124293785
1777952126,50,,Aggregated,0.400000,0.000000,57,75,140,150,180,210,270,320,340,340,340,177,14,57,90.0965293780256,35.80430001602508,337.5006999995094,97.17514124293785
1777952127,50,,Aggregated,0.400000,0.000000,57,75,140,150,180,210,270,320,340,340,340,177,14,57,90.0965293780256,35.80430001602508,337.5006999995094,97.17514124293785
1777952128,50,,Aggregated,0.400000,0.000000,57,75,140,150,180,210,270,320,340,340,340,177,14,57,90.0965293780256,35.80430001602508,337.5006999995094,97.17514124293785
1777952129,50,,Aggregated,0.400000,0.000000,57,75,140,150,180,210,270,320,340,340,340,177,14,57,90.0965293780256,35.80430001602508,337.5006999995094,97.17514124293785
1777952130,50,,Aggregated,0.400000,0.000000,57,75,140,150,180,210,270,320,340,340,340,177,14,57,90.0965293780256,35.80430001602508,337.5006999995094,97.17514124293785
1777952131,50,,Aggregated,0.400000,0.000000,57,75,140,150,180,210,270,320,340,340,340,177,14,57,90.0965293780256,35.80430001602508,337.5006999995094,97.17514124293785
1777952132,50,,Aggregated,0.400000,0.000000,57,75,140,150,180,210,270,320,340,340,340,177,14,57,90.0965293780256,35.80430001602508,337.5006999995094,97.17514124293785
1777952133,50,,Aggregated,0.400000,0.000000,57,75,140,150,180,210,270,320,340,340,340,177,14,57,90.0965293780256,35.80430001602508,337.5006999995094,97.17514124293785
1777952134,50,,Aggregated,0.400000,0.000000,57,75,140,150,180,210,270,320,340,340,340,177,14,57,90.0965293780256,35.80430001602508,337.5006999995094,97.17514124293785
1777952135,50,,Aggregated,0.400000,0.000000,57,75,140,150,180,210,270,320,340,340,340,177,14,57,90.0965293780256,35.80430001602508,337.5006999995094,97.17514124293785
1777952136,50,,Aggregated,0.400000,0.000000,57,75,140,150,180,210,270,320,340,340,340,177,14,57,90.0965293780256,35.80430001602508,337.5006999995094,97.17514124293785
1777952137,50,,Aggregated,0.400000,0.000000,57,75,140,150,180,210,270,320,340,340,340,177,14,57,90.0965293780256,35.80430001602508,337.5006999995094,97.17514124293785
1777952138,50,,Aggregated,0.400000,0.000000,57,75,140,150,180,210,270,320,340,340,340,177,14,57,90.0965293780256,35.80430001602508,337.5006999995094,97.17514124293785
1777952139,50,,Aggregated,0.400000,0.000000,57,75,140,150,180,210,270,320,340,340,340,177,14,57,90.0965293780256,35.80430001602508,337.5006999995094,97.17514124293785
1777952140,50,,Aggregated,0.400000,0.000000,57,75,140,150,180,210,270,320,340,340,340,177,14,57,90.0965293780256,35.80430001602508,337.5006999995094,97.17514124293785
1777952141,50,,Aggregated,0.000000,0.000000,57,78,140,150,180,210,270,320,340,340,340,179,14,57,90.22713910564572,35.80430001602508,337.5006999995094,96.08938547486034
1777952142,50,,Aggregated,0.000000,0.000000,57,78,140,150,180,210,270,320,340,340,340,179,14,57,90.22713910564572,35.80430001602508,337.5006999995094,96.08938547486034
1777952143,50,,Aggregated,0.000000,0.000000,57,78,140,150,180,210,270,320,340,340,340,179,14,57,90.22713910564572,35.80430001602508,337.5006999995094,96.08938547486034
1777952144,50,,Aggregated,0.200000,0.000000,57,75,140,150,180,210,270,320,340,340,340,180,14,57,90.08768111056673,35.80430001602508,337.5006999995094,95.55555555555556
1777952145,50,,Aggregated,0.200000,0.000000,57,75,140,150,180,210,270,320,340,340,340,180,14,57,90.08768111056673,35.80430001602508,337.5006999995094,95.55555555555556
1777952146,50,,Aggregated,0.200000,0.000000,57,75,140,150,180,210,270,320,340,340,340,180,14,57,90.08768111056673,35.80430001602508,337.5006999995094,95.55555555555556
1777952147,50,,Aggregated,0.200000,0.000000,57,75,140,150,180,210,270,320,340,340,340,180,14,57,90.08768111056673,35.80430001602508,337.5006999995094,95.55555555555556
1777952148,50,,Aggregated,0.200000,0.000000,57,75,140,150,180,210,270,320,340,340,340,180,14,57,90.08768111056673,35.80430001602508,337.5006999995094,95.55555555555556
1777952149,50,,Aggregated,0.200000,0.000000,57,75,140,150,180,210,270,320,340,340,340,180,14,57,90.08768111056673,35.80430001602508,337.5006999995094,95.55555555555556
1777952151,50,,Aggregated,0.200000,0.000000,57,75,140,150,180,210,270,320,340,340,340,180,14,57,90.08768111056673,35.80430001602508,337.5006999995094,95.55555555555556
1777952152,50,,Aggregated,0.300000,0.000000,57,75,140,150,180,210,270,320,340,340,340,182,14,57,89.84590439505844,35.80430001602508,337.5006999995094,94.50549450549451
1777952153,50,,Aggregated,0.300000,0.000000,57,75,140,150,180,210,270,320,340,340,340,183,14,57,90.66288196672609,35.80430001602508,337.5006999995094,93.98907103825137
1777952154,50,,Aggregated,0.300000,0.000000,57,75,140,150,180,210,270,320,340,340,340,183,14,57,90.66288196672609,35.80430001602508,337.5006999995094,93.98907103825137
1777952155,50,,Aggregated,0.300000,0.000000,57,75,140,150,180,210,270,320,340,340,340,183,14,57,90.66288196672609,35.80430001602508,337.5006999995094,93.98907103825137
1777952156,50,,Aggregated,0.400000,0.000000,57,75,140,150,180,210,270,320,340,340,340,184,15,57,90.46454619522632,35.80430001602508,337.5006999995094,93.47826086956522
1777952157,50,,Aggregated,0.400000,0.000000,57,75,140,150,180,210,270,320,340,340,340,184,15,57,90.46454619522632,35.80430001602508,337.5006999995094,93.47826086956522
1777952158,50,,Aggregated,0.400000,0.000000,57,75,140,150,180,210,270,320,340,340,340,184,15,57,90.46454619522632,35.80430001602508,337.5006999995094,93.47826086956522
1777952159,50,,Aggregated,0.400000,0.000000,57,75,140,150,180,210,270,320,340,340,340,184,15,57,90.46454619522632,35.80430001602508,337.5006999995094,93.47826086956522
1777952160,50,,Aggregated,0.400000,0.000000,57,75,140,150,180,210,270,320,340,340,340,184,15,57,90.46454619522632,35.80430001602508,337.5006999995094,93.47826086956522
1777952161,50,,Aggregated,0.400000,0.000000,57,75,140,150,180,210,270,320,340,340,340,184,15,57,90.46454619522632,35.80430001602508,337.5006999995094,93.47826086956522
1777952162,50,,Aggregated,0.400000,0.000000,57,75,140,150,180,210,270,320,340,340,340,184,15,57,90.46454619522632,35.80430001602508,337.5006999995094,93.47826086956522
1777952163,50,,Aggregated,0.400000,0.000000,57,75,140,150,180,210,270,320,340,340,340,184,15,57,90.46454619522632,35.80430001602508,337.5006999995094,93.47826086956522
1777952164,50,,Aggregated,0.400000,0.000000,57,75,140,150,180,210,270,320,340,340,340,184,15,57,90.46454619522632,35.80430001602508,337.5006999995094,93.47826086956522
1777952165,50,,Aggregated,0.400000,0.000000,57,75,140,150,180,210,270,320,340,340,340,184,15,57,90.46454619522632,35.80430001602508,337.5006999995094,93.47826086956522
1777952166,50,,Aggregated,0.400000,0.000000,57,75,140,150,180,210,270,320,340,340,340,184,15,57,90.46454619522632,35.80430001602508,337.5006999995094,93.47826086956522
1777952167,50,,Aggregated,0.400000,0.000000,57,75,140,150,180,210,270,320,340,340,340,184,15,57,90.46454619522632,35.80430001602508,337.5006999995094,93.47826086956522
1777952168,50,,Aggregated,0.100000,0.100000,57,75,140,150,180,210,270,320,340,340,340,185,15,57,90.31323026975844,35.80430001602508,337.5006999995094,92.97297297297297
1777952169,50,,Aggregated,0.100000,0.100000,57,75,140,150,180,210,270,320,340,340,340,185,15,57,90.31323026975844,35.80430001602508,337.5006999995094,92.97297297297297
1777952170,50,,Aggregated,0.000000,0.000000,57,74,140,150,180,210,270,320,340,340,340,186,15,57,90.064314515574,35.80430001602508,337.5006999995094,92.47311827956989
1777952171,50,,Aggregated,0.000000,0.000000,57,74,140,150,180,210,270,320,340,340,340,186,15,57,90.064314515574,35.80430001602508,337.5006999995094,92.47311827956989
1777952172,50,,Aggregated,0.200000,0.000000,57,74,140,150,180,210,270,320,340,340,340,187,15,57,89.83579304761547,35.80430001602508,337.5006999995094,91.97860962566845
1777952173,50,,Aggregated,0.200000,0.000000,57,74,140,150,180,210,270,320,340,340,340,187,15,57,89.83579304761547,35.80430001602508,337.5006999995094,91.97860962566845
1777952174,50,,Aggregated,0.200000,0.000000,57,74,140,150,180,210,270,320,340,340,340,187,15,57,89.83579304761547,35.80430001602508,337.5006999995094,91.97860962566845
1777952175,50,,Aggregated,0.200000,0.000000,57,74,140,150,180,210,270,320,340,340,340,187,15,57,89.83579304761547,35.80430001602508,337.5006999995094,91.97860962566845
1777952176,50,,Aggregated,0.200000,0.000000,57,74,140,150,180,210,270,320,340,340,340,187,15,57,89.83579304761547,35.80430001602508,337.5006999995094,91.97860962566845
1777952177,50,,Aggregated,0.200000,0.000000,57,74,140,150,180,210,270,320,340,340,340,187,15,57,89.83579304761547,35.80430001602508,337.5006999995094,91.97860962566845
1777952178,50,,Aggregated,0.200000,0.000000,57,74,140,150,180,210,270,320,340,340,340,187,15,57,89.83579304761547,35.80430001602508,337.5006999995094,91.97860962566845
1777952179,50,,Aggregated,0.200000,0.000000,57,74,140,150,180,210,270,320,340,340,340,187,15,57,89.83579304761547,35.80430001602508,337.5006999995094,91.97860962566845
1777952180,50,,Aggregated,0.200000,0.000000,57,74,140,150,180,210,270,320,340,340,340,187,15,57,89.83579304761547,35.80430001602508,337.5006999995094,91.97860962566845
1777952181,50,,Aggregated,0.200000,0.000000,57,74,140,150,180,210,270,320,340,340,340,188,15,57,89.70508031857304,35.80430001602508,337.5006999995094,91.48936170212765
1777952182,50,,Aggregated,0.200000,0.000000,57,74,140,150,180,210,270,320,340,340,340,188,15,57,89.70508031857304,35.80430001602508,337.5006999995094,91.48936170212765
1777952183,50,,Aggregated,0.200000,0.000000,57,74,140,150,180,210,270,320,340,340,340,188,15,57,89.70508031857304,35.80430001602508,337.5006999995094,91.48936170212765
1777952184,50,,Aggregated,0.100000,0.000000,57,71,140,150,180,210,270,320,340,340,340,189,16,57,89.53381322691385,35.80430001602508,337.5006999995094,91.005291005291
1777952185,50,,Aggregated,0.100000,0.000000,57,71,140,150,180,210,270,320,340,340,340,190,16,57,89.37559420990415,35.80430001602508,337.5006999995094,90.52631578947368
1777952186,50,,Aggregated,0.100000,0.000000,57,71,140,150,180,210,270,320,340,340,340,190,16,57,89.37559420990415,35.80430001602508,337.5006999995094,90.52631578947368
1777952187,50,,Aggregated,0.100000,0.000000,57,71,140,150,180,210,270,320,340,340,340,190,16,57,89.37559420990415,35.80430001602508,337.5006999995094,90.52631578947368
1777952188,50,,Aggregated,0.200000,0.100000,57,71,140,150,180,210,270,320,340,340,340,191,16,57,89.18637172709077,35.80430001602508,337.5006999995094,90.05235602094241
1777952189,50,,Aggregated,0.200000,0.100000,57,71,140,150,180,210,270,320,340,340,340,191,16,57,89.18637172709077,35.80430001602508,337.5006999995094,90.05235602094241
1777952190,50,,Aggregated,0.200000,0.100000,57,71,140,150,180,210,270,320,340,340,340,191,16,57,89.18637172709077,35.80430001602508,337.5006999995094,90.05235602094241
1777952191,50,,Aggregated,0.200000,0.100000,57,71,140,150,180,210,270,320,340,340,340,191,16,57,89.18637172709077,35.80430001602508,337.5006999995094,90.05235602094241
1777952192,50,,Aggregated,0.200000,0.100000,57,71,140,150,180,210,270,320,340,340,340,191,16,57,89.18637172709077,35.80430001602508,337.5006999995094,90.05235602094241
1777952193,50,,Aggregated,0.400000,0.100000,57,71,140,150,180,210,270,320,340,340,340,192,16,57,89.0276197909164,35.80430001602508,337.5006999995094,89.58333333333333
1777952194,50,,Aggregated,0.400000,0.100000,57,71,140,150,180,210,270,320,340,340,340,192,16,57,89.0276197909164,35.80430001602508,337.5006999995094,89.58333333333333
1777952195,50,,Aggregated,0.400000,0.100000,57,71,140,150,180,210,270,320,340,340,340,192,16,57,89.0276197909164,35.80430001602508,337.5006999995094,89.58333333333333
1777952196,50,,Aggregated,0.400000,0.100000,57,71,140,150,180,210,270,320,340,340,340,192,16,57,89.0276197909164,35.80430001602508,337.5006999995094,89.58333333333333
1777952197,50,,Aggregated,0.400000,0.100000,57,71,140,150,180,210,270,320,340,340,340,192,16,57,89.0276197909164,35.80430001602508,337.5006999995094,89.58333333333333
1777952198,50,,Aggregated,0.400000,0.100000,57,71,140,150,180,210,270,320,340,340,340,192,16,57,89.0276197909164,35.80430001602508,337.5006999995094,89.58333333333333
1777952199,50,,Aggregated,0.400000,0.100000,57,71,140,150,180,210,270,320,340,340,340,192,16,57,89.0276197909164,35.80430001602508,337.5006999995094,89.58333333333333
1777952200,50,,Aggregated,0.400000,0.100000,57,71,140,150,180,210,270,320,340,340,340,192,16,57,89.0276197909164,35.80430001602508,337.5006999995094,89.58333333333333
1777952201,50,,Aggregated,0.400000,0.100000,57,71,140,150,180,210,270,320,340,340,340,192,16,57,89.0276197909164,35.80430001602508,337.5006999995094,89.58333333333333
1777952202,50,,Aggregated,0.100000,0.000000,57,71,140,150,180,210,270,320,340,340,340,193,16,57,88.85531088004342,35.80430001602508,337.5006999995094,89.11917098445596
1777952203,50,,Aggregated,0.100000,0.000000,57,71,140,150,180,210,270,320,340,340,340,193,16,57,88.85531088004342,35.80430001602508,337.5006999995094,89.11917098445596
1777952204,50,,Aggregated,0.100000,0.000000,57,71,140,150,180,210,270,320,340,340,340,193,16,57,88.85531088004342,35.80430001602508,337.5006999995094,89.11917098445596
1777952205,50,,Aggregated,0.100000,0.000000,57,71,140,150,180,210,270,320,340,340,340,193,16,57,88.85531088004342,35.80430001602508,337.5006999995094,89.11917098445596
1777952206,50,,Aggregated,0.100000,0.000000,57,71,140,150,180,210,270,320,340,340,340,193,16,57,88.85531088004342,35.80430001602508,337.5006999995094,89.11917098445596
1777952207,50,,Aggregated,0.100000,0.000000,57,71,140,150,180,210,270,320,340,340,340,193,16,57,88.85531088004342,35.80430001602508,337.5006999995094,89.11917098445596
1777952208,50,,Aggregated,0.100000,0.000000,57,71,140,150,180,210,270,320,340,340,340,193,16,57,88.85531088004342,35.80430001602508,337.5006999995094,89.11917098445596
1777952209,50,,Aggregated,0.100000,0.000000,57,71,140,150,180,210,270,320,340,340,340,193,16,57,88.85531088004342,35.80430001602508,337.5006999995094,89.11917098445596
1777952210,50,,Aggregated,0.100000,0.000000,57,71,140,150,180,210,270,320,340,340,340,194,17,57,88.69284587539012,35.80430001602508,337.5006999995094,88.65979381443299
1777952211,50,,Aggregated,0.100000,0.000000,57,71,140,150,180,210,270,320,340,340,340,194,17,57,88.69284587539012,35.80430001602508,337.5006999995094,88.65979381443299
1777952212,50,,Aggregated,0.100000,0.000000,57,71,140,150,180,210,270,320,340,340,340,194,17,57,88.69284587539012,35.80430001602508,337.5006999995094,88.65979381443299
1777952213,50,,Aggregated,0.100000,0.000000,57,71,140,150,180,210,270,320,340,340,340,194,17,57,88.69284587539012,35.80430001602508,337.5006999995094,88.65979381443299
1777952214,50,,Aggregated,0.100000,0.000000,57,71,140,150,180,210,270,320,340,340,340,194,17,57,88.69284587539012,35.80430001602508,337.5006999995094,88.65979381443299
1777952215,50,,Aggregated,0.100000,0.000000,57,71,140,150,180,210,270,320,340,340,340,194,17,57,88.69284587539012,35.80430001602508,337.5006999995094,88.65979381443299
1777952216,50,,Aggregated,0.100000,0.100000,57,69,140,150,180,210,270,320,340,340,340,195,17,57,88.55750564014157,35.80430001602508,337.5006999995094,88.2051282051282
1777952217,50,,Aggregated,0.100000,0.100000,57,69,140,150,180,210,270,320,340,340,340,195,17,57,88.55750564014157,35.80430001602508,337.5006999995094,88.2051282051282
1777952218,50,,Aggregated,0.100000,0.100000,57,69,130,150,180,210,270,320,340,340,340,197,19,57,88.23463299399157,35.80430001602508,337.5006999995094,87.30964467005076
1777952219,50,,Aggregated,0.100000,0.100000,57,69,130,150,180,210,270,320,340,340,340,197,19,57,88.23463299399157,35.80430001602508,337.5006999995094,87.30964467005076
1777952220,50,,Aggregated,0.100000,0.100000,57,69,130,150,180,210,270,320,340,340,340,197,19,57,88.23463299399157,35.80430001602508,337.5006999995094,87.30964467005076
1777952221,50,,Aggregated,0.100000,0.100000,57,69,130,150,180,210,270,320,340,340,340,197,19,57,88.23463299399157,35.80430001602508,337.5006999995094,87.30964467005076
1777952222,50,,Aggregated,0.400000,0.300000,57,67,130,150,180,210,270,320,340,340,340,199,19,57,87.8366572855815,35.80430001602508,337.5006999995094,86.4321608040201
1777952223,50,,Aggregated,0.400000,0.300000,57,67,130,150,180,210,270,320,340,340,340,199,19,57,87.8366572855815,35.80430001602508,337.5006999995094,86.4321608040201
1777952224,50,,Aggregated,0.400000,0.300000,57,67,130,150,180,210,270,320,340,340,340,199,19,57,87.8366572855815,35.80430001602508,337.5006999995094,86.4321608040201
1777952225,50,,Aggregated,0.500000,0.200000,57,67,130,150,180,210,270,320,340,340,340,200,19,57,87.66242049925495,35.80430001602508,337.5006999995094,86.0
1777952226,50,,Aggregated,0.500000,0.200000,57,67,130,150,180,210,270,320,340,340,340,200,19,57,87.66242049925495,35.80430001602508,337.5006999995094,86.0
1777952227,50,,Aggregated,0.500000,0.200000,57,67,130,150,170,210,260,310,340,340,340,201,19,57,87.42126517344744,35.80430001602508,337.5006999995094,85.57213930348259
1777952228,50,,Aggregated,0.500000,0.200000,57,67,130,150,170,210,260,310,340,340,340,201,19,57,87.42126517344744,35.80430001602508,337.5006999995094,85.57213930348259
1777952229,50,,Aggregated,0.500000,0.200000,57,67,130,150,170,210,260,310,340,340,340,201,19,57,87.42126517344744,35.80430001602508,337.5006999995094,85.57213930348259
1777952230,50,,Aggregated,0.500000,0.200000,57,67,130,150,170,210,260,310,340,340,340,201,19,57,87.42126517344744,35.80430001602508,337.5006999995094,85.57213930348259
1777952231,50,,Aggregated,0.500000,0.200000,57,67,130,150,170,210,260,310,340,340,340,201,19,57,87.42126517344744,35.80430001602508,337.5006999995094,85.57213930348259
1777952232,50,,Aggregated,0.500000,0.200000,57,67,130,150,170,210,260,310,340,340,340,201,19,57,87.42126517344744,35.80430001602508,337.5006999995094,85.57213930348259
1777952233,50,,Aggregated,0.500000,0.200000,57,67,130,150,170,210,260,310,340,340,340,201,19,57,87.42126517344744,35.80430001602508,337.5006999995094,85.57213930348259
1777952234,50,,Aggregated,0.500000,0.200000,57,67,130,150,170,210,260,310,340,340,340,201,19,57,87.42126517344744,35.80430001602508,337.5006999995094,85.57213930348259
1777952235,50,,Aggregated,0.200000,0.000000,57,67,130,150,170,210,260,310,340,340,340,202,19,57,87.45366435582717,35.80430001602508,337.5006999995094,85.14851485148515
1777952236,50,,Aggregated,0.200000,0.000000,57,67,130,150,170,210,260,310,340,340,340,202,19,57,87.45366435582717,35.80430001602508,337.5006999995094,85.14851485148515
1777952237,50,,Aggregated,0.200000,0.000000,57,67,130,150,170,210,260,310,340,340,340,202,19,57,87.45366435582717,35.80430001602508,337.5006999995094,85.14851485148515
1777952238,50,,Aggregated,0.200000,0.000000,57,67,130,150,170,210,260,310,340,340,340,203,19,57,87.2742600978141,35.80430001602508,337.5006999995094,84.72906403940887
1777952239,50,,Aggregated,0.200000,0.000000,57,67,130,150,170,210,260,310,340,340,340,203,19,57,87.2742600978141,35.80430001602508,337.5006999995094,84.72906403940887
1777952240,50,,Aggregated,0.200000,0.000000,57,67,130,150,170,210,260,310,340,340,340,203,19,57,87.2742600978141,35.80430001602508,337.5006999995094,84.72906403940887
1777952241,50,,Aggregated,0.200000,0.000000,57,67,130,150,170,210,260,310,340,340,340,203,19,57,87.2742600978141,35.80430001602508,337.5006999995094,84.72906403940887
1777952242,50,,Aggregated,0.200000,0.000000,57,67,130,150,170,210,260,310,340,340,340,203,19,57,87.2742600978141,35.80430001602508,337.5006999995094,84.72906403940887
1777952243,50,,Aggregated,0.200000,0.000000,57,67,130,150,170,210,260,310,340,340,340,204,19,57,87.10135588169614,35.80430001602508,337.5006999995094,84.31372549019608
1777952245,50,,Aggregated,0.200000,0.000000,57,67,130,150,170,210,260,310,340,340,340,204,19,57,87.10135588169614,35.80430001602508,337.5006999995094,84.31372549019608
1777952246,50,,Aggregated,0.200000,0.000000,57,67,130,150,170,210,260,310,340,340,340,205,19,57,86.92721073109679,35.80430001602508,337.5006999995094,83.90243902439025
1777952247,50,,Aggregated,0.200000,0.000000,57,67,130,150,170,210,260,310,340,340,340,205,19,57,86.92721073109679,35.80430001602508,337.5006999995094,83.90243902439025
1777952248,50,,Aggregated,0.200000,0.000000,57,67,130,150,170,210,260,310,340,340,340,205,19,57,86.92721073109679,35.80430001602508,337.5006999995094,83.90243902439025
1777952249,50,,Aggregated,0.200000,0.000000,57,67,130,150,170,210,260,310,340,340,340,205,19,57,86.92721073109679,35.80430001602508,337.5006999995094,83.90243902439025
1777952250,50,,Aggregated,0.200000,0.000000,57,67,130,150,170,210,260,310,340,340,340,205,19,57,86.92721073109679,35.80430001602508,337.5006999995094,83.90243902439025
1777952251,50,,Aggregated,0.200000,0.000000,57,67,130,150,170,210,260,310,340,340,340,205,19,57,86.92721073109679,35.80430001602508,337.5006999995094,83.90243902439025
1777952252,50,,Aggregated,0.200000,0.000000,57,67,130,150,170,210,260,310,340,340,340,206,19,57,87.26979999942027,35.80430001602508,337.5006999995094,83.49514563106796
1777952253,50,,Aggregated,0.200000,0.000000,57,67,130,150,170,210,260,310,340,340,340,206,19,57,87.26979999942027,35.80430001602508,337.5006999995094,83.49514563106796
1777952254,50,,Aggregated,0.300000,0.000000,57,67,130,150,170,210,260,310,340,340,340,207,19,57,87.58805169015875,35.80430001602508,337.5006999995094,83.09178743961353
1777952255,50,,Aggregated,0.300000,0.000000,57,67,130,150,170,210,260,310,340,340,340,207,19,57,87.58805169015875,35.80430001602508,337.5006999995094,83.09178743961353
1777952256,50,,Aggregated,0.300000,0.000000,57,67,130,150,170,210,260,310,340,340,340,207,19,57,87.58805169015875,35.80430001602508,337.5006999995094,83.09178743961353
1777952257,50,,Aggregated,0.200000,0.000000,57,67,130,150,170,210,260,310,340,340,340,209,19,57,87.32908612362813,35.80430001602508,337.5006999995094,82.29665071770334
1777952258,50,,Aggregated,0.200000,0.000000,57,67,130,150,170,210,260,310,340,340,340,209,19,57,87.32908612362813,35.80430001602508,337.5006999995094,82.29665071770334
1777952259,50,,Aggregated,0.200000,0.000000,57,67,130,150,170,210,260,310,340,340,340,209,19,57,87.32908612362813,35.80430001602508,337.5006999995094,82.29665071770334
1777952260,50,,Aggregated,0.400000,0.000000,57,67,130,150,170,210,260,310,340,340,340,210,19,57,87.12272380875046,35.80430001602508,337.5006999995094,81.9047619047619
1777952261,50,,Aggregated,0.400000,0.000000,57,67,130,150,170,210,260,310,340,340,340,211,19,57,86.92820710822458,35.80430001602508,337.5006999995094,81.51658767772511
1777952262,50,,Aggregated,0.400000,0.000000,57,67,130,150,170,210,260,310,340,340,340,211,19,57,86.92820710822458,35.80430001602508,337.5006999995094,81.51658767772511
1777952263,50,,Aggregated,0.400000,0.000000,57,67,130,150,170,210,260,310,340,340,340,211,19,57,86.92820710822458,35.80430001602508,337.5006999995094,81.51658767772511
1777952264,50,,Aggregated,0.400000,0.000000,57,67,130,150,170,210,260,310,340,340,340,211,19,57,86.92820710822458,35.80430001602508,337.5006999995094,81.51658767772511
1777952265,50,,Aggregated,0.400000,0.000000,57,67,130,150,170,210,260,310,340,340,340,211,19,57,86.92820710822458,35.80430001602508,337.5006999995094,81.51658767772511
1777952266,50,,Aggregated,0.400000,0.000000,57,67,130,150,170,210,260,310,340,340,340,211,19,57,86.92820710822458,35.80430001602508,337.5006999995094,81.51658767772511
1777952267,50,,Aggregated,0.400000,0.000000,57,67,130,150,170,210,260,310,340,340,340,211,19,57,86.92820710822458,35.80430001602508,337.5006999995094,81.51658767772511
1777952268,50,,Aggregated,0.400000,0.000000,57,67,130,150,170,210,260,310,340,340,340,211,19,57,86.92820710822458,35.80430001602508,337.5006999995094,81.51658767772511
1777952269,50,,Aggregated,0.400000,0.000000,57,67,130,150,170,210,260,310,340,340,340,212,19,57,87.26516462184867,35.80430001602508,337.5006999995094,81.13207547169812
1777952270,50,,Aggregated,0.400000,0.000000,57,67,130,150,170,210,260,310,340,340,340,212,19,57,87.26516462184867,35.80430001602508,337.5006999995094,81.13207547169812
1777952271,50,,Aggregated,0.400000,0.000000,57,67,130,150,170,210,260,310,340,340,340,212,19,57,87.26516462184867,35.80430001602508,337.5006999995094,81.13207547169812
1777952272,50,,Aggregated,0.400000,0.000000,57,67,130,150,170,210,260,310,340,340,340,212,19,57,87.26516462184867,35.80430001602508,337.5006999995094,81.13207547169812
1777952273,50,,Aggregated,0.400000,0.000000,57,67,130,150,170,210,260,310,340,340,340,212,19,57,87.26516462184867,35.80430001602508,337.5006999995094,81.13207547169812
1777952274,50,,Aggregated,0.400000,0.000000,57,67,130,150,170,210,260,310,340,340,340,212,19,57,87.26516462184867,35.80430001602508,337.5006999995094,81.13207547169812
1777952275,50,,Aggregated,0.400000,0.000000,57,67,130,150,170,210,260,310,340,340,340,212,19,57,87.26516462184867,35.80430001602508,337.5006999995094,81.13207547169812
1777952276,50,,Aggregated,0.400000,0.000000,57,67,130,150,170,210,260,310,340,340,340,212,19,57,87.26516462184867,35.80430001602508,337.5006999995094,81.13207547169812
1777952277,50,,Aggregated,0.400000,0.000000,57,67,130,150,170,210,260,310,340,340,340,212,19,57,87.26516462184867,35.80430001602508,337.5006999995094,81.13207547169812
1777952278,50,,Aggregated,0.400000,0.000000,57,67,130,150,170,210,260,310,340,340,340,212,19,57,87.26516462184867,35.80430001602508,337.5006999995094,81.13207547169812
1777952279,50,,Aggregated,0.400000,0.000000,57,67,130,150,170,210,260,310,340,340,340,212,19,57,87.26516462184867,35.80430001602508,337.5006999995094,81.13207547169812
1777952280,50,,Aggregated,0.400000,0.000000,57,67,130,150,170,210,260,310,340,340,340,212,19,57,87.26516462184867,35.80430001602508,337.5006999995094,81.13207547169812
1777952281,50,,Aggregated,0.100000,0.000000,57,67,130,150,170,210,260,310,340,340,340,213,19,57,87.03098403677419,35.80430001602508,337.5006999995094,80.75117370892019
1777952282,50,,Aggregated,0.000000,0.000000,57,67,130,150,170,210,260,310,340,340,340,214,19,57,86.87301728902733,35.80430001602508,337.5006999995094,80.37383177570094
1777952283,50,,Aggregated,0.000000,0.000000,57,67,130,150,170,210,260,310,340,340,340,215,19,57,86.89445534810359,35.80430001602508,337.5006999995094,80.0
1777952284,50,,Aggregated,0.000000,0.000000,57,67,130,150,170,210,260,310,340,340,340,215,19,57,86.89445534810359,35.80430001602508,337.5006999995094,80.0
1777952285,50,,Aggregated,0.000000,0.000000,57,67,130,150,170,210,260,310,340,340,340,215,19,57,86.89445534810359,35.80430001602508,337.5006999995094,80.0
1777952286,50,,Aggregated,0.300000,0.000000,57,67,130,150,170,210,260,310,340,340,340,217,19,57,86.65340322510806,35.80430001602508,337.5006999995094,79.26267281105991
1777952287,50,,Aggregated,0.300000,0.000000,57,66,130,150,170,210,260,310,340,340,340,218,19,57,86.47648623779762,35.80430001602508,337.5006999995094,78.89908256880734
