timestamp,concurrent_users,test_type,question_category,question,answer,response_time_ms,ttff_ms,status_code,status
2026-05-04T17:23:25.874685,14,load,Direct,"If software classified as strategic goods technology is hosted on a server in Singapore for global download, what authorisations are required under Singapore's Strategic Goods (Control) regime?","I am unable to retrieve sufficient information regarding this subject matter. For further guidance, please click on the 'Email' button on the bottom right corner of the screen to arrange for a call or a one-to-one advisory session. Our specialists can offer tailored insights based on your product and trade needs, and help you address any related queries or challenges.",10349.57,10345.66,200,Success
2026-05-04T17:23:28.661985,17,load,Direct,"If software classified as strategic goods technology is hosted on a server in Singapore for global download, what authorisations are required under Singapore's Strategic Goods (Control) regime?","I am unable to retrieve sufficient information regarding this subject matter. For further guidance, please click on the 'Email' button on the bottom right corner of the screen to arrange for a call or a one-to-one advisory session. Our specialists can offer tailored insights based on your product and trade needs, and help you address any related queries or challenges.",8109.0,8105.39,200,Success
2026-05-04T17:23:42.200463,30,load,Indirect,I want to import semiconductor integrated circuits from South Korea to Singapore and intend to re-export them to Vietnam. The HS code is 8542.31. Am I eligible for any FTAs?,"Thank you for your question. To better assist you, could you clarify whether the semiconductor integrated circuits will undergo any processing, repacking, or substantial transformation in Singapore, or will they be transited directly from South Korea to Vietnam without any modifications?",14570.4,14562.86,200,Success
2026-05-04T17:23:48.589949,36,load,Direct,"When forming a Japan–Singapore joint-venture apparel retailer, which FTAs, domestic laws, and compliance obligations need to be taken into account?","I am unable to retrieve sufficient information regarding this subject matter. For further guidance, please click on the 'Email' button on the bottom right corner of the screen to arrange for a call or a one-to-one advisory session. Our specialists can offer tailored insights based on your product and trade needs, and help you address any related queries or challenges.",20140.45,20134.25,200,Success
2026-05-04T17:24:12.080674,60,load,Direct,"When forming a Japan–Singapore joint-venture apparel retailer, which FTAs, domestic laws, and compliance obligations need to be taken into account?","I am unable to retrieve sufficient information regarding this subject matter. For further guidance, please click on the 'Email' button on the bottom right corner of the screen to arrange for a call or a one-to-one advisory session. Our specialists can offer tailored insights based on your product and trade needs, and help you address any related queries or challenges.",29693.2,10108.45,200,Success
2026-05-04T17:24:38.601696,60,load,Indirect,"If we import under ASEAN-China FTA and re-export to Japan under RCEP with minimal repackaging in Singapore, can we use a back-to-back certificate, and what are the conditions and time limits?","Thank you for your enquiry about back-to-back Preferential Certificate of Origin (B2B PCO) eligibility for importing from China under ASEAN-China FTA and re-exporting to Japan under RCEP.

To assess your eligibility for B2B PCO and provide you with the specific conditions and time limits, I need the following information:

### **Required Information:**
- **HS Code**: Please provide the HS code for your goods. This is essential for determining tariff rates, FTA eligibility, and rules of origin re",64980.45,10046.39,200,Success
2026-05-04T17:24:53.666880,60,load,Direct,What tariff will my aluminium rods with HS code 7604.29.10.10 be subject to if it was manufactured in Russia and exported to the US?,"# Tariff Information for Aluminium Rods from Russia to United States

## Product Details
- **HS Code**: 7604.29.10.10
- **Product**: Aluminium rods
- **Country of Origin**: Russia
- **Country of Destination**: United States
- **HS Code Format**: 10 digits (US HTS format - validated ✓)

---

## Applicable Duties and Tariffs

### 1. Most Favoured Nation (MFN) Duty
| Duty Type | Rate | Basis |
|-----------|------|-------|
| MFN Duty | **5%** | FOB value |

### 2. Additional Customs Duty (ACD) - **C",90109.77,4992.35,200,Success
2026-05-04T17:25:02.656509,60,load,Direct,Where can I find the rules of origin for my product under the Singapore-Australia FTA?,,68905.55,10042.17,200,Error - Empty Response
2026-05-04T17:25:02.870150,60,load,Indirect,"We import cotton fabric (HS 5208) from India into Singapore, dye and cut it here, then export garments to the EU. How do we determine origin under RCEP and EU-Singapore FTA, and what documentation do ","Thank you for your enquiry regarding the origin determination and documentation requirements for your multi-leg trade operation.

To provide you with accurate guidance on origin determination under RCEP and the EU-Singapore FTA, I need some additional information:

## Missing Critical Information:

1. **HS Code for Final Garment Product**: You mentioned importing cotton fabric under HS 5208, but after dyeing and cutting in Singapore, you're exporting garments. I need the specific HS code for the",82209.97,10078.62,200,Success
2026-05-04T17:25:02.873576,60,load,Indirect,"We consolidate shipments from multiple ASEAN countries in Singapore and then send them to Australia. Can we obtain a single certificate covering the whole consignment, or do we need separate origin do","## Certificate of Origin for Consolidated Shipments from Multiple ASEAN Countries

Based on the current analysis of your situation where you consolidate shipments from multiple ASEAN countries in Singapore and then export to Australia, I need to provide you with the following information:

### FTA Context

The countries involved (Singapore, Australia, Vietnam, Thailand, Malaysia, Indonesia) are members of the following relevant FTA groups:

1. **AANZ (ASEAN-Australia-New Zealand Free Trade Agree",76153.44,8248.41,200,Success
2026-05-04T17:25:03.290859,60,load,Indirect,"We ship from Singapore to multiple ASEAN countries (Indonesia, Philippines, Vietnam) under ATIGA. Do we need one PCO per destination or one for the whole order, and what are the declaration requiremen","### Current Status

I attempted to retrieve information about ATIGA Preferential Certificate of Origin (PCO) requirements for shipments from Singapore to multiple ASEAN destinations (Indonesia, Philippines, Vietnam), but encountered technical difficulties accessing the knowledge base systems.

### What Has Been Done and What's Next

**Completed:**
- ✅ Identified your query requirements: PCO procedures under ATIGA for multiple destinations
- ✅ Confirmed country of origin: Singapore
- ✅ Confirmed ",94684.61,16714.26,200,Success
2026-05-04T17:25:03.293882,60,load,Direct,Which Free Trade Agreements (FTAs) can I utilise when exporting umbrellas (HS Code: 6601.99.00.03) from Singapore to Australia?,"# Free Trade Agreements (FTAs) for Exporting Umbrellas from Singapore to Australia

## Your Trade Details
- **Product:** Umbrellas
- **HS Code:** 6601.99.00.03
- **Country of Origin:** Singapore
- **Country of Destination:** Australia

---

## Applicable Free Trade Agreements

Based on the information retrieved from **Mendel**, the following FTAs are available for your export from Singapore to Australia:

### 1. **Singapore-Australia Free Trade Agreement (SGAUFTA)** [Bilateral]
- **Preferential ",97724.11,11309.22,200,Success
2026-05-04T17:25:17.490630,60,load,Indirect,"Can we use exporter self-certification under the UK-Singapore FTA for our exports of pharmaceutical products (HS 3004), and what are the exact conditions and record-keeping requirements?","I apologize, but I encountered technical difficulties accessing the CFOTI Knowledge Base to retrieve the specific information about exporter self-certification under the UK-Singapore FTA. The knowledge base systems experienced connection timeouts during my search attempts.

## What I Was Able to Confirm

**Product Classification:**
- **HS Code 3004** is confirmed as: ""Medicaments (excluding goods of heading 3002, 3005 or 3006) consisting of mixed or unmixed products for therapeutic or prophylact",84707.19,10036.14,200,Success
2026-05-04T17:25:25.166874,60,load,Direct,I would like to know more about the import duties for export from Singapore to US. HS code for my product is 9404.21.00.10. Estimated export value for each mattress is $150.,"# Import Duties for Mattresses from Singapore to United States

## Product Information
- **HS Code:** 9404.21.00.10
- **Product Description:** Mattresses of cellular rubber or plastics, whether or not covered
- **Country of Origin:** Singapore
- **Country of Destination:** United States
- **Estimated Export Value:** $150 USD per mattress

---

## Applicable Duties and Rates

Based on the tariff information retrieved from Mendel for HS code 9404.21.00.10:

| Duty Type | Rate | Conditions | Notes ",123615.77,5597.98,200,Success
2026-05-04T17:25:25.482925,60,load,Direct,How do I check if my product qualifies for zero tariff under RCEP?,"Based on the information retrieved from the **CFOTI Knowledge Base**, here is how you can check if your product qualifies for zero tariff under RCEP:

## Step-by-Step Process to Check RCEP Zero Tariff Eligibility

### 1. **Determine Your Product's HS Code**
First, you need to identify the correct Harmonized System (HS) code for your product (at least 6-digit level). This classification is essential for checking tariff rates and rules of origin requirements.

### 2. **Verify the Product Meets RCE",132893.77,3221.67,200,Success
2026-05-04T17:25:30.311908,60,load,Direct,Which official sources provide documentation or certification showing that companies from certain countries are eligible to participate in Singapore government procurement under specific agreements?,,85462.28,10040.06,200,Error - Empty Response
2026-05-04T17:25:35.402870,60,load,Indirect,"Can we use exporter self-certification under the UK-Singapore FTA for our exports of pharmaceutical products (HS 3004), and what are the exact conditions and record-keeping requirements?","Thank you for your enquiry about exporter self-certification under the UK-Singapore FTA for pharmaceutical products (HS 3004).

To provide you with accurate information about self-certification eligibility, conditions, and record-keeping requirements, I need to confirm the following details:

### Information Provided:
✓ HS Code: 3004 (Pharmaceutical products)  
✓ FTA: UK-Singapore FTA

### Missing Information Required:

1. **Country of Origin**: Are you exporting FROM Singapore TO the United Kin",96615.99,10044.1,200,Success
2026-05-04T17:25:45.891866,60,load,Indirect,"We import cotton fabric (HS 5208) from India into Singapore, dye and cut it here, then export garments to the EU. How do we determine origin under RCEP and EU-Singapore FTA, and what documentation do ","# Analysis of Origin Determination and Documentation Requirements

## Your Trade Scenario

**Trade Flow:**
- **Leg 1:** Import cotton fabric (HS 5208) from India → Singapore
- **Processing in Singapore:** Dyeing and cutting
- **Leg 2:** Export garments to EU

---

## Critical Finding: No Single FTA Covers All Three Countries

Based on my analysis using the FTA membership verification tool, **there is no FTA that includes all three countries (India, Singapore, and EU) as parties**. This means:

-",149366.99,3768.3,200,Success
2026-05-04T17:25:49.484134,60,load,Indirect,"We manufacture plastic containers (HS 3924) in Singapore using resin from Saudi Arabia and additives from Malaysia. How do we prove origin under ATIGA for export to Vietnam, and which FTA gives the be","Thank you for your enquiry regarding plastic containers (HS 3924) manufactured in Singapore for export to Vietnam.

I notice you've asked about **two separate matters**:

1. **How to prove origin under ATIGA** for export to Vietnam
2. **Which FTA gives the better tariff** between Singapore and Vietnam

To provide you with the most accurate and comprehensive guidance, I can address these questions one at a time to ensure clarity and thoroughness.

### Could you please confirm which question you'd",119759.94,10046.98,200,Success
2026-05-04T17:25:58.449294,60,load,Direct,Can I use the UK-Singapore FTA for exporting machinery parts (HS 8483.40) to the United Kingdom?,"Thank you for your enquiry about using the UK-Singapore FTA for exporting machinery parts.

Before I can provide you with detailed information about FTA eligibility, tariffs, and certification requirements, I need to confirm one important detail:

**Missing Required Information:**
- **Country of Origin**: Could you please confirm that the machinery parts (HS 8483.40) originate from Singapore? This is essential to determine FTA eligibility and preferential tariff rates.

**Information Already Pro",129714.59,10037.0,200,Success
2026-05-04T17:25:58.451156,60,load,Indirect,"We are considering moving some production from China to Singapore to benefit from FTAs. For electronics (HS 8517), what origin criteria apply under RCEP and CPTPP, and what percentage of value must be","I encountered technical difficulties accessing our CFOTI Knowledge Base to retrieve the specific origin criteria and value-added requirements for HS 8517 electronics under RCEP and CPTPP agreements. 

## What I Was Able to Confirm

**HS Code 8517 Classification:**
The HS code 8517 covers ""Telephone sets, including smartphones and other telephones for cellular networks or for other wireless networks; other apparatus for the transmission or reception of voice, images or other data, including appar",120266.14,10096.83,200,Success
2026-05-04T17:26:02.033703,60,load,Indirect,"What are the steps and timelines to apply for a PCO under the Digital Economy Agreement between Singapore and Australia, and how does it differ from the standard goods FTA process?","Based on my search through the available knowledge base and web resources, I need to clarify an important distinction regarding your question:

## Key Finding: PCO vs. Digital Economy Agreement

The **Singapore-Australia Digital Economy Agreement (SADEA)** is a separate agreement from the **Singapore-Australia Free Trade Agreement (SAFTA)**. Based on the information retrieved:

### Understanding the Context

1. **SAFTA operates under a self-certification regime** - According to the CFOTI Knowled",149358.32,9614.01,200,Success
2026-05-04T17:26:05.998411,60,load,Indirect,"Our goods qualify under both RCEP and ATIGA for export to Thailand. Which agreement should we use for the PCO, and does it affect how we complete the origin declaration?",,131229.18,10039.9,200,Error - Empty Response
2026-05-04T17:26:09.767686,60,load,Indirect,"Our goods qualify under both RCEP and ATIGA for export to Thailand. Which agreement should we use for the PCO, and does it affect how we complete the origin declaration?",,117883.48,10037.92,200,Error - Empty Response
2026-05-04T17:26:27.740481,60,load,Indirect,"Our company sources components from China, Thailand, and Malaysia and assembles electronic switches (HS 8536.50) in Singapore for export to Australia. Can we claim Singapore origin under AANZFTA, and ","## Can You Claim Singapore Origin Under AANZFTA?

**Yes**, your company can potentially claim Singapore origin under AANZFTA for electronic switches (HS 8536.50) assembled in Singapore, provided you meet the Rules of Origin requirements.

---

## Rules of Origin for HS 8536.50 Under AANZFTA

According to **Mendel**, the Product Specific Rules for HS 8536.50 under AANZFTA are:

> **""Regional value content of not less than forty (40) per cent OR A change from any other heading""**

This means you h",160680.67,10055.45,200,Success
2026-05-04T17:26:30.592516,60,load,Indirect,"We export organic fertiliser (HS 3101) from Singapore to New Zealand. Under CPTPP, what are the rules of origin and any product-specific requirements we must meet?","# CPTPP Rules of Origin and Product-Specific Requirements for Organic Fertiliser (HS 3101)

## Trade Route Information
- **Product:** Organic fertiliser
- **HS Code:** 3101
- **Country of Origin:** Singapore
- **Country of Destination:** New Zealand
- **FTA:** CPTPP (Comprehensive and Progressive Agreement for Trans-Pacific Partnership)

---

## FTA Membership Confirmation

Singapore and New Zealand are confirmed members of CPTPP, along with the following other FTAs:
- CPTPP (Comprehensive and P",179480.59,10050.69,200,Success
2026-05-04T17:26:39.882775,60,load,Indirect,"We assemble vacuum cleaners (HS Code 8508.19.10) in Singapore from Chinese parts and export to Indonesia. Does simple assembly confer Singapore origin, or should we apply for a back-to-back PCO instea","## Summary of Your Situation

You are assembling vacuum cleaners (HS Code 8508.19.10) in Singapore from Chinese parts and exporting to Indonesia. You are asking whether simple assembly confers Singapore origin or whether you should apply for a back-to-back Preferential Certificate of Origin (PCO) instead.

**Movement of goods:** China → Singapore (assembly) → Indonesia

---

## Key Finding: Back-to-Back PCO is NOT Applicable for Assembly Operations

Based on the legal requirements retrieved from",197309.41,5014.91,200,Success
2026-05-04T17:26:42.028240,60,load,Indirect,"We export organic fertiliser (HS 3101) from Singapore to New Zealand. Under CPTPP, what are the rules of origin and any product-specific requirements we must meet?","Thank you for your enquiries. I notice you've asked about **two separate trade scenarios**:

### Your Questions:

**Question 1 - ATIGA (Multiple ASEAN Destinations):**
- Shipping from Singapore to Indonesia, Philippines, and Vietnam under ATIGA
- Whether one PCO covers all destinations or separate PCOs are needed
- Declaration requirements for each destination

**Question 2 - CPTPP (Singapore to New Zealand):**
- Exporting organic fertiliser (HS 3101) from Singapore to New Zealand
- Rules of ori",94269.84,10053.17,200,Success
2026-05-04T17:26:42.266465,60,load,Indirect,Which Free Trade Agreements (FTAs) can I utilise when exporting compact disks (HS Code: 8523.41.10) from Singapore to Indonesia?,"### Free Trade Agreements (FTAs) for Exporting Compact Disks (HS Code: 8523.41.10) from Singapore to Indonesia

**Good news!** The customs duty for compact disks (HS Code: 8523.41.10) exported from Singapore to Indonesia is **already FREE (0%)** under the Most Favoured Nation (MFN) rate.

#### Key Finding

Since the MFN customs duty rate is already **0%**, you **do not need to claim preferential treatment under any FTA** or obtain a Preferential Certificate of Origin (PCO) / self-certification f",171657.72,10056.42,200,Success
2026-05-04T17:26:48.285140,60,load,Direct,Could you help me identify if my product with HS code 4415.10.01 is eligible for tariff concessions for export to Mexico from Singapore?,"# Tariff Concession Eligibility for HS Code 4415.10.01: Singapore to Mexico

## Summary

**Yes, your product is eligible for tariff concessions** when exporting from Singapore to Mexico. Both countries are members of the **Comprehensive and Progressive Agreement for Trans-Pacific Partnership (CPTPP)**, which offers significant preferential tariff rates.

---

## Tariff Rates Comparison

| Rate Type | Duty Rate | Description |
|-----------|-----------|-------------|
| **MFN Rate** | 15% | Standar",192633.81,22702.21,200,Success
2026-05-04T17:26:51.489839,60,load,Indirect,I import brooms with HS code 9603.10.20 from China to Singapore and would like to re-export to Malaysia. Am I eligible for any FTAs?,"# FTA Eligibility Assessment for Back-to-Back PCO

## Your Trade Scenario
- **Product:** Brooms (HS Code: 9603.10.20)
- **Movement:** China → Singapore → Malaysia
- **Query:** FTA eligibility for re-export

---

## Summary of Findings

Based on the information retrieved from **Mendel** (using HS Code 9603.10.20, Origin: China, Destination: Malaysia), I can confirm the following:

### ✅ FTA Eligibility - Initial Assessment

**Yes, you are potentially eligible for FTAs.** China, Singapore, and Mal",193800.57,10039.82,200,Success
2026-05-04T17:26:51.540050,60,load,Indirect,I import meat with HS code 0201.30.01 from Australia to Singapore and re-export to Japan. Am I eligible for preferential tariffs?,"# Back-to-Back Preferential Certificate of Origin (B2B PCO) Eligibility Assessment

## Your Trade Scenario
- **HS Code**: 0201.30.01 (Meat)
- **Movement**: Australia → Singapore → Japan
- **Country of Origin**: Australia
- **Intermediate Country**: Singapore
- **Final Destination**: Japan

---

## Summary of Findings

Based on the information retrieved, **you may be eligible for preferential tariffs** under Back-to-Back PCO provisions, subject to specific conditions. Both **CPTPP** and **RCEP** ",214002.29,7792.5,200,Success
2026-05-04T17:26:52.149976,60,load,Indirect,"We manufacture plastic containers (HS 3924) in Singapore using resin from Saudi Arabia and additives from Malaysia. How do we prove origin under ATIGA for export to Vietnam, and which FTA gives the be","Based on the information retrieved from the CFOTI Knowledge Base and Mendel system, here's guidance on proving origin under ATIGA and comparing FTA tariff options for your plastic containers (HS 3924):

## ATIGA Rules of Origin for HS 3924

According to **Mendel**, plastic containers under HS 3924 exported from Singapore to Vietnam under ATIGA can qualify as originating goods through **three alternative criteria**:

1. **Wholly obtained or produced** in the exporting Member State, OR
2. **Region",213577.17,4338.03,200,Success
2026-05-04T17:26:52.152243,60,load,Indirect,I want to import semiconductor integrated circuits from South Korea to Singapore and intend to re-export them to Vietnam. The HS code is 8542.31. Am I eligible for any FTAs?,"# Back-to-Back Preferential Certificate of Origin (B2B PCO) Eligibility Assessment

## Your Trade Scenario
- **HS Code**: 8542.31 (Semiconductor integrated circuits - Processors and controllers)
- **Movement**: South Korea → Singapore → Vietnam
- **Processing in Singapore**: Not specified

---

## Key Finding: Zero Customs Duty Under MFN

**Important**: The customs duty for HS 8542.31 from South Korea to Vietnam is **already FREE (0%)** under the Most Favoured Nation (MFN) rate, which means **yo",205577.23,21973.19,200,Success
2026-05-04T17:27:16.825732,60,load,Indirect,"We have an existing PCO but the importer says the HS code on the certificate does not match their customs declaration. How do we correct or reissue the certificate, and will it affect the validity per","# PCO Correction/Reissuance for HS Code Mismatch

Thank you for your enquiry regarding the correction or reissuance of a Preferential Certificate of Origin (PCO) due to an HS code mismatch between the certificate and the importer's customs declaration.

## Current Analysis

Your situation involves:
- An existing PCO has been issued
- The importer has identified that the HS code on the PCO does not match their customs declaration
- You need to understand the correction/reissuance process and its ",213139.76,10039.77,200,Success
2026-05-04T17:27:16.826888,60,load,Direct,I would like to export beet sugar with HS code 1701.12 from Singapore to either Laos or New Zealand. What FTAs can I leverage?,"# FTA Options for Exporting Beet Sugar (HS 1701.12) from Singapore

Based on your inquiry about exporting beet sugar with HS code 1701.12 from Singapore to either Laos or New Zealand, here are the applicable Free Trade Agreements for each destination:

---

## 1️⃣ Singapore → Laos

**Source:** Mendel (HS Code: 1701.12, Origin: Singapore, Destination: Laos)

### Available FTAs and Preferential Rates:

| FTA | Full Name | Preferential Duty Rate |
|-----|-----------|------------------------|
| **AT",209085.0,10039.5,200,Success
2026-05-04T17:27:20.801894,60,load,Indirect,"We have an existing PCO but the importer says the HS code on the certificate does not match their customs declaration. How do we correct or reissue the certificate, and will it affect the validity per","I apologize, but I encountered technical difficulties accessing the **CFOTI Knowledge Base** to retrieve the specific RCEP procedures for correcting or reissuing a Preferential Certificate of Origin (PCO) when there is an HS code mismatch.

## Current Situation Analysis

Based on your query, you are facing the following issue:
- You have an existing PCO (Preferential Certificate of Origin) under RCEP
- The importer has identified that the HS code on the certificate does not match their customs d",110756.95,10062.12,200,Success
2026-05-04T17:27:20.857474,60,load,Indirect,"We ship from Singapore to multiple ASEAN countries (Indonesia, Philippines, Vietnam) under ATIGA. Do we need one PCO per destination or one for the whole order, and what are the declaration requiremen","### Current Analysis

Thank you for your inquiry regarding PCO (Preferential Certificate of Origin) requirements for shipping from Singapore to multiple ASEAN countries under ATIGA.

**Your Scenario:**
- **Country of Origin**: Singapore
- **Destination Countries**: Indonesia, Philippines, Vietnam
- **FTA**: ATIGA (ASEAN Trade in Goods Agreement)
- **Question**: Whether one PCO covers multiple destinations or separate PCOs are needed, and declaration requirements for each

### Information Retriev",191969.63,10035.44,200,Success
2026-05-04T17:27:20.861649,60,load,Indirect,Which Free Trade Agreements (FTAs) can I utilise when exporting compact disks (HS Code: 8523.41.10) from Singapore to Indonesia?,"# Free Trade Agreements (FTAs) for Exporting Compact Disks from Singapore to Indonesia

## Your Query Details
- **Product:** Compact disks (unrecorded optical media)
- **HS Code:** 8523.41.10
- **Country of Origin:** Singapore
- **Destination Country:** Indonesia

---

## Important Notice: MFN Rate is Already 0%

**The Most Favoured Nation (MFN) customs duty rate for HS Code 8523.41.10 from Singapore to Indonesia is already FREE (0%).** This means there is **no customs duty** to pay even without",158910.65,10055.41,200,Success
2026-05-04T17:27:21.483123,60,load,Indirect,"We export organic fertiliser (HS 3101) from Singapore to New Zealand. Under CPTPP, what are the rules of origin and any product-specific requirements we must meet?","Based on the information retrieved from **Mendel** and **CFOTI Knowledge Base**, here are the rules of origin and product-specific requirements for exporting organic fertiliser (HS 3101) from Singapore to New Zealand under CPTPP:

---

## Rules of Origin for HS 3101 under CPTPP

### Primary Product-Specific Rule:
**""A change to a good of heading 31.01 from any other heading.""**

This means your organic fertiliser must undergo a change in tariff classification (CTC) where the non-originating mate",200662.75,10036.01,200,Success
2026-05-04T17:27:26.962110,60,load,Direct,Which Free Trade Agreements (FTAs) can I utilise when exporting umbrellas (HS Code: 6601.99.00.03) from Singapore to Australia?,"# Free Trade Agreements (FTAs) for Exporting Umbrellas from Singapore to Australia

**Based on your inputs:**
- **HS Code:** 6601.99.00.03
- **Product:** Umbrellas
- **Country of Origin:** Singapore
- **Destination:** Australia

---

## Applicable FTAs and Duty Rates

The following Free Trade Agreements are available for exporting umbrellas (HS Code: 6601.99.00.03) from Singapore to Australia:

### Bilateral FTA

| FTA | Full Name | Duty Rate | Certification Process |
|-----|-----------|--------",221242.62,10039.94,200,Success
2026-05-04T17:27:32.919966,60,load,Indirect,"If our PCO application is rejected by Singapore Customs due to insufficient supporting documents, what can we do to rectify and reapply, and how long does the appeal or correction process take?","# PCO Application Rejection: Rectification and Reapplication Process

I was able to retrieve partial information about the resubmission process for supporting documents related to PCO applications. However, due to technical limitations in accessing the complete knowledge base, I cannot provide the full details about the PCO application rejection and appeal process at this time.

## Available Information: Resubmission Protocol for Supporting Documents

Based on the **CFOTI Knowledge Base**, if yo",211058.52,10079.78,200,Success
2026-05-04T17:27:32.926974,60,load,Indirect,We import fresh mangoes (HS 0804.50) from Indonesia into Singapore and plan to re-export them to the Philippines. Can we request a back-to-back PCO under ATIGA?,"# Back-to-Back PCO Eligibility Assessment for Fresh Mangoes under ATIGA

## Your Trade Scenario

**Product:** Fresh mangoes  
**HS Code:** 0804.50  
**Movement:** Indonesia → Singapore → Philippines  
**Processing in Singapore:** No  
**FTA in Question:** ATIGA (ASEAN Trade in Goods Agreement)

---

## Assessment Results

### ✅ Step 1: FTA Membership Verification - COMPLETED

All three countries (Indonesia, Singapore, and Philippines) are confirmed members of **ATIGA** (ASEAN Trade in Goods Agre",234267.16,10038.97,200,Success
2026-05-04T17:27:32.986230,60,load,Indirect,I import meat with HS code 0201.30.01 from Australia to Singapore and re-export to Japan. Am I eligible for preferential tariffs?,"# Back-to-Back Preferential Certificate of Origin (B2B PCO) Eligibility Assessment

## Your Trade Scenario
- **Product**: Meat, HS Code 0201.30.01
- **Movement**: Australia → Singapore → Japan
- **Country of Origin**: Australia
- **Final Destination**: Japan

---

## Tariff Analysis for Import into Japan

Based on the information retrieved from **Mendel** for HS Code **0201.30.01** from Australia to Japan:

| Tariff Type | Rate | Description |
|-------------|------|-------------|
| **MFN Rate** ",222219.31,10037.73,200,Success
2026-05-04T17:27:32.989082,60,load,Indirect,"What are the steps and timelines to apply for a PCO under the Digital Economy Agreement between Singapore and Australia, and how does it differ from the standard goods FTA process?","Based on my research, I need to clarify an important distinction regarding your question about the Digital Economy Agreement (DEA) between Singapore and Australia:

## Key Finding: Digital Economy Agreement vs. Goods Trade

The **Singapore-Australia Digital Economy Agreement (SADEA)** signed in 2023 is **not a goods trade agreement** and does not have its own Preferential Certificate of Origin (PCO) process. The SADEA focuses on:

- Seamless digital trade and cross-border data flows
- E-commerce",259446.59,3121.41,200,Success
2026-05-04T17:27:32.993692,60,load,Direct,Can I use the UK-Singapore FTA for exporting machinery parts (HS 8483.40) to the United Kingdom?,"# Can You Use the UK-Singapore FTA for Exporting Machinery Parts (HS 8483.40) to the United Kingdom?

**Yes, you can use the UK-Singapore Free Trade Agreement (UKSFTA) for exporting machinery parts classified under HS 8483.40 from Singapore to the United Kingdom.**

---

## Preferential Tariff Treatment

### Tariff Rates
Based on the trade route from **Singapore to United Kingdom** for **HS Code 8483.40**:

| Rate Type | Rate | Notes |
|-----------|------|-------|
| **UKSFTA Preferential Rate** ",248435.68,8771.98,200,Success
2026-05-04T17:27:39.204572,60,load,Direct,I am exporting 3305.20 from Japan to the US. Are there any additional tariffs?,"# Additional Tariffs for HS Code 3305.20 from Japan to United States

**Yes, there are additional tariffs that apply to your export.**

## Tariff Information

Based on the official tariff data for HS code **3305.20** exported from **Japan** to the **United States**:

### Customs Duties

| Duty Type | Rate | Conditions | Notes |
|-----------|------|------------|-------|
| **MFN (Most Favoured Nation)** | Free (0%) | None | Standard rate for WTO members |
| **Universal Customs Duty (UCD)** | 10% o",213336.43,10039.81,200,Success
2026-05-04T17:27:39.207636,60,load,Direct,I export seafood (HS 0304) from Singapore to South Korea. What FTA and duty rate apply?,"## System Response for HS Code 0304

I was unable to retrieve **duty and tax information** for HS code **0304** for exports from **Singapore** to **South Korea**. The 4-digit HS code level is too general for the system to provide specific tariff rates.

However, I **did retrieve Rules of Origin (ROO) information** for the following Free Trade Agreements that apply between Singapore and South Korea:

---

## Applicable FTAs (Rules of Origin Available)

### 1. **KSFTA (Korea-Singapore Free Trade A",249590.32,10044.58,200,Success
2026-05-04T17:27:39.653216,60,load,Direct,I am importing blowers under 125kW from China to Singapore. I don't know the HS code of my product. Could you provide some suggestions?,,260108.82,4680.04,200,Error - Empty Response
2026-05-04T17:27:39.735702,60,load,Direct,I am exporting propulsion engines with HS code 8408.10.00.05 from Germany to the US. What tariffs apply?,"I am unable to retrieve sufficient information regarding this subject matter. For further guidance, please click on the 'Email' button on the bottom right corner of the screen to arrange for a call or a one-to-one advisory session. Our specialists can offer tailored insights based on your product and trade needs, and help you address any related queries or challenges.",92760.93,10053.57,200,Success
2026-05-04T17:27:39.739054,60,load,Indirect,Can we ship goods directly from China to Indonesia with a Singapore invoice and still claim ACFTA preference?,"### Can you ship goods directly from China to Indonesia with a Singapore invoice and still claim ACFTA preference?

**Yes, you can**, but there are specific requirements that must be met.

---

### Third Country Invoicing under ACFTA

ACFTA **Rule 23** explicitly allows third country invoicing arrangements. According to the **REVISED OPERATIONAL CERTIFICATION PROCEDURES (OCP) FOR THE RULES OF ORIGIN FOR THE ASEAN-CHINA FREE TRADE AREA**:

> ""The Customs Authority of the importing Party shall acc",208850.75,10041.0,200,Success
2026-05-04T17:27:47.642673,60,load,Indirect,I would like to leverage the AKFTA FTA for my export of 1701.12.20 from Singapore to South Korea. What is a PCO and how do I apply for it?,"# Understanding PCO and Application Process for AKFTA

## What is a PCO (Preferential Certificate of Origin)?

A **Preferential Certificate of Origin (PCO)** is an official document issued by the authorized authority in the exporting country that certifies the origin of goods under a specific Free Trade Agreement (FTA). This certificate enables importers to claim preferential tariff treatment (reduced or zero customs duties) when importing goods between FTA member countries.

For AKFTA (ASEAN-Ko",256023.72,10040.37,200,Success
2026-05-04T17:27:50.148803,60,load,Indirect,"We received a request from Indonesian customs to verify our ATIGA PCO. What is the process for Singapore exporters, what documents must we provide, and what is the typical timeline?","Based on the information retrieved from the CFOTI Knowledge Base regarding ATIGA (ASEAN Trade in Goods Agreement) verification procedures, here is what Singapore exporters need to know when Indonesian customs requests verification of your ATIGA Preferential Certificate of Origin (PCO/Form D):

## Verification Process for Singapore Exporters

### What Happens When Indonesian Customs Requests Verification

When Indonesian customs initiates a **retroactive check** under ATIGA Rule 18, they will sen",237186.03,10037.91,200,Success
2026-05-04T17:27:54.843110,60,load,Indirect,I import machinery parts from Japan to Singapore and would like to re-export to India. The HS code of the machinery parts are 8401.10. Am I eligible for any FTAs?,"# Back-to-Back PCO Eligibility Assessment

## Your Query
- **HS Code**: 8401.10 (Nuclear reactors)
- **Trade Route**: Japan → Singapore → India (re-export)
- **Question**: FTA eligibility for Back-to-Back Preferential Certificate of Origin (B2B PCO)

---

## Assessment Result: Not Eligible for Back-to-Back PCO

Based on the verification conducted, **you are not eligible for a Back-to-Back Preferential Certificate of Origin (B2B PCO)** for this trade scenario.

### Reason for Ineligibility

For B",252138.08,10234.27,200,Success
2026-05-04T17:27:54.844570,60,load,Indirect,"For shipments from Singapore to Australia with goods sourced from Japan and Korea, what are the steps to claim AANZFTA or RCEP preferences?","# Steps to Claim AANZFTA or RCEP Preferences for Shipments from Singapore to Australia

## Trade Scenario Summary
- **Exporting Country**: Singapore
- **Importing Country**: Australia  
- **Material Sources**: Japan and Korea
- **FTAs in Question**: AANZFTA and RCEP

---

## Critical FTA Membership Information

Based on FTA membership verification (Source: Mendel):

| FTA | Singapore | Australia | Japan | South Korea | Cumulation Feasibility |
|-----|-----------|-----------|-------|-------------",264231.57,10046.13,200,Success
2026-05-04T17:27:59.734901,60,load,Indirect,"We have a back-to-back PCO under RCEP for goods from Japan. The buyer in Indonesia wants to split the shipment into two consignments over two months. Is the original PCO still valid, and what do we ne","Thank you for your enquiry. I notice you've asked about **two separate matters** at once:

1. **Exporter self-certification under UK-Singapore FTA** for pharmaceutical products (HS 3004)
2. **Back-to-Back PCO under RCEP** for split shipments from Japan to Indonesia

As your trade assistant, I can only address **one matter at a time** to ensure I provide you with thorough, accurate, and compliant guidance for each scenario.

---

## Which Matter Would You Like Me to Address First?

### **Option 1",140510.88,10086.55,200,Success
2026-05-04T17:28:04.257892,60,load,Indirect,"Under which FTAs, if any, can India-origin goods use a back-to-back mechanism via Singapore?","Back-to-Back Certificate of Origin Mechanism for India-Origin Goods via Singapore

## Analysis Based on Available Information

Based on the FTA membership check, I can confirm the following:

### FTA Membership Status
**India, Singapore, and the European Union are NOT all members of the same FTA group.**

This is a critical finding because back-to-back preferential certificate of origin (B2B PCO) mechanisms typically require all countries in the supply chain to be members of the same FTA.

### K",178915.46,11611.45,200,Success
2026-05-04T17:28:06.094212,60,load,Indirect,Which Free Trade Agreements (FTAs) can I utilise when exporting compact disks (HS Code: 8523.41.10) from Singapore to Indonesia?,"Based on the information retrieved, I can provide you with comprehensive answers to your questions:

## 1. Where to Find Rules of Origin for Singapore-Australia FTA (SAFTA)

To determine the rules of origin for your product under the Singapore-Australia Free Trade Agreement (SAFTA), you should:

**Primary Resources:**
- **Enterprise Singapore Website**: Visit https://www.enterprisesg.gov.sg and use the site search for ""Free Trade Agreements"". Enterprise Singapore provides flowcharts under Step 2",180077.07,10057.5,200,Success
2026-05-04T17:28:06.095417,60,load,Indirect,We import Korean cosmetics (HS 3304) under RCEP into Singapore and re-export to Japan with no further processing. Can we apply for a back-to-back RCEP certificate?,"## Can You Apply for a Back-to-Back RCEP Certificate?

**Yes, you can apply for a back-to-back RCEP certificate** for your scenario of importing Korean cosmetics (HS 3304) into Singapore and re-exporting to Japan with no further processing.

### Eligibility Confirmation

Based on the information retrieved:

✅ **All three countries are RCEP members**: South Korea, Singapore, and Japan are all parties to the Regional Comprehensive Economic Partnership (RCEP) Agreement.

✅ **RCEP allows back-to-bac",246289.82,10042.64,200,Success
2026-05-04T17:28:06.399090,60,load,Direct,What is Singapore Customs' approach to border controls against counterfeit goods?,"### Singapore Customs' Approach to Border Controls Against Counterfeit Goods

Singapore Customs employs a **comprehensive, multi-layered enforcement approach** to combat counterfeit goods and intellectual property rights (IPR) violations at the border. This approach integrates several key mechanisms:

---

#### **1. Strategic Framework**

Singapore Customs adopts a **whole-of-society, layered enforcement model** that includes:

- **Licensing and permit controls** to regulate trade activities
- *",238510.37,10037.08,200,Success
2026-05-04T17:28:07.011705,60,load,Indirect,I import machinery parts from Japan to Singapore and would like to re-export to India. The HS code of the machinery parts are 8401.10. Am I eligible for any FTAs?,"# Back-to-Back PCO Eligibility Assessment

## Your Trade Scenario
- **HS Code:** 8401.10 (Nuclear reactors and parts thereof)
- **Origin Country:** Japan
- **Intermediate Country:** Singapore
- **Final Destination:** India

---

## FTA Eligibility Analysis

Based on the information retrieved from **Mendel** and verified through external sources, I have assessed the FTA relationships between the three countries involved in your trade scenario:

### Bilateral FTA Relationships

| Country Pair | FT",272376.52,10533.18,200,Success
2026-05-04T17:28:08.492464,60,load,Indirect,"What are the steps and timelines to apply for a PCO under the Digital Economy Agreement between Singapore and Australia, and how does it differ from the standard goods FTA process?","I appreciate your detailed questions. However, to provide you with the most accurate and helpful assistance, **I can only address one request at a time**. This ensures I can thoroughly research and deliver comprehensive guidance for each specific scenario.

You've asked about three distinct topics:

1. **ATIGA origin proof and FTA tariff comparison** for plastic containers (HS 3924) from Singapore to Vietnam
2. **PCO application under the Singapore-Australia Digital Economy Agreement** - steps, ",72251.79,10050.19,200,Success
2026-05-04T17:28:08.493213,60,load,Indirect,"We import wine (HS 2204) from Australia under the Singapore-Australia FTA and store it in a bonded warehouse. When we re-export to Japan, can we claim preference under RCEP or CPTPP, and what evidence","# Back-to-Back Preferential Certificate of Origin (B2B PCO) Analysis
## Wine (HS 2204) from Australia via Singapore to Japan

### Your Scenario Summary
- **Product:** Wine (HS Code 2204)
- **Movement:** Australia → Singapore (bonded warehouse storage) → Japan
- **Current FTA:** Singapore-Australia FTA (SAFTA)
- **Target FTAs:** RCEP or CPTPP
- **Processing in Singapore:** No processing, storage only in bonded warehouse

---

### ✅ Initial Eligibility Assessment

#### 1. FTA Membership Verificati",238594.12,10042.82,200,Success
2026-05-04T17:28:15.587439,60,load,Indirect,"We ship from Singapore to multiple ASEAN countries (Indonesia, Philippines, Vietnam) under ATIGA. Do we need one PCO per destination or one for the whole order, and what are the declaration requiremen",,301002.78,2963.2,200,Stream interrupted – chunked stream closed early (server/proxy/load)
2026-05-04T17:28:21.429229,60,load,Indirect,"If we import under ASEAN-China FTA and re-export to Japan under RCEP with minimal repackaging in Singapore, can we use a back-to-back certificate, and what are the conditions and time limits?","## Back-to-Back PCO Assessment for China → Singapore → Japan Trade

Thank you for your enquiry regarding Back-to-Back Preferential Certificate of Origin (B2B PCO) for your trade scenario.

---

## Missing Critical Information

To assess your eligibility for Back-to-Back PCO and provide accurate guidance on conditions and time limits, I require the following **mandatory information**:

### **Required:**
1. **HS Code** - Please provide the specific HS code for the goods you are importing from Chin",152405.5,10065.73,200,Success
2026-05-04T17:28:24.987743,60,load,Direct,Where do I get help with FTA and Certificate of Origin queries in Singapore?,"I am unable to retrieve sufficient information regarding this subject matter. For further guidance, please click on the 'Email' button on the bottom right corner of the screen to arrange for a call or a one-to-one advisory session. Our specialists can offer tailored insights based on your product and trade needs, and help you address any related queries or challenges.",63734.43,10055.6,200,Success
2026-05-04T17:28:31.370762,60,load,Indirect,"Under which FTAs, if any, can India-origin goods use a back-to-back mechanism via Singapore?","Based on the information retrieved from the CFOTI Knowledge Base, I can provide you with the following analysis regarding back-to-back mechanisms for India-origin goods via Singapore:

## Back-to-Back Mechanism Overview

A **back-to-back preferential Certificate of Origin (CO)** is issued by Singapore Customs for the re-export of goods based on the preferential CO issued by the first exporting party. This mechanism allows goods imported into Singapore to be re-exported with preferential treatmen",273550.87,10418.5,200,Success
2026-05-04T17:28:31.513782,60,load,Direct,"My company exports an energy resource with HS code 2710.12.18.05 from Mexico to the US, will there be additional tariffs?","# Additional Tariffs for Exporting Energy Resource from Mexico to the United States

## Your Trade Details
- **Product:** Energy resource
- **HS Code:** 2710.12.18.05
- **Country of Origin:** Mexico
- **Country of Destination:** United States

---

## Duty Rates and Applicable FTA

| Rate Type | Duty Rate | Conditions |
|-----------|-----------|------------|
| **USMCA (United States-Mexico-Canada Agreement)** | **Free (0%)** | None |
| **MFN (Most Favoured Nation)** | 0.525 USD/bbl (US) | Applie",203260.27,10059.48,200,Success
2026-05-04T17:28:31.527013,60,load,Indirect,"For machinery (HS 8479) assembled in Singapore from US and German parts, what are the rules of origin under the EU-Singapore FTA and UK-Singapore FTA, and how do we calculate and document RVC?","# Response to Your Inquiries

Thank you for your questions. I notice you've asked about **two separate trade scenarios** at once:

1. **Brooms (HS 9603.10.20):** China → Singapore → Malaysia re-export and FTA eligibility
2. **Machinery (HS 8479):** Assembled in Singapore from US and German parts, with questions about Rules of Origin under EU-Singapore FTA and UK-Singapore FTA, plus RVC calculation and documentation

---

## ⚠️ Important Notice

To provide you with accurate, detailed, and regulat",95804.51,10051.69,200,Success
2026-05-04T17:28:31.594941,60,load,Indirect,"We assemble vacuum cleaners (HS Code 8508.19.10) in Singapore from Chinese parts and export to Indonesia. Does simple assembly confer Singapore origin, or should we apply for a back-to-back PCO instea","# Analysis: Assembly Operations and Back-to-Back PCO Eligibility

## Your Scenario
- **Product:** Vacuum cleaners (HS Code 8508.19.10)
- **Movement:** China → Singapore (assembly) → Indonesia
- **Processing in Singapore:** Assembly from Chinese parts

---

## Tariff Information for China to Indonesia

**Source:** Mendel (HS Code 8508.19.10, Origin: China, Destination: Indonesia)

| Tariff Scheme | Duty Rate | Additional Charges |
|---------------|-----------|-------------------|
| MFN (Most Favo",291935.33,10550.25,200,Success
2026-05-04T17:28:31.670789,60,load,Indirect,"We import cotton fabric (HS 5208) from India into Singapore, dye and cut it here, then export garments to the EU. How do we determine origin under RCEP and EU-Singapore FTA, and what documentation do ","Thank you for your enquiry. I notice you've asked two separate questions:

1. **Choosing between RCEP and ATIGA for export to Thailand** - Which agreement to use for PCO and how it affects origin declaration
2. **India → Singapore → EU scenario** - Determining origin under RCEP and EU-Singapore FTA for cotton fabric processed into garments

To provide you with accurate and comprehensive guidance, I can only address one question at a time to ensure the information is thorough and tailored to your",141300.04,10049.73,200,Success
2026-05-04T17:28:34.049146,60,load,Direct,Can we issue a back-to-back PCO when the import CO was issued under a different FTA than the export FTA?,"I apologize, but I encountered technical difficulties while attempting to retrieve information from our knowledge base systems to answer your questions about:

1. **Which FTA to choose (RCEP vs ATIGA) for exports to Thailand**
2. **How the FTA choice affects origin declaration completion**
3. **Whether back-to-back PCO can be issued when import and export COs are under different FTAs**

## Current Status

Unfortunately, all knowledge base and glossary tool queries experienced connection timeouts",139923.29,10055.47,200,Success
2026-05-04T17:28:37.059411,60,load,Indirect,Which Free Trade Agreements (FTAs) can I utilise when exporting compact disks (HS Code: 8523.41.10) from Singapore to Indonesia?,"# Applicable Free Trade Agreements (FTAs) for Exporting Compact Disks from Singapore to Indonesia

**Product**: Compact Disks  
**HS Code**: 8523.41.10  
**Origin**: Singapore  
**Destination**: Indonesia

---

## Important Notice: Zero Customs Duty

**The customs duty for HS Code 8523.41.10 is already 0% (free) even under the Most Favoured Nation (MFN) rate.** This means you do not need to claim preferential treatment under any FTA for tariff savings purposes. However, you may still require a P",260159.02,10081.93,200,Success
2026-05-04T17:28:37.643295,60,load,Direct,What is Singapore Customs' approach to border controls against counterfeit goods?,,301001.17,8539.09,200,Stream interrupted – chunked stream closed early (server/proxy/load)
2026-05-04T17:28:45.725638,60,load,Indirect,I import meat with HS code 0201.30.01 from Australia to Singapore and re-export to Japan. Am I eligible for preferential tariffs?,,301011.19,10044.03,200,Stream interrupted – chunked stream closed early (server/proxy/load)
2026-05-04T17:28:46.738535,60,load,Direct,I am exporting fruits with HS code 0811.10.00.50 from Thailand to the US. What tariffs apply?,"# Tariff Information for HS Code 0811.10.00.50 from Thailand to United States

## Your Export Details
- **HS Code:** 0811.10.00.50
- **Product Category:** Frozen fruits (strawberries)
- **Country of Origin:** Thailand
- **Country of Destination:** United States
- **HS Format:** 10 digits (HTS format for US imports)

---

## Applicable Customs Duties

Based on official tariff data from Mendel, the following duties apply to your export:

### 1. Standard Customs Duty

| Duty Type | Rate | Condition",221315.39,11449.44,200,Success
2026-05-04T17:28:46.767339,60,load,Direct,Could you help me identify if my product with HS code 4415.10.01 is eligible for tariff concessions for export to Mexico from Singapore?,"Thank you for your questions. I notice you've asked about **two different trade scenarios**:

1. **Semiconductor integrated circuits (HS 8542.31)**: South Korea → Singapore → Vietnam (Back-to-Back PCO eligibility)
2. **Product HS 4415.10.01**: Singapore → Mexico (tariff concessions)

---

## Important Note

To provide you with the most accurate and thorough assistance, **I can only address one request at a time**. This ensures I give each scenario the detailed attention it deserves.

---

## You",111543.27,10049.33,200,Success
2026-05-04T17:28:56.793480,60,load,Indirect,I import brooms with HS code 9603.10.20 from China to Singapore and would like to re-export to Malaysia. Am I eligible for any FTAs?,,301016.69,10039.1,200,Stream interrupted – chunked stream closed early (server/proxy/load)
2026-05-04T17:28:58.734361,60,load,Direct,"Which Singapore FTA covers trade in services, not just goods?","I apologize, but I encountered technical difficulties accessing my knowledge base and glossary systems to retrieve information about which Singapore FTAs cover trade in services.

## Current Status

**What I attempted:**
- ✅ Received your question about Singapore FTAs covering trade in services
- ❌ Knowledge base query failed due to connection timeout
- ❌ Glossary query failed due to connection timeout
- ❌ Unable to retrieve FTA service chapter information

**What remains unanswered:**
- Which s",133156.01,10051.01,200,Success
2026-05-04T17:29:00.424252,60,load,Indirect,"If I import products from South Korea into Singapore, store them in Singapore, and then export them to Vietnam. Is there any FTA I can use to obtain duty savings on import into Vietnam?","Thank you for your questions. I notice you've asked about **two separate matters**:

### Question 1: Singapore-Australia Digital Economy Agreement PCO Process
I've already provided information on this in my previous response, where I explained that:
- The Singapore-Australia Free Trade Agreement (SAFTA) operates under a **self-certification regime** rather than traditional PCO applications
- The Digital Economy Agreement (SADEA) is separate from SAFTA
- Specific PCO procedures under SADEA were n",78093.71,10049.73,200,Success
2026-05-04T17:29:03.892851,60,load,Direct,Could you help me identify if my product with HS code 4415.10.01 is eligible for tariff concessions for export to Mexico from Singapore?,,301009.43,10088.09,200,Stream interrupted – chunked stream closed early (server/proxy/load)
2026-05-04T17:29:04.409348,60,load,Indirect,How do I qualify for preferential treatment under the ATIGA for my export of water pumps with HS code 8413.20.90 from Singapore to Indonesia?,"Thank you for your enquiry. I notice you've submitted **multiple questions** covering different trade scenarios:

1. **UK-Singapore FTA**: Exporter self-certification for pharmaceutical products (HS 3004)
2. **RCEP Back-to-Back PCO**: Split shipment from Japan to Indonesia
3. **ATIGA Preferential Treatment**: Water pumps (HS 8413.20.90) from Singapore to Indonesia

---

## I Can Only Address One Matter at a Time

To ensure I provide you with thorough, accurate, and compliant guidance, I need to ",61883.28,10106.42,200,Success
2026-05-04T17:29:04.853755,60,load,Indirect,I import brooms with HS code 9603.10.20 from China to Singapore and would like to re-export to Malaysia. Am I eligible for any FTAs?,,301014.07,10039.84,200,Stream interrupted – chunked stream closed early (server/proxy/load)
2026-05-04T17:29:07.878211,60,load,Indirect,I import meat with HS code 0201.30.01 from Australia to Singapore and re-export to Japan. Am I eligible for preferential tariffs?,,301009.53,10036.88,200,Stream interrupted – chunked stream closed early (server/proxy/load)
2026-05-04T17:29:08.520952,60,load,Direct,I am exporting 1001.19.00.25 from Singapore to the US. Are there any additional tariffs?,"# Export of HS 1001.19.00.25 from Singapore to United States: Additional Tariffs

Thank you for your enquiry. Based on the information retrieved for **HS Code 1001.19.00.25** exported from **Singapore** to the **United States**, here is the tariff information:

---

## **Yes, there is an additional tariff applicable:**

### **Universal Customs Duty (UCD)**
- **Rate**: **10% of FOB value**
- **Description**: A universal customs duty is a distinct duty measure and **applicable in addition to the M",196842.05,10234.02,200,Success
2026-05-04T17:29:08.561085,60,load,Indirect,"If I import products from South Korea into Singapore, store them in Singapore, and then export them to Vietnam. Is there any FTA I can use to obtain duty savings on import into Vietnam?","Thank you for your questions. I notice you're asking about **two different scenarios**:

1. **UK-Singapore FTA for exporting machinery parts (HS 8483.40) to the UK** ✅ *Already answered above*

2. **FTA eligibility for products from South Korea → Singapore → Vietnam**

---

## Important: One Question at a Time

To provide you with the most accurate and comprehensive guidance, **I can only address one request at a time**. This ensures I give you complete, well-researched information without mixin",93151.4,10050.05,200,Success
2026-05-04T17:29:08.562403,60,load,Indirect,"Can we use exporter self-certification under the UK-Singapore FTA for our exports of pharmaceutical products (HS 3004), and what are the exact conditions and record-keeping requirements?","Thank you for your inquiry. I notice you've asked **two separate questions** regarding different products, destinations, and FTAs:

1. **Seafood exports (HS 0304)** from Singapore to **South Korea** - FTA applicability and duty rates
2. **Pharmaceutical products (HS 3004)** from Singapore to the **United Kingdom** - Self-certification process under the UK-Singapore FTA, conditions, and record-keeping requirements

---

## How I Can Best Assist You

To provide you with the most accurate and compr",85818.08,10051.8,200,Success
2026-05-04T17:29:12.342786,60,load,Direct,I would like to export my product of HS 4819.60 from Singapore to India. What is the duty rate and what FTAs can I leverage?,"Thank you for your questions. I notice you've asked about **two separate trade scenarios**:

1. **ATIGA PCO requirements** for shipments from Singapore to multiple ASEAN countries (Indonesia, Philippines, Vietnam)
2. **Duty rates and FTAs** for exporting HS code 4819.60 from Singapore to India

To provide you with the most accurate and detailed guidance, I can only address one request at a time. 

**Which would you like me to prioritize first?**

**Option A:** ATIGA PCO requirements (one PCO per",109395.17,10049.95,200,Success
2026-05-04T17:29:13.553059,60,load,Direct,"When forming a Japan–Singapore joint-venture apparel retailer, which FTAs, domestic laws, and compliance obligations need to be taken into account?","Thank you for your questions. I notice you've asked **two separate questions** in your message. Let me address them:

---

### ✅ Question 1: FTAs for Exporting Umbrellas (HS Code: 6601.99.00.03) from Singapore to Australia

**This question has already been fully answered in my previous response above**, which includes:
- All applicable FTAs (SGAUFTA, AANZFTA, CPTPP, RCEP)
- Duty rates under each FTA (all are 0%)
- Rules of Origin requirements
- Certification processes (self-certification vs trad",102105.05,10048.34,200,Success
2026-05-04T17:29:19.629989,60,load,Direct,What FTAs can I use to export coffee (HS 0901.21) from Singapore to Chile?,"# Available FTAs for Exporting Coffee (HS 0901.21) from Singapore to Chile

Based on the information retrieved from Mendel, there are **three Free Trade Agreements (FTAs)** available for exporting coffee (HS Code 0901.21) from Singapore to Chile:

---

## 1. Pacific Alliance-Singapore Free Trade Agreement (PASFTA)

**Type:** Regional FTA  
**Certification Regime:** Self-Certification

### Product-Specific Rules of Origin:
- **HS Code Coverage:** 0901.21 (Not decaffeinated)
- **Rule:** A change f",238621.24,10048.83,200,Success
2026-05-04T17:29:24.377634,60,load,Indirect,"We import wine (HS 2204) from Australia under the Singapore-Australia FTA and store it in a bonded warehouse. When we re-export to Japan, can we claim preference under RCEP or CPTPP, and what evidence","Thank you for your questions. I notice you're asking about **two separate matters** at once:

1. **Additional tariffs for HS 3305.20 from Japan to US** (which I've already answered above)
2. **Re-exporting wine (HS 2204) from Australia via Singapore to Japan under RCEP/CPTPP**

To provide you with accurate and comprehensive guidance, **I can only address one matter at a time** to ensure the quality and completeness of my response.

---

## Regarding Your First Question (HS 3305.20: Japan → US)

",100471.07,10056.33,200,Success
2026-05-04T17:29:25.408182,60,load,Direct,"Please provide guidance on enjoying FTA tariffs benefit for the export of S$100,000 worth of electric motors (HS code: 8501.10.10.30) from Singapore to the United Kingdom.","I am unable to retrieve sufficient information regarding this subject matter. For further guidance, please click on the 'Email' button on the bottom right corner of the screen to arrange for a call or a one-to-one advisory session. Our specialists can offer tailored insights based on your product and trade needs, and help you address any related queries or challenges.",57454.51,10062.6,200,Success
2026-05-04T17:29:34.660618,60,load,Indirect,"We ship from Singapore to multiple ASEAN countries (Indonesia, Philippines, Vietnam) under ATIGA. Do we need one PCO per destination or one for the whole order, and what are the declaration requiremen","Thank you for your inquiry. I notice you've asked about **two separate trade scenarios**:

1. ✅ **Already addressed**: Japan → Singapore → India re-export (HS 8401.10) - **Not eligible for Back-to-Back PCO**
2. 🔄 **New question**: Singapore → Indonesia/Philippines/Vietnam under ATIGA - PCO requirements

To provide you with accurate guidance on the **ATIGA question**, I need to clarify an important detail:

---

## Critical Clarification Needed

**Question**: Are the machinery parts (HS 8401.10) ",97694.26,10055.4,200,Success
2026-05-04T17:29:36.044093,60,load,Indirect,"For goods that qualify under both ATIGA and RCEP when exporting from Singapore to Thailand, how do we choose which FTA to use, and can we switch between them for different shipments of the same produc","Thank you for your questions. I notice you're asking about **two different trade scenarios**:

## Your Questions

### Question 1: Singapore → Australia (goods from Japan/Korea)
**Steps to claim AANZFTA or RCEP preferences**

### Question 2: Singapore → Thailand  
**How to choose between ATIGA and RCEP, and whether switching between FTAs is allowed**

---

## Important Clarification Needed

To provide you with the most accurate and relevant guidance, I need to understand:

### 1. Which scenario w",97061.71,10052.14,200,Success
2026-05-04T17:29:38.287352,60,load,Indirect,"We are considering moving some production from China to Singapore to benefit from FTAs. For electronics (HS 8517), what origin criteria apply under RCEP and CPTPP, and what percentage of value must be","# Response to Your Inquiries

Thank you for your questions. I notice you've asked about **two separate topics** that require different analyses:

1. **FTA eligibility for machinery parts (HS 8401.10)** - Japan → Singapore → India re-export
2. **Origin criteria for electronics (HS 8517)** under RCEP and CPTPP when moving production from China to Singapore

---

## Important Notice

To provide you with accurate and comprehensive guidance, **I can only address one inquiry at a time**. Each question",87153.41,10045.87,200,Success
2026-05-04T17:29:38.823307,60,load,Indirect,"Can we use exporter self-certification under the UK-Singapore FTA for our exports of pharmaceutical products (HS 3004), and what are the exact conditions and record-keeping requirements?","I notice you've asked multiple questions at once. To provide you with the most accurate and comprehensive information, I'd like to address them one at a time. 

Could you please confirm which question you'd like me to prioritize first?

1. **Singapore Customs' approach to border controls against counterfeit goods**
2. **Exporter self-certification under the UK-Singapore FTA for pharmaceutical products (HS 3004)**, including conditions and record-keeping requirements

Once you confirm, I'll condu",56687.56,10126.99,200,Success
2026-05-04T17:29:40.655854,60,load,Indirect,"If our PCO application is rejected by Singapore Customs due to insufficient supporting documents, what can we do to rectify and reapply, and how long does the appeal or correction process take?","## Part 1: HS Code Suggestions for Blowers Under 125kW

I attempted to search for HS codes for ""blowers under 125kW"" importing from China to Singapore. Unfortunately, the search returned results for photographic cameras (HS code 9006.30.00), which is not related to your product.

**The returned results that match the search term ""blowers under 125kW"" seem to be not related to your product. Would you like me to try searching for alternative keywords such as:**
- ""industrial blowers""
- ""air blower",116604.62,10052.62,200,Success
2026-05-04T17:29:47.463499,60,load,Indirect,"We are considering moving some production from China to Singapore to benefit from FTAs. For electronics (HS 8517), what origin criteria apply under RCEP and CPTPP, and what percentage of value must be","# Response to Your Enquiries

Thank you for providing detailed information about your trade scenarios. I notice you've asked about **two different situations** that require different types of analysis:

1. **Wine (HS 2204)** - Back-to-Back PCO eligibility for re-export from Australia → Singapore → Japan
2. **Electronics (HS 8517)** - Origin criteria and value-added requirements for production relocation from China to Singapore

---

## 🎯 How I Can Best Assist You

To provide you with accurate, c",94004.14,10052.27,200,Success
2026-05-04T17:29:57.808919,60,load,Indirect,"We ship from Singapore to multiple ASEAN countries (Indonesia, Philippines, Vietnam) under ATIGA. Do we need one PCO per destination or one for the whole order, and what are the declaration requiremen",,301014.95,10051.19,200,Stream interrupted – chunked stream closed early (server/proxy/load)
2026-05-04T17:30:09.252836,60,load,Indirect,"For goods that qualify under both ATIGA and RCEP when exporting from Singapore to Thailand, how do we choose which FTA to use, and can we switch between them for different shipments of the same produc","Thank you for providing both questions. To ensure I give you comprehensive and accurate guidance, I can only address **one question at a time**.

You've asked:

**Question 1:** For goods qualifying under both ATIGA and RCEP when exporting to Thailand - how to choose which FTA to use and whether you can switch between them for different shipments

**Question 2:** For cotton fabric (HS 5208) imported from India, processed in Singapore, then exported to EU - how to determine origin under RCEP and E",93610.06,10052.34,200,Success
2026-05-04T17:30:10.516761,60,load,Indirect,"Can we use exporter self-certification under the UK-Singapore FTA for our exports of pharmaceutical products (HS 3004), and what are the exact conditions and record-keeping requirements?","Thank you for your enquiry. I notice you've asked **two separate questions** that require different analyses:

1. **Vacuum cleaners (HS 8508.19.10):** Assembly in Singapore from Chinese parts for export to Indonesia - Back-to-Back PCO eligibility
2. **Pharmaceutical products (HS 3004):** UK-Singapore FTA exporter self-certification conditions and record-keeping requirements

---

## Important: One Question at a Time

To provide you with thorough, accurate, and compliant guidance, **I can only ad",96229.01,10057.31,200,Success
2026-05-04T17:30:13.967790,60,load,Direct,I am exporting umbrella parts with HS code 6603.90.41 from Brazil to the US. What are the additional tariffs?,"# Additional Tariffs for Umbrella Parts Export to United States

## Your Trade Details
- **Product**: Umbrella parts
- **HS Code**: 6603.90.41
- **Country of Origin**: Brazil
- **Destination**: United States

---

## Additional Tariffs Applicable

Based on information retrieved from **Mendel**, the following **additional tariff** applies to your export:

### Universal Customs Duty (UCD)

| Tariff Type | Rate | Description |
|-------------|------|-------------|
| **Universal Customs Duty (UCD)** ",156408.71,10064.79,200,Success
2026-05-04T17:30:14.916183,60,load,Indirect,Which Free Trade Agreements (FTAs) can I utilise when exporting compact disks (HS Code: 8523.41.10) from Singapore to Indonesia?,"Thank you for your questions. I can see you have **three separate trade inquiries**:

1. **Semiconductor integrated circuits (HS 8542.31)**: South Korea → Singapore → Vietnam (FTA eligibility)
2. **Wood products (HS 4415.10.01)**: Singapore → Mexico (tariff concessions)
3. **Compact disks (HS 8523.41.10)**: Singapore → Indonesia (FTA utilization)

---

## Important Note

To provide you with the most accurate and thorough assistance, **I can only address one request at a time**. This ensures each",83756.66,10052.52,200,Success
2026-05-04T17:30:17.923798,60,load,Direct,What's the practical difference between RVC build-up and build-down methods and when is each preferable?,"### **Practical Difference Between RVC Build-Up and Build-Down Methods**

Regional Value Content (RVC) can be calculated using two methods under various FTAs. Here's the practical difference:

---

### **1. Build-Down Method (BD / Indirect Method)**

**Formula:**
RVC = (FOB Value - Value of Non-Originating Materials) / FOB Value × 100%


**How it works:**
- Starts with the **FOB (Free on Board) value** of the finished good
- **Subtracts** the value of **non-originating materials** (imported or m",255064.27,10574.41,200,Success
2026-05-04T17:30:21.041248,60,load,Indirect,I import meat with HS code 0201.30.01 from Australia to Singapore and re-export to Japan. Am I eligible for preferential tariffs?,"# Back-to-Back Preferential Certificate of Origin (B2B PCO) Eligibility Assessment

## Trade Scenario Summary
- **Product:** Meat (HS Code 0201.30.01 - Boneless beef)
- **Movement:** Import from Australia → Singapore → Re-export to Japan
- **Country of Origin:** Australia
- **Intermediate Country:** Singapore
- **Final Destination:** Japan

---

## Preliminary Eligibility Assessment

### ✅ Step 1: FTA Membership Verification - COMPLETED

**Result:** Australia, Singapore, and Japan are ALL member",225758.92,10048.2,200,Success
2026-05-04T17:30:29.374998,60,load,Indirect,We import fresh mangoes (HS 0804.50) from Indonesia into Singapore and plan to re-export them to the Philippines. Can we request a back-to-back PCO under ATIGA?,,301014.43,10101.13,200,Stream interrupted – chunked stream closed early (server/proxy/load)
2026-05-04T17:30:29.834189,60,load,Indirect,"We ship from Singapore to multiple ASEAN countries (Indonesia, Philippines, Vietnam) under ATIGA. Do we need one PCO per destination or one for the whole order, and what are the declaration requiremen","Thank you for your inquiries. I notice you've asked **three separate questions** regarding different trade scenarios:

1. **Seafood exports (HS 0304)** from Singapore to **South Korea** - FTA applicability and duty rates
2. **Pharmaceutical products (HS 3004)** from Singapore to the **United Kingdom** - Self-certification under UK-Singapore FTA (from previous context)
3. **Seafood shipments (HS 0304)** from Singapore to **multiple ASEAN countries** (Indonesia, Philippines, Vietnam) under **ATIGA",76686.23,10052.57,200,Success
2026-05-04T17:30:34.458368,60,load,Direct,What is the tariff rate for exporting printed books (HS 4901.99) from Singapore to Vietnam under ATIGA?,"Thank you for your enquiry. I notice you've asked **two separate questions**:

1. **Back-to-Back PCO eligibility**: Importing meat (HS 0201.30.01) from Australia to Singapore and re-exporting to Japan - eligibility for preferential tariffs
2. **Tariff rate inquiry**: Exporting printed books (HS 4901.99) from Singapore to Vietnam under ATIGA

To provide you with accurate and comprehensive information, I can address **one question at a time**. 

**Which question would you like me to prioritize?**
",83895.4,10067.33,200,Success
2026-05-04T17:30:34.459008,60,load,Indirect,"If we import under ASEAN-China FTA and re-export to Japan under RCEP with minimal repackaging in Singapore, can we use a back-to-back certificate, and what are the conditions and time limits?","Thank you for your questions. I can see you have **three separate and complex trade scenarios** to address:

1. **ATIGA PCO requirements** for multi-destination shipments (Indonesia, Philippines, Vietnam)
2. **HS 4819.60 export** from Singapore to India - duty rates and applicable FTAs
3. **Back-to-back certificate** requirements for ASEAN-China FTA import + RCEP re-export to Japan

Each of these requires detailed research and analysis to provide you with accurate, regulation-compliant informati",78970.83,10064.11,200,Success
2026-05-04T17:30:34.459447,60,load,Direct,"My company exports an energy resource with HS code 2710.12.18.05 from Mexico to the US, will there be additional tariffs?","# Tariff Information for Exporting Energy Resource (HS 2710.12.18.05) from Mexico to the United States

Based on the official tariff data retrieved, here is the comprehensive information regarding potential tariffs for your export:

## Standard Tariff Rates

| Tariff Type | Rate | Conditions |
|-------------|------|------------|
| **USMCA** (United States-Mexico-Canada Agreement) | **Free** (Duty-free) | Goods must qualify as originating under USMCA rules of origin |
| **MFN** (Most Favoured Nat",145553.69,10054.31,200,Success
2026-05-04T17:30:35.444256,60,load,Indirect,I import meat with HS code 0201.30.01 from Australia to Singapore and re-export to Japan. Am I eligible for preferential tariffs?,,301013.72,10047.96,200,Stream interrupted – chunked stream closed early (server/proxy/load)
2026-05-04T17:30:36.407838,60,load,Indirect,"We import wine (HS 2204) from Australia under the Singapore-Australia FTA and store it in a bonded warehouse. When we re-export to Japan, can we claim preference under RCEP or CPTPP, and what evidence","Thank you for reaching out with your trade queries.

I notice you've asked about **two different scenarios**:

1. **Brooms (HS 9603.10.20)**: Importing from China to Singapore, then re-exporting to Malaysia - FTA eligibility
2. **Wine (HS 2204)**: Importing from Australia to Singapore (bonded warehouse), then re-exporting to Japan - claiming preference under RCEP or CPTPP

To provide you with accurate and comprehensive guidance, **I can assist with one scenario at a time**. This ensures I can th",95411.23,10113.46,200,Success
2026-05-04T17:30:39.265967,60,load,Direct,What is the difference between a Certificate of Origin and a Preferential Certificate of Origin?,"# Certificate of Origin (CO) vs Preferential Certificate of Origin (PCO)

## Key Differences

Based on the information available from Singapore Customs and FTA knowledge base, here are the fundamental differences between these two types of certificates:

---

## **Certificate of Origin (CO)** - Also Known as Ordinary Certificate of Origin (OCO)

### Purpose:
- **Non-preferential certificate** that serves as a declaration of the country where goods were produced or manufactured
- Used primarily f",223809.37,10061.36,200,Success
2026-05-04T17:30:45.761491,60,load,Indirect,"We are considering moving some production from China to Singapore to benefit from FTAs. For electronics (HS 8517), what origin criteria apply under RCEP and CPTPP, and what percentage of value must be","## Overview of Your Scenario

You are considering moving electronics production (HS 8517) from China to Singapore to benefit from Free Trade Agreements. Both China and Singapore are RCEP members, while Singapore is also a CPTPP member (but China is not). This positioning offers potential advantages under RCEP, but CPTPP benefits will depend on meeting stricter origin requirements since Chinese inputs would be considered non-originating under CPTPP.

---

## HS Code 8517 Classification

**HS 8517",285133.72,10059.94,200,Success
2026-05-04T17:30:48.124127,60,load,Indirect,"Our goods qualify under both RCEP and ATIGA for export to Thailand. Which agreement should we use for the PCO, and does it affect how we complete the origin declaration?","Thank you for reaching out! I notice you've asked **two separate questions** regarding different trade scenarios:

### **Question 1: Singapore to Mexico**
- Eligibility for tariff concessions for HS code 4415.10.01 when exporting from Singapore to Mexico

### **Question 2: Singapore to Thailand** 
- Guidance on choosing between RCEP and ATIGA for PCO application and how it affects the origin declaration completion

---

To provide you with the most accurate and comprehensive assistance, **I can ",101033.06,10103.71,200,Success
2026-05-04T17:30:50.086161,60,load,Indirect,"Can we use exporter self-certification under the UK-Singapore FTA for our exports of pharmaceutical products (HS 3004), and what are the exact conditions and record-keeping requirements?","Thank you for your enquiry. I notice you've asked **two separate questions** with different products and trade scenarios. To provide you with accurate and comprehensive guidance, I can only address one question at a time.

## Your Questions:

**Question 1**: Brooms (HS 9603.10.20) - China → Singapore → Malaysia
- Eligibility for FTAs and Back-to-Back PCO

**Question 2**: Pharmaceutical products (HS 3004) - UK-Singapore FTA exporter self-certification
- Conditions and record-keeping requirements
",102689.08,10079.14,200,Success
2026-05-04T17:30:52.236285,60,load,Direct,How do I check if my product qualifies for zero tariff under RCEP?,"I can see you've asked multiple questions. Let me focus on helping you systematically. Based on your messages, I can identify three distinct questions:

1. **Singapore Customs' approach to border controls against counterfeit goods**
2. **Exporter self-certification under the UK-Singapore FTA for pharmaceutical products (HS 3004)**
3. **How to check if a product qualifies for zero tariff under RCEP**

To provide you with accurate and comprehensive information, I can only address **one question at",69283.12,10067.08,200,Success
2026-05-04T17:31:13.417342,60,load,Direct,I am exporting essential oils with HS code 3301.29.51.03 from France to the US. What tariffs apply?,"Thank you for your questions. I notice you've asked about **three separate trade matters**:

### ✅ Question 1: Singapore-Australia Digital Economy Agreement PCO Process
I've already provided information on this in my previous response.

### ✅ Question 2: Back-to-Back PCO Eligibility (South Korea → Singapore → Vietnam)
This involves Singapore and I can assist with this.

### ❌ Question 3: France → US Essential Oils Tariff (HS 3301.29.51.03) - **OUT OF SCOPE**

---

## Regarding Your France to US ",130690.0,10049.51,200,Success
2026-05-04T17:31:13.418602,60,load,Direct,"Which Singapore FTA covers trade in services, not just goods?","I apologize for the technical difficulties encountered while retrieving information from the CFOTI Knowledge Base. Based on the partial information I was able to gather, I can provide the following insights:

## Question 1: ATIGA Origin Proof and FTA Tariff Comparison (HS 3924)

This question has been **fully addressed** in my previous response above, which includes:
- ✅ ATIGA Rules of Origin criteria (3 alternative methods including 40% RVC)
- ✅ ASEAN cumulation benefits for Malaysian additives",182474.31,10053.11,200,Success
2026-05-04T17:31:13.513279,60,load,Indirect,"If we import under ASEAN-China FTA and re-export to Japan under RCEP with minimal repackaging in Singapore, can we use a back-to-back certificate, and what are the conditions and time limits?","# Back-to-Back Certificate of Origin Eligibility Analysis
## China → Singapore → Japan under RCEP

---

## Executive Summary

Based on the information gathered, I can provide you with a **preliminary assessment** of your Back-to-Back PCO eligibility. However, I was unable to retrieve complete legal text provisions from the CFOTI Knowledge Base due to technical connectivity issues during the search process.

**Your Scenario:**
- **HS Code:** 4415.10.01 (Wooden cases, boxes, crates, drums and simi",260581.89,10047.87,200,Success
2026-05-04T17:31:14.158059,60,load,Direct,Where can I find the rules of origin for my product under the Singapore-Australia FTA?,"Based on the information retrieved from **Mendel** and web sources, here's where you can find the rules of origin for your organic fertiliser (HS 3101) under the Singapore-Australia FTA (SAFTA):

---

## Rules of Origin for HS 3101 under SAFTA

According to **Mendel**, the product-specific rule of origin for HS 3101 under SAFTA is:

**""A change from any other heading OR Regional value content of not less than 40 per cent""**

This means your organic fertiliser can qualify as originating under SAF",228369.08,10050.63,200,Success
2026-05-04T17:31:14.159184,60,load,Direct,"Which agreements used by Singapore allow exporter self-certification, and what are the eligibility conditions?","# Singapore FTAs with Exporter Self-Certification: Comprehensive Guide

I apologize, but I encountered technical difficulties accessing the Knowledge Base and Glossary systems to retrieve comprehensive information about all Singapore FTAs that allow exporter self-certification and their detailed eligibility conditions.

However, based on the context from our previous discussion about exporting umbrellas from Singapore to Australia, I can provide you with the following information:

---

## FTAs ",116934.47,10056.06,200,Success
2026-05-04T17:31:15.445038,60,load,Indirect,"For machinery (HS 8479) assembled in Singapore from US and German parts, what are the rules of origin under the EU-Singapore FTA and UK-Singapore FTA, and how do we calculate and document RVC?","# Rules of Origin and RVC Calculation for Machinery (HS 8479) under EUSFTA and UKSFTA

## Your Trade Scenario

**Product:** Machinery (HS 8479)  
**Assembly Location:** Singapore  
**Parts Origin:** United States and Germany  
**Target Markets:** European Union (EUSFTA) and United Kingdom (UKSFTA)  
**Processing:** Assembly in Singapore from US and German parts

---

## Rules of Origin Requirements

### 1. EU-Singapore FTA (EUSFTA)

For machinery under **ex Chapter 84** (which includes HS 8479),",219637.96,10047.51,200,Success
2026-05-04T17:31:17.807227,60,load,Indirect,"We import raw cocoa (HS 1801) from Ghana, process it into chocolate (HS 1806) in Singapore, and export to Japan. How do we prove substantial transformation and claim preference under RCEP?","# Analysis: RCEP Origin Eligibility for Chocolate Exports from Singapore to Japan

Based on the information retrieved, I can provide you with a comprehensive analysis of your eligibility to claim Singapore origin under RCEP for chocolate (HS 1806) processed in Singapore from Ghanaian cocoa.

---

## ✅ Can You Claim Singapore Origin Under RCEP?

**Yes, you can potentially claim Singapore origin under RCEP**, despite using raw cocoa from Ghana (a non-RCEP country), provided you meet the Product Sp",286285.27,10062.64,200,Success
2026-05-04T17:31:19.412977,60,load,Indirect,"If we import under ASEAN-China FTA and re-export to Japan under RCEP with minimal repackaging in Singapore, can we use a back-to-back certificate, and what are the conditions and time limits?","## Back-to-Back Preferential Certificate of Origin (B2B PCO) Enquiry

Thank you for your enquiry about using a Back-to-Back Certificate of Origin for goods imported under the ASEAN-China FTA and re-exported to Japan under RCEP with minimal repackaging in Singapore.

To assess your eligibility for a Back-to-Back PCO and provide you with the exact conditions and time limits, I require the following information:

### Required Information

**1. HS Code** ⚠️ **(Required)**
Please provide the specific",114903.34,10047.85,200,Success
2026-05-04T17:31:41.541435,60,load,Direct,Which official sources provide documentation or certification showing that companies from certain countries are eligible to participate in Singapore government procurement under specific agreements?,"I am unable to retrieve sufficient information regarding this subject matter. For further guidance, please click on the 'Email' button on the bottom right corner of the screen to arrange for a call or a one-to-one advisory session. Our specialists can offer tailored insights based on your product and trade needs, and help you address any related queries or challenges.",69755.7,10110.33,200,Success
2026-05-04T17:31:44.180543,60,load,Indirect,"We import raw cocoa (HS 1801) from Ghana, process it into chocolate (HS 1806) in Singapore, and export to Japan. How do we prove substantial transformation and claim preference under RCEP?",,300998.14,11657.69,200,Stream interrupted – chunked stream closed early (server/proxy/load)
2026-05-04T17:31:46.980882,60,load,Direct,What's the practical difference between RVC build-up and build-down methods and when is each preferable?,,301013.31,10055.44,200,Stream interrupted – chunked stream closed early (server/proxy/load)
2026-05-04T17:31:47.878125,60,load,Indirect,"We consolidate shipments from multiple ASEAN countries in Singapore and then send them to Australia. Can we obtain a single certificate covering the whole consignment, or do we need separate origin do","I apologize for the technical difficulties encountered while retrieving information from the knowledge base. Based on the glossary information I was able to retrieve, I can provide you with partial guidance on your enquiries:

---

## 1. UK-Singapore FTA: Exporter Self-Certification for Pharmaceutical Products (HS 3004)

### Self-Certification Regime Overview

**UK-Singapore FTA (UKSFTA)** is confirmed to be under the **self-certification regime**, which allows exporters, producers, or importers",159269.26,10056.63,200,Success
2026-05-04T17:31:49.828337,60,load,Direct,I am exporting T-Shirt with HS code 6109.10.10 from Singapore to Thailand. What FTAs would be beneficial for my export?,"Thank you for your questions. I'll address them separately as they involve different trade scenarios.

---

## Question 1: PCO under Digital Economy Agreement (Singapore-Australia)

This question was already addressed in my previous response. To summarize: The **Singapore-Australia Digital Economy Agreement (SADEA)** does not cover goods trade or have a PCO process. For goods trade between Singapore and Australia, you would use the **Singapore-Australia Free Trade Agreement (SAFTA)**, which oper",252065.76,10053.64,200,Success
2026-05-04T17:31:52.591847,60,load,Indirect,"For machinery (HS 8479) assembled in Singapore from US and German parts, what are the rules of origin under the EU-Singapore FTA and UK-Singapore FTA, and how do we calculate and document RVC?","Thank you for providing the details. I can see you have **two separate questions**:

1. ✅ **Already addressed**: Japan → Singapore → India re-export (HS 8401.10, no processing in Singapore) - **Not eligible for Back-to-Back PCO**
2. 🆕 **New question**: Machinery (HS 8479) assembled in Singapore from US and German parts - Rules of Origin under EU-Singapore FTA and UK-Singapore FTA, including RVC calculation and documentation

---

## Summary of First Question (HS 8401.10: Japan → Singapore → Indi",133201.9,10057.45,200,Success
2026-05-04T17:31:52.596414,60,load,Direct,I am exporting t-shirts with HS code 6109.10.00.14 from Colombia to the US. What tariffs apply?,"## Tariffs for Exporting T-Shirts (HS 6109.10.00.14) from Colombia to the United States

Based on the official tariff information retrieved, here is a comprehensive breakdown of the duties and taxes that apply to your export:

---

### **Applicable Duties**

| Duty Type | Rate | Description |
|-----------|------|-------------|
| **Colombia Preferential Rate** | **Free (0%)** | Under the United States-Colombia Trade Promotion Agreement (CTPA), your t-shirts qualify for duty-free entry |
| **MFN R",224015.4,10054.63,200,Success
2026-05-04T17:31:52.598497,60,load,Indirect,"If our PCO application is rejected by Singapore Customs due to insufficient supporting documents, what can we do to rectify and reapply, and how long does the appeal or correction process take?","## PCO Application Rejection: Rectification and Reapplication Process

Based on the available information from CFOTI Knowledge Base, I can provide guidance on the PCO application process and what to do if your application encounters issues due to insufficient supporting documents.

---

### Understanding the Application Requirements

When applying for a Preferential Certificate of Origin (PCO), **all supporting documents must be furnished as required**. According to Singapore Customs procedures:",222261.01,10050.68,200,Success
2026-05-04T17:31:52.606032,60,load,Indirect,We import fresh mangoes (HS 0804.50) from Indonesia into Singapore and plan to re-export them to the Philippines. Can we request a back-to-back PCO under ATIGA?,"# Back-to-Back Preferential Certificate of Origin (B2B PCO) Assessment

## Your Query Details
- **Product:** Fresh mangoes
- **HS Code:** 0804.50
- **Country of Origin:** Indonesia
- **Intermediate Country:** Singapore
- **Final Destination:** Philippines
- **FTA in Question:** ATIGA (ASEAN Trade in Goods Agreement)
- **Processing in Singapore:** Not specified (assumed minimal/no processing)

---

## Current Analysis Status

I have completed the initial assessment steps for your back-to-back PCO",266929.32,10059.18,200,Success
2026-05-04T17:31:53.341979,60,load,Indirect,"We manufacture plastic containers (HS 3924) in Singapore using resin from Saudi Arabia and additives from Malaysia. How do we prove origin under ATIGA for export to Vietnam, and which FTA gives the be","I am unable to retrieve sufficient information regarding this subject matter. For further guidance, please click on the 'Email' button on the bottom right corner of the screen to arrange for a call or a one-to-one advisory session. Our specialists can offer tailored insights based on your product and trade needs, and help you address any related queries or challenges.",75378.97,10100.41,200,Success
2026-05-04T17:31:59.889653,60,load,Indirect,"We manufacture plastic containers (HS 3924) in Singapore using resin from Saudi Arabia and additives from Malaysia. How do we prove origin under ATIGA for export to Vietnam, and which FTA gives the be","## Analysis of Your ATIGA Origin Requirements and FTA Options

Based on the information retrieved from our systems, I can provide you with the following analysis for your plastic containers (HS 3924) manufactured in Singapore using materials from Saudi Arabia and Malaysia, for export to Vietnam.

---

## Important Notice About HS Code Specificity

**The HS code 3924 (4 digits) you provided does not have complete tariff information in our system for Singapore to Vietnam trade.** Vietnam typically",244896.24,10055.07,200,Success
2026-05-04T17:32:04.590829,60,load,Indirect,"What are the steps and timelines to apply for a PCO under the Digital Economy Agreement between Singapore and Australia, and how does it differ from the standard goods FTA process?","Thank you for your questions. I notice you've submitted **four separate questions** (with the last two being duplicates). To provide you with the most accurate and focused assistance, I need to clarify a few points:

**Question 1: Exporting umbrellas (HS Code: 6601.99.00.03) from Singapore to Australia**
✅ This has already been comprehensively answered in my previous response. All applicable FTAs, duty rates, Rules of Origin, and certification processes are detailed above.

**Question 2: Japan-S",45899.95,10051.56,200,Success
2026-05-04T17:32:04.591843,60,load,Indirect,"We consolidate shipments from multiple ASEAN countries in Singapore and then send them to Australia. Can we obtain a single certificate covering the whole consignment, or do we need separate origin do","# Important Notice: Multiple Questions Detected

Thank you for your inquiries. I notice you have asked **three separate questions** that require different analyses:

1. **Question 1:** FTA eligibility for machinery parts (HS 8401.10) from Japan → Singapore → India re-export
2. **Question 2:** Moving production from China to Singapore for electronics (HS 8517) - origin criteria under RCEP and CPTPP
3. **Question 3:** Consolidating shipments from multiple ASEAN countries in Singapore → Australia -",142375.11,10049.44,200,Success
2026-05-04T17:32:06.896738,60,load,Indirect,"For machinery (HS 8479) assembled in Singapore from US and German parts, what are the rules of origin under the EU-Singapore FTA and UK-Singapore FTA, and how do we calculate and document RVC?","# Guidance on FTA and Certificate of Origin Support in Singapore

## 📍 Where to Get Help with FTA and Certificate of Origin Queries in Singapore

For assistance with Free Trade Agreement (FTA) and Certificate of Origin queries in Singapore, you can access support through the following channels:

### **Singapore Business Federation (SBF)**
- **Email Button**: Click the 'Email' button in the bottom right corner of this screen to arrange a call or one-to-one advisory session
- SBF specialists can p",158038.33,10052.24,200,Success
2026-05-04T17:32:09.716814,60,load,Indirect,"For shipments from Singapore to Australia with goods sourced from Japan and Korea, what are the steps to claim AANZFTA or RCEP preferences?","Thank you for your questions. I can see you have **three separate trade inquiries**:

1. **Semiconductor integrated circuits (HS 8542.31)**: South Korea → Singapore → Vietnam - FTA eligibility
2. **Wood products (HS 4415.10.01)**: Singapore → Mexico - tariff concession eligibility  
3. **Goods from Japan/Korea**: Japan/Korea → Singapore → Australia - Steps to claim AANZFTA or RCEP preferences

---

## Important Note

To provide you with the most accurate and thorough assistance, **I can only add",111624.76,10055.34,200,Success
2026-05-04T17:32:14.560914,60,load,Indirect,"We have an existing PCO but the importer says the HS code on the certificate does not match their customs declaration. How do we correct or reissue the certificate, and will it affect the validity per","# PCO Correction/Reissuance for HS Code Mismatch

Thank you for your enquiry regarding the correction or reissuance of a Preferential Certificate of Origin (PCO) due to an HS code mismatch between the certificate and the importer's customs declaration.

---

## Important Context: HS Code Mismatch is NOT a Minor Error

According to **PASFTA Article 4.21: Minor Errors or Discrepancies** (CFOTI Knowledge Base):

> ""A Party shall not reject a certification of origin due to minor errors or discrepanc",294806.9,10050.17,200,Success
2026-05-04T17:32:15.024426,60,load,Indirect,"We import headphones (HS 8518.30.10) from China and sell to Vietnam. Can CPTPP preferences ever apply, and what proof would be required?","## Can CPTPP Preferences Apply to China-Origin Headphones (HS 8518.30.10) Imported into Singapore and Sold to Vietnam?

### Critical Finding: China is NOT a CPTPP Member

Based on the FTA membership verification, **China is NOT a member of CPTPP**. The CPTPP members are: Australia, Brunei, Canada, Chile, Japan, Malaysia, Mexico, New Zealand, Peru, Singapore, and Vietnam.

**Result: Direct CPTPP preferential treatment CANNOT apply to goods originating from China.**

---

## FTA Membership Analysi",247580.5,10115.74,200,Success
2026-05-04T17:32:17.555766,60,load,Indirect,Which Free Trade Agreements (FTAs) can I utilise when exporting compact disks (HS Code: 8523.41.10) from Singapore to Indonesia?,"Thank you for your enquiries. I notice you've asked **three separate questions**:

1. **RCEP vs ATIGA for Thailand exports** - Which agreement to use for PCO and how it affects origin declaration
2. **India → Singapore → EU scenario** - Origin determination under RCEP and EU-Singapore FTA for cotton fabric (HS 5208) processed into garments, plus documentation requirements
3. **Singapore to Indonesia exports** - Which FTAs can be utilized for compact disks (HS 8523.41.10)

To provide you with acc",125686.79,10061.53,200,Success
2026-05-04T17:32:18.440283,60,load,Indirect,"Our company sources components from China, Thailand, and Malaysia and assembles electronic switches (HS 8536.50) in Singapore for export to Australia. Can we claim Singapore origin under AANZFTA, and ","Thank you for your enquiries. I notice you've asked about **two different trade scenarios**:

1. **Brooms (HS 9603.10.20)**: China → Singapore → Malaysia - FTA eligibility for re-export
2. **Electronic switches (HS 8536.50)**: Components from China, Thailand, Malaysia → Assembly in Singapore → Export to Australia under AANZFTA

To provide you with thorough and accurate guidance on FTA eligibility, Rules of Origin, RVC calculations, and documentation requirements, **I can only address one scenari",98414.77,10056.54,200,Success
2026-05-04T17:32:23.033928,60,load,Indirect,"Under which FTAs, if any, can India-origin goods use a back-to-back mechanism via Singapore?","Thank you for your enquiry. I can see you have **three separate questions** covering different products, countries, and FTA scenarios:

1. **Brooms (HS 9603.10.20)**: China → Singapore → Malaysia - FTA eligibility
2. **Pharmaceutical products (HS 3004)**: UK-Singapore FTA exporter self-certification
3. **India-origin goods**: Back-to-back mechanism via Singapore under FTAs

To provide you with accurate, detailed, and regulation-compliant guidance, **I can only address one question at a time**. T",90689.2,10057.56,200,Success
2026-05-04T17:32:23.044503,60,load,Direct,I am exporting rubber gloves (HS 4015.19) from Singapore to Malaysia. Which FTA applies?,"# Applicable FTAs for Exporting Rubber Gloves from Singapore to Malaysia

## Your Query
- **Product:** Rubber gloves
- **HS Code provided:** 4015.19
- **Origin:** Singapore
- **Destination:** Malaysia

---

## Important Notice: HS Code Format

The HS code **4015.19** you provided does not match the standard HS nomenclature structure for Malaysia. Based on the official HS hierarchy:

- **Heading 4015:** ""Articles of apparel and clothing accessories (including gloves, mittens and mitts), for all p",285432.95,10052.34,200,Success
2026-05-04T17:32:23.046033,60,load,Indirect,"For shipments from Singapore to Australia with goods sourced from Japan and Korea, what are the steps to claim AANZFTA or RCEP preferences?","# Steps to Claim AANZFTA or RCEP Preferences for Shipments from Singapore to Australia with Goods Sourced from Japan and Korea

I apologize, but I encountered technical difficulties accessing the knowledge base systems to retrieve the detailed procedures for claiming AANZFTA or RCEP preferences in your specific scenario involving goods sourced from Japan and Korea, shipped from Singapore to Australia.

## Current Analysis

Your scenario involves a **complex multi-country supply chain** that requ",104987.54,10053.7,200,Success
2026-05-04T17:32:26.327678,60,load,Direct,I am importing blowers under 125kW from China to Singapore. I don't know the HS code of my product. Could you provide some suggestions?,,301005.92,10323.95,200,Stream interrupted – chunked stream closed early (server/proxy/load)
2026-05-04T17:32:29.742822,60,load,Indirect,"We received a request from Indonesian customs to verify our ATIGA PCO. What is the process for Singapore exporters, what documents must we provide, and what is the typical timeline?","## ATIGA PCO Enquiry - Partial Response

I apologize, but I encountered technical difficulties retrieving the specific ATIGA (ASEAN Trade in Goods Agreement) legal texts and procedural guidelines needed to answer your questions accurately.

### Your Questions:
1. **PCO Coverage**: Do you need one PCO per destination (Indonesia, Philippines, Vietnam) or one for the whole order, and what are the declaration requirements?
2. **Verification Process**: What is the process when Indonesian customs requ",250612.79,10097.65,200,Success
2026-05-04T17:32:31.122815,60,load,Indirect,"We are considering moving some production from China to Singapore to benefit from FTAs. For electronics (HS 8517), what origin criteria apply under RCEP and CPTPP, and what percentage of value must be","Thank you for your inquiries. I notice you've now asked about **multiple trade scenarios** involving different products, destinations, and FTAs:

1. **Seafood (HS 0304)** from Singapore to **South Korea** - FTA applicability and duty rates
2. **Electronics (HS 8517)** production relocation from China to Singapore - Origin criteria under **RCEP and CPTPP**, value-added percentage requirements
3. **Pharmaceutical products (HS 3004)** from Singapore to the **United Kingdom** - Self-certification un",117570.82,10051.33,200,Success
2026-05-04T17:32:37.363156,60,load,Indirect,Can we ship goods directly from China to Indonesia with a Singapore invoice and still claim ACFTA preference?,"# Response to Your Trade Questions

Thank you for your questions. I notice you're asking about **two separate trade matters**. Let me address each one clearly:

---

## Question 1: Additional Tariffs for HS Code 3305.20 from Japan to United States

**I have already provided a complete answer to this question in my previous response above.** 

To summarize: **Yes, there are additional tariffs.** Specifically:
- **Universal Customs Duty (UCD)**: 10% of FOB value applies in addition to the MFN rate",190637.59,10061.63,200,Success
2026-05-04T17:32:37.364571,60,load,Indirect,"For goods that qualify under both ATIGA and RCEP when exporting from Singapore to Thailand, how do we choose which FTA to use, and can we switch between them for different shipments of the same produc","# Choosing Between ATIGA and RCEP for Singapore to Thailand Exports

## Your Trade Scenario
- **Origin**: Singapore
- **Destination**: Thailand
- **Situation**: Goods qualify under both ATIGA and RCEP
- **Question**: How to choose which FTA to use and whether you can switch between them

---

## Current Analysis Status

I attempted to retrieve specific guidance from our knowledge base regarding the procedures for choosing between multiple FTAs and switching between them for different shipments. ",140003.86,10055.22,200,Success
2026-05-04T17:32:38.223471,60,load,Direct,We are a manufacturing company looking to export plastic bottles to customers in other countries. Can you please advise the steps and processes we have to take?,"Thank you for your question. To provide you with the most accurate guidance on export processes for your plastic bottles, I need some clarification:

1. **Which country are you exporting FROM?** (e.g., Singapore, Malaysia, etc.)
2. **Which countries are you exporting TO?** (specific destination countries)
3. **Will the plastic bottles undergo any processing, repacking, or transformation in a third country before reaching the final destination?** Or will they be shipped directly from your manufac",40665.24,10059.85,200,Success
2026-05-04T17:32:38.391845,60,load,Indirect,I want to import semiconductor integrated circuits from South Korea to Singapore and intend to re-export them to Vietnam. The HS code is 8542.31. Am I eligible for any FTAs?,"# Analysis: India-Origin Goods and South Korea-Origin Goods Back-to-Back Mechanism via Singapore

I will address both scenarios separately based on the information retrieved.

---

## **Scenario 1: India-Origin Goods via Singapore**

### FTA Membership Between India and Singapore

Based on the FTA membership verification, **India and Singapore are members of the following trade arrangements:**

| FTA/Trade Arrangement | Full Name | Status |
|----------------------|-----------|--------|
| **GSTP*",244365.91,10054.62,200,Success
2026-05-04T17:32:43.385790,60,load,Indirect,"For goods that qualify under both ATIGA and RCEP when exporting from Singapore to Thailand, how do we choose which FTA to use, and can we switch between them for different shipments of the same produc",,301012.91,10056.85,200,Stream interrupted – chunked stream closed early (server/proxy/load)
2026-05-04T17:32:46.142908,60,load,Direct,I am exporting t-shirts with HS code 6109.10.00.14 from Colombia to the US. What tariffs apply?,"# Tariff Information for Exporting T-Shirts (HS 6109.10.00.14) from Colombia to the United States

## Your Export Scenario

| Detail | Information |
|--------|-------------|
| **Product** | T-shirts |
| **HS Code** | 6109.10.00.14 |
| **Country of Origin** | Colombia |
| **Country of Destination** | United States |

**Source:** User input

---

## Applicable Tariffs and Duties

Based on official tariff data, the following rates apply for HS code 6109.10.00.14 from Colombia to the United States:
",293672.62,10052.86,200,Success
2026-05-04T17:32:52.656784,60,load,Indirect,"We import raw cocoa (HS 1801) from Ghana, process it into chocolate (HS 1806) in Singapore, and export to Japan. How do we prove substantial transformation and claim preference under RCEP?","## Your RCEP Preference Claim Scenario: Ghana → Singapore → Japan

### Critical Finding: You Cannot Claim RCEP Preference for This Trade Flow

Based on the information provided and verified through our FTA membership database, **Ghana, Singapore, and Japan do NOT share membership in RCEP or any other common Free Trade Agreement**.

---

## Why RCEP Preference Cannot Be Claimed

### FTA Membership Analysis

**Countries in your supply chain:**
- **First exporting country:** Ghana
- **Intermediate ",230485.19,10097.97,200,Success
2026-05-04T17:33:05.457589,60,load,Direct,What HS code should I use for LED light fixtures (ceiling type) for export to India?,"### HS Code for LED Light Fixtures (Ceiling Type) for Export to India

Based on your enquiry for **LED light fixtures (ceiling type)** exported from **Singapore** to **India**, here are the sample HS codes identified:

---

### **You searched for:**
- **Product**: ""LED light fixtures ceiling""
- **Origin**: Singapore
- **Destination**: India

---

### **Sample HS Codes**

| HS Code | Description | Format | Has tariff/duty information | Notes |
|---------|-------------|--------|-------------------",233696.3,10047.74,200,Success
2026-05-04T17:33:08.603713,60,load,Indirect,"We export organic fertiliser (HS 3101) from Singapore to New Zealand. Under CPTPP, what are the rules of origin and any product-specific requirements we must meet?","Based on the information retrieved from **Mendel**, I can provide you with the Rules of Origin requirements for exporting organic fertiliser (HS 3101) from Singapore to New Zealand under CPTPP.

## Product Information
- **HS Code:** 3101
- **Product Description:** Animal or vegetable fertilisers, whether or not mixed together or chemically treated; fertilisers produced by the mixing or chemical treatment of animal or vegetable products
- **Country of Origin:** Singapore
- **Country of Destinatio",133577.7,10054.0,200,Success
2026-05-04T17:33:10.227415,60,load,Indirect,"We have an existing PCO but the importer says the HS code on the certificate does not match their customs declaration. How do we correct or reissue the certificate, and will it affect the validity per","Thank you for reaching out. I can see you now have **four separate trade compliance scenarios** that require detailed analysis:

---

## **Your Questions:**

**Question 1:** ATIGA PCO requirements for multi-destination shipments  
- Shipping from Singapore to Indonesia, Philippines, and Vietnam under ATIGA
- Need clarification: one PCO per destination vs. one for the whole order
- Declaration requirements for each destination country

**Question 2:** HS 4819.60 export from Singapore to India  
-",150918.17,10048.62,200,Success
