Timestamp,User Count,Type,Name,Requests/s,Failures/s,50%,66%,75%,80%,90%,95%,98%,99%,99.9%,99.99%,100%,Total Request Count,Total Failure Count,Total Median Response Time,Total Average Response Time,Total Min Response Time,Total Max Response Time,Total Average Content Size
1777969419,0,,Aggregated,0.000000,0.000000,N/A,N/A,N/A,N/A,N/A,N/A,N/A,N/A,N/A,N/A,N/A,0,0,0,0.0,0,0,0
1777969420,1,,Aggregated,0.000000,0.000000,230,230,230,230,230,230,230,230,230,230,230,2,0,87,157.56410000903998,86.695600009989,228.43260000809096,172.0
1777969421,2,,Aggregated,0.000000,0.000000,140,140,230,230,230,230,230,230,230,230,230,4,0,87,133.5892750066705,75.18260000506416,228.43260000809096,172.0
1777969422,3,,Aggregated,0.000000,0.000000,140,140,190,190,230,230,230,230,230,230,230,6,0,87,129.0507166753135,49.928100022953004,228.43260000809096,172.0
1777969423,4,,Aggregated,2.000000,0.000000,140,140,190,190,230,230,230,230,230,230,230,8,0,87,122.15510000532959,49.928100022953004,228.43260000809096,172.0
1777969424,5,,Aggregated,2.000000,0.000000,120,140,140,190,230,230,230,230,230,230,230,10,0,87,115.35296000365634,49.928100022953004,228.43260000809096,172.0
1777969425,6,,Aggregated,2.000000,0.000000,120,130,140,140,190,230,230,230,230,230,230,12,0,87,111.05112500081304,49.928100022953004,228.43260000809096,172.0
1777969426,7,,Aggregated,2.000000,0.000000,120,140,140,150,190,230,230,230,230,230,230,14,0,87,109.2263714298107,49.928100022953004,228.43260000809096,172.0
1777969427,8,,Aggregated,2.000000,0.000000,120,140,150,150,190,230,230,230,230,230,230,16,0,87,108.89155625227431,49.928100022953004,228.43260000809096,172.0
1777969428,9,,Aggregated,2.000000,0.000000,120,140,140,150,190,230,230,230,230,230,230,18,0,87,107.43337777967099,49.928100022953004,228.43260000809096,172.0
1777969429,11,,Aggregated,2.000000,0.000000,120,140,150,160,230,480,480,480,480,480,480,20,0,87,123.31375500216382,49.7023000207264,482.7719999884721,172.0
1777969430,12,,Aggregated,2.000000,0.000000,130,140,150,160,230,380,480,480,480,480,480,22,0,120,135.40939091101544,49.7023000207264,482.7719999884721,172.0
1777969431,13,,Aggregated,2.000000,0.000000,120,140,150,160,230,380,480,480,480,480,480,24,0,120,131.02432083542226,42.127400025492534,482.7719999884721,172.0
1777969432,14,,Aggregated,1.800000,0.000000,120,140,140,150,230,380,480,480,480,480,480,26,0,120,127.9840692340468,42.127400025492534,482.7719999884721,172.0
1777969433,15,,Aggregated,1.900000,0.000000,120,140,150,150,230,380,480,480,480,480,480,27,0,120,128.9423518551134,42.127400025492534,482.7719999884721,172.96296296296296
1777969434,16,,Aggregated,2.000000,0.000000,130,140,160,190,380,480,1300,1300,1300,1300,1300,30,0,130,176.38012333676065,42.127400025492534,1327.2526999935508,172.0
1777969435,17,,Aggregated,1.900000,0.000000,140,150,170,190,380,530,1300,1300,1300,1300,1300,32,0,130,186.17399375307286,42.127400025492534,1327.2526999935508,172.0
1777969436,18,,Aggregated,1.900000,0.000000,140,140,160,190,380,530,1300,1300,1300,1300,1300,34,0,130,181.7999000032775,42.127400025492534,1327.2526999935508,172.0
1777969437,19,,Aggregated,1.900000,0.000000,140,140,160,190,380,530,1300,1300,1300,1300,1300,34,0,130,181.7999000032775,42.127400025492534,1327.2526999935508,172.0
1777969438,20,,Aggregated,1.900000,0.000000,140,150,160,190,480,1100,1300,1300,1300,1300,1300,38,0,130,198.6107894772431,42.127400025492534,1327.2526999935508,172.0
1777969439,21,,Aggregated,2.000000,0.000000,130,140,160,190,480,1100,1300,1300,1300,1300,1300,40,0,130,192.5264200028323,41.28079998190515,1327.2526999935508,172.0
1777969440,22,,Aggregated,1.800000,0.000000,130,140,150,170,380,530,1300,1300,1300,1300,1300,42,0,120,187.3884952406765,41.28079998190515,1327.2526999935508,172.0
1777969441,23,,Aggregated,2.000000,0.000000,120,140,150,170,380,530,1300,1300,1300,1300,1300,44,0,120,182.980538638896,41.28079998190515,1327.2526999935508,172.0
1777969442,24,,Aggregated,2.200000,0.000000,120,140,150,160,380,530,1300,1300,1300,1300,1300,46,0,120,180.3625217416202,41.28079998190515,1327.2526999935508,172.0
1777969443,25,,Aggregated,2.100000,0.000000,120,140,150,160,380,530,1300,1300,1300,1300,1300,48,0,120,176.8088812532369,41.28079998190515,1327.2526999935508,172.0
1777969444,26,,Aggregated,2.000000,0.000000,120,140,150,170,380,530,1300,1300,1300,1300,1300,50,0,120,178.69309200323187,41.28079998190515,1327.2526999935508,172.0
1777969445,27,,Aggregated,2.000000,0.000000,120,140,150,160,330,530,1100,1300,1300,1300,1300,52,0,120,174.93107307997818,41.28079998190515,1327.2526999935508,172.0
1777969446,28,,Aggregated,2.100000,0.000000,120,140,150,160,330,530,1100,1300,1300,1300,1300,54,0,120,171.8478703729084,41.28079998190515,1327.2526999935508,172.0
1777969447,29,,Aggregated,2.100000,0.000000,120,140,150,160,330,530,1100,1300,1300,1300,1300,56,0,120,169.3936946456753,41.28079998190515,1327.2526999935508,172.0
1777969448,30,,Aggregated,2.100000,0.000000,120,140,150,160,330,530,1100,1300,1300,1300,1300,58,0,120,166.63660517500327,41.28079998190515,1327.2526999935508,172.0
1777969449,31,,Aggregated,2.000000,0.000000,120,140,150,160,330,530,1100,1300,1300,1300,1300,60,0,120,164.80665333607854,41.28079998190515,1327.2526999935508,172.0
1777969450,32,,Aggregated,2.200000,0.000000,120,140,150,160,320,480,1100,1300,1300,1300,1300,62,0,120,162.59540806734753,41.28079998190515,1327.2526999935508,172.0
1777969451,33,,Aggregated,2.000000,0.000000,120,140,150,160,320,480,1100,1300,1300,1300,1300,64,0,120,160.0627562529553,41.28079998190515,1327.2526999935508,172.0
1777969452,34,,Aggregated,2.000000,0.000000,120,140,150,160,320,480,1100,1300,1300,1300,1300,66,0,120,158.51389091183205,41.28079998190515,1327.2526999935508,172.0
1777969453,35,,Aggregated,2.000000,0.000000,120,140,150,160,330,480,1100,1300,1300,1300,1300,68,0,120,159.98675588514956,41.28079998190515,1327.2526999935508,172.0
1777969454,36,,Aggregated,2.000000,0.000000,120,140,150,160,330,480,1100,1300,1300,1300,1300,70,0,120,158.13197143143043,41.28079998190515,1327.2526999935508,172.0
1777969455,37,,Aggregated,2.000000,0.000000,120,140,150,160,320,480,1100,1300,1300,1300,1300,72,0,120,156.09618750265022,41.28079998190515,1327.2526999935508,172.0
1777969456,38,,Aggregated,1.800000,0.000000,120,140,150,160,320,480,1100,1300,1300,1300,1300,74,0,120,154.3450486512754,41.28079998190515,1327.2526999935508,172.0
1777969457,39,,Aggregated,2.000000,0.000000,120,140,150,160,330,530,1100,1300,1300,1300,1300,76,0,120,160.0532842130633,41.28079998190515,1327.2526999935508,172.0
1777969458,40,,Aggregated,2.000000,0.000000,120,140,150,160,330,530,1100,1300,1300,1300,1300,78,0,120,158.51776154102902,41.28079998190515,1327.2526999935508,172.0
1777969459,41,,Aggregated,2.000000,0.000000,120,140,150,160,330,530,1100,1300,1300,1300,1300,80,0,120,156.7502375026379,41.28079998190515,1327.2526999935508,172.0
1777969460,42,,Aggregated,1.900000,0.000000,120,140,150,160,320,480,1100,1300,1300,1300,1300,82,0,120,155.1551829293092,41.28079998190515,1327.2526999935508,172.0
1777969461,43,,Aggregated,2.000000,0.000000,120,140,150,160,320,480,1100,1300,1300,1300,1300,84,0,120,153.82962381166485,41.28079998190515,1327.2526999935508,172.0
1777969462,44,,Aggregated,1.900000,0.000000,120,140,150,150,320,480,1100,1300,1300,1300,1300,86,0,120,152.5936848856238,41.28079998190515,1327.2526999935508,172.0
1777969463,45,,Aggregated,1.900000,0.000000,120,140,150,150,320,480,1100,1300,1300,1300,1300,88,0,120,151.0674375018756,41.28079998190515,1327.2526999935508,172.0
1777969464,46,,Aggregated,1.900000,0.000000,120,140,150,150,320,480,1100,1300,1300,1300,1300,90,0,120,149.52413889081475,41.28079998190515,1327.2526999935508,172.0
1777969465,47,,Aggregated,2.100000,0.000000,120,140,150,150,230,480,1100,1300,1300,1300,1300,92,0,120,148.15157174092272,41.28079998190515,1327.2526999935508,172.0
1777969466,48,,Aggregated,1.900000,0.000000,120,140,150,150,230,480,1100,1300,1300,1300,1300,94,0,120,146.79823404436863,41.28079998190515,1327.2526999935508,172.0
1777969467,49,,Aggregated,1.900000,0.000000,120,140,150,150,230,480,1100,1300,1300,1300,1300,96,0,120,145.71926041814245,41.28079998190515,1327.2526999935508,172.0
1777969468,50,,Aggregated,1.800000,0.000000,120,140,150,150,230,480,1100,1300,1300,1300,1300,98,0,120,145.1748489813252,41.28079998190515,1327.2526999935508,172.0
1777969469,51,,Aggregated,1.900000,0.000000,120,140,150,150,230,480,1100,1300,1300,1300,1300,100,0,120,144.54418900160817,41.28079998190515,1327.2526999935508,172.0
1777969470,52,,Aggregated,1.900000,0.000000,120,140,150,150,190,380,610,1100,1300,1300,1300,102,0,120,143.53804313891575,41.28079998190515,1327.2526999935508,172.0
1777969471,53,,Aggregated,1.800000,0.000000,120,140,150,150,190,380,610,1100,1300,1300,1300,104,0,120,142.44060865558612,41.28079998190515,1327.2526999935508,172.0
1777969472,54,,Aggregated,1.900000,0.000000,120,140,150,150,190,380,610,1100,1300,1300,1300,106,0,120,141.51744056769806,41.28079998190515,1327.2526999935508,172.0
1777969473,55,,Aggregated,1.900000,0.000000,120,140,150,150,190,380,610,1100,1300,1300,1300,108,0,120,140.79944722389985,41.28079998190515,1327.2526999935508,172.0
1777969474,56,,Aggregated,1.900000,0.000000,120,140,150,150,190,380,610,1100,1300,1300,1300,110,0,120,139.89312363820235,41.28079998190515,1327.2526999935508,172.0
1777969475,57,,Aggregated,1.900000,0.000000,120,130,150,150,180,380,610,1100,1300,1300,1300,112,0,120,138.9413044661134,41.28079998190515,1327.2526999935508,172.0
1777969477,58,,Aggregated,1.900000,0.000000,120,140,150,150,180,380,610,1100,1300,1300,1300,114,0,120,138.27316930007981,41.28079998190515,1327.2526999935508,172.0
1777969478,59,,Aggregated,1.900000,0.000000,120,140,150,150,190,380,610,1100,1300,1300,1300,116,0,120,138.14895344995452,41.28079998190515,1327.2526999935508,172.0
1777969479,60,,Aggregated,2.000000,0.000000,120,130,150,150,190,380,610,1100,1300,1300,1300,118,0,120,137.1694686457562,41.28079998190515,1327.2526999935508,172.0
1777969480,61,,Aggregated,2.000000,0.000000,120,140,150,150,190,380,610,1100,1300,1300,1300,120,0,120,136.44026416829243,41.28079998190515,1327.2526999935508,172.0
1777969481,62,,Aggregated,2.000000,0.000000,120,140,140,150,180,350,610,1100,1300,1300,1300,122,0,120,135.7848139362387,41.28079998190515,1327.2526999935508,172.0
1777969482,63,,Aggregated,2.000000,0.000000,120,140,150,150,180,350,610,1100,1300,1300,1300,124,0,120,135.2489943566334,41.28079998190515,1327.2526999935508,172.0
1777969483,64,,Aggregated,2.000000,0.000000,120,140,150,150,190,350,610,1100,1300,1300,1300,126,0,120,135.0449079382954,41.28079998190515,1327.2526999935508,172.0
1777969484,65,,Aggregated,2.000000,0.000000,120,140,150,150,190,350,610,1100,1300,1300,1300,128,0,120,134.30667187685685,41.28079998190515,1327.2526999935508,172.0
1777969485,66,,Aggregated,2.000000,0.000000,120,140,150,150,190,350,610,1100,1300,1300,1300,130,0,120,133.81659384803453,41.28079998190515,1327.2526999935508,172.0
1777969486,67,,Aggregated,2.000000,0.000000,120,140,150,150,180,350,610,1100,1300,1300,1300,132,0,120,133.19826969867185,41.28079998190515,1327.2526999935508,172.0
1777969487,68,,Aggregated,2.000000,0.000000,120,140,140,150,180,350,610,1100,1300,1300,1300,134,0,120,132.63489552399963,41.28079998190515,1327.2526999935508,172.0
1777969488,69,,Aggregated,2.000000,0.000000,120,140,150,150,180,350,610,1100,1300,1300,1300,136,0,120,132.20251617809373,41.28079998190515,1327.2526999935508,172.0
1777969489,70,,Aggregated,2.000000,0.000000,120,140,140,150,180,350,610,1100,1300,1300,1300,138,0,110,131.39805290025518,41.28079998190515,1327.2526999935508,172.0
1777969490,71,,Aggregated,2.000000,0.000000,120,140,140,150,180,350,610,1100,1300,1300,1300,140,0,110,130.78571000182168,41.28079998190515,1327.2526999935508,172.0
1777969491,72,,Aggregated,2.000000,0.000000,120,140,140,150,170,330,610,1100,1300,1300,1300,142,0,110,130.50379507218219,41.28079998190515,1327.2526999935508,172.0
1777969492,73,,Aggregated,2.000000,0.000000,120,140,140,150,170,330,610,1100,1300,1300,1300,144,0,110,129.95099583511345,41.28079998190515,1327.2526999935508,172.0
1777969493,74,,Aggregated,2.000000,0.000000,110,140,140,150,170,330,610,1100,1300,1300,1300,147,0,110,128.88955714463788,41.28079998190515,1327.2526999935508,170.82993197278913
1777969494,75,,Aggregated,2.000000,0.000000,110,130,140,150,170,330,610,1100,1300,1300,1300,149,0,110,128.3690248340237,41.28079998190515,1327.2526999935508,170.84563758389262
1777969495,76,,Aggregated,2.000000,0.000000,110,130,140,150,170,330,530,1100,1300,1300,1300,151,0,110,127.98089470362771,41.28079998190515,1327.2526999935508,170.86092715231788
1777969496,77,,Aggregated,2.100000,0.000000,110,130,140,150,170,330,530,1100,1300,1300,1300,153,0,110,127.33124117815892,41.28079998190515,1327.2526999935508,170.87581699346404
1777969497,78,,Aggregated,2.100000,0.000000,110,130,140,150,170,330,530,1100,1300,1300,1300,155,0,110,126.77736000172914,41.28079998190515,1327.2526999935508,170.89032258064515
1777969498,79,,Aggregated,2.100000,0.000000,110,130,140,150,170,330,530,1100,1300,1300,1300,158,0,110,126.04498860936117,41.28079998190515,1327.2526999935508,169.8227848101266
1777969499,80,,Aggregated,2.100000,0.000000,110,130,140,150,170,330,530,1100,1300,1300,1300,160,0,110,125.54385437670135,41.28079998190515,1327.2526999935508,169.85
1777969500,81,,Aggregated,2.100000,0.000000,110,130,140,150,170,320,530,1100,1300,1300,1300,163,0,110,124.44512638194841,41.28079998190515,1327.2526999935508,168.83435582822085
1777969501,82,,Aggregated,2.200000,0.000000,110,130,140,150,170,320,530,1100,1300,1300,1300,165,0,110,123.9830066681007,41.28079998190515,1327.2526999935508,168.87272727272727
1777969502,83,,Aggregated,2.200000,0.000000,110,130,140,150,170,320,530,1100,1300,1300,1300,167,0,110,123.78855030091401,41.28079998190515,1327.2526999935508,168.91017964071855
1777969503,84,,Aggregated,2.300000,0.000000,110,130,140,150,170,320,530,1100,1300,1300,1300,169,0,110,123.45274319660784,41.28079998190515,1327.2526999935508,168.9467455621302
1777969504,85,,Aggregated,2.300000,0.000000,110,130,140,150,160,320,530,1100,1300,1300,1300,171,0,110,123.08785321762137,41.28079998190515,1327.2526999935508,168.98245614035088
1777969505,86,,Aggregated,2.300000,0.000000,110,130,140,150,160,320,530,1100,1300,1300,1300,173,0,110,122.65426069487968,41.28079998190515,1327.2526999935508,169.01734104046244
1777969506,87,,Aggregated,2.200000,0.000000,110,130,140,150,160,320,530,1100,1300,1300,1300,175,0,110,122.49038971544776,41.28079998190515,1327.2526999935508,169.05142857142857
1777969507,88,,Aggregated,2.200000,0.000000,110,130,140,150,160,320,530,1100,1300,1300,1300,177,0,110,122.09874632887379,41.28079998190515,1327.2526999935508,169.08474576271186
1777969508,89,,Aggregated,2.200000,0.000000,110,130,140,150,160,320,530,1100,1300,1300,1300,179,0,110,121.72735698440492,41.28079998190515,1327.2526999935508,169.11731843575419
1777969509,90,,Aggregated,2.200000,0.000000,110,130,140,150,160,320,530,1100,1300,1300,1300,179,0,110,121.72735698440492,41.28079998190515,1327.2526999935508,169.11731843575419
1777969510,91,,Aggregated,2.200000,0.000000,110,130,140,150,160,320,610,1300,1500,1500,1500,183,0,110,128.2933278698245,41.28079998190515,1471.2931000103708,169.18032786885246
1777969511,92,,Aggregated,2.100000,0.000000,110,130,140,150,160,320,610,1300,1500,1500,1500,185,0,110,127.95401351444575,41.28079998190515,1471.2931000103708,169.2108108108108
1777969512,93,,Aggregated,1.900000,0.000000,110,130,140,150,160,320,610,1300,1500,1500,1500,187,0,110,127.39549304905253,41.28079998190515,1471.2931000103708,169.24064171122996
1777969513,94,,Aggregated,2.000000,0.000000,110,130,140,150,160,320,610,1300,1500,1500,1500,189,0,110,126.9423962971405,41.28079998190515,1471.2931000103708,169.26984126984127
1777969514,95,,Aggregated,2.000000,0.000000,110,130,140,150,160,320,610,1300,1500,1500,1500,191,0,110,126.6392062834759,41.28079998190515,1471.2931000103708,169.29842931937173
1777969515,96,,Aggregated,2.000000,0.000000,110,130,140,150,160,320,610,1300,1500,1500,1500,193,0,110,126.17750103700631,41.28079998190515,1471.2931000103708,169.32642487046633
1777969516,97,,Aggregated,2.000000,0.000000,110,130,140,150,160,320,610,1300,1500,1500,1500,195,0,110,125.83864461615657,41.28079998190515,1471.2931000103708,169.35384615384615
1777969517,98,,Aggregated,2.000000,0.000000,110,130,140,150,160,320,610,1300,1500,1500,1500,197,0,110,125.54481370639893,41.28079998190515,1471.2931000103708,169.38071065989848
1777969518,99,,Aggregated,2.000000,0.000000,110,130,140,150,160,320,610,1300,1500,1500,1500,199,0,110,125.34599497548103,41.28079998190515,1471.2931000103708,169.4070351758794
1777969519,100,,Aggregated,2.000000,0.000000,110,130,140,150,160,230,530,1100,1500,1500,1500,201,0,110,124.99521194090742,41.28079998190515,1471.2931000103708,169.43283582089552
1777969520,101,,Aggregated,2.000000,0.000000,110,130,140,150,160,230,530,1100,1500,1500,1500,203,0,110,124.69977044398333,41.28079998190515,1471.2931000103708,169.45812807881774
1777969521,102,,Aggregated,2.000000,0.000000,110,130,140,150,160,230,530,1100,1500,1500,1500,205,0,110,124.32118097629693,41.28079998190515,1471.2931000103708,169.48292682926828
1777969522,103,,Aggregated,2.200000,0.000000,110,130,140,150,160,230,530,1100,1500,1500,1500,207,0,110,123.99592173987648,41.28079998190515,1471.2931000103708,169.5072463768116
1777969523,104,,Aggregated,2.000000,0.000000,110,130,140,150,160,230,530,1100,1500,1500,1500,209,0,110,124.13216842189163,41.28079998190515,1471.2931000103708,169.5311004784689
1777969524,105,,Aggregated,2.000000,0.000000,110,130,140,150,160,230,530,1100,1500,1500,1500,211,0,110,123.72217962164675,41.28079998190515,1471.2931000103708,169.55450236966826
1777969525,106,,Aggregated,2.000000,0.000000,110,130,140,150,160,230,530,1100,1500,1500,1500,213,0,110,123.32376619806938,41.28079998190515,1471.2931000103708,169.57746478873239
1777969526,107,,Aggregated,2.000000,0.000000,110,130,140,150,160,230,530,1100,1500,1500,1500,215,0,110,122.97388976832397,41.28079998190515,1471.2931000103708,169.6
1777969527,108,,Aggregated,2.000000,0.000000,110,130,140,150,160,230,530,1100,1500,1500,1500,215,0,110,122.97388976832397,41.28079998190515,1471.2931000103708,169.6
1777969528,109,,Aggregated,2.000000,0.000000,110,130,140,150,160,320,610,1300,1500,1500,1500,219,0,110,128.8337662108253,41.28079998190515,1537.5217999971937,169.64383561643837
1777969529,110,,Aggregated,2.000000,0.000000,110,130,140,140,160,230,610,1300,1500,1500,1500,221,0,110,128.4410131230531,41.28079998190515,1537.5217999971937,169.66515837104072
1777969530,111,,Aggregated,1.800000,0.000000,110,130,140,140,160,230,610,1300,1500,1500,1500,223,0,110,128.0716892385087,41.28079998190515,1537.5217999971937,169.68609865470853
1777969531,112,,Aggregated,1.900000,0.000000,110,130,140,140,160,230,610,1300,1500,1500,1500,225,0,110,127.63397244516656,41.28079998190515,1537.5217999971937,169.70666666666668
1777969532,113,,Aggregated,2.000000,0.000000,110,130,140,140,160,230,610,1300,1500,1500,1500,227,0,110,127.27750264393322,41.28079998190515,1537.5217999971937,169.72687224669605
1777969533,114,,Aggregated,2.000000,0.000000,110,130,140,140,160,230,610,1300,1500,1500,1500,229,0,110,126.92239694411695,40.19600001629442,1537.5217999971937,169.74672489082968
1777969534,115,,Aggregated,2.000000,0.000000,110,130,140,140,160,320,610,1300,1500,1500,1500,231,0,110,129.06617099644507,40.19600001629442,1537.5217999971937,169.76623376623377
1777969535,116,,Aggregated,2.000000,0.000000,110,130,140,150,160,330,640,1300,1500,1500,1500,234,0,110,130.67566794947757,40.19600001629442,1537.5217999971937,169.05982905982907
1777969536,117,,Aggregated,1.900000,0.000000,110,130,140,140,160,330,640,1300,1500,1500,1500,237,0,110,129.9770489458598,40.19600001629442,1537.5217999971937,168.37130801687763
1777969537,118,,Aggregated,1.900000,0.000000,110,130,140,140,160,330,640,1300,1500,1500,1500,239,0,110,129.6560292894013,40.19600001629442,1537.5217999971937,168.40167364016736
1777969538,119,,Aggregated,1.800000,0.000000,110,130,140,140,160,320,640,1300,1500,1500,1500,241,0,110,129.4134481335677,40.19600001629442,1537.5217999971937,168.43153526970954
1777969539,120,,Aggregated,2.100000,0.000000,110,130,140,140,160,320,640,1300,1500,1500,1500,243,0,110,128.9509946510096,40.19600001629442,1537.5217999971937,168.46090534979425
1777969540,121,,Aggregated,2.400000,0.000000,110,130,140,140,160,320,640,1300,1500,1500,1500,245,0,110,128.55454612326125,40.19600001629442,1537.5217999971937,168.48979591836735
1777969541,122,,Aggregated,2.300000,0.000000,110,130,140,140,160,320,640,1300,1500,1500,1500,247,0,110,128.25681902913598,40.19600001629442,1537.5217999971937,168.51821862348177
1777969542,123,,Aggregated,2.200000,0.000000,110,130,140,140,160,320,640,1300,1500,1500,1500,249,0,110,127.90638433821242,40.19600001629442,1537.5217999971937,168.54618473895582
1777969543,124,,Aggregated,2.200000,0.000000,110,130,140,140,160,320,610,1300,1500,1500,1500,251,0,110,127.65739043915748,40.19600001629442,1537.5217999971937,168.57370517928288
1777969544,125,,Aggregated,2.200000,0.000000,110,130,140,140,160,320,610,1300,1500,1500,1500,253,0,110,127.28187984284455,40.19600001629442,1537.5217999971937,168.600790513834
1777969545,126,,Aggregated,2.200000,0.000000,110,130,140,140,160,320,610,1300,1500,1500,1500,255,0,110,126.92316392249445,40.19600001629442,1537.5217999971937,168.62745098039215
1777969546,127,,Aggregated,2.200000,0.000000,110,130,140,140,160,320,610,1300,1500,1500,1500,257,0,110,126.65386809419356,40.19600001629442,1537.5217999971937,168.65369649805447
1777969547,128,,Aggregated,2.300000,0.000000,110,130,140,140,160,320,610,1300,1500,1500,1500,259,0,110,126.37493861088544,40.19600001629442,1537.5217999971937,168.67953667953668
1777969548,129,,Aggregated,2.400000,0.000000,110,130,140,140,160,230,610,1300,1500,1500,1500,261,0,110,126.08278697408768,40.19600001629442,1537.5217999971937,168.70498084291188
1777969549,130,,Aggregated,2.400000,0.000000,110,130,140,140,160,230,610,1300,1500,1500,1500,261,0,110,126.08278697408768,40.19600001629442,1537.5217999971937,168.70498084291188
1777969550,131,,Aggregated,2.000000,0.000000,110,130,140,140,160,330,640,1500,1500,1500,1500,265,0,110,132.29094641590666,40.19600001629442,1537.5217999971937,168.75471698113208
1777969551,132,,Aggregated,2.000000,0.000000,110,130,140,140,160,330,640,1500,1500,1500,1500,267,0,110,131.98080000076058,40.19600001629442,1537.5217999971937,168.77902621722848
1777969552,133,,Aggregated,1.800000,0.000000,110,130,140,140,160,330,640,1500,1500,1500,1500,270,0,110,131.5150148157651,40.19600001629442,1537.5217999971937,168.17777777777778
1777969553,134,,Aggregated,1.600000,0.000000,110,130,140,140,160,330,640,1500,1500,1500,1500,272,0,110,131.15963566269784,40.19600001629442,1537.5217999971937,168.2058823529412
1777969554,135,,Aggregated,2.000000,0.000000,110,130,140,140,160,330,640,1500,1500,1500,1500,274,0,110,130.8260138695091,40.19600001629442,1537.5217999971937,168.23357664233578
1777969555,136,,Aggregated,2.100000,0.000000,110,130,140,140,160,330,640,1500,1500,1500,1500,277,0,110,130.29683646300492,40.19600001629442,1537.5217999971937,167.65342960288808
1777969556,137,,Aggregated,2.100000,0.000000,110,130,140,140,160,330,640,1500,1500,1500,1500,279,0,110,129.96697455279923,40.19600001629442,1537.5217999971937,167.68458781362008
1777969557,138,,Aggregated,2.100000,0.000000,110,130,130,140,160,320,640,1500,1500,1500,1500,281,0,110,129.72099288326135,40.19600001629442,1537.5217999971937,167.71530249110322
1777969558,139,,Aggregated,2.200000,0.000000,110,130,130,140,160,320,640,1500,1500,1500,1500,283,0,110,129.42376996539846,40.19600001629442,1537.5217999971937,167.74558303886926
1777969559,140,,Aggregated,2.200000,0.000000,110,130,130,140,160,320,640,1500,1500,1500,1500,285,0,110,129.14782421114006,40.19600001629442,1537.5217999971937,167.77543859649123
1777969560,141,,Aggregated,2.200000,0.000000,110,130,130,140,160,320,640,1500,1500,1500,1500,287,0,110,128.8907954709455,40.19600001629442,1537.5217999971937,167.8048780487805
1777969561,142,,Aggregated,2.200000,0.000000,110,130,130,140,160,320,640,1500,1500,1500,1500,289,0,110,128.6000622842045,40.19600001629442,1537.5217999971937,167.83391003460207
1777969562,143,,Aggregated,2.400000,0.000000,110,130,130,140,160,320,640,1500,1500,1500,1500,291,0,110,128.53427525820558,40.19600001629442,1537.5217999971937,167.86254295532646
1777969563,144,,Aggregated,2.600000,0.000000,110,130,130,140,160,320,640,1500,1500,1500,1500,293,0,110,128.3540744033488,40.19600001629442,1537.5217999971937,167.89078498293514
1777969564,145,,Aggregated,2.200000,0.000000,110,130,130,140,160,320,640,1500,1500,1500,1500,295,0,110,128.0766467802558,40.19600001629442,1537.5217999971937,167.9186440677966
1777969565,146,,Aggregated,2.100000,0.000000,110,130,130,140,160,320,640,1500,1500,1500,1500,297,0,110,127.74057138108755,40.19600001629442,1537.5217999971937,167.94612794612794
1777969566,147,,Aggregated,2.100000,0.000000,110,130,130,140,160,320,640,1500,1500,1500,1500,299,0,110,127.46228862942795,40.19600001629442,1537.5217999971937,167.9732441471572
1777969567,148,,Aggregated,2.100000,0.000000,100,130,130,140,160,230,610,1300,1500,1500,1500,301,0,100,127.12875714355792,40.19600001629442,1537.5217999971937,168.0
1777969568,149,,Aggregated,2.000000,0.000000,100,130,130,140,160,230,610,1300,1500,1500,1500,303,0,100,126.97253135384888,40.19600001629442,1537.5217999971937,168.02640264026402
1777969569,150,,Aggregated,2.000000,0.000000,100,130,130,140,160,230,610,1300,1500,1500,1500,305,0,100,126.65448262361947,40.19600001629442,1537.5217999971937,168.05245901639344
1777969570,150,,Aggregated,1.900000,0.000000,110,130,130,140,160,230,610,1300,1500,1500,1500,308,0,100,126.59501006551595,40.19600001629442,1537.5217999971937,167.53246753246754
1777969571,150,,Aggregated,1.900000,0.000000,110,130,130,140,160,230,610,1300,1500,1500,1500,308,0,100,126.59501006551595,40.19600001629442,1537.5217999971937,167.53246753246754
1777969572,150,,Aggregated,1.900000,0.000000,110,130,130,140,160,230,610,1300,1500,1500,1500,308,0,100,126.59501006551595,40.19600001629442,1537.5217999971937,167.53246753246754
1777969573,150,,Aggregated,1.900000,0.000000,110,130,130,140,160,230,610,1300,1500,1500,1500,308,0,100,126.59501006551595,40.19600001629442,1537.5217999971937,167.53246753246754
1777969574,150,,Aggregated,1.900000,0.000000,110,130,130,140,160,230,610,1300,1500,1500,1500,308,0,100,126.59501006551595,40.19600001629442,1537.5217999971937,167.53246753246754
1777969575,150,,Aggregated,1.900000,0.000000,110,130,130,140,160,230,610,1300,1500,1500,1500,308,0,100,126.59501006551595,40.19600001629442,1537.5217999971937,167.53246753246754
1777969576,150,,Aggregated,1.900000,0.000000,110,130,130,140,160,230,610,1300,1500,1500,1500,308,0,100,126.59501006551595,40.19600001629442,1537.5217999971937,167.53246753246754
1777969577,150,,Aggregated,1.900000,0.000000,110,130,130,140,160,230,610,1300,1500,1500,1500,308,0,100,126.59501006551595,40.19600001629442,1537.5217999971937,167.53246753246754
1777969578,150,,Aggregated,1.900000,0.000000,110,130,130,140,160,230,610,1300,1500,1500,1500,308,0,100,126.59501006551595,40.19600001629442,1537.5217999971937,167.53246753246754
1777969579,150,,Aggregated,1.900000,0.000000,110,130,130,140,160,230,610,1300,1500,1500,1500,308,0,100,126.59501006551595,40.19600001629442,1537.5217999971937,167.53246753246754
1777969580,150,,Aggregated,1.900000,0.000000,110,130,130,140,160,230,610,1300,1500,1500,1500,308,0,100,126.59501006551595,40.19600001629442,1537.5217999971937,167.53246753246754
1777969581,150,,Aggregated,1.900000,0.000000,110,130,130,140,160,230,610,1300,1500,1500,1500,308,0,100,126.59501006551595,40.19600001629442,1537.5217999971937,167.53246753246754
1777969582,150,,Aggregated,0.200000,0.000000,100,130,130,140,160,230,610,1300,1500,1500,1500,309,0,100,126.42978576108403,40.19600001629442,1537.5217999971937,166.9902912621359
1777969583,150,,Aggregated,0.200000,0.000000,100,130,130,140,160,230,610,1300,1500,1500,1500,309,0,100,126.42978576108403,40.19600001629442,1537.5217999971937,166.9902912621359
1777969584,150,,Aggregated,0.200000,0.000000,100,130,130,140,160,230,610,1300,1500,1500,1500,309,0,100,126.42978576108403,40.19600001629442,1537.5217999971937,166.9902912621359
1777969585,150,,Aggregated,0.200000,0.000000,100,130,130,140,160,230,610,1300,1500,1500,1500,309,0,100,126.42978576108403,40.19600001629442,1537.5217999971937,166.9902912621359
1777969586,150,,Aggregated,0.200000,0.000000,100,130,130,140,160,230,610,1300,1500,1500,1500,309,0,100,126.42978576108403,40.19600001629442,1537.5217999971937,166.9902912621359
1777969587,150,,Aggregated,0.200000,0.000000,100,130,130,140,160,230,610,1300,1500,1500,1500,309,0,100,126.42978576108403,40.19600001629442,1537.5217999971937,166.9902912621359
1777969588,150,,Aggregated,0.200000,0.000000,100,130,130,140,160,230,610,1300,1500,1500,1500,309,0,100,126.42978576108403,40.19600001629442,1537.5217999971937,166.9902912621359
1777969589,150,,Aggregated,0.100000,0.000000,100,130,130,140,160,230,610,1300,1500,1500,1500,310,0,100,126.15020451672946,39.759600011166185,1537.5217999971937,166.4516129032258
1777969591,150,,Aggregated,0.100000,0.000000,100,130,130,140,160,230,610,1300,1500,1500,1500,310,0,100,126.15020451672946,39.759600011166185,1537.5217999971937,166.4516129032258
1777969592,150,,Aggregated,0.100000,0.000000,100,130,130,140,160,230,610,1300,1500,1500,1500,311,0,100,125.91446045076046,39.759600011166185,1537.5217999971937,165.91639871382637
1777969593,150,,Aggregated,0.100000,0.000000,100,130,130,140,160,230,610,1300,1500,1500,1500,311,0,100,125.91446045076046,39.759600011166185,1537.5217999971937,165.91639871382637
1777969594,150,,Aggregated,0.100000,0.000000,100,130,130,140,160,230,610,1300,1500,1500,1500,311,0,100,125.91446045076046,39.759600011166185,1537.5217999971937,165.91639871382637
1777969595,150,,Aggregated,0.100000,0.000000,100,130,130,140,160,230,610,1300,1500,1500,1500,311,0,100,125.91446045076046,39.759600011166185,1537.5217999971937,165.91639871382637
1777969596,150,,Aggregated,0.100000,0.000000,100,130,130,140,160,230,610,1300,1500,1500,1500,311,0,100,125.91446045076046,39.759600011166185,1537.5217999971937,165.91639871382637
1777969597,150,,Aggregated,0.100000,0.000000,100,130,130,140,160,230,610,1300,1500,1500,1500,311,0,100,125.91446045076046,39.759600011166185,1537.5217999971937,165.91639871382637
1777969598,150,,Aggregated,0.100000,0.000000,100,130,130,140,160,230,610,1300,1500,1500,1500,311,0,100,125.91446045076046,39.759600011166185,1537.5217999971937,165.91639871382637
1777969599,150,,Aggregated,0.100000,0.000000,100,130,130,140,160,230,610,1300,1500,1500,1500,311,0,100,125.91446045076046,39.759600011166185,1537.5217999971937,165.91639871382637
1777969600,150,,Aggregated,0.100000,0.000000,100,130,130,140,160,230,610,1300,1500,1500,1500,311,0,100,125.91446045076046,39.759600011166185,1537.5217999971937,165.91639871382637
1777969601,150,,Aggregated,0.100000,0.000000,100,130,130,140,160,230,610,1300,1500,1500,1500,311,0,100,125.91446045076046,39.759600011166185,1537.5217999971937,165.91639871382637
1777969602,150,,Aggregated,0.100000,0.000000,100,130,130,140,160,230,610,1300,1500,1500,1500,311,0,100,125.91446045076046,39.759600011166185,1537.5217999971937,165.91639871382637
1777969603,150,,Aggregated,0.100000,0.000000,100,130,130,140,160,230,610,1300,1500,1500,1500,311,0,100,125.91446045076046,39.759600011166185,1537.5217999971937,165.91639871382637
1777969604,150,,Aggregated,0.000000,0.000000,100,130,130,140,160,230,610,1300,1500,1500,1500,313,1,100,125.51541437752718,39.759600011166185,1537.5217999971937,164.85623003194888
1777969605,150,,Aggregated,0.000000,0.000000,100,130,130,140,160,230,610,1300,1500,1500,1500,313,1,100,125.51541437752718,39.759600011166185,1537.5217999971937,164.85623003194888
1777969606,150,,Aggregated,0.000000,0.000000,98,130,130,140,160,230,610,1300,1500,1500,1500,316,1,88,124.7990996840438,39.759600011166185,1537.5217999971937,163.29113924050634
1777969607,150,,Aggregated,0.000000,0.000000,98,130,130,140,160,230,610,1300,1500,1500,1500,316,1,88,124.7990996840438,39.759600011166185,1537.5217999971937,163.29113924050634
1777969608,150,,Aggregated,0.000000,0.000000,98,130,130,140,160,230,610,1300,1500,1500,1500,316,1,88,124.7990996840438,39.759600011166185,1537.5217999971937,163.29113924050634
1777969609,150,,Aggregated,0.000000,0.000000,98,130,130,140,160,230,610,1300,1500,1500,1500,316,1,88,124.7990996840438,39.759600011166185,1537.5217999971937,163.29113924050634
1777969610,150,,Aggregated,0.500000,0.100000,88,130,130,140,160,230,610,1300,1500,1500,1500,317,1,88,124.55733028447625,39.759600011166185,1537.5217999971937,162.77602523659306
1777969611,150,,Aggregated,0.500000,0.100000,88,130,130,140,160,230,610,1300,1500,1500,1500,319,1,88,124.16395235173171,39.759600011166185,1537.5217999971937,161.75548589341693
1777969612,150,,Aggregated,0.500000,0.100000,88,130,130,140,160,230,610,1300,1500,1500,1500,319,1,88,124.16395235173171,39.759600011166185,1537.5217999971937,161.75548589341693
1777969613,150,,Aggregated,0.500000,0.100000,88,130,130,140,160,230,610,1300,1500,1500,1500,320,1,87,123.88922343816375,36.25070000998676,1537.5217999971937,161.25
1777969614,150,,Aggregated,0.500000,0.100000,88,130,130,140,160,230,610,1300,1500,1500,1500,320,1,87,123.88922343816375,36.25070000998676,1537.5217999971937,161.25
1777969615,150,,Aggregated,0.500000,0.100000,88,130,130,140,160,230,610,1300,1500,1500,1500,320,1,87,123.88922343816375,36.25070000998676,1537.5217999971937,161.25
1777969616,150,,Aggregated,0.500000,0.100000,88,130,130,140,160,230,610,1300,1500,1500,1500,320,1,87,123.88922343816375,36.25070000998676,1537.5217999971937,161.25
1777969617,150,,Aggregated,0.900000,0.100000,87,120,130,140,160,220,610,1300,1500,1500,1500,321,1,87,123.65131277322256,36.25070000998676,1537.5217999971937,160.74766355140187
1777969618,150,,Aggregated,0.900000,0.100000,87,120,130,140,160,220,610,1300,1500,1500,1500,321,1,87,123.65131277322256,36.25070000998676,1537.5217999971937,160.74766355140187
1777969619,150,,Aggregated,0.900000,0.100000,87,120,130,140,160,220,610,1300,1500,1500,1500,321,1,87,123.65131277322256,36.25070000998676,1537.5217999971937,160.74766355140187
1777969620,150,,Aggregated,0.900000,0.100000,87,120,130,140,160,220,610,1300,1500,1500,1500,321,1,87,123.65131277322256,36.25070000998676,1537.5217999971937,160.74766355140187
1777969621,150,,Aggregated,0.900000,0.100000,87,120,130,140,160,220,610,1300,1500,1500,1500,321,1,87,123.65131277322256,36.25070000998676,1537.5217999971937,160.74766355140187
1777969622,150,,Aggregated,0.900000,0.100000,87,120,130,140,160,220,610,1300,1500,1500,1500,321,1,87,123.65131277322256,36.25070000998676,1537.5217999971937,160.74766355140187
1777969623,150,,Aggregated,0.900000,0.100000,87,120,130,140,160,220,610,1300,1500,1500,1500,321,1,87,123.65131277322256,36.25070000998676,1537.5217999971937,160.74766355140187
1777969624,150,,Aggregated,0.200000,0.000000,87,120,130,140,160,220,610,1300,1500,1500,1500,322,1,84,123.422891926165,36.25070000998676,1537.5217999971937,160.24844720496895
1777969625,150,,Aggregated,0.200000,0.000000,84,120,130,140,160,220,610,1300,1500,1500,1500,323,1,84,123.17317275614434,36.25070000998676,1537.5217999971937,159.75232198142416
1777969626,150,,Aggregated,0.200000,0.000000,84,120,130,140,160,220,610,1300,1500,1500,1500,323,1,84,123.17317275614434,36.25070000998676,1537.5217999971937,159.75232198142416
1777969627,150,,Aggregated,0.100000,0.000000,84,120,130,140,160,220,610,1300,1500,1500,1500,324,1,80,122.95363117354336,36.25070000998676,1537.5217999971937,159.25925925925927
1777969628,150,,Aggregated,0.300000,0.000000,80,120,130,140,160,220,610,1300,1500,1500,1500,325,1,80,122.72097969302334,36.25070000998676,1537.5217999971937,158.76923076923077
1777969629,150,,Aggregated,0.300000,0.000000,80,120,130,140,160,220,610,1300,1500,1500,1500,325,1,80,122.72097969302334,36.25070000998676,1537.5217999971937,158.76923076923077
1777969630,150,,Aggregated,0.300000,0.000000,80,120,130,140,160,220,610,1300,1500,1500,1500,325,1,80,122.72097969302334,36.25070000998676,1537.5217999971937,158.76923076923077
1777969631,150,,Aggregated,0.300000,0.000000,80,120,130,140,160,220,610,1300,1500,1500,1500,325,1,80,122.72097969302334,36.25070000998676,1537.5217999971937,158.76923076923077
1777969632,150,,Aggregated,0.300000,0.000000,80,120,130,140,160,220,610,1300,1500,1500,1500,325,1,80,122.72097969302334,36.25070000998676,1537.5217999971937,158.76923076923077
1777969633,150,,Aggregated,0.300000,0.000000,80,120,130,140,160,220,610,1300,1500,1500,1500,325,1,80,122.72097969302334,36.25070000998676,1537.5217999971937,158.76923076923077
1777969634,150,,Aggregated,0.400000,0.000000,77,120,130,140,160,220,610,1300,1500,1500,1500,327,1,77,122.264743119956,36.25070000998676,1537.5217999971937,157.7981651376147
1777969635,150,,Aggregated,0.400000,0.000000,77,120,130,140,160,220,610,1300,1500,1500,1500,327,1,77,122.264743119956,36.25070000998676,1537.5217999971937,157.7981651376147
1777969636,150,,Aggregated,0.400000,0.000000,77,120,130,140,160,220,610,1300,1500,1500,1500,327,1,77,122.264743119956,36.25070000998676,1537.5217999971937,157.7981651376147
1777969637,150,,Aggregated,0.400000,0.000000,77,120,130,140,160,220,610,1300,1500,1500,1500,328,1,76,122.03285853728431,36.25070000998676,1537.5217999971937,157.3170731707317
1777969638,150,,Aggregated,0.400000,0.000000,77,120,130,140,160,220,610,1300,1500,1500,1500,328,1,76,122.03285853728431,36.25070000998676,1537.5217999971937,157.3170731707317
1777969639,150,,Aggregated,0.400000,0.000000,77,120,130,140,160,220,610,1300,1500,1500,1500,328,1,76,122.03285853728431,36.25070000998676,1537.5217999971937,157.3170731707317
1777969640,150,,Aggregated,0.400000,0.000000,77,120,130,140,160,220,610,1300,1500,1500,1500,328,1,76,122.03285853728431,36.25070000998676,1537.5217999971937,157.3170731707317
1777969641,150,,Aggregated,0.400000,0.000000,77,120,130,140,160,220,610,1300,1500,1500,1500,328,1,76,122.03285853728431,36.25070000998676,1537.5217999971937,157.3170731707317
1777969642,150,,Aggregated,0.400000,0.000000,77,120,130,140,160,220,610,1300,1500,1500,1500,328,1,76,122.03285853728431,36.25070000998676,1537.5217999971937,157.3170731707317
1777969643,150,,Aggregated,0.400000,0.000000,77,120,130,140,160,220,610,1300,1500,1500,1500,328,1,76,122.03285853728431,36.25070000998676,1537.5217999971937,157.3170731707317
1777969644,150,,Aggregated,0.400000,0.000000,77,120,130,140,160,220,610,1300,1500,1500,1500,328,1,76,122.03285853728431,36.25070000998676,1537.5217999971937,157.3170731707317
1777969645,150,,Aggregated,0.400000,0.000000,77,120,130,140,160,220,610,1300,1500,1500,1500,328,1,76,122.03285853728431,36.25070000998676,1537.5217999971937,157.3170731707317
1777969646,150,,Aggregated,0.100000,0.000000,75,120,130,140,160,220,610,1300,1500,1500,1500,331,1,75,121.36350090700213,36.25070000998676,1537.5217999971937,155.89123867069486
1777969647,150,,Aggregated,0.100000,0.000000,75,120,130,140,160,220,610,1300,1500,1500,1500,331,1,75,121.36350090700213,36.25070000998676,1537.5217999971937,155.89123867069486
1777969648,150,,Aggregated,0.100000,0.000000,75,120,130,140,160,220,610,1300,1500,1500,1500,331,1,75,121.36350090700213,36.25070000998676,1537.5217999971937,155.89123867069486
1777969649,150,,Aggregated,0.400000,0.000000,75,120,130,140,160,220,610,1300,1500,1500,1500,332,1,73,121.12962289226623,36.25070000998676,1537.5217999971937,155.42168674698794
1777969650,150,,Aggregated,0.400000,0.000000,75,120,130,140,160,220,610,1300,1500,1500,1500,332,1,73,121.12962289226623,36.25070000998676,1537.5217999971937,155.42168674698794
1777969651,150,,Aggregated,0.400000,0.000000,75,120,130,140,160,220,610,1300,1500,1500,1500,332,1,73,121.12962289226623,36.25070000998676,1537.5217999971937,155.42168674698794
1777969652,150,,Aggregated,0.400000,0.000000,75,120,130,140,160,220,610,1300,1500,1500,1500,332,1,73,121.12962289226623,36.25070000998676,1537.5217999971937,155.42168674698794
1777969653,150,,Aggregated,0.400000,0.000000,75,120,130,140,160,220,610,1300,1500,1500,1500,332,1,73,121.12962289226623,36.25070000998676,1537.5217999971937,155.42168674698794
1777969654,150,,Aggregated,0.400000,0.000000,75,120,130,140,160,220,610,1300,1500,1500,1500,332,1,73,121.12962289226623,36.25070000998676,1537.5217999971937,155.42168674698794
1777969655,150,,Aggregated,0.400000,0.000000,75,120,130,140,160,220,610,1300,1500,1500,1500,333,1,75,121.14136967035053,36.25070000998676,1537.5217999971937,154.95495495495496
1777969656,150,,Aggregated,0.400000,0.000000,75,120,130,140,160,220,610,1300,1500,1500,1500,334,1,73,120.93211646773155,36.25070000998676,1537.5217999971937,154.49101796407186
1777969657,150,,Aggregated,0.400000,0.000000,75,120,130,140,160,220,610,1300,1500,1500,1500,334,1,73,120.93211646773155,36.25070000998676,1537.5217999971937,154.49101796407186
1777969658,150,,Aggregated,0.400000,0.000000,75,120,130,140,160,220,610,1300,1500,1500,1500,334,1,73,120.93211646773155,36.25070000998676,1537.5217999971937,154.49101796407186
1777969659,150,,Aggregated,0.400000,0.000000,75,120,130,140,160,220,610,1300,1500,1500,1500,334,1,73,120.93211646773155,36.25070000998676,1537.5217999971937,154.49101796407186
1777969660,150,,Aggregated,0.400000,0.000000,75,120,130,140,160,220,610,1300,1500,1500,1500,334,1,73,120.93211646773155,36.25070000998676,1537.5217999971937,154.49101796407186
1777969661,150,,Aggregated,0.400000,0.000000,75,120,130,140,160,220,610,1300,1500,1500,1500,334,1,73,120.93211646773155,36.25070000998676,1537.5217999971937,154.49101796407186
1777969662,150,,Aggregated,0.400000,0.000000,75,120,130,140,160,220,610,1300,1500,1500,1500,334,1,73,120.93211646773155,36.25070000998676,1537.5217999971937,154.49101796407186
1777969663,150,,Aggregated,0.400000,0.000000,75,120,130,140,160,220,610,1300,1500,1500,1500,334,1,73,120.93211646773155,36.25070000998676,1537.5217999971937,154.49101796407186
1777969664,150,,Aggregated,0.400000,0.000000,75,120,130,140,160,220,610,1300,1500,1500,1500,334,1,73,120.93211646773155,36.25070000998676,1537.5217999971937,154.49101796407186
1777969665,150,,Aggregated,0.400000,0.000000,75,120,130,140,160,220,610,1300,1500,1500,1500,334,1,73,120.93211646773155,36.25070000998676,1537.5217999971937,154.49101796407186
1777969666,150,,Aggregated,0.400000,0.000000,75,120,130,140,160,220,610,1300,1500,1500,1500,334,1,73,120.93211646773155,36.25070000998676,1537.5217999971937,154.49101796407186
1777969667,150,,Aggregated,0.400000,0.000000,75,120,130,140,160,220,610,1300,1500,1500,1500,334,1,73,120.93211646773155,36.25070000998676,1537.5217999971937,154.49101796407186
1777969668,150,,Aggregated,0.400000,0.000000,75,120,130,140,160,220,610,1300,1500,1500,1500,334,1,73,120.93211646773155,36.25070000998676,1537.5217999971937,154.49101796407186
1777969669,150,,Aggregated,0.400000,0.000000,75,120,130,140,160,220,610,1300,1500,1500,1500,334,1,73,120.93211646773155,36.25070000998676,1537.5217999971937,154.49101796407186
1777969670,150,,Aggregated,0.400000,0.000000,75,120,130,140,160,220,610,1300,1500,1500,1500,334,1,73,120.93211646773155,36.25070000998676,1537.5217999971937,154.49101796407186
1777969671,150,,Aggregated,0.000000,0.000000,73,120,130,140,160,220,610,1300,1500,1500,1500,335,1,73,120.74194895590085,36.25070000998676,1537.5217999971937,154.02985074626866
1777969672,150,,Aggregated,0.000000,0.000000,73,120,130,140,160,220,610,1300,1500,1500,1500,335,1,73,120.74194895590085,36.25070000998676,1537.5217999971937,154.02985074626866
1777969673,150,,Aggregated,0.000000,0.000000,73,120,130,140,160,220,610,1300,1500,1500,1500,335,1,73,120.74194895590085,36.25070000998676,1537.5217999971937,154.02985074626866
1777969674,150,,Aggregated,0.000000,0.000000,73,120,130,140,160,220,610,1300,1500,1500,1500,335,1,73,120.74194895590085,36.25070000998676,1537.5217999971937,154.02985074626866
1777969675,150,,Aggregated,0.000000,0.000000,73,120,130,140,160,220,610,1300,1500,1500,1500,335,1,73,120.74194895590085,36.25070000998676,1537.5217999971937,154.02985074626866
1777969676,150,,Aggregated,0.000000,0.000000,73,120,130,140,160,220,610,1300,1500,1500,1500,335,1,73,120.74194895590085,36.25070000998676,1537.5217999971937,154.02985074626866
1777969677,150,,Aggregated,0.100000,0.000000,73,120,130,140,160,220,610,1300,1500,1500,1500,337,1,73,120.37846320545376,36.25070000998676,1537.5217999971937,153.11572700296736
1777969678,150,,Aggregated,0.100000,0.000000,73,120,130,140,160,220,610,1300,1500,1500,1500,338,1,71,120.16453520779238,36.25070000998676,1537.5217999971937,152.66272189349112
1777969679,150,,Aggregated,0.100000,0.000000,73,120,130,140,160,220,610,1300,1500,1500,1500,338,1,71,120.16453520779238,36.25070000998676,1537.5217999971937,152.66272189349112
1777969680,150,,Aggregated,0.100000,0.000000,73,120,130,140,160,220,610,1300,1500,1500,1500,338,1,71,120.16453520779238,36.25070000998676,1537.5217999971937,152.66272189349112
1777969681,150,,Aggregated,0.400000,0.000000,74,120,130,140,160,220,610,1300,1500,1500,1500,340,1,73,120.34008411830976,36.25070000998676,1537.5217999971937,151.76470588235293
1777969682,150,,Aggregated,0.400000,0.000000,74,120,130,140,160,220,610,1300,1500,1500,1500,340,1,73,120.34008411830976,36.25070000998676,1537.5217999971937,151.76470588235293
1777969683,150,,Aggregated,0.400000,0.000000,73,120,130,140,160,210,610,1300,1500,1500,1500,341,1,73,120.09895014726145,36.25070000998676,1537.5217999971937,151.31964809384164
1777969684,150,,Aggregated,0.400000,0.000000,73,120,130,140,160,210,610,1300,1500,1500,1500,342,1,71,119.88606900643906,36.25070000998676,1537.5217999971937,150.87719298245614
1777969685,150,,Aggregated,0.400000,0.000000,73,120,130,140,160,210,610,1300,1500,1500,1500,342,1,71,119.88606900643906,36.25070000998676,1537.5217999971937,150.87719298245614
1777969686,150,,Aggregated,0.700000,0.000000,71,120,130,140,160,210,610,1300,1500,1500,1500,343,2,71,119.66859008801244,36.25070000998676,1537.5217999971937,150.43731778425655
1777969687,150,,Aggregated,0.700000,0.000000,71,120,130,140,160,210,610,1300,1500,1500,1500,344,2,70,119.45073226795716,36.25070000998676,1537.5217999971937,150.0
1777969688,150,,Aggregated,0.700000,0.000000,71,120,130,140,160,210,610,1300,1500,1500,1500,344,2,70,119.45073226795716,36.25070000998676,1537.5217999971937,150.0
1777969689,150,,Aggregated,0.700000,0.000000,71,120,130,140,160,210,610,1300,1500,1500,1500,344,2,70,119.45073226795716,36.25070000998676,1537.5217999971937,150.0
1777969690,150,,Aggregated,0.700000,0.100000,70,120,130,140,160,210,610,1300,1500,1500,1500,348,2,69,118.97329310393135,36.25070000998676,1537.5217999971937,148.27586206896552
1777969691,150,,Aggregated,0.700000,0.100000,70,120,130,140,160,210,610,1300,1500,1500,1500,348,2,69,118.97329310393135,36.25070000998676,1537.5217999971937,148.27586206896552
1777969692,150,,Aggregated,0.600000,0.100000,69,120,130,140,160,210,610,1300,1500,1500,1500,349,2,69,118.76287650479401,36.25070000998676,1537.5217999971937,147.85100286532952
1777969693,150,,Aggregated,0.600000,0.100000,69,120,130,140,160,210,610,1300,1500,1500,1500,349,2,69,118.76287650479401,36.25070000998676,1537.5217999971937,147.85100286532952
1777969694,150,,Aggregated,0.600000,0.100000,69,120,130,140,160,210,610,1300,1500,1500,1500,349,2,69,118.76287650479401,36.25070000998676,1537.5217999971937,147.85100286532952
1777969695,150,,Aggregated,0.600000,0.100000,69,120,130,140,160,210,610,1300,1500,1500,1500,349,2,69,118.76287650479401,36.25070000998676,1537.5217999971937,147.85100286532952
1777969696,150,,Aggregated,0.600000,0.100000,69,120,130,140,160,210,610,1300,1500,1500,1500,349,2,69,118.76287650479401,36.25070000998676,1537.5217999971937,147.85100286532952
1777969698,150,,Aggregated,0.600000,0.100000,69,120,130,140,160,210,610,1300,1500,1500,1500,349,2,69,118.76287650479401,36.25070000998676,1537.5217999971937,147.85100286532952
1777969699,150,,Aggregated,0.600000,0.100000,69,120,130,140,160,210,610,1300,1500,1500,1500,349,2,69,118.76287650479401,36.25070000998676,1537.5217999971937,147.85100286532952
1777969700,150,,Aggregated,0.600000,0.100000,69,120,130,140,160,210,610,1300,1500,1500,1500,349,2,69,118.76287650479401,36.25070000998676,1537.5217999971937,147.85100286532952
1777969701,150,,Aggregated,0.600000,0.100000,69,120,130,140,160,210,610,1300,1500,1500,1500,349,2,69,118.76287650479401,36.25070000998676,1537.5217999971937,147.85100286532952
1777969702,150,,Aggregated,0.600000,0.100000,69,120,130,140,160,210,610,1300,1500,1500,1500,349,2,69,118.76287650479401,36.25070000998676,1537.5217999971937,147.85100286532952
1777969703,150,,Aggregated,0.600000,0.100000,69,120,130,140,160,210,610,1300,1500,1500,1500,349,2,69,118.76287650479401,36.25070000998676,1537.5217999971937,147.85100286532952
1777969704,150,,Aggregated,0.600000,0.100000,69,120,130,140,160,210,610,1300,1500,1500,1500,349,2,69,118.76287650479401,36.25070000998676,1537.5217999971937,147.85100286532952
1777969705,150,,Aggregated,0.600000,0.100000,69,120,130,140,160,210,610,1300,1500,1500,1500,349,2,69,118.76287650479401,36.25070000998676,1537.5217999971937,147.85100286532952
1777969706,150,,Aggregated,0.600000,0.100000,69,120,130,140,160,210,610,1300,1500,1500,1500,349,2,69,118.76287650479401,36.25070000998676,1537.5217999971937,147.85100286532952
1777969707,150,,Aggregated,0.600000,0.100000,69,120,130,140,160,210,610,1300,1500,1500,1500,349,2,69,118.76287650479401,36.25070000998676,1537.5217999971937,147.85100286532952
1777969708,150,,Aggregated,0.000000,0.000000,69,120,130,140,160,210,570,1300,1500,1500,1500,351,2,69,118.4254982910866,36.25070000998676,1537.5217999971937,147.008547008547
1777969709,150,,Aggregated,0.000000,0.000000,69,120,130,140,160,220,610,1500,2200,2200,2200,354,2,68,123.96248389876679,36.25070000998676,2224.6147000114433,145.76271186440678
1777969710,150,,Aggregated,0.000000,0.000000,69,120,130,140,160,220,610,1500,2200,2200,2200,354,2,68,123.96248389876679,36.25070000998676,2224.6147000114433,145.76271186440678
1777969711,150,,Aggregated,0.000000,0.000000,69,120,130,140,160,220,610,1500,2200,2200,2200,354,2,68,123.96248389876679,36.25070000998676,2224.6147000114433,145.76271186440678
1777969712,150,,Aggregated,0.000000,0.000000,69,120,130,140,160,220,610,1500,2200,2200,2200,354,2,68,123.96248389876679,36.25070000998676,2224.6147000114433,145.76271186440678
1777969713,150,,Aggregated,0.000000,0.000000,69,120,130,140,160,220,610,1500,2200,2200,2200,354,2,68,123.96248389876679,36.25070000998676,2224.6147000114433,145.76271186440678
1777969714,150,,Aggregated,0.000000,0.000000,69,120,130,140,160,220,610,1500,2200,2200,2200,354,2,68,123.96248389876679,36.25070000998676,2224.6147000114433,145.76271186440678
1777969715,150,,Aggregated,0.500000,0.000000,68,120,130,140,160,220,610,1500,2200,2200,2200,355,2,68,123.73932647932006,36.25070000998676,2224.6147000114433,145.35211267605635
1777969716,150,,Aggregated,0.500000,0.000000,69,120,130,140,160,230,640,1500,2200,2200,2200,356,2,68,128.58741404537733,36.25070000998676,2224.6147000114433,144.9438202247191
1777969717,150,,Aggregated,0.500000,0.000000,69,120,130,140,160,230,640,1500,2200,2200,2200,356,2,68,128.58741404537733,36.25070000998676,2224.6147000114433,144.9438202247191
1777969718,150,,Aggregated,0.500000,0.000000,69,120,130,140,160,230,640,1500,2200,2200,2200,356,2,68,128.58741404537733,36.25070000998676,2224.6147000114433,144.9438202247191
1777969719,150,,Aggregated,0.500000,0.000000,69,120,130,140,160,230,640,1500,2200,2200,2200,356,2,68,128.58741404537733,36.25070000998676,2224.6147000114433,144.9438202247191
1777969720,150,,Aggregated,0.700000,0.000000,68,120,130,140,160,230,640,1500,2200,2200,2200,358,3,67,128.1132687155714,36.25070000998676,2224.6147000114433,144.1340782122905
1777969721,150,,Aggregated,0.700000,0.000000,68,120,130,140,160,230,640,1500,2200,2200,2200,358,3,67,128.1132687155714,36.25070000998676,2224.6147000114433,144.1340782122905
1777969722,150,,Aggregated,0.400000,0.100000,67,120,130,140,160,230,640,1500,2200,2200,2200,359,3,67,127.86098105899735,36.25070000998676,2224.6147000114433,143.73259052924791
1777969723,150,,Aggregated,0.400000,0.100000,67,120,130,140,160,230,640,1500,2200,2200,2200,359,3,67,127.86098105899735,36.25070000998676,2224.6147000114433,143.73259052924791
1777969724,150,,Aggregated,0.400000,0.100000,67,120,130,140,160,230,640,1500,2200,2200,2200,359,3,67,127.86098105899735,36.25070000998676,2224.6147000114433,143.73259052924791
1777969725,150,,Aggregated,0.400000,0.100000,67,120,130,140,160,230,640,1500,2200,2200,2200,359,3,67,127.86098105899735,36.25070000998676,2224.6147000114433,143.73259052924791
1777969726,150,,Aggregated,0.400000,0.100000,67,120,130,140,160,230,640,1500,2200,2200,2200,359,3,67,127.86098105899735,36.25070000998676,2224.6147000114433,143.73259052924791
1777969727,150,,Aggregated,0.400000,0.100000,67,120,130,140,160,230,640,1500,2200,2200,2200,359,3,67,127.86098105899735,36.25070000998676,2224.6147000114433,143.73259052924791
1777969728,150,,Aggregated,0.400000,0.100000,67,120,130,140,160,230,640,1500,2200,2200,2200,359,3,67,127.86098105899735,36.25070000998676,2224.6147000114433,143.73259052924791
1777969729,150,,Aggregated,0.400000,0.100000,67,120,130,140,160,230,640,1500,2200,2200,2200,359,3,67,127.86098105899735,36.25070000998676,2224.6147000114433,143.73259052924791
1777969730,150,,Aggregated,0.300000,0.100000,67,120,130,140,160,230,640,1500,2200,2200,2200,360,3,66,127.63127833386534,36.25070000998676,2224.6147000114433,143.33333333333334
1777969731,150,,Aggregated,0.300000,0.100000,67,120,130,140,160,230,640,1500,2200,2200,2200,360,3,66,127.63127833386534,36.25070000998676,2224.6147000114433,143.33333333333334
1777969732,150,,Aggregated,0.300000,0.100000,66,120,130,140,160,220,640,1500,2200,2200,2200,361,3,66,127.37758670416932,36.04860001360066,2224.6147000114433,142.93628808864267
1777969733,150,,Aggregated,0.300000,0.100000,66,120,130,140,160,220,640,1500,2200,2200,2200,361,3,66,127.37758670416932,36.04860001360066,2224.6147000114433,142.93628808864267
1777969734,150,,Aggregated,0.300000,0.100000,66,120,130,140,160,220,640,1500,2200,2200,2200,361,3,66,127.37758670416932,36.04860001360066,2224.6147000114433,142.93628808864267
1777969735,150,,Aggregated,0.200000,0.000000,66,120,130,140,160,220,640,1500,2200,2200,2200,362,4,66,127.15593756958637,36.04860001360066,2224.6147000114433,142.5414364640884
1777969736,150,,Aggregated,0.200000,0.000000,66,120,130,140,160,220,640,1500,2200,2200,2200,362,4,66,127.15593756958637,36.04860001360066,2224.6147000114433,142.5414364640884
1777969737,150,,Aggregated,0.200000,0.000000,66,120,130,140,160,220,640,1500,2200,2200,2200,362,4,66,127.15593756958637,36.04860001360066,2224.6147000114433,142.5414364640884
1777969738,150,,Aggregated,0.300000,0.100000,66,120,130,140,160,230,640,1500,2200,2200,2200,363,4,66,127.81697575805629,36.04860001360066,2224.6147000114433,142.1487603305785
1777969739,150,,Aggregated,0.300000,0.100000,66,120,130,140,160,230,640,1500,2200,2200,2200,364,4,66,127.59291978071924,36.04860001360066,2224.6147000114433,141.75824175824175
1777969740,150,,Aggregated,0.300000,0.100000,66,120,130,140,160,230,640,1500,2200,2200,2200,364,4,66,127.59291978071924,36.04860001360066,2224.6147000114433,141.75824175824175
1777969741,150,,Aggregated,0.300000,0.100000,66,120,130,140,160,230,640,1500,2200,2200,2200,364,4,66,127.59291978071924,36.04860001360066,2224.6147000114433,141.75824175824175
1777969742,150,,Aggregated,0.300000,0.100000,66,120,130,140,160,230,640,1500,2200,2200,2200,364,4,66,127.59291978071924,36.04860001360066,2224.6147000114433,141.75824175824175
1777969743,150,,Aggregated,0.300000,0.100000,66,120,130,140,160,230,640,1500,2200,2200,2200,364,4,66,127.59291978071924,36.04860001360066,2224.6147000114433,141.75824175824175
1777969744,150,,Aggregated,0.300000,0.100000,66,120,130,140,160,230,640,1500,2200,2200,2200,364,4,66,127.59291978071924,36.04860001360066,2224.6147000114433,141.75824175824175
1777969745,150,,Aggregated,0.300000,0.100000,66,120,130,140,160,230,640,1500,2200,2200,2200,365,4,66,127.35177452105084,36.04860001360066,2224.6147000114433,141.36986301369862
1777969746,150,,Aggregated,0.300000,0.100000,65,120,130,140,160,230,640,1500,2200,2200,2200,367,4,65,126.92540708506779,36.04860001360066,2224.6147000114433,140.59945504087193
1777969747,150,,Aggregated,0.300000,0.100000,65,120,130,140,160,230,640,1500,2200,2200,2200,367,4,65,126.92540708506779,36.04860001360066,2224.6147000114433,140.59945504087193
1777969748,150,,Aggregated,0.300000,0.100000,65,120,130,140,160,230,640,1500,2200,2200,2200,367,4,65,126.92540708506779,36.04860001360066,2224.6147000114433,140.59945504087193
1777969749,150,,Aggregated,0.500000,0.000000,65,120,130,140,160,320,640,1500,2200,2200,2200,370,5,64,127.18838432479674,36.04860001360066,2224.6147000114433,139.45945945945945
1777969750,150,,Aggregated,0.500000,0.000000,65,120,130,140,160,320,640,1500,2200,2200,2200,370,5,64,127.18838432479674,36.04860001360066,2224.6147000114433,139.45945945945945
1777969751,150,,Aggregated,0.500000,0.000000,65,120,130,140,160,320,640,1500,2200,2200,2200,370,5,64,127.18838432479674,36.04860001360066,2224.6147000114433,139.45945945945945
1777969752,150,,Aggregated,0.500000,0.100000,64,120,130,140,160,320,640,1500,2200,2200,2200,371,6,64,126.99431832934695,36.04860001360066,2224.6147000114433,139.08355795148248
1777969753,150,,Aggregated,0.600000,0.100000,64,120,130,140,160,320,640,1500,2200,2200,2200,372,6,64,126.78722365640706,36.04860001360066,2224.6147000114433,138.70967741935485
1777969754,150,,Aggregated,0.600000,0.100000,64,120,130,140,160,320,640,1500,2200,2200,2200,372,6,64,126.78722365640706,36.04860001360066,2224.6147000114433,138.70967741935485
1777969755,150,,Aggregated,0.700000,0.200000,64,120,130,140,160,320,640,1500,2200,2200,2200,374,7,64,126.38984893096604,36.04860001360066,2224.6147000114433,137.96791443850267
1777969756,150,,Aggregated,0.700000,0.200000,64,120,130,140,160,320,640,1500,2200,2200,2200,375,8,64,126.16184000042267,36.04860001360066,2224.6147000114433,137.6
1777969757,150,,Aggregated,0.800000,0.200000,64,120,130,140,160,320,640,1500,2200,2200,2200,376,9,64,125.96675212804026,36.04860001360066,2224.6147000114433,137.2340425531915
1777969758,150,,Aggregated,0.800000,0.200000,64,120,130,140,160,320,640,1500,2200,2200,2200,376,9,64,125.96675212804026,36.04860001360066,2224.6147000114433,137.2340425531915
1777969759,150,,Aggregated,1.000000,0.400000,64,120,130,140,160,320,640,1500,2200,2200,2200,377,9,64,125.7603607430439,36.04860001360066,2224.6147000114433,136.87002652519894
1777969760,150,,Aggregated,1.000000,0.400000,64,120,130,140,160,320,640,1500,2200,2200,2200,377,9,64,125.7603607430439,36.04860001360066,2224.6147000114433,136.87002652519894
1777969761,150,,Aggregated,0.900000,0.400000,64,120,130,140,160,320,640,1500,2200,2200,2200,378,10,63,125.56040026492343,36.04860001360066,2224.6147000114433,136.5079365079365
1777969762,150,,Aggregated,0.700000,0.400000,63,120,130,140,160,320,640,1500,2200,2200,2200,380,11,63,125.17492447399204,36.04860001360066,2224.6147000114433,135.78947368421052
1777969763,150,,Aggregated,0.700000,0.400000,63,120,130,140,160,230,640,1500,2200,2200,2200,381,12,63,124.9808695541146,36.04860001360066,2224.6147000114433,135.43307086614172
1777969764,150,,Aggregated,0.700000,0.400000,63,120,130,140,160,230,640,1500,2200,2200,2200,382,13,62,124.8022282725573,36.04860001360066,2224.6147000114433,135.07853403141362
1777969765,150,,Aggregated,0.700000,0.400000,63,120,130,140,160,230,640,1500,2200,2200,2200,382,13,62,124.8022282725573,36.04860001360066,2224.6147000114433,135.07853403141362
1777969766,150,,Aggregated,0.700000,0.400000,63,120,130,140,160,230,640,1500,2200,2200,2200,382,13,62,124.8022282725573,36.04860001360066,2224.6147000114433,135.07853403141362
1777969767,150,,Aggregated,0.700000,0.400000,63,120,130,140,160,230,640,1500,2200,2200,2200,382,13,62,124.8022282725573,36.04860001360066,2224.6147000114433,135.07853403141362
1777969769,150,,Aggregated,0.700000,0.500000,63,120,130,140,160,230,640,1500,2200,2200,2200,383,14,63,124.66850417780729,36.04860001360066,2224.6147000114433,134.72584856396867
1777969770,150,,Aggregated,0.700000,0.500000,63,120,130,140,160,230,640,1500,2200,2200,2200,383,14,63,124.66850417780729,36.04860001360066,2224.6147000114433,134.72584856396867
1777969771,150,,Aggregated,0.600000,0.400000,63,120,130,140,160,230,640,1500,2200,2200,2200,384,15,62,124.46251406269464,36.04860001360066,2224.6147000114433,134.375
1777969772,150,,Aggregated,0.600000,0.400000,63,120,130,140,160,230,640,1500,2200,2200,2200,384,15,62,124.46251406269464,36.04860001360066,2224.6147000114433,134.375
1777969773,150,,Aggregated,0.600000,0.400000,63,120,130,140,160,230,640,1500,2200,2200,2200,384,15,62,124.46251406269464,36.04860001360066,2224.6147000114433,134.375
1777969774,150,,Aggregated,0.600000,0.400000,63,120,130,140,160,230,640,1500,2200,2200,2200,384,15,62,124.46251406269464,36.04860001360066,2224.6147000114433,134.375
1777969775,150,,Aggregated,0.600000,0.500000,62,120,130,140,160,230,640,1500,2200,2200,2200,385,16,62,124.25073662360029,36.04860001360066,2224.6147000114433,134.02597402597402
1777969776,150,,Aggregated,0.600000,0.500000,62,120,130,140,160,230,640,1500,2200,2200,2200,385,16,62,124.25073662360029,36.04860001360066,2224.6147000114433,134.02597402597402
1777969777,150,,Aggregated,0.600000,0.500000,62,120,130,140,160,230,640,1500,2200,2200,2200,385,16,62,124.25073662360029,36.04860001360066,2224.6147000114433,134.02597402597402
1777969778,150,,Aggregated,0.600000,0.500000,62,120,130,140,160,230,640,1500,2200,2200,2200,385,16,62,124.25073662360029,36.04860001360066,2224.6147000114433,134.02597402597402
1777969779,150,,Aggregated,0.300000,0.300000,62,120,130,140,160,230,640,1500,2200,2200,2200,387,18,62,123.836574160379,36.04860001360066,2224.6147000114433,133.33333333333334
1777969780,150,,Aggregated,0.300000,0.300000,62,120,130,140,160,230,640,1500,2200,2200,2200,388,19,60,123.65364768059585,36.04860001360066,2224.6147000114433,132.98969072164948
1777969781,150,,Aggregated,0.300000,0.300000,62,120,130,140,160,230,640,1500,2200,2200,2200,388,19,60,123.65364768059585,36.04860001360066,2224.6147000114433,132.98969072164948
1777969782,150,,Aggregated,0.300000,0.300000,60,120,130,140,160,230,640,1500,2200,2200,2200,389,19,60,123.43836658120102,36.04860001360066,2224.6147000114433,132.64781491002572
1777969783,150,,Aggregated,0.300000,0.300000,60,120,130,140,160,230,640,1500,2200,2200,2200,389,19,60,123.43836658120102,36.04860001360066,2224.6147000114433,132.64781491002572
1777969784,150,,Aggregated,0.400000,0.400000,60,120,130,140,160,230,640,1500,2200,2200,2200,390,20,60,123.23393897460893,36.04860001360066,2224.6147000114433,132.30769230769232
1777969785,150,,Aggregated,0.500000,0.400000,60,120,130,140,160,230,640,1500,2200,2200,2200,391,20,60,123.04735268563535,36.04860001360066,2224.6147000114433,131.9693094629156
1777969786,150,,Aggregated,0.500000,0.400000,60,120,130,140,160,230,640,1500,2200,2200,2200,392,21,60,122.89306096960101,36.04860001360066,2224.6147000114433,131.6326530612245
1777969787,150,,Aggregated,0.600000,0.500000,60,120,130,140,160,230,640,1500,2200,2200,2200,393,22,60,122.70184809181474,36.04860001360066,2224.6147000114433,131.29770992366412
1777969788,150,,Aggregated,0.500000,0.400000,60,120,130,140,160,280,640,1500,2200,2200,2200,394,23,60,123.10553502559137,36.04860001360066,2224.6147000114433,130.96446700507613
1777969789,150,,Aggregated,0.700000,0.500000,60,120,130,140,160,280,640,1500,2200,2200,2200,395,24,60,122.9038944305805,36.04860001360066,2224.6147000114433,130.63291139240508
1777969790,150,,Aggregated,0.700000,0.500000,60,120,130,140,160,280,640,1500,2200,2200,2200,395,24,60,122.9038944305805,36.04860001360066,2224.6147000114433,130.63291139240508
1777969791,150,,Aggregated,0.900000,0.700000,60,120,130,140,160,280,640,1500,2200,2200,2200,396,24,60,122.71127904063582,36.04860001360066,2224.6147000114433,130.3030303030303
1777969792,150,,Aggregated,0.900000,0.700000,60,120,130,140,160,280,640,1500,2200,2200,2200,396,24,60,122.71127904063582,36.04860001360066,2224.6147000114433,130.3030303030303
1777969793,150,,Aggregated,0.800000,0.600000,60,120,130,140,160,280,640,1500,2200,2200,2200,398,25,59,122.35761130677335,36.04860001360066,2224.6147000114433,129.64824120603015
1777969794,150,,Aggregated,0.700000,0.500000,59,120,130,140,160,280,640,1500,2200,2200,2200,399,26,59,122.16530325841497,36.04860001360066,2224.6147000114433,129.3233082706767
1777969795,150,,Aggregated,0.900000,0.600000,59,120,130,140,160,280,640,1500,2200,2200,2200,400,26,59,121.96343775023706,36.04860001360066,2224.6147000114433,129.0
1777969796,150,,Aggregated,0.900000,0.600000,59,120,130,130,160,230,610,1500,2200,2200,2200,402,28,59,121.57304975152333,36.04860001360066,2224.6147000114433,128.3582089552239
1777969797,150,,Aggregated,0.900000,0.600000,59,120,130,140,160,280,640,1500,2200,2200,2200,404,29,59,124.09634108938701,36.04860001360066,2224.6147000114433,127.72277227722772
1777969798,150,,Aggregated,0.900000,0.600000,59,120,130,140,160,280,640,1500,2200,2200,2200,404,29,59,124.09634108938701,36.04860001360066,2224.6147000114433,127.72277227722772
1777969799,150,,Aggregated,1.000000,0.700000,59,120,130,140,160,280,640,1500,2200,2200,2200,405,30,59,123.92350765459676,36.04860001360066,2224.6147000114433,127.4074074074074
1777969800,150,,Aggregated,1.000000,0.600000,59,120,130,130,160,280,640,1500,2200,2200,2200,406,31,59,123.72967857165547,36.04860001360066,2224.6147000114433,127.0935960591133
1777969801,150,,Aggregated,1.000000,0.600000,59,120,130,130,160,280,640,1500,2200,2200,2200,407,32,59,123.53663513540171,36.04860001360066,2224.6147000114433,126.78132678132678
1777969802,150,,Aggregated,1.000000,0.600000,59,120,130,130,160,280,640,1500,2200,2200,2200,408,33,58,123.36851642184604,36.04860001360066,2224.6147000114433,126.47058823529412
1777969803,150,,Aggregated,1.100000,0.700000,58,120,130,130,160,280,640,1500,2200,2200,2200,410,35,58,123.01326439050084,36.04860001360066,2224.6147000114433,125.85365853658537
1777969804,150,,Aggregated,1.100000,0.800000,58,120,130,130,160,280,640,1500,2200,2200,2200,413,37,58,122.51675302678883,36.04860001360066,2224.6147000114433,124.93946731234867
1777969805,150,,Aggregated,1.100000,0.900000,58,120,130,130,160,280,640,1500,2200,2200,2200,414,38,58,122.33237415475654,36.04860001360066,2224.6147000114433,124.6376811594203
1777969806,150,,Aggregated,1.200000,1.000000,58,120,130,130,160,280,640,1500,2200,2200,2200,415,38,58,122.16284987972544,36.04860001360066,2224.6147000114433,124.33734939759036
1777969807,150,,Aggregated,1.200000,1.000000,58,120,130,130,160,280,640,1500,2200,2200,2200,416,39,58,122.01494951946538,36.04860001360066,2224.6147000114433,124.03846153846153
1777969808,150,,Aggregated,1.200000,1.000000,58,120,130,130,160,280,640,1500,2200,2200,2200,418,41,58,121.65755526343435,36.04860001360066,2224.6147000114433,123.44497607655502
1777969809,150,,Aggregated,1.200000,1.000000,58,120,130,130,160,280,640,1500,2200,2200,2200,418,41,58,121.65755526343435,36.04860001360066,2224.6147000114433,123.44497607655502
1777969810,150,,Aggregated,1.300000,1.100000,58,120,130,130,160,280,640,1500,2200,2200,2200,419,42,58,121.4653935563625,36.04860001360066,2224.6147000114433,123.15035799522673
1777969811,150,,Aggregated,1.300000,1.100000,58,120,130,130,160,280,640,1500,2200,2200,2200,419,42,58,121.4653935563625,36.04860001360066,2224.6147000114433,123.15035799522673
1777969812,150,,Aggregated,1.300000,1.100000,58,110,130,130,160,230,640,1500,2200,2200,2200,421,43,58,121.12967838503359,36.04860001360066,2224.6147000114433,122.56532066508314
1777969813,150,,Aggregated,1.300000,1.100000,58,110,130,130,160,230,640,1500,2200,2200,2200,422,44,58,120.96502322298629,36.04860001360066,2224.6147000114433,122.27488151658768
1777969814,150,,Aggregated,1.300000,1.000000,58,110,130,130,160,230,640,1500,2200,2200,2200,423,44,58,120.78960070947414,36.04860001360066,2224.6147000114433,121.98581560283688
1777969815,150,,Aggregated,1.300000,1.000000,58,110,130,130,160,230,640,1500,2200,2200,2200,423,44,58,120.78960070947414,36.04860001360066,2224.6147000114433,121.98581560283688
1777969816,150,,Aggregated,1.100000,0.800000,58,110,130,130,160,230,640,1500,2200,2200,2200,424,45,58,120.62059457574198,36.04860001360066,2224.6147000114433,121.69811320754717
1777969817,150,,Aggregated,1.000000,0.700000,58,110,130,130,160,230,640,1500,2200,2200,2200,425,45,58,120.42645600021763,36.04860001360066,2224.6147000114433,121.41176470588235
1777969818,150,,Aggregated,1.000000,0.700000,58,110,130,130,160,230,640,1500,2200,2200,2200,426,46,58,120.26215845089354,36.04860001360066,2224.6147000114433,121.12676056338029
1777969819,150,,Aggregated,0.900000,0.600000,58,110,130,130,160,230,640,1500,2200,2200,2200,427,47,58,120.09227658103687,36.04860001360066,2224.6147000114433,120.84309133489461
1777969820,150,,Aggregated,0.800000,0.600000,58,110,130,130,160,230,640,1500,2200,2200,2200,428,48,58,119.96622990681377,36.04860001360066,2224.6147000114433,120.5607476635514
1777969821,150,,Aggregated,0.900000,0.600000,58,110,130,130,160,230,640,1500,2200,2200,2200,430,50,57,119.63139674443546,36.04860001360066,2224.6147000114433,120.0
1777969822,150,,Aggregated,1.000000,0.700000,57,110,130,130,160,230,640,1500,2200,2200,2200,431,51,57,119.46093039461542,36.04860001360066,2224.6147000114433,119.7215777262181
1777969823,150,,Aggregated,1.000000,0.700000,57,110,130,130,160,230,640,1500,2200,2200,2200,431,51,57,119.46093039461542,36.04860001360066,2224.6147000114433,119.7215777262181
1777969824,150,,Aggregated,1.000000,0.800000,57,110,130,130,160,230,640,1500,2200,2200,2200,432,52,57,119.27592962981888,36.04860001360066,2224.6147000114433,119.44444444444444
1777969825,150,,Aggregated,1.000000,0.800000,57,110,130,130,160,230,640,1500,2200,2200,2200,433,53,57,119.12856812953979,36.04860001360066,2224.6147000114433,119.16859122401847
1777969826,150,,Aggregated,0.900000,0.700000,57,110,130,130,160,230,640,1500,2200,2200,2200,434,54,57,118.968405069374,36.04860001360066,2224.6147000114433,118.89400921658986
1777969827,150,,Aggregated,0.900000,0.700000,57,110,130,130,160,230,640,1500,2200,2200,2200,434,54,57,118.968405069374,36.04860001360066,2224.6147000114433,118.89400921658986
1777969828,150,,Aggregated,0.900000,0.700000,57,110,130,130,160,230,640,1500,2200,2200,2200,434,54,57,118.968405069374,36.04860001360066,2224.6147000114433,118.89400921658986
1777969829,150,,Aggregated,0.900000,0.700000,57,110,130,130,160,230,640,1500,2200,2200,2200,434,54,57,118.968405069374,36.04860001360066,2224.6147000114433,118.89400921658986
1777969830,150,,Aggregated,1.000000,0.900000,57,110,130,130,160,230,640,1500,2200,2200,2200,436,55,57,118.6421341745374,36.04860001360066,2224.6147000114433,118.34862385321101
1777969831,150,,Aggregated,1.000000,0.900000,57,110,130,130,160,230,640,1500,2200,2200,2200,436,55,57,118.6421341745374,36.04860001360066,2224.6147000114433,118.34862385321101
1777969832,150,,Aggregated,1.000000,0.900000,57,110,130,130,160,230,640,1500,2200,2200,2200,436,55,57,118.6421341745374,36.04860001360066,2224.6147000114433,118.34862385321101
1777969833,150,,Aggregated,0.700000,0.600000,57,110,130,130,160,230,640,1500,2200,2200,2200,438,56,57,118.37868287693709,35.62239999882877,2224.6147000114433,117.8082191780822
1777969834,150,,Aggregated,0.700000,0.600000,57,110,130,130,160,230,640,1500,2200,2200,2200,438,56,57,118.37868287693709,35.62239999882877,2224.6147000114433,117.8082191780822
1777969835,150,,Aggregated,0.600000,0.500000,57,110,130,130,160,230,640,1500,2200,2200,2200,439,56,57,118.22672870180119,35.62239999882877,2224.6147000114433,117.53986332574031
1777969836,150,,Aggregated,0.700000,0.500000,57,110,130,130,160,220,640,1500,2200,2200,2200,441,58,57,117.92101587320397,35.62239999882877,2224.6147000114433,117.00680272108843
1777969837,150,,Aggregated,0.600000,0.400000,57,110,130,130,160,220,640,1500,2200,2200,2200,442,59,57,117.74411583728867,35.62239999882877,2224.6147000114433,116.7420814479638
1777969838,150,,Aggregated,0.600000,0.400000,57,110,130,130,160,220,640,1500,2200,2200,2200,442,59,57,117.74411583728867,35.62239999882877,2224.6147000114433,116.7420814479638
1777969839,150,,Aggregated,0.700000,0.400000,57,110,130,130,160,220,640,1500,2200,2200,2200,444,61,57,117.45009932450442,35.62239999882877,2224.6147000114433,116.21621621621621
1777969840,150,,Aggregated,0.800000,0.500000,57,110,130,130,160,220,640,1500,2200,2200,2200,445,62,57,117.33910157319075,35.62239999882877,2224.6147000114433,115.95505617977528
1777969842,150,,Aggregated,0.800000,0.500000,57,110,130,130,160,220,640,1500,2200,2200,2200,445,62,57,117.33910157319075,35.62239999882877,2224.6147000114433,115.95505617977528
1777969843,150,,Aggregated,0.800000,0.600000,57,110,130,130,160,220,640,1500,2200,2200,2200,447,64,57,117.0233964207228,35.62239999882877,2224.6147000114433,115.43624161073825
1777969844,150,,Aggregated,0.800000,0.600000,57,110,130,130,160,220,640,1500,2200,2200,2200,447,64,57,117.0233964207228,35.62239999882877,2224.6147000114433,115.43624161073825
1777969845,150,,Aggregated,0.800000,0.600000,57,110,130,130,160,220,640,1500,2200,2200,2200,447,64,57,117.0233964207228,35.62239999882877,2224.6147000114433,115.43624161073825
1777969846,150,,Aggregated,0.800000,0.600000,57,110,130,130,160,220,640,1500,2200,2200,2200,447,64,57,117.0233964207228,35.62239999882877,2224.6147000114433,115.43624161073825
1777969847,150,,Aggregated,0.800000,0.600000,57,110,130,130,160,220,640,1500,2200,2200,2200,447,64,57,117.0233964207228,35.62239999882877,2224.6147000114433,115.43624161073825
1777969848,150,,Aggregated,0.800000,0.600000,57,110,130,130,160,220,640,1500,2200,2200,2200,447,64,57,117.0233964207228,35.62239999882877,2224.6147000114433,115.43624161073825
1777969849,150,,Aggregated,0.800000,0.800000,57,110,130,130,160,220,640,1500,2200,2200,2200,450,64,57,116.7799055556922,35.62239999882877,2224.6147000114433,114.66666666666667
1777969850,150,,Aggregated,0.800000,0.800000,57,110,130,130,160,220,640,1500,2200,2200,2200,450,64,57,116.7799055556922,35.62239999882877,2224.6147000114433,114.66666666666667
1777969851,150,,Aggregated,0.800000,0.800000,57,110,130,130,160,220,640,1500,2200,2200,2200,450,64,57,116.7799055556922,35.62239999882877,2224.6147000114433,114.66666666666667
1777969852,150,,Aggregated,0.700000,0.400000,57,110,130,130,160,220,610,1500,2200,2200,2200,451,65,57,116.6198718404922,35.62239999882877,2224.6147000114433,114.41241685144124
1777969853,150,,Aggregated,0.600000,0.300000,57,110,130,130,160,220,610,1500,2200,2200,2200,452,66,57,116.48166039836258,35.62239999882877,2224.6147000114433,114.15929203539822
1777969854,150,,Aggregated,0.500000,0.200000,57,110,130,130,160,220,610,1500,2200,2200,2200,453,67,57,116.31394922752581,35.62239999882877,2224.6147000114433,113.90728476821192
1777969855,150,,Aggregated,0.500000,0.200000,57,110,130,130,160,220,610,1500,2200,2200,2200,453,67,57,116.31394922752581,35.62239999882877,2224.6147000114433,113.90728476821192
1777969856,150,,Aggregated,0.500000,0.200000,57,110,130,130,160,230,610,1500,2200,2200,2200,456,69,56,116.60923793871852,35.62239999882877,2224.6147000114433,113.15789473684211
1777969857,150,,Aggregated,0.600000,0.300000,56,110,130,130,160,230,610,1500,2200,2200,2200,457,70,56,116.44610350117794,35.62239999882877,2224.6147000114433,112.91028446389497
1777969858,150,,Aggregated,0.600000,0.300000,56,110,130,130,160,230,610,1500,2200,2200,2200,459,72,56,116.15884793041708,35.62239999882877,2224.6147000114433,112.41830065359477
1777969859,150,,Aggregated,0.900000,0.500000,56,110,130,130,160,220,610,1500,2200,2200,2200,461,72,56,116.01315791768663,35.62239999882877,2224.6147000114433,111.93058568329718
1777969860,150,,Aggregated,1.000000,0.600000,56,110,130,130,160,220,610,1500,2200,2200,2200,462,73,56,115.85426385296726,35.62239999882877,2224.6147000114433,111.68831168831169
1777969861,150,,Aggregated,1.200000,0.800000,56,110,130,130,160,220,610,1500,2200,2200,2200,463,74,56,115.7113032398663,35.62239999882877,2224.6147000114433,111.44708423326134
1777969862,150,,Aggregated,1.100000,0.800000,56,110,130,130,160,220,610,1500,2200,2200,2200,464,75,56,115.56224784494432,35.62239999882877,2224.6147000114433,111.20689655172414
1777969863,150,,Aggregated,1.300000,1.000000,56,110,130,130,160,220,610,1500,2200,2200,2200,465,76,56,115.3977154839849,35.62239999882877,2224.6147000114433,110.96774193548387
1777969864,150,,Aggregated,1.300000,1.000000,56,110,130,130,160,220,610,1500,2200,2200,2200,466,77,56,115.26829635203804,35.62239999882877,2224.6147000114433,110.72961373390558
1777969865,150,,Aggregated,1.300000,1.000000,56,110,130,130,160,220,610,1500,2200,2200,2200,467,78,56,115.12882205581879,35.62239999882877,2224.6147000114433,110.49250535331906
1777969866,150,,Aggregated,1.300000,1.000000,56,110,130,130,160,220,610,1500,2200,2200,2200,467,78,56,115.12882205581879,35.62239999882877,2224.6147000114433,110.49250535331906
1777969867,150,,Aggregated,1.300000,1.000000,56,110,130,130,160,220,610,1500,2200,2200,2200,468,79,56,114.98491410269257,35.62239999882877,2224.6147000114433,110.25641025641026
1777969868,150,,Aggregated,1.400000,1.100000,56,110,130,130,160,220,610,1500,2200,2200,2200,469,80,56,114.83861791053866,35.62239999882877,2224.6147000114433,110.02132196162047
1777969869,150,,Aggregated,1.400000,1.100000,56,110,130,130,160,220,610,1500,2200,2200,2200,469,80,56,114.83861791053866,35.62239999882877,2224.6147000114433,110.02132196162047
1777969870,150,,Aggregated,1.000000,0.800000,56,110,130,130,160,220,610,1500,2200,2200,2200,471,81,56,114.54935350329042,35.62239999882877,2224.6147000114433,109.55414012738854
1777969871,150,,Aggregated,1.000000,0.800000,56,110,130,130,160,220,610,1500,2200,2200,2200,471,81,56,114.54935350329042,35.62239999882877,2224.6147000114433,109.55414012738854
1777969872,150,,Aggregated,1.000000,0.800000,56,110,130,130,160,220,610,1500,2200,2200,2200,471,81,56,114.54935350329042,35.62239999882877,2224.6147000114433,109.55414012738854
1777969873,150,,Aggregated,0.800000,0.700000,56,110,130,130,160,220,610,1500,2200,2200,2200,472,81,56,114.41752139845926,35.62239999882877,2224.6147000114433,109.32203389830508
1777969874,150,,Aggregated,0.800000,0.700000,56,110,130,130,160,220,610,1500,2200,2200,2200,472,81,56,114.41752139845926,35.62239999882877,2224.6147000114433,109.32203389830508
1777969875,150,,Aggregated,0.800000,0.700000,56,110,130,130,160,220,610,1500,2200,2200,2200,472,81,56,114.41752139845926,35.62239999882877,2224.6147000114433,109.32203389830508
1777969876,150,,Aggregated,0.800000,0.700000,56,110,130,130,160,220,610,1500,2200,2200,2200,472,81,56,114.41752139845926,35.62239999882877,2224.6147000114433,109.32203389830508
1777969877,150,,Aggregated,0.800000,0.700000,56,110,130,130,160,220,610,1500,2200,2200,2200,472,81,56,114.41752139845926,35.62239999882877,2224.6147000114433,109.32203389830508
1777969878,150,,Aggregated,0.800000,0.700000,56,110,130,130,160,220,610,1500,2200,2200,2200,472,81,56,114.41752139845926,35.62239999882877,2224.6147000114433,109.32203389830508
1777969879,150,,Aggregated,0.800000,0.700000,56,110,130,130,160,220,610,1500,2200,2200,2200,472,81,56,114.41752139845926,35.62239999882877,2224.6147000114433,109.32203389830508
1777969880,150,,Aggregated,0.800000,0.700000,56,110,130,130,160,220,610,1500,2200,2200,2200,472,81,56,114.41752139845926,35.62239999882877,2224.6147000114433,109.32203389830508
1777969881,150,,Aggregated,0.800000,0.700000,56,110,130,130,160,220,610,1500,2200,2200,2200,472,81,56,114.41752139845926,35.62239999882877,2224.6147000114433,109.32203389830508
1777969882,150,,Aggregated,0.200000,0.100000,56,110,130,130,160,220,610,1500,2200,2200,2200,473,81,56,114.36869069779081,35.62239999882877,2224.6147000114433,109.0909090909091
1777969883,150,,Aggregated,0.200000,0.100000,56,110,130,130,160,220,610,1500,2200,2200,2200,473,81,56,114.36869069779081,35.62239999882877,2224.6147000114433,109.0909090909091
1777969884,150,,Aggregated,0.200000,0.100000,56,110,130,130,160,220,610,1500,2200,2200,2200,473,81,56,114.36869069779081,35.62239999882877,2224.6147000114433,109.0909090909091
1777969885,150,,Aggregated,0.200000,0.100000,56,110,130,130,160,220,610,1500,2200,2200,2200,473,81,56,114.36869069779081,35.62239999882877,2224.6147000114433,109.0909090909091
1777969886,150,,Aggregated,0.200000,0.100000,56,110,130,130,160,220,610,1500,2200,2200,2200,473,81,56,114.36869069779081,35.62239999882877,2224.6147000114433,109.0909090909091
1777969887,150,,Aggregated,0.100000,0.000000,56,110,130,130,160,220,610,1500,2200,2200,2200,474,81,56,114.40356983133947,35.62239999882877,2224.6147000114433,108.86075949367088
1777969888,150,,Aggregated,0.100000,0.000000,56,110,130,130,160,220,610,1500,2200,2200,2200,474,81,56,114.40356983133947,35.62239999882877,2224.6147000114433,108.86075949367088
1777969889,150,,Aggregated,0.100000,0.000000,56,110,130,130,160,220,610,1500,2200,2200,2200,474,81,56,114.40356983133947,35.62239999882877,2224.6147000114433,108.86075949367088
1777969890,150,,Aggregated,0.100000,0.000000,56,110,130,130,160,220,610,1500,2200,2200,2200,474,81,56,114.40356983133947,35.62239999882877,2224.6147000114433,108.86075949367088
1777969891,150,,Aggregated,0.200000,0.000000,56,110,130,130,160,220,610,1500,2200,2200,2200,475,81,56,114.26693389486326,35.62239999882877,2224.6147000114433,108.63157894736842
1777969892,150,,Aggregated,0.200000,0.000000,56,110,130,130,160,220,610,1500,2200,2200,2200,475,81,56,114.26693389486326,35.62239999882877,2224.6147000114433,108.63157894736842
1777969893,150,,Aggregated,0.200000,0.000000,56,110,130,130,160,220,610,1500,2200,2200,2200,475,81,56,114.26693389486326,35.62239999882877,2224.6147000114433,108.63157894736842
1777969894,150,,Aggregated,0.200000,0.000000,56,110,130,130,160,220,610,1500,2200,2200,2200,475,81,56,114.26693389486326,35.62239999882877,2224.6147000114433,108.63157894736842
1777969895,150,,Aggregated,0.200000,0.000000,56,110,130,130,160,220,610,1500,2200,2200,2200,475,81,56,114.26693389486326,35.62239999882877,2224.6147000114433,108.63157894736842
1777969896,150,,Aggregated,0.200000,0.000000,56,110,130,130,160,220,610,1500,2200,2200,2200,476,81,56,114.21362794132291,35.62239999882877,2224.6147000114433,108.40336134453781
1777969897,150,,Aggregated,0.200000,0.000000,56,110,130,130,160,220,610,1500,2200,2200,2200,476,81,56,114.21362794132291,35.62239999882877,2224.6147000114433,108.40336134453781
1777969898,150,,Aggregated,0.200000,0.000000,56,110,130,130,160,220,610,1500,2200,2200,2200,477,81,56,114.05950167730833,35.62239999882877,2224.6147000114433,108.17610062893081
1777969899,150,,Aggregated,0.200000,0.000000,56,110,130,130,160,220,610,1500,2200,2200,2200,477,81,56,114.05950167730833,35.62239999882877,2224.6147000114433,108.17610062893081
1777969900,150,,Aggregated,0.200000,0.000000,56,110,130,130,160,220,610,1500,2200,2200,2200,477,81,56,114.05950167730833,35.62239999882877,2224.6147000114433,108.17610062893081
1777969901,150,,Aggregated,0.200000,0.000000,56,110,130,130,160,220,610,1500,2200,2200,2200,477,81,56,114.05950167730833,35.62239999882877,2224.6147000114433,108.17610062893081
1777969902,150,,Aggregated,0.200000,0.000000,56,110,130,130,160,220,610,1500,2200,2200,2200,477,81,56,114.05950167730833,35.62239999882877,2224.6147000114433,108.17610062893081
1777969903,150,,Aggregated,0.200000,0.000000,56,110,130,130,160,220,610,1500,2200,2200,2200,477,81,56,114.05950167730833,35.62239999882877,2224.6147000114433,108.17610062893081
1777969904,150,,Aggregated,0.200000,0.000000,56,110,130,130,160,220,610,1500,2200,2200,2200,477,81,56,114.05950167730833,35.62239999882877,2224.6147000114433,108.17610062893081
1777969905,150,,Aggregated,0.200000,0.000000,56,110,130,130,160,220,610,1500,2200,2200,2200,477,81,56,114.05950167730833,35.62239999882877,2224.6147000114433,108.17610062893081
1777969906,150,,Aggregated,0.200000,0.000000,56,110,130,130,160,220,610,1500,2200,2200,2200,477,81,56,114.05950167730833,35.62239999882877,2224.6147000114433,108.17610062893081
1777969907,150,,Aggregated,0.200000,0.000000,56,110,130,130,160,220,610,1500,2200,2200,2200,479,83,56,113.82129102301762,35.62239999882877,2224.6147000114433,107.72442588726514
1777969908,150,,Aggregated,0.200000,0.000000,56,110,130,130,160,220,610,1500,2200,2200,2200,479,83,56,113.82129102301762,35.62239999882877,2224.6147000114433,107.72442588726514
1777969909,150,,Aggregated,0.200000,0.000000,56,110,130,130,160,220,610,1500,2200,2200,2200,479,83,56,113.82129102301762,35.62239999882877,2224.6147000114433,107.72442588726514
1777969910,150,,Aggregated,0.200000,0.200000,56,110,130,130,160,220,610,1500,2200,2200,2200,480,83,56,113.7118883333945,35.62239999882877,2224.6147000114433,107.5
1777969911,150,,Aggregated,0.200000,0.200000,56,110,130,130,160,220,610,1500,2200,2200,2200,480,83,56,113.7118883333945,35.62239999882877,2224.6147000114433,107.5
1777969912,150,,Aggregated,0.200000,0.200000,56,110,130,130,160,220,610,1500,2200,2200,2200,480,83,56,113.7118883333945,35.62239999882877,2224.6147000114433,107.5
1777969913,150,,Aggregated,0.300000,0.200000,56,110,130,130,150,210,610,1500,2200,2200,2200,481,84,56,113.57825280673242,35.62239999882877,2224.6147000114433,107.27650727650727
1777969914,150,,Aggregated,0.300000,0.200000,56,110,130,130,150,210,610,1500,2200,2200,2200,483,84,56,113.52279792966631,35.62239999882877,2224.6147000114433,106.83229813664596
1777969915,150,,Aggregated,0.300000,0.200000,56,110,130,130,160,220,640,1500,2200,2200,2200,484,84,56,115.88269400835847,35.62239999882877,2224.6147000114433,106.61157024793388
1777969916,150,,Aggregated,0.300000,0.200000,56,110,130,130,160,220,640,1500,2200,2200,2200,484,84,56,115.88269400835847,35.62239999882877,2224.6147000114433,106.61157024793388
1777969917,150,,Aggregated,0.600000,0.300000,56,110,130,130,160,220,640,1500,2200,2200,2200,485,84,56,115.86941793823816,35.62239999882877,2224.6147000114433,106.3917525773196
1777969918,150,,Aggregated,0.700000,0.300000,56,110,130,130,160,220,640,1500,2200,2200,2200,486,85,56,115.75941502066557,35.62239999882877,2224.6147000114433,106.17283950617283
1777969919,150,,Aggregated,0.700000,0.300000,56,110,130,130,160,220,640,1500,2200,2200,2200,486,85,56,115.75941502066557,35.62239999882877,2224.6147000114433,106.17283950617283
1777969920,150,,Aggregated,0.600000,0.100000,56,110,130,130,160,220,640,1500,2200,2200,2200,487,85,56,115.73210143747364,35.62239999882877,2224.6147000114433,105.95482546201232
1777969921,150,,Aggregated,0.600000,0.100000,56,110,130,130,160,220,640,1500,2200,2200,2200,488,85,56,115.62084938534517,35.62239999882877,2224.6147000114433,105.73770491803279
1777969922,150,,Aggregated,0.600000,0.100000,56,110,130,130,160,220,640,1500,2200,2200,2200,488,85,56,115.62084938534517,35.62239999882877,2224.6147000114433,105.73770491803279
1777969923,150,,Aggregated,0.600000,0.100000,56,110,130,130,160,220,640,1500,2200,2200,2200,488,85,56,115.62084938534517,35.62239999882877,2224.6147000114433,105.73770491803279
1777969924,150,,Aggregated,0.800000,0.200000,56,110,130,130,160,220,640,1500,2200,2200,2200,489,85,56,115.47551963205501,35.62239999882877,2224.6147000114433,105.52147239263803
1777969925,150,,Aggregated,0.800000,0.200000,56,110,130,130,160,220,640,1500,2200,2200,2200,490,85,56,115.33847020425814,35.62239999882877,2224.6147000114433,105.3061224489796
1777969926,150,,Aggregated,0.800000,0.200000,56,110,130,130,160,220,640,1500,2200,2200,2200,490,85,56,115.33847020425814,35.62239999882877,2224.6147000114433,105.3061224489796
1777969927,150,,Aggregated,0.800000,0.200000,56,110,130,130,160,220,640,1500,2200,2200,2200,490,85,56,115.33847020425814,35.62239999882877,2224.6147000114433,105.3061224489796
1777969928,150,,Aggregated,0.600000,0.100000,56,110,130,130,150,220,640,1500,2200,2200,2200,491,85,56,115.31091018346595,35.62239999882877,2224.6147000114433,105.09164969450102
1777969929,150,,Aggregated,0.600000,0.100000,56,110,130,130,150,220,640,1500,2200,2200,2200,492,86,56,115.16993333350364,35.62239999882877,2224.6147000114433,104.8780487804878
1777969930,150,,Aggregated,0.600000,0.100000,56,110,130,130,150,220,640,1500,2200,2200,2200,492,86,56,115.16993333350364,35.62239999882877,2224.6147000114433,104.8780487804878
1777969931,150,,Aggregated,0.600000,0.100000,56,110,130,130,150,220,640,1500,2200,2200,2200,492,86,56,115.16993333350364,35.62239999882877,2224.6147000114433,104.8780487804878
1777969932,150,,Aggregated,0.600000,0.100000,56,110,130,130,150,220,640,1500,2200,2200,2200,492,86,56,115.16993333350364,35.62239999882877,2224.6147000114433,104.8780487804878
1777969934,150,,Aggregated,0.600000,0.100000,56,110,130,130,150,220,640,1500,2200,2200,2200,492,86,56,115.16993333350364,35.62239999882877,2224.6147000114433,104.8780487804878
1777969935,150,,Aggregated,0.600000,0.100000,56,110,130,130,150,220,640,1500,2200,2200,2200,492,86,56,115.16993333350364,35.62239999882877,2224.6147000114433,104.8780487804878
1777969936,150,,Aggregated,0.600000,0.100000,56,110,130,130,150,220,640,1500,2200,2200,2200,492,86,56,115.16993333350364,35.62239999882877,2224.6147000114433,104.8780487804878
1777969937,150,,Aggregated,0.600000,0.100000,56,110,130,130,150,220,640,1500,2200,2200,2200,492,86,56,115.16993333350364,35.62239999882877,2224.6147000114433,104.8780487804878
1777969938,150,,Aggregated,0.600000,0.100000,56,110,130,130,150,220,640,1500,2200,2200,2200,492,86,56,115.16993333350364,35.62239999882877,2224.6147000114433,104.8780487804878
1777969939,150,,Aggregated,0.200000,0.100000,56,110,120,130,150,220,640,1500,2200,2200,2200,493,87,56,115.0617732253312,35.62239999882877,2224.6147000114433,104.66531440162272
1777969940,150,,Aggregated,0.200000,0.100000,56,110,120,130,150,220,640,1500,2200,2200,2200,493,87,56,115.0617732253312,35.62239999882877,2224.6147000114433,104.66531440162272
1777969941,150,,Aggregated,0.200000,0.100000,56,110,120,130,150,220,640,1500,2200,2200,2200,494,87,56,115.07493259125062,35.62239999882877,2224.6147000114433,104.45344129554655
1777969942,150,,Aggregated,0.200000,0.100000,56,110,120,130,150,220,640,1500,2200,2200,2200,494,87,56,115.07493259125062,35.62239999882877,2224.6147000114433,104.45344129554655
1777969943,150,,Aggregated,0.100000,0.100000,56,110,120,130,150,220,640,1500,2200,2200,2200,495,88,56,114.94476121228254,35.62239999882877,2224.6147000114433,104.24242424242425
1777969944,150,,Aggregated,0.100000,0.100000,56,110,120,130,150,220,640,1500,2200,2200,2200,495,88,56,114.94476121228254,35.62239999882877,2224.6147000114433,104.24242424242425
1777969945,150,,Aggregated,0.200000,0.100000,56,110,120,130,150,220,640,1500,2200,2200,2200,496,88,56,114.92097197597397,35.62239999882877,2224.6147000114433,104.03225806451613
1777969946,150,,Aggregated,0.200000,0.100000,56,110,120,130,150,220,640,1500,2200,2200,2200,496,88,56,114.92097197597397,35.62239999882877,2224.6147000114433,104.03225806451613
1777969947,150,,Aggregated,0.200000,0.100000,56,110,120,130,150,220,640,1500,2200,2200,2200,496,88,56,114.92097197597397,35.62239999882877,2224.6147000114433,104.03225806451613
1777969948,150,,Aggregated,0.400000,0.200000,56,110,120,130,150,220,640,1500,2200,2200,2200,497,88,56,114.80475835024541,35.62239999882877,2224.6147000114433,103.82293762575453
1777969949,150,,Aggregated,0.400000,0.200000,56,110,120,130,150,220,640,1500,2200,2200,2200,499,88,56,114.72815591199202,35.62239999882877,2224.6147000114433,103.40681362725451
1777969950,150,,Aggregated,0.400000,0.200000,56,110,120,130,150,220,640,1500,2200,2200,2200,500,88,56,114.58266760018887,35.62239999882877,2224.6147000114433,103.2
1777969951,150,,Aggregated,0.500000,0.200000,56,110,120,130,150,210,610,1300,2200,2200,2200,501,89,56,114.471242115963,35.62239999882877,2224.6147000114433,102.9940119760479
1777969952,150,,Aggregated,0.600000,0.100000,56,110,120,130,150,210,610,1300,2200,2200,2200,502,90,56,114.33456673323263,35.62239999882877,2224.6147000114433,102.78884462151395
1777969953,150,,Aggregated,0.600000,0.100000,56,110,120,130,150,210,610,1300,2200,2200,2200,502,90,56,114.33456673323263,35.62239999882877,2224.6147000114433,102.78884462151395
1777969954,150,,Aggregated,0.600000,0.100000,56,110,120,130,150,210,610,1300,2200,2200,2200,502,90,56,114.33456673323263,35.62239999882877,2224.6147000114433,102.78884462151395
1777969955,150,,Aggregated,0.600000,0.100000,56,110,120,130,150,210,610,1300,2200,2200,2200,502,90,56,114.33456673323263,35.62239999882877,2224.6147000114433,102.78884462151395
1777969956,150,,Aggregated,0.600000,0.100000,56,110,120,130,150,210,610,1300,2200,2200,2200,502,90,56,114.33456673323263,35.62239999882877,2224.6147000114433,102.78884462151395
1777969957,150,,Aggregated,0.600000,0.100000,56,110,120,130,150,210,610,1300,2200,2200,2200,502,90,56,114.33456673323263,35.62239999882877,2224.6147000114433,102.78884462151395
1777969958,150,,Aggregated,0.600000,0.200000,56,110,120,130,150,210,610,1300,2200,2200,2200,503,90,56,114.34784552695047,35.62239999882877,2224.6147000114433,102.5844930417495
1777969959,150,,Aggregated,0.600000,0.200000,56,110,120,130,150,210,610,1300,2200,2200,2200,503,90,56,114.34784552695047,35.62239999882877,2224.6147000114433,102.5844930417495
1777969960,150,,Aggregated,0.600000,0.200000,56,110,120,130,150,210,610,1300,2200,2200,2200,504,91,56,114.2060436508877,35.62239999882877,2224.6147000114433,102.38095238095238
1777969961,150,,Aggregated,0.600000,0.200000,56,110,120,130,150,210,610,1300,2200,2200,2200,504,91,56,114.2060436508877,35.62239999882877,2224.6147000114433,102.38095238095238
1777969962,150,,Aggregated,0.600000,0.200000,56,110,120,130,150,210,610,1300,2200,2200,2200,504,91,56,114.2060436508877,35.62239999882877,2224.6147000114433,102.38095238095238
1777969963,150,,Aggregated,0.400000,0.300000,56,110,120,130,150,210,610,1300,2200,2200,2200,506,91,56,113.98338260877512,35.62239999882877,2224.6147000114433,101.97628458498023
1777969964,150,,Aggregated,0.400000,0.300000,56,110,120,130,150,210,610,1300,2200,2200,2200,506,91,56,113.98338260877512,35.62239999882877,2224.6147000114433,101.97628458498023
1777969965,150,,Aggregated,0.400000,0.100000,56,110,120,130,150,210,610,1300,2200,2200,2200,509,91,56,114.10766699419298,35.62239999882877,2224.6147000114433,101.37524557956777
1777969966,150,,Aggregated,0.400000,0.100000,57,110,120,130,150,210,610,1300,2200,2200,2200,510,91,56,114.00850803931426,35.62239999882877,2224.6147000114433,101.17647058823529
1777969967,150,,Aggregated,0.500000,0.100000,57,110,120,130,150,210,610,1300,2200,2200,2200,512,91,56,113.78814687509475,35.62239999882877,2224.6147000114433,100.78125
1777969968,150,,Aggregated,0.700000,0.100000,57,110,120,130,150,210,610,1300,2200,2200,2200,514,91,57,113.91126517519439,35.62239999882877,2224.6147000114433,100.38910505836576
1777969969,150,,Aggregated,0.700000,0.100000,57,110,120,130,150,210,610,1300,2200,2200,2200,514,91,57,113.91126517519439,35.62239999882877,2224.6147000114433,100.38910505836576
1777969970,150,,Aggregated,0.700000,0.100000,57,110,120,130,150,210,610,1300,2200,2200,2200,514,91,57,113.91126517519439,35.62239999882877,2224.6147000114433,100.38910505836576
1777969971,150,,Aggregated,0.700000,0.100000,57,110,120,130,150,210,610,1300,2200,2200,2200,514,91,57,113.91126517519439,35.62239999882877,2224.6147000114433,100.38910505836576
1777969972,150,,Aggregated,1.100000,0.100000,57,110,120,130,150,210,610,1300,2200,2200,2200,515,91,57,113.88730271855026,35.62239999882877,2224.6147000114433,100.19417475728156
1777969973,150,,Aggregated,1.100000,0.100000,57,110,120,130,150,210,610,1300,2200,2200,2200,515,91,57,113.88730271855026,35.62239999882877,2224.6147000114433,100.19417475728156
1777969974,150,,Aggregated,1.000000,0.000000,57,110,120,130,150,210,610,1300,2200,2200,2200,517,91,57,113.88727466157427,35.62239999882877,2224.6147000114433,99.80657640232108
1777969975,150,,Aggregated,1.000000,0.000000,57,110,120,130,150,210,610,1300,2200,2200,2200,517,91,57,113.88727466157427,35.62239999882877,2224.6147000114433,99.80657640232108
1777969976,150,,Aggregated,1.000000,0.000000,57,110,120,130,150,210,610,1300,2200,2200,2200,517,91,57,113.88727466157427,35.62239999882877,2224.6147000114433,99.80657640232108
1777969977,150,,Aggregated,1.100000,0.000000,57,110,120,130,150,210,610,1300,2200,2200,2200,519,91,57,113.8166957611114,35.62239999882877,2224.6147000114433,99.42196531791907
1777969978,150,,Aggregated,1.100000,0.000000,57,110,120,130,150,210,610,1300,2200,2200,2200,519,91,57,113.8166957611114,35.62239999882877,2224.6147000114433,99.42196531791907
1777969979,150,,Aggregated,1.100000,0.000000,57,110,120,130,150,210,610,1300,2200,2200,2200,519,91,57,113.8166957611114,35.62239999882877,2224.6147000114433,99.42196531791907
1777969980,150,,Aggregated,1.100000,0.000000,57,110,120,130,150,210,610,1300,2200,2200,2200,519,91,57,113.8166957611114,35.62239999882877,2224.6147000114433,99.42196531791907
1777969981,150,,Aggregated,1.100000,0.000000,57,110,120,130,150,210,610,1300,2200,2200,2200,519,91,57,113.8166957611114,35.62239999882877,2224.6147000114433,99.42196531791907
1777969982,150,,Aggregated,0.500000,0.000000,57,110,120,130,150,200,610,1300,2200,2200,2200,521,92,57,113.72256621880628,35.62239999882877,2224.6147000114433,99.04030710172745
1777969983,150,,Aggregated,0.500000,0.000000,57,110,120,130,150,200,610,1300,2200,2200,2200,522,93,57,113.62248352489932,35.62239999882877,2224.6147000114433,98.85057471264368
1777969984,150,,Aggregated,0.500000,0.000000,57,110,120,130,150,200,610,1300,2200,2200,2200,522,93,57,113.62248352489932,35.62239999882877,2224.6147000114433,98.85057471264368
1777969985,150,,Aggregated,0.700000,0.200000,57,110,120,130,150,200,610,1300,2200,2200,2200,525,94,57,113.38924571422727,35.62239999882877,2224.6147000114433,98.28571428571429
1777969986,150,,Aggregated,0.700000,0.200000,57,110,120,130,150,200,610,1300,2200,2200,2200,525,94,57,113.38924571422727,35.62239999882877,2224.6147000114433,98.28571428571429
1777969987,150,,Aggregated,0.500000,0.200000,57,110,130,130,160,210,610,1300,2200,2200,2200,527,94,57,113.81755028463647,35.62239999882877,2224.6147000114433,97.91271347248576
1777969988,150,,Aggregated,0.500000,0.200000,57,110,130,130,160,220,610,1300,2200,2200,2200,528,95,57,114.34585435607445,35.62239999882877,2224.6147000114433,97.72727272727273
1777969989,150,,Aggregated,0.500000,0.200000,57,110,130,130,160,220,610,1300,2200,2200,2200,528,95,57,114.34585435607445,35.62239999882877,2224.6147000114433,97.72727272727273
1777969990,150,,Aggregated,0.500000,0.200000,57,110,130,130,160,220,610,1300,2200,2200,2200,528,95,57,114.34585435607445,35.62239999882877,2224.6147000114433,97.72727272727273
1777969991,150,,Aggregated,0.500000,0.200000,57,110,130,130,160,220,610,1300,2200,2200,2200,528,95,57,114.34585435607445,35.62239999882877,2224.6147000114433,97.72727272727273
1777969992,150,,Aggregated,0.500000,0.200000,57,110,130,130,160,220,610,1300,2200,2200,2200,528,95,57,114.34585435607445,35.62239999882877,2224.6147000114433,97.72727272727273
1777969993,150,,Aggregated,0.500000,0.200000,57,110,130,130,160,220,610,1300,2200,2200,2200,528,95,57,114.34585435607445,35.62239999882877,2224.6147000114433,97.72727272727273
1777969994,150,,Aggregated,0.900000,0.400000,57,110,130,130,160,220,610,1300,2200,2200,2200,530,96,57,114.19733396230511,35.62239999882877,2224.6147000114433,97.35849056603773
1777969995,150,,Aggregated,0.600000,0.200000,57,110,130,130,160,220,610,1300,2200,2200,2200,531,97,57,114.08738568741977,35.62239999882877,2224.6147000114433,97.17514124293785
1777969996,150,,Aggregated,0.600000,0.200000,57,110,130,130,160,220,610,1300,2200,2200,2200,532,97,57,114.08926785717406,35.62239999882877,2224.6147000114433,96.99248120300751
1777969997,150,,Aggregated,0.800000,0.300000,57,110,130,130,160,220,610,1300,2200,2200,2200,533,98,57,113.98930262668735,35.62239999882877,2224.6147000114433,96.81050656660413
1777969998,150,,Aggregated,0.800000,0.300000,57,110,130,130,160,220,610,1300,2200,2200,2200,533,98,57,113.98930262668735,35.62239999882877,2224.6147000114433,96.81050656660413
1777969999,150,,Aggregated,0.800000,0.300000,57,110,130,130,160,220,610,1300,2200,2200,2200,533,98,57,113.98930262668735,35.62239999882877,2224.6147000114433,96.81050656660413
1777970000,150,,Aggregated,0.800000,0.300000,57,110,130,130,160,220,610,1300,2200,2200,2200,533,98,57,113.98930262668735,35.62239999882877,2224.6147000114433,96.81050656660413
1777970001,150,,Aggregated,0.500000,0.300000,57,110,130,130,160,230,610,1300,2200,2200,2200,535,98,57,114.51838467292984,35.62239999882877,2224.6147000114433,96.44859813084112
1777970002,150,,Aggregated,0.500000,0.300000,57,110,130,130,160,230,610,1300,2200,2200,2200,535,98,57,114.51838467292984,35.62239999882877,2224.6147000114433,96.44859813084112
1777970003,150,,Aggregated,0.500000,0.300000,57,110,130,130,160,230,610,1300,2200,2200,2200,535,98,57,114.51838467292984,35.62239999882877,2224.6147000114433,96.44859813084112
1777970004,150,,Aggregated,0.500000,0.300000,57,110,130,130,160,230,610,1300,2200,2200,2200,535,98,57,114.51838467292984,35.62239999882877,2224.6147000114433,96.44859813084112
1777970005,150,,Aggregated,0.500000,0.300000,57,110,130,130,160,230,610,1300,2200,2200,2200,535,98,57,114.51838467292984,35.62239999882877,2224.6147000114433,96.44859813084112
1777970006,150,,Aggregated,0.500000,0.300000,57,110,130,130,160,230,610,1300,2200,2200,2200,535,98,57,114.51838467292984,35.62239999882877,2224.6147000114433,96.44859813084112
1777970007,150,,Aggregated,0.500000,0.300000,57,110,130,130,160,230,610,1300,2200,2200,2200,535,98,57,114.51838467292984,35.62239999882877,2224.6147000114433,96.44859813084112
1777970008,150,,Aggregated,0.500000,0.300000,57,110,130,130,160,230,610,1300,2200,2200,2200,535,98,57,114.51838467292984,35.62239999882877,2224.6147000114433,96.44859813084112
1777970009,150,,Aggregated,0.500000,0.300000,57,110,130,130,160,230,610,1300,2200,2200,2200,535,98,57,114.51838467292984,35.62239999882877,2224.6147000114433,96.44859813084112
1777970010,150,,Aggregated,0.200000,0.000000,57,110,130,130,160,230,610,1300,2200,2200,2200,536,98,57,114.40321977612773,35.62239999882877,2224.6147000114433,96.26865671641791
1777970011,150,,Aggregated,0.200000,0.000000,57,110,130,130,160,230,610,1300,2200,2200,2200,536,98,57,114.40321977612773,35.62239999882877,2224.6147000114433,96.26865671641791
1777970012,150,,Aggregated,0.200000,0.000000,57,110,130,130,160,230,610,1300,2200,2200,2200,537,99,57,114.30515810057956,35.62239999882877,2224.6147000114433,96.08938547486034
1777970013,150,,Aggregated,0.200000,0.000000,57,110,130,130,160,230,610,1300,2200,2200,2200,538,100,57,114.18786895910164,35.62239999882877,2224.6147000114433,95.91078066914498
1777970014,150,,Aggregated,0.100000,0.000000,57,110,120,130,160,220,610,1300,2200,2200,2200,541,102,57,113.89430536042431,35.62239999882877,2224.6147000114433,95.37892791127541
1777970015,150,,Aggregated,0.100000,0.000000,57,110,120,130,160,220,610,1300,2200,2200,2200,541,102,57,113.89430536042431,35.62239999882877,2224.6147000114433,95.37892791127541
